id,manufacturer,manufacturer_code,car_type,model,model_code,sub_model,gen_code,period,source,fuel,displacement_l,turbo,drivetrain,seat,battery_kwh,range_km,trim,msrp_manwon,fleet,special
mf-002.md-036.sm-ka4.pw-디젤-2-2.tr-프레스티지,기아,002,국산,카니발,036,더 뉴 카니발 KA4,KA4,23~현재,encar,디젤,2.2,False,,9,,,프레스티지,3551,False,False
mf-002.md-036.sm-ka4.pw-디젤-2-2.tr-노블레스,기아,002,국산,카니발,036,더 뉴 카니발 KA4,KA4,23~현재,encar,디젤,2.2,False,,9,,,노블레스,3991,False,False
mf-002.md-036.sm-ka4.pw-디젤-2-2.tr-시그니처,기아,002,국산,카니발,036,더 뉴 카니발 KA4,KA4,23~현재,encar,디젤,2.2,False,,9,,,시그니처,4356,False,False
mf-002.md-036.sm-ka4.pw-디젤-2-2.tr-그래비티,기아,002,국산,카니발,036,더 뉴 카니발 KA4,KA4,23~현재,encar,디젤,2.2,False,,9,,,그래비티,4459,False,False
mf-002.md-036.sm-ka4.pw-디젤-2-2.tr-노블레스,기아,002,국산,카니발,036,더 뉴 카니발 KA4,KA4,23~현재,encar,디젤,2.2,False,,7,,,노블레스,3991,False,False
mf-002.md-036.sm-ka4.pw-디젤-2-2.tr-시그니처,기아,002,국산,카니발,036,더 뉴 카니발 KA4,KA4,23~현재,encar,디젤,2.2,False,,7,,,시그니처,4356,False,False
mf-002.md-036.sm-ka4.pw-디젤-2-2.tr-그래비티,기아,002,국산,카니발,036,더 뉴 카니발 KA4,KA4,23~현재,encar,디젤,2.2,False,,7,,,그래비티,4459,False,False
mf-002.md-036.sm-ka4.pw-가솔린-3-5.tr-프레스티지,기아,002,국산,카니발,036,더 뉴 카니발 KA4,KA4,23~현재,encar,가솔린,3.5,False,,9,,,프레스티지,3551,False,False
mf-002.md-036.sm-ka4.pw-가솔린-3-5.tr-노블레스,기아,002,국산,카니발,036,더 뉴 카니발 KA4,KA4,23~현재,encar,가솔린,3.5,False,,9,,,노블레스,3991,False,False
mf-002.md-036.sm-ka4.pw-가솔린-3-5.tr-시그니처,기아,002,국산,카니발,036,더 뉴 카니발 KA4,KA4,23~현재,encar,가솔린,3.5,False,,9,,,시그니처,4356,False,False
mf-002.md-036.sm-ka4.pw-가솔린-3-5.tr-그래비티,기아,002,국산,카니발,036,더 뉴 카니발 KA4,KA4,23~현재,encar,가솔린,3.5,False,,9,,,그래비티,4459,False,False
mf-002.md-036.sm-ka4.pw-가솔린-3-5.tr-하이리무진-특장업체,기아,002,국산,카니발,036,더 뉴 카니발 KA4,KA4,23~현재,encar,가솔린,3.5,False,,9,,,하이리무진 (특장업체),,True,False
mf-002.md-036.sm-ka4.pw-가솔린-3-5.tr-노블레스,기아,002,국산,카니발,036,더 뉴 카니발 KA4,KA4,23~현재,encar,가솔린,3.5,False,,7,,,노블레스,3991,False,False
mf-002.md-036.sm-ka4.pw-가솔린-3-5.tr-시그니처,기아,002,국산,카니발,036,더 뉴 카니발 KA4,KA4,23~현재,encar,가솔린,3.5,False,,7,,,시그니처,4356,False,False
mf-002.md-036.sm-ka4.pw-가솔린-3-5.tr-x-line,기아,002,국산,카니발,036,더 뉴 카니발 KA4,KA4,23~현재,encar,가솔린,3.5,False,,7,,,X Line,4459,False,False
mf-002.md-036.sm-ka4.pw-가솔린-3-5.tr-그래비티,기아,002,국산,카니발,036,더 뉴 카니발 KA4,KA4,23~현재,encar,가솔린,3.5,False,,7,,,그래비티,4459,False,False
mf-002.md-036.sm-ka4.pw-하이브리드-1-6.tr-노블레스,기아,002,국산,카니발,036,더 뉴 카니발 KA4,KA4,23~현재,encar,하이브리드,1.6,False,,7,,,노블레스,3991,False,False
mf-002.md-036.sm-ka4.pw-하이브리드-1-6.tr-시그니처,기아,002,국산,카니발,036,더 뉴 카니발 KA4,KA4,23~현재,encar,하이브리드,1.6,False,,7,,,시그니처,4356,False,False
mf-002.md-036.sm-ka4.pw-하이브리드-1-6.tr-x-line,기아,002,국산,카니발,036,더 뉴 카니발 KA4,KA4,23~현재,encar,하이브리드,1.6,False,,7,,,X Line,4459,False,False
mf-002.md-036.sm-ka4.pw-하이브리드-1-6.tr-그래비티,기아,002,국산,카니발,036,더 뉴 카니발 KA4,KA4,23~현재,encar,하이브리드,1.6,False,,7,,,그래비티,4459,False,False
mf-002.md-036.sm-ka4.pw-하이브리드-1-6.tr-하이리무진-특장업체,기아,002,국산,카니발,036,더 뉴 카니발 KA4,KA4,23~현재,encar,하이브리드,1.6,False,,7,,,하이리무진 (특장업체),,True,False
mf-002.md-036.sm-ka4.pw-하이브리드-1-6.tr-프레스티지,기아,002,국산,카니발,036,더 뉴 카니발 KA4,KA4,23~현재,encar,하이브리드,1.6,False,,9,,,프레스티지,3551,False,False
mf-002.md-036.sm-ka4.pw-하이브리드-1-6.tr-노블레스,기아,002,국산,카니발,036,더 뉴 카니발 KA4,KA4,23~현재,encar,하이브리드,1.6,False,,9,,,노블레스,3991,False,False
mf-002.md-036.sm-ka4.pw-하이브리드-1-6.tr-시그니처,기아,002,국산,카니발,036,더 뉴 카니발 KA4,KA4,23~현재,encar,하이브리드,1.6,False,,9,,,시그니처,4356,False,False
mf-002.md-036.sm-ka4.pw-하이브리드-1-6.tr-x-line,기아,002,국산,카니발,036,더 뉴 카니발 KA4,KA4,23~현재,encar,하이브리드,1.6,False,,9,,,X Line,4459,False,False
mf-002.md-036.sm-ka4.pw-하이브리드-1-6.tr-그래비티,기아,002,국산,카니발,036,더 뉴 카니발 KA4,KA4,23~현재,encar,하이브리드,1.6,False,,9,,,그래비티,4459,False,False
mf-002.md-036.sm-ka4.pw-하이브리드-1-6.tr-하이리무진-특장업체,기아,002,국산,카니발,036,더 뉴 카니발 KA4,KA4,23~현재,encar,하이브리드,1.6,False,,9,,,하이리무진 (특장업체),,True,False
mf-002.md-036.sm-ka4.pw-가솔린-3-5.tr-하이리무진-특장업체,기아,002,국산,카니발,036,더 뉴 카니발 KA4,KA4,23~현재,encar,가솔린,3.5,False,,4,,,하이리무진 (특장업체),,True,False
mf-002.md-036.sm-ka4.pw-하이브리드-1-6.tr-시그니처,기아,002,국산,카니발,036,더 뉴 카니발 KA4,KA4,23~현재,encar,하이브리드,1.6,False,,4,,,시그니처,4356,False,False
mf-002.md-036.sm-ka4.pw-디젤-2-2.tr-프레스티지,기아,002,국산,카니발,036,카니발 KA4,KA4,20~23,encar,디젤,2.2,False,,9,,,프레스티지,3551,False,False
mf-002.md-036.sm-ka4.pw-디젤-2-2.tr-노블레스,기아,002,국산,카니발,036,카니발 KA4,KA4,20~23,encar,디젤,2.2,False,,9,,,노블레스,3991,False,False
mf-002.md-036.sm-ka4.pw-디젤-2-2.tr-시그니처,기아,002,국산,카니발,036,카니발 KA4,KA4,20~23,encar,디젤,2.2,False,,9,,,시그니처,4356,False,False
mf-002.md-036.sm-ka4.pw-디젤-2-2.tr-노블레스,기아,002,국산,카니발,036,카니발 KA4,KA4,20~23,encar,디젤,2.2,False,,7,,,노블레스,3991,False,False
mf-002.md-036.sm-ka4.pw-디젤-2-2.tr-시그니처,기아,002,국산,카니발,036,카니발 KA4,KA4,20~23,encar,디젤,2.2,False,,7,,,시그니처,4356,False,False
mf-002.md-036.sm-ka4.pw-가솔린-3-5.tr-프레스티지,기아,002,국산,카니발,036,카니발 KA4,KA4,20~23,encar,가솔린,3.5,False,,9,,,프레스티지,3551,False,False
mf-002.md-036.sm-ka4.pw-가솔린-3-5.tr-노블레스,기아,002,국산,카니발,036,카니발 KA4,KA4,20~23,encar,가솔린,3.5,False,,9,,,노블레스,3991,False,False
mf-002.md-036.sm-ka4.pw-가솔린-3-5.tr-시그니처,기아,002,국산,카니발,036,카니발 KA4,KA4,20~23,encar,가솔린,3.5,False,,9,,,시그니처,4356,False,False
mf-002.md-036.sm-ka4.pw-가솔린-3-5.tr-노블레스,기아,002,국산,카니발,036,카니발 KA4,KA4,20~23,encar,가솔린,3.5,False,,7,,,노블레스,3991,False,False
mf-002.md-036.sm-ka4.pw-가솔린-3-5.tr-시그니처,기아,002,국산,카니발,036,카니발 KA4,KA4,20~23,encar,가솔린,3.5,False,,7,,,시그니처,4356,False,False
mf-002.md-036.sm-ka4.pw-가솔린-3-5.tr-하이리무진-특장업체,기아,002,국산,카니발,036,카니발 KA4,KA4,20~23,encar,가솔린,3.5,False,,7,,,하이리무진(특장업체),,True,False
mf-002.md-036.sm-ka4.pw-디젤-2-2.tr-프레스티지,기아,002,국산,카니발,036,카니발 KA4,KA4,20~23,encar,디젤,2.2,False,,11,,,프레스티지,3551,False,False
mf-002.md-036.sm-ka4.pw-디젤-2-2.tr-시그니처,기아,002,국산,카니발,036,카니발 KA4,KA4,20~23,encar,디젤,2.2,False,,11,,,시그니처,4356,False,False
mf-002.md-036.sm-ka4.pw-가솔린-3-5.tr-시그니처,기아,002,국산,카니발,036,카니발 KA4,KA4,20~23,encar,가솔린,3.5,False,,4,,,시그니처,4356,False,False
mf-002.md-036.sm-ka4.pw-디젤-3-5.tr-하이리무진-특장업체,기아,002,국산,카니발,036,카니발 KA4,KA4,20~23,encar,디젤,3.5,False,,9,,,하이리무진(특장업체),,True,False
mf-002.md-036.sm-yp.pw-디젤-2-2.tr-럭셔리,기아,002,국산,카니발,036,더 뉴 카니발 YP,YP,18~20,encar,디젤,2.2,False,,9,,,럭셔리,,False,False
mf-002.md-036.sm-yp.pw-디젤-2-2.tr-프레스티지,기아,002,국산,카니발,036,더 뉴 카니발 YP,YP,18~20,encar,디젤,2.2,False,,9,,,프레스티지,3551,False,False
mf-002.md-036.sm-yp.pw-디젤-2-2.tr-노블레스,기아,002,국산,카니발,036,더 뉴 카니발 YP,YP,18~20,encar,디젤,2.2,False,,9,,,노블레스,3991,False,False
mf-002.md-036.sm-yp.pw-디젤-2-2.tr-노블레스-스페셜,기아,002,국산,카니발,036,더 뉴 카니발 YP,YP,18~20,encar,디젤,2.2,False,,9,,,노블레스 스페셜,,False,True
mf-002.md-036.sm-yp.pw-디젤-2-2.tr-vip,기아,002,국산,카니발,036,더 뉴 카니발 YP,YP,18~20,encar,디젤,2.2,False,,7,,,VIP,,False,False
mf-002.md-036.sm-yp.pw-디젤-2-2.tr-프레지던트,기아,002,국산,카니발,036,더 뉴 카니발 YP,YP,18~20,encar,디젤,2.2,False,,7,,,프레지던트,,False,False
mf-002.md-036.sm-yp.pw-가솔린-3-3.tr-프레지던트,기아,002,국산,카니발,036,더 뉴 카니발 YP,YP,18~20,encar,가솔린,3.3,False,,7,,,프레지던트,,False,False
mf-002.md-036.sm-yp.pw-가솔린-3-3.tr-노블레스-스페셜,기아,002,국산,카니발,036,더 뉴 카니발 YP,YP,18~20,encar,가솔린,3.3,False,,9,,,노블레스 스페셜,,False,True
mf-002.md-036.sm-yp.pw-가솔린-3-3.tr-하이리무진-특장업체,기아,002,국산,카니발,036,더 뉴 카니발 YP,YP,18~20,encar,가솔린,3.3,False,,9,,,하이리무진(특장업체),,True,False
mf-002.md-036.sm-yp.pw-디젤-2-2.tr-디럭스,기아,002,국산,카니발,036,더 뉴 카니발 YP,YP,18~20,encar,디젤,2.2,False,,11,,,디럭스,,False,False
mf-002.md-036.sm-yp.pw-디젤-2-2.tr-프레스티지,기아,002,국산,카니발,036,더 뉴 카니발 YP,YP,18~20,encar,디젤,2.2,False,,11,,,프레스티지,3551,False,False
mf-002.md-036.sm-yp.pw-디젤-2-2.tr-럭셔리,기아,002,국산,카니발,036,올 뉴 카니발 YP,YP,14~18,encar,디젤,2.2,False,,9,,,럭셔리,,False,False
mf-002.md-036.sm-yp.pw-디젤-2-2.tr-프레스티지,기아,002,국산,카니발,036,올 뉴 카니발 YP,YP,14~18,encar,디젤,2.2,False,,9,,,프레스티지,3551,False,False
mf-002.md-036.sm-yp.pw-디젤-2-2.tr-프레스티지-하이루프,기아,002,국산,카니발,036,올 뉴 카니발 YP,YP,14~18,encar,디젤,2.2,False,,9,,,프레스티지 하이루프,,False,False
mf-002.md-036.sm-yp.pw-디젤-2-2.tr-노블레스,기아,002,국산,카니발,036,올 뉴 카니발 YP,YP,14~18,encar,디젤,2.2,False,,9,,,노블레스,3991,False,False
mf-002.md-036.sm-yp.pw-디젤-2-2.tr-노블레스-스페셜,기아,002,국산,카니발,036,올 뉴 카니발 YP,YP,14~18,encar,디젤,2.2,False,,9,,,노블레스 스페셜,,False,True
mf-002.md-036.sm-yp.pw-디젤-2-2.tr-하이리무진-특장업체,기아,002,국산,카니발,036,올 뉴 카니발 YP,YP,14~18,encar,디젤,2.2,False,,9,,,하이리무진(특장업체),,True,False
mf-002.md-036.sm-yp.pw-디젤-2-2.tr-디럭스,기아,002,국산,카니발,036,올 뉴 카니발 YP,YP,14~18,encar,디젤,2.2,False,,11,,,디럭스,,False,False
mf-002.md-036.sm-yp.pw-디젤-2-2.tr-프레스티지,기아,002,국산,카니발,036,올 뉴 카니발 YP,YP,14~18,encar,디젤,2.2,False,,11,,,프레스티지,3551,False,False
mf-002.md-036.sm-yp.pw-디젤-2-2.tr-노블레스,기아,002,국산,카니발,036,올 뉴 카니발 YP,YP,14~18,encar,디젤,2.2,False,,11,,,노블레스,3991,False,False
mf-002.md-036.sm-yp.pw-가솔린-3-3.tr-노블레스,기아,002,국산,카니발,036,올 뉴 카니발 YP,YP,14~18,encar,가솔린,3.3,False,,9,,,노블레스,3991,False,False
mf-002.md-036.sm-yp.pw-디젤-2-2.tr-매직스페이스,기아,002,국산,카니발,036,올 뉴 카니발 YP,YP,14~18,encar,디젤,2.2,False,,7,,,매직스페이스,,False,False
mf-002.md-036.sm-yp.pw-디젤-2-2.tr-vip,기아,002,국산,카니발,036,올 뉴 카니발 YP,YP,14~18,encar,디젤,2.2,False,,7,,,VIP,,False,False
mf-002.md-036.sm-yp.pw-디젤-2-2.tr-프레지던트,기아,002,국산,카니발,036,올 뉴 카니발 YP,YP,14~18,encar,디젤,2.2,False,,7,,,프레지던트,,False,False
mf-002.md-036.sm-yp.pw-가솔린-3-3.tr-프레지던트,기아,002,국산,카니발,036,올 뉴 카니발 YP,YP,14~18,encar,가솔린,3.3,False,,7,,,프레지던트,,False,False
mf-002.md-036.sm-vq.pw-디젤-2-2.tr-세부등급-없음,기아,002,국산,카니발,036,카니발 R VQ,VQ,10~14,encar,디젤,2.2,False,,11,,,(세부등급 없음),,False,False
mf-002.md-036.sm-vq.pw-디젤-2-2.tr-기본형,기아,002,국산,카니발,036,카니발 R VQ,VQ,10~14,encar,디젤,2.2,False,,11,,,기본형,,False,False
mf-002.md-036.sm-vq.pw-디젤-2-2.tr-휠체어-리프트-슬로프,기아,002,국산,카니발,036,카니발 R VQ,VQ,10~14,encar,디젤,2.2,False,,11,,,휠체어 리프트/슬로프,,True,False
mf-002.md-036.sm-vq.pw-디젤-2-2.tr-고급형,기아,002,국산,카니발,036,카니발 R VQ,VQ,10~14,encar,디젤,2.2,False,,11,,,고급형,,False,False
mf-002.md-036.sm-vq.pw-디젤-2-2.tr-프리미엄,기아,002,국산,카니발,036,카니발 R VQ,VQ,10~14,encar,디젤,2.2,False,,11,,,프리미엄,,False,False
mf-002.md-036.sm-vq.pw-디젤-2-2.tr-r-스페셜,기아,002,국산,카니발,036,카니발 R VQ,VQ,10~14,encar,디젤,2.2,False,,11,,,R 스페셜,,False,True
mf-002.md-036.sm-vq.pw-디젤-2-2.tr-최고급형,기아,002,국산,카니발,036,카니발 R VQ,VQ,10~14,encar,디젤,2.2,False,,11,,,최고급형,,False,False
mf-002.md-036.sm-vq.pw-디젤-2-2.tr-그랜드-카니발-하이리무진-gx,기아,002,국산,카니발,036,카니발 R VQ,VQ,10~14,encar,디젤,2.2,False,,11,,,그랜드 카니발 하이리무진 GX,,True,False
mf-002.md-036.sm-vq.pw-디젤-2-2.tr-그랜드-카니발-president,기아,002,국산,카니발,036,카니발 R VQ,VQ,10~14,encar,디젤,2.2,False,,11,,,그랜드 카니발 President,,False,False
mf-002.md-036.sm-vq.pw-가솔린-3-5.tr-프리미엄,기아,002,국산,카니발,036,카니발 R VQ,VQ,10~14,encar,가솔린,3.5,False,,11,,,프리미엄,,False,False
mf-002.md-036.sm-vq.pw-디젤-2-2.tr-세부등급-없음,기아,002,국산,카니발,036,카니발 R VQ,VQ,10~14,encar,디젤,2.2,False,,9,,,(세부등급 없음),,False,False
mf-002.md-036.sm-vq.pw-디젤-2-2.tr-기본형,기아,002,국산,카니발,036,카니발 R VQ,VQ,10~14,encar,디젤,2.2,False,,9,,,기본형,,False,False
mf-002.md-036.sm-vq.pw-디젤-2-2.tr-그랜드-팩,기아,002,국산,카니발,036,카니발 R VQ,VQ,10~14,encar,디젤,2.2,False,,9,,,그랜드 팩,,False,False
mf-002.md-036.sm-vq.pw-디젤-2-2.tr-최고급형,기아,002,국산,카니발,036,카니발 R VQ,VQ,10~14,encar,디젤,2.2,False,,9,,,최고급형,,False,False
mf-002.md-036.sm-vq.pw-디젤-2-2.tr-뉴카니발-리무진-president,기아,002,국산,카니발,036,카니발 R VQ,VQ,10~14,encar,디젤,2.2,False,,9,,,뉴카니발 리무진 President,,True,False
mf-002.md-036.sm-vq.pw-디젤-2-2.tr-이지무브,기아,002,국산,카니발,036,카니발 R VQ,VQ,10~14,encar,디젤,2.2,False,,8,,,이지무브,,True,False
mf-002.md-036.sm-vq.pw-가솔린-3-5.tr-카니발-리무진-프레지던트,기아,002,국산,카니발,036,카니발 R VQ,VQ,10~14,encar,가솔린,3.5,False,,9,,,카니발 리무진 프레지던트,,True,False
mf-002.md-036.sm-vq.pw-lpg-2-7.tr-기본형,기아,002,국산,카니발,036,카니발 R VQ,VQ,10~14,encar,LPG,2.7,False,,11,,,기본형,,False,False
mf-002.md-036.sm-vq.pw-디젤-2-9.tr-기본형,기아,002,국산,카니발,036,뉴카니발 VQ,VQ,06~10,encar,디젤,2.9,False,,9,,,기본형,,False,False
mf-002.md-036.sm-vq.pw-디젤-2-9.tr-최고급형,기아,002,국산,카니발,036,뉴카니발 VQ,VQ,06~10,encar,디젤,2.9,False,,9,,,최고급형,,False,False
mf-002.md-036.sm-vq.pw-lpg-2-7.tr-기본형,기아,002,국산,카니발,036,뉴카니발 VQ,VQ,06~10,encar,LPG,2.7,False,,9,,,기본형,,False,False
mf-002.md-036.sm-vq.pw-디젤-2-9.tr-세부등급-없음,기아,002,국산,카니발,036,그랜드 카니발 VQ,VQ,05~10,encar,디젤,2.9,False,,11,,,(세부등급 없음),,False,False
mf-002.md-036.sm-vq.pw-디젤-2-9.tr-glx-하이리무진,기아,002,국산,카니발,036,그랜드 카니발 VQ,VQ,05~10,encar,디젤,2.9,False,,11,,,GLX 하이리무진,,True,False
mf-002.md-036.sm-vq.pw-디젤-2-9.tr-고급형,기아,002,국산,카니발,036,그랜드 카니발 VQ,VQ,05~10,encar,디젤,2.9,False,,11,,,고급형,,False,False
mf-002.md-036.sm-vq.pw-디젤-2-9.tr-그랜드-팩,기아,002,국산,카니발,036,그랜드 카니발 VQ,VQ,05~10,encar,디젤,2.9,False,,11,,,그랜드 팩,,False,False
mf-002.md-036.sm-vq.pw-디젤-2-9.tr-프레지던트,기아,002,국산,카니발,036,그랜드 카니발 VQ,VQ,05~10,encar,디젤,2.9,False,,11,,,프레지던트,,False,False
mf-002.md-036.sm-vq.pw-디젤-2-9.tr-최고급형,기아,002,국산,카니발,036,그랜드 카니발 VQ,VQ,05~10,encar,디젤,2.9,False,,11,,,최고급형,,False,False
mf-002.md-036.sm-vq.pw-lpg-2-7.tr-세부등급-없음,기아,002,국산,카니발,036,그랜드 카니발 VQ,VQ,05~10,encar,LPG,2.7,False,,11,,,(세부등급 없음),,False,False
mf-002.md-036.sm-vq.pw-lpg-2-7.tr-기본형,기아,002,국산,카니발,036,그랜드 카니발 VQ,VQ,05~10,encar,LPG,2.7,False,,11,,,기본형,,False,False
mf-002.md-036.sm-vq.pw-lpg-2-7.tr-고급형,기아,002,국산,카니발,036,그랜드 카니발 VQ,VQ,05~10,encar,LPG,2.7,False,,11,,,고급형,,False,False
mf-002.md-036.sm-vq.pw-디젤-2-9.tr-limited-리무진,기아,002,국산,카니발,036,그랜드 카니발 VQ,VQ,05~10,encar,디젤,2.9,False,,9,,,LIMITED 리무진,,True,False
mf-002.md-027.sm-mq4.pw-가솔린-2-5-2wd.tr-프레스티지,기아,002,국산,쏘렌토,027,더 뉴 쏘렌토 MQ4,MQ4,23~현재,encar,가솔린,2.5,False,2WD,5,,,프레스티지,3580,False,False
mf-002.md-027.sm-mq4.pw-가솔린-2-5-2wd.tr-노블레스,기아,002,국산,쏘렌토,027,더 뉴 쏘렌토 MQ4,MQ4,23~현재,encar,가솔린,2.5,False,2WD,5,,,노블레스,3891,False,False
mf-002.md-027.sm-mq4.pw-가솔린-2-5-2wd.tr-시그니처,기아,002,국산,쏘렌토,027,더 뉴 쏘렌토 MQ4,MQ4,23~현재,encar,가솔린,2.5,False,2WD,5,,,시그니처,4168,False,False
mf-002.md-027.sm-mq4.pw-가솔린-2-5-2wd.tr-그래비티,기아,002,국산,쏘렌토,027,더 뉴 쏘렌토 MQ4,MQ4,23~현재,encar,가솔린,2.5,False,2WD,5,,,그래비티,4291,False,False
mf-002.md-027.sm-mq4.pw-가솔린-2-5-4wd.tr-노블레스,기아,002,국산,쏘렌토,027,더 뉴 쏘렌토 MQ4,MQ4,23~현재,encar,가솔린,2.5,False,4WD,7,,,노블레스,3891,False,False
mf-002.md-027.sm-mq4.pw-가솔린-2-5-4wd.tr-시그니처,기아,002,국산,쏘렌토,027,더 뉴 쏘렌토 MQ4,MQ4,23~현재,encar,가솔린,2.5,False,4WD,7,,,시그니처,4168,False,False
mf-002.md-027.sm-mq4.pw-가솔린-2-5-4wd.tr-그래비티,기아,002,국산,쏘렌토,027,더 뉴 쏘렌토 MQ4,MQ4,23~현재,encar,가솔린,2.5,False,4WD,7,,,그래비티,4291,False,False
mf-002.md-027.sm-mq4.pw-가솔린-2-5-4wd.tr-시그니처-x-line,기아,002,국산,쏘렌토,027,더 뉴 쏘렌토 MQ4,MQ4,23~현재,encar,가솔린,2.5,False,4WD,7,,,시그니처 X Line,4260,False,True
mf-002.md-027.sm-mq4.pw-디젤-2-2-2wd.tr-프레스티지,기아,002,국산,쏘렌토,027,더 뉴 쏘렌토 MQ4,MQ4,23~현재,encar,디젤,2.2,False,2WD,5,,,프레스티지,3580,False,False
mf-002.md-027.sm-mq4.pw-디젤-2-2-2wd.tr-노블레스,기아,002,국산,쏘렌토,027,더 뉴 쏘렌토 MQ4,MQ4,23~현재,encar,디젤,2.2,False,2WD,5,,,노블레스,3891,False,False
mf-002.md-027.sm-mq4.pw-디젤-2-2-2wd.tr-시그니처,기아,002,국산,쏘렌토,027,더 뉴 쏘렌토 MQ4,MQ4,23~현재,encar,디젤,2.2,False,2WD,5,,,시그니처,4168,False,False
mf-002.md-027.sm-mq4.pw-하이브리드-1-6-2wd.tr-프레스티지,기아,002,국산,쏘렌토,027,더 뉴 쏘렌토 MQ4,MQ4,23~현재,encar,하이브리드,1.6,False,2WD,7,,,프레스티지,3580,False,False
mf-002.md-027.sm-mq4.pw-하이브리드-1-6-2wd.tr-노블레스,기아,002,국산,쏘렌토,027,더 뉴 쏘렌토 MQ4,MQ4,23~현재,encar,하이브리드,1.6,False,2WD,7,,,노블레스,3891,False,False
mf-002.md-027.sm-mq4.pw-하이브리드-1-6-2wd.tr-시그니처,기아,002,국산,쏘렌토,027,더 뉴 쏘렌토 MQ4,MQ4,23~현재,encar,하이브리드,1.6,False,2WD,7,,,시그니처,4168,False,False
mf-002.md-027.sm-mq4.pw-하이브리드-1-6-2wd.tr-그래비티,기아,002,국산,쏘렌토,027,더 뉴 쏘렌토 MQ4,MQ4,23~현재,encar,하이브리드,1.6,False,2WD,7,,,그래비티,4291,False,False
mf-002.md-027.sm-mq4.pw-하이브리드-1-6-2wd.tr-시그니처-x-line,기아,002,국산,쏘렌토,027,더 뉴 쏘렌토 MQ4,MQ4,23~현재,encar,하이브리드,1.6,False,2WD,7,,,시그니처 X Line,4260,False,True
mf-002.md-027.sm-mq4.pw-디젤-2-2-4wd.tr-프레스티지,기아,002,국산,쏘렌토,027,더 뉴 쏘렌토 MQ4,MQ4,23~현재,encar,디젤,2.2,False,4WD,7,,,프레스티지,3580,False,False
mf-002.md-027.sm-mq4.pw-디젤-2-2-4wd.tr-노블레스,기아,002,국산,쏘렌토,027,더 뉴 쏘렌토 MQ4,MQ4,23~현재,encar,디젤,2.2,False,4WD,7,,,노블레스,3891,False,False
mf-002.md-027.sm-mq4.pw-디젤-2-2-4wd.tr-시그니처,기아,002,국산,쏘렌토,027,더 뉴 쏘렌토 MQ4,MQ4,23~현재,encar,디젤,2.2,False,4WD,7,,,시그니처,4168,False,False
mf-002.md-027.sm-mq4.pw-디젤-2-2-4wd.tr-시그니처-x-line,기아,002,국산,쏘렌토,027,더 뉴 쏘렌토 MQ4,MQ4,23~현재,encar,디젤,2.2,False,4WD,7,,,시그니처 X Line,4260,False,True
mf-002.md-027.sm-mq4.pw-하이브리드-1-6-4wd.tr-시그니처,기아,002,국산,쏘렌토,027,더 뉴 쏘렌토 MQ4,MQ4,23~현재,encar,하이브리드,1.6,False,4WD,5,,,시그니처,4168,False,False
mf-002.md-027.sm-mq4.pw-하이브리드-1-6-4wd.tr-그래비티,기아,002,국산,쏘렌토,027,더 뉴 쏘렌토 MQ4,MQ4,23~현재,encar,하이브리드,1.6,False,4WD,5,,,그래비티,4291,False,False
mf-002.md-027.sm-mq4.pw-하이브리드-1-6-2wd.tr-프레스티지,기아,002,국산,쏘렌토,027,쏘렌토 MQ4,MQ4,20~23,encar,하이브리드,1.6,False,2WD,5,,,프레스티지,3580,False,False
mf-002.md-027.sm-mq4.pw-하이브리드-1-6-2wd.tr-노블레스,기아,002,국산,쏘렌토,027,쏘렌토 MQ4,MQ4,20~23,encar,하이브리드,1.6,False,2WD,5,,,노블레스,3891,False,False
mf-002.md-027.sm-mq4.pw-하이브리드-1-6-2wd.tr-시그니처,기아,002,국산,쏘렌토,027,쏘렌토 MQ4,MQ4,20~23,encar,하이브리드,1.6,False,2WD,5,,,시그니처,4168,False,False
mf-002.md-027.sm-mq4.pw-하이브리드-1-6-2wd.tr-그래비티,기아,002,국산,쏘렌토,027,쏘렌토 MQ4,MQ4,20~23,encar,하이브리드,1.6,False,2WD,5,,,그래비티,4291,False,False
mf-002.md-027.sm-mq4.pw-디젤-2-2-2wd.tr-트렌디,기아,002,국산,쏘렌토,027,쏘렌토 MQ4,MQ4,20~23,encar,디젤,2.2,False,2WD,5,,,트렌디,,False,False
mf-002.md-027.sm-mq4.pw-디젤-2-2-2wd.tr-프레스티지,기아,002,국산,쏘렌토,027,쏘렌토 MQ4,MQ4,20~23,encar,디젤,2.2,False,2WD,5,,,프레스티지,3580,False,False
mf-002.md-027.sm-mq4.pw-디젤-2-2-2wd.tr-노블레스,기아,002,국산,쏘렌토,027,쏘렌토 MQ4,MQ4,20~23,encar,디젤,2.2,False,2WD,5,,,노블레스,3891,False,False
mf-002.md-027.sm-mq4.pw-디젤-2-2-2wd.tr-시그니처,기아,002,국산,쏘렌토,027,쏘렌토 MQ4,MQ4,20~23,encar,디젤,2.2,False,2WD,5,,,시그니처,4168,False,False
mf-002.md-027.sm-mq4.pw-디젤-2-2-2wd.tr-그래비티,기아,002,국산,쏘렌토,027,쏘렌토 MQ4,MQ4,20~23,encar,디젤,2.2,False,2WD,5,,,그래비티,4291,False,False
mf-002.md-027.sm-mq4.pw-가솔린-2-5-2wd.tr-트렌디,기아,002,국산,쏘렌토,027,쏘렌토 MQ4,MQ4,20~23,encar,가솔린,2.5,False,2WD,5,,,트렌디,,False,False
mf-002.md-027.sm-mq4.pw-가솔린-2-5-2wd.tr-프레스티지,기아,002,국산,쏘렌토,027,쏘렌토 MQ4,MQ4,20~23,encar,가솔린,2.5,False,2WD,5,,,프레스티지,3580,False,False
mf-002.md-027.sm-mq4.pw-가솔린-2-5-2wd.tr-노블레스,기아,002,국산,쏘렌토,027,쏘렌토 MQ4,MQ4,20~23,encar,가솔린,2.5,False,2WD,5,,,노블레스,3891,False,False
mf-002.md-027.sm-mq4.pw-가솔린-2-5-2wd.tr-시그니처,기아,002,국산,쏘렌토,027,쏘렌토 MQ4,MQ4,20~23,encar,가솔린,2.5,False,2WD,5,,,시그니처,4168,False,False
mf-002.md-027.sm-mq4.pw-가솔린-2-5-4wd.tr-노블레스,기아,002,국산,쏘렌토,027,쏘렌토 MQ4,MQ4,20~23,encar,가솔린,2.5,False,4WD,5,,,노블레스,3891,False,False
mf-002.md-027.sm-mq4.pw-가솔린-2-5-4wd.tr-시그니처,기아,002,국산,쏘렌토,027,쏘렌토 MQ4,MQ4,20~23,encar,가솔린,2.5,False,4WD,5,,,시그니처,4168,False,False
mf-002.md-027.sm-mq4.pw-가솔린-2-5-4wd.tr-그래비티,기아,002,국산,쏘렌토,027,쏘렌토 MQ4,MQ4,20~23,encar,가솔린,2.5,False,4WD,5,,,그래비티,4291,False,False
mf-002.md-027.sm-mq4.pw-디젤-2-2-4wd.tr-프레스티지,기아,002,국산,쏘렌토,027,쏘렌토 MQ4,MQ4,20~23,encar,디젤,2.2,False,4WD,7,,,프레스티지,3580,False,False
mf-002.md-027.sm-mq4.pw-디젤-2-2-4wd.tr-노블레스,기아,002,국산,쏘렌토,027,쏘렌토 MQ4,MQ4,20~23,encar,디젤,2.2,False,4WD,7,,,노블레스,3891,False,False
mf-002.md-027.sm-mq4.pw-디젤-2-2-4wd.tr-시그니처,기아,002,국산,쏘렌토,027,쏘렌토 MQ4,MQ4,20~23,encar,디젤,2.2,False,4WD,7,,,시그니처,4168,False,False
mf-002.md-027.sm-mq4.pw-하이브리드-1-6-4wd.tr-프레스티지,기아,002,국산,쏘렌토,027,쏘렌토 MQ4,MQ4,20~23,encar,하이브리드,1.6,False,4WD,5,,,프레스티지,3580,False,False
mf-002.md-027.sm-mq4.pw-하이브리드-1-6-4wd.tr-노블레스,기아,002,국산,쏘렌토,027,쏘렌토 MQ4,MQ4,20~23,encar,하이브리드,1.6,False,4WD,5,,,노블레스,3891,False,False
mf-002.md-027.sm-mq4.pw-하이브리드-1-6-4wd.tr-시그니처,기아,002,국산,쏘렌토,027,쏘렌토 MQ4,MQ4,20~23,encar,하이브리드,1.6,False,4WD,5,,,시그니처,4168,False,False
mf-002.md-027.sm-mq4.pw-하이브리드-1-6-4wd.tr-그래비티,기아,002,국산,쏘렌토,027,쏘렌토 MQ4,MQ4,20~23,encar,하이브리드,1.6,False,4WD,5,,,그래비티,4291,False,False
mf-002.md-027.sm-um.pw-가솔린-2-0-2wd.tr-프레스티지,기아,002,국산,쏘렌토,027,더 뉴 쏘렌토 UM,UM,17~20,encar,가솔린,2.0,True,2WD,7,,,프레스티지,3580,False,False
mf-002.md-027.sm-um.pw-가솔린-2-0-2wd.tr-노블레스,기아,002,국산,쏘렌토,027,더 뉴 쏘렌토 UM,UM,17~20,encar,가솔린,2.0,True,2WD,7,,,노블레스,3891,False,False
mf-002.md-027.sm-um.pw-가솔린-2-0-2wd.tr-마스터-스페셜,기아,002,국산,쏘렌토,027,더 뉴 쏘렌토 UM,UM,17~20,encar,가솔린,2.0,True,2WD,7,,,마스터 스페셜,,False,True
mf-002.md-027.sm-um.pw-디젤-2-2-2wd.tr-럭셔리,기아,002,국산,쏘렌토,027,더 뉴 쏘렌토 UM,UM,17~20,encar,디젤,2.2,False,2WD,5,,,럭셔리,,False,False
mf-002.md-027.sm-um.pw-디젤-2-2-2wd.tr-프레스티지,기아,002,국산,쏘렌토,027,더 뉴 쏘렌토 UM,UM,17~20,encar,디젤,2.2,False,2WD,5,,,프레스티지,3580,False,False
mf-002.md-027.sm-um.pw-디젤-2-2-2wd.tr-노블레스,기아,002,국산,쏘렌토,027,더 뉴 쏘렌토 UM,UM,17~20,encar,디젤,2.2,False,2WD,5,,,노블레스,3891,False,False
mf-002.md-027.sm-um.pw-디젤-2-2-2wd.tr-노블레스-스페셜,기아,002,국산,쏘렌토,027,더 뉴 쏘렌토 UM,UM,17~20,encar,디젤,2.2,False,2WD,5,,,노블레스 스페셜,,False,True
mf-002.md-027.sm-um.pw-디젤-2-2-2wd.tr-마스터,기아,002,국산,쏘렌토,027,더 뉴 쏘렌토 UM,UM,17~20,encar,디젤,2.2,False,2WD,5,,,마스터,,False,False
mf-002.md-027.sm-um.pw-디젤-2-2-2wd.tr-마스터-스페셜,기아,002,국산,쏘렌토,027,더 뉴 쏘렌토 UM,UM,17~20,encar,디젤,2.2,False,2WD,5,,,마스터 스페셜,,False,True
mf-002.md-027.sm-um.pw-디젤-2-2-2wd.tr-넘버원-에디션,기아,002,국산,쏘렌토,027,더 뉴 쏘렌토 UM,UM,17~20,encar,디젤,2.2,False,2WD,5,,,넘버원 에디션,,False,True
mf-002.md-027.sm-um.pw-디젤-2-0-2wd.tr-럭셔리,기아,002,국산,쏘렌토,027,더 뉴 쏘렌토 UM,UM,17~20,encar,디젤,2.0,False,2WD,5,,,럭셔리,,False,False
mf-002.md-027.sm-um.pw-디젤-2-0-2wd.tr-프레스티지,기아,002,국산,쏘렌토,027,더 뉴 쏘렌토 UM,UM,17~20,encar,디젤,2.0,False,2WD,5,,,프레스티지,3580,False,False
mf-002.md-027.sm-um.pw-디젤-2-0-2wd.tr-노블레스,기아,002,국산,쏘렌토,027,더 뉴 쏘렌토 UM,UM,17~20,encar,디젤,2.0,False,2WD,5,,,노블레스,3891,False,False
mf-002.md-027.sm-um.pw-디젤-2-0-2wd.tr-노블레스-스페셜,기아,002,국산,쏘렌토,027,더 뉴 쏘렌토 UM,UM,17~20,encar,디젤,2.0,False,2WD,5,,,노블레스 스페셜,,False,True
mf-002.md-027.sm-um.pw-디젤-2-0-2wd.tr-마스터,기아,002,국산,쏘렌토,027,더 뉴 쏘렌토 UM,UM,17~20,encar,디젤,2.0,False,2WD,5,,,마스터,,False,False
mf-002.md-027.sm-um.pw-디젤-2-0-2wd.tr-마스터-스페셜,기아,002,국산,쏘렌토,027,더 뉴 쏘렌토 UM,UM,17~20,encar,디젤,2.0,False,2WD,5,,,마스터 스페셜,,False,True
mf-002.md-027.sm-um.pw-디젤-2-2-4wd.tr-프레스티지,기아,002,국산,쏘렌토,027,더 뉴 쏘렌토 UM,UM,17~20,encar,디젤,2.2,False,4WD,5,,,프레스티지,3580,False,False
mf-002.md-027.sm-um.pw-디젤-2-2-4wd.tr-노블레스,기아,002,국산,쏘렌토,027,더 뉴 쏘렌토 UM,UM,17~20,encar,디젤,2.2,False,4WD,5,,,노블레스,3891,False,False
mf-002.md-027.sm-um.pw-디젤-2-2-4wd.tr-노블레스-스페셜,기아,002,국산,쏘렌토,027,더 뉴 쏘렌토 UM,UM,17~20,encar,디젤,2.2,False,4WD,5,,,노블레스 스페셜,,False,True
mf-002.md-027.sm-um.pw-디젤-2-2-4wd.tr-마스터,기아,002,국산,쏘렌토,027,더 뉴 쏘렌토 UM,UM,17~20,encar,디젤,2.2,False,4WD,5,,,마스터,,False,False
mf-002.md-027.sm-um.pw-디젤-2-2-4wd.tr-마스터-스페셜,기아,002,국산,쏘렌토,027,더 뉴 쏘렌토 UM,UM,17~20,encar,디젤,2.2,False,4WD,5,,,마스터 스페셜,,False,True
mf-002.md-027.sm-um.pw-디젤-2-0-4wd.tr-프레스티지,기아,002,국산,쏘렌토,027,더 뉴 쏘렌토 UM,UM,17~20,encar,디젤,2.0,False,4WD,5,,,프레스티지,3580,False,False
mf-002.md-027.sm-um.pw-디젤-2-0-4wd.tr-노블레스,기아,002,국산,쏘렌토,027,더 뉴 쏘렌토 UM,UM,17~20,encar,디젤,2.0,False,4WD,5,,,노블레스,3891,False,False
mf-002.md-027.sm-um.pw-가솔린-2-0-4wd.tr-노블레스,기아,002,국산,쏘렌토,027,더 뉴 쏘렌토 UM,UM,17~20,encar,가솔린,2.0,True,4WD,5,,,노블레스,3891,False,False
mf-002.md-027.sm-um.pw-가솔린-2-0-4wd.tr-마스터-스페셜,기아,002,국산,쏘렌토,027,더 뉴 쏘렌토 UM,UM,17~20,encar,가솔린,2.0,True,4WD,5,,,마스터 스페셜,,False,True
mf-002.md-027.sm-um.pw-디젤-2-0-2wd.tr-프레스티지,기아,002,국산,쏘렌토,027,올 뉴 쏘렌토 UM,UM,14~17,encar,디젤,2.0,False,2WD,5,,,프레스티지,3580,False,False
mf-002.md-027.sm-um.pw-디젤-2-0-2wd.tr-노블레스,기아,002,국산,쏘렌토,027,올 뉴 쏘렌토 UM,UM,14~17,encar,디젤,2.0,False,2WD,5,,,노블레스,3891,False,False
mf-002.md-027.sm-um.pw-디젤-2-0-2wd.tr-노블레스-스페셜,기아,002,국산,쏘렌토,027,올 뉴 쏘렌토 UM,UM,14~17,encar,디젤,2.0,False,2WD,5,,,노블레스 스페셜,,False,True
mf-002.md-027.sm-um.pw-디젤-2-2-4wd.tr-프레스티지,기아,002,국산,쏘렌토,027,올 뉴 쏘렌토 UM,UM,14~17,encar,디젤,2.2,False,4WD,5,,,프레스티지,3580,False,False
mf-002.md-027.sm-um.pw-디젤-2-2-4wd.tr-노블레스,기아,002,국산,쏘렌토,027,올 뉴 쏘렌토 UM,UM,14~17,encar,디젤,2.2,False,4WD,5,,,노블레스,3891,False,False
mf-002.md-027.sm-um.pw-디젤-2-2-4wd.tr-노블레스-스페셜,기아,002,국산,쏘렌토,027,올 뉴 쏘렌토 UM,UM,14~17,encar,디젤,2.2,False,4WD,5,,,노블레스 스페셜,,False,True
mf-002.md-027.sm-um.pw-디젤-2-2-2wd.tr-프레스티지,기아,002,국산,쏘렌토,027,올 뉴 쏘렌토 UM,UM,14~17,encar,디젤,2.2,False,2WD,7,,,프레스티지,3580,False,False
mf-002.md-027.sm-um.pw-디젤-2-2-2wd.tr-노블레스,기아,002,국산,쏘렌토,027,올 뉴 쏘렌토 UM,UM,14~17,encar,디젤,2.2,False,2WD,7,,,노블레스,3891,False,False
mf-002.md-027.sm-um.pw-디젤-2-2-2wd.tr-노블레스-스페셜,기아,002,국산,쏘렌토,027,올 뉴 쏘렌토 UM,UM,14~17,encar,디젤,2.2,False,2WD,7,,,노블레스 스페셜,,False,True
mf-002.md-027.sm-um.pw-디젤-2-0-4wd.tr-프레스티지,기아,002,국산,쏘렌토,027,올 뉴 쏘렌토 UM,UM,14~17,encar,디젤,2.0,False,4WD,5,,,프레스티지,3580,False,False
mf-002.md-027.sm-um.pw-디젤-2-0-4wd.tr-노블레스,기아,002,국산,쏘렌토,027,올 뉴 쏘렌토 UM,UM,14~17,encar,디젤,2.0,False,4WD,5,,,노블레스,3891,False,False
mf-002.md-027.sm-um.pw-디젤-2-0-4wd.tr-노블레스-스페셜,기아,002,국산,쏘렌토,027,올 뉴 쏘렌토 UM,UM,14~17,encar,디젤,2.0,False,4WD,5,,,노블레스 스페셜,,False,True
mf-002.md-027.sm-xm.pw-디젤-2-0-2wd.tr-lx,기아,002,국산,쏘렌토,027,뉴 쏘렌토 R XM,XM,12~14,encar,디젤,2.0,False,2WD,7,,,LX,,False,False
mf-002.md-027.sm-xm.pw-디젤-2-0-2wd.tr-트렌디,기아,002,국산,쏘렌토,027,뉴 쏘렌토 R XM,XM,12~14,encar,디젤,2.0,False,2WD,7,,,트렌디,,False,False
mf-002.md-027.sm-xm.pw-디젤-2-0-2wd.tr-럭셔리,기아,002,국산,쏘렌토,027,뉴 쏘렌토 R XM,XM,12~14,encar,디젤,2.0,False,2WD,7,,,럭셔리,,False,False
mf-002.md-027.sm-xm.pw-디젤-2-0-2wd.tr-tlx,기아,002,국산,쏘렌토,027,뉴 쏘렌토 R XM,XM,12~14,encar,디젤,2.0,False,2WD,7,,,TLX,,False,False
mf-002.md-027.sm-xm.pw-디젤-2-0-2wd.tr-tlx-스페셜,기아,002,국산,쏘렌토,027,뉴 쏘렌토 R XM,XM,12~14,encar,디젤,2.0,False,2WD,7,,,TLX 스페셜,,False,True
mf-002.md-027.sm-xm.pw-디젤-2-0-2wd.tr-프레스티지,기아,002,국산,쏘렌토,027,뉴 쏘렌토 R XM,XM,12~14,encar,디젤,2.0,False,2WD,7,,,프레스티지,3580,False,False
mf-002.md-027.sm-xm.pw-디젤-2-0-2wd.tr-노블레스,기아,002,국산,쏘렌토,027,뉴 쏘렌토 R XM,XM,12~14,encar,디젤,2.0,False,2WD,7,,,노블레스,3891,False,False
mf-002.md-027.sm-xm.pw-디젤-2-0-2wd.tr-리미티드,기아,002,국산,쏘렌토,027,뉴 쏘렌토 R XM,XM,12~14,encar,디젤,2.0,False,2WD,7,,,리미티드,,False,False
mf-002.md-027.sm-xm.pw-디젤-2-0-2wd.tr-리미티드-스페셜,기아,002,국산,쏘렌토,027,뉴 쏘렌토 R XM,XM,12~14,encar,디젤,2.0,False,2WD,7,,,리미티드 스페셜,,False,True
mf-002.md-027.sm-xm.pw-디젤-2-0-4wd.tr-lx,기아,002,국산,쏘렌토,027,뉴 쏘렌토 R XM,XM,12~14,encar,디젤,2.0,False,4WD,7,,,LX,,False,False
mf-002.md-027.sm-xm.pw-디젤-2-0-4wd.tr-트렌디,기아,002,국산,쏘렌토,027,뉴 쏘렌토 R XM,XM,12~14,encar,디젤,2.0,False,4WD,7,,,트렌디,,False,False
mf-002.md-027.sm-xm.pw-디젤-2-0-4wd.tr-tlx-스페셜,기아,002,국산,쏘렌토,027,뉴 쏘렌토 R XM,XM,12~14,encar,디젤,2.0,False,4WD,7,,,TLX 스페셜,,False,True
mf-002.md-027.sm-xm.pw-디젤-2-0-4wd.tr-프레스티지,기아,002,국산,쏘렌토,027,뉴 쏘렌토 R XM,XM,12~14,encar,디젤,2.0,False,4WD,7,,,프레스티지,3580,False,False
mf-002.md-027.sm-xm.pw-디젤-2-0-4wd.tr-노블레스,기아,002,국산,쏘렌토,027,뉴 쏘렌토 R XM,XM,12~14,encar,디젤,2.0,False,4WD,7,,,노블레스,3891,False,False
mf-002.md-027.sm-xm.pw-디젤-2-0-4wd.tr-리미티드,기아,002,국산,쏘렌토,027,뉴 쏘렌토 R XM,XM,12~14,encar,디젤,2.0,False,4WD,7,,,리미티드,,False,False
mf-002.md-027.sm-xm.pw-디젤-2-0-4wd.tr-리미티드-스페셜,기아,002,국산,쏘렌토,027,뉴 쏘렌토 R XM,XM,12~14,encar,디젤,2.0,False,4WD,7,,,리미티드 스페셜,,False,True
mf-002.md-027.sm-xm.pw-디젤-2-2-4wd.tr-트렌디,기아,002,국산,쏘렌토,027,뉴 쏘렌토 R XM,XM,12~14,encar,디젤,2.2,False,4WD,7,,,트렌디,,False,False
mf-002.md-027.sm-xm.pw-디젤-2-2-4wd.tr-프레스티지,기아,002,국산,쏘렌토,027,뉴 쏘렌토 R XM,XM,12~14,encar,디젤,2.2,False,4WD,7,,,프레스티지,3580,False,False
mf-002.md-027.sm-xm.pw-디젤-2-2-4wd.tr-리미티드,기아,002,국산,쏘렌토,027,뉴 쏘렌토 R XM,XM,12~14,encar,디젤,2.2,False,4WD,7,,,리미티드,,False,False
mf-002.md-027.sm-xm.pw-디젤-2-2-4wd.tr-리미티드-스페셜,기아,002,국산,쏘렌토,027,뉴 쏘렌토 R XM,XM,12~14,encar,디젤,2.2,False,4WD,7,,,리미티드 스페셜,,False,True
mf-002.md-027.sm-xm.pw-디젤-2-0-2wd.tr-고급형,기아,002,국산,쏘렌토,027,쏘렌토 R XM,XM,09~12,encar,디젤,2.0,False,2WD,7,,,고급형,,False,False
mf-002.md-027.sm-xm.pw-디젤-2-0-2wd.tr-프리미엄,기아,002,국산,쏘렌토,027,쏘렌토 R XM,XM,09~12,encar,디젤,2.0,False,2WD,7,,,프리미엄,,False,False
mf-002.md-027.sm-xm.pw-디젤-2-0-2wd.tr-최고급형,기아,002,국산,쏘렌토,027,쏘렌토 R XM,XM,09~12,encar,디젤,2.0,False,2WD,7,,,최고급형,,False,False
mf-002.md-027.sm-xm.pw-디젤-2-2-4wd.tr-고급형,기아,002,국산,쏘렌토,027,쏘렌토 R XM,XM,09~12,encar,디젤,2.2,False,4WD,7,,,고급형,,False,False
mf-002.md-027.sm-xm.pw-디젤-2-2-4wd.tr-프리미엄,기아,002,국산,쏘렌토,027,쏘렌토 R XM,XM,09~12,encar,디젤,2.2,False,4WD,7,,,프리미엄,,False,False
mf-002.md-027.sm-xm.pw-디젤-2-2-4wd.tr-최고급형,기아,002,국산,쏘렌토,027,쏘렌토 R XM,XM,09~12,encar,디젤,2.2,False,4WD,7,,,최고급형,,False,False
mf-002.md-027.sm-xm.pw-디젤-2-2-2wd.tr-고급형,기아,002,국산,쏘렌토,027,쏘렌토 R XM,XM,09~12,encar,디젤,2.2,False,2WD,7,,,고급형,,False,False
mf-002.md-027.sm-xm.pw-디젤-2-2-2wd.tr-프리미엄,기아,002,국산,쏘렌토,027,쏘렌토 R XM,XM,09~12,encar,디젤,2.2,False,2WD,7,,,프리미엄,,False,False
mf-002.md-027.sm-xm.pw-디젤-2-2-2wd.tr-최고급형,기아,002,국산,쏘렌토,027,쏘렌토 R XM,XM,09~12,encar,디젤,2.2,False,2WD,7,,,최고급형,,False,False
mf-002.md-027.sm-xm.pw-lpg-2-7-2wd.tr-프리미엄,기아,002,국산,쏘렌토,027,쏘렌토 R XM,XM,09~12,encar,LPG,2.7,False,2WD,7,,,프리미엄,,False,False
mf-002.md-027.sm-xm.pw-lpg-2-7-2wd.tr-최고급형,기아,002,국산,쏘렌토,027,쏘렌토 R XM,XM,09~12,encar,LPG,2.7,False,2WD,7,,,최고급형,,False,False
mf-002.md-027.sm-bl.pw-디젤-2-5-2wd.tr-고급형,기아,002,국산,쏘렌토,027,뉴쏘렌토 BL,BL,06~09,encar,디젤,2.5,False,2WD,7,,,고급형,,False,False
mf-002.md-027.sm-bl.pw-디젤-2-5-4wd.tr-최고급형,기아,002,국산,쏘렌토,027,뉴쏘렌토 BL,BL,06~09,encar,디젤,2.5,False,4WD,7,,,최고급형,,False,False
mf-002.md-027.sm-bl.pw-디젤-2-5-2wd.tr-고급형,기아,002,국산,쏘렌토,027,쏘렌토 BL,BL,02~06,encar,디젤,2.5,False,2WD,7,,,고급형,,False,False
mf-002.md-027.sm-bl.pw-디젤-2-5-2wd.tr-영팩,기아,002,국산,쏘렌토,027,쏘렌토 BL,BL,02~06,encar,디젤,2.5,False,2WD,7,,,영팩,,False,True
mf-002.md-027.sm-bl.pw-디젤-2-5-4wd.tr-최고급형,기아,002,국산,쏘렌토,027,쏘렌토 BL,BL,02~06,encar,디젤,2.5,False,4WD,7,,,최고급형,,False,False
mf-002.md-001.sm-dl3.pw-가솔린-2-0.tr-베스트-셀렉션,기아,002,국산,K5,001,더 뉴 K5 DL3,DL3,23~현재,encar,가솔린,2.0,False,,5,,,베스트 셀렉션,,False,True
mf-002.md-001.sm-dl3.pw-가솔린-2-0.tr-프레스티지,기아,002,국산,K5,001,더 뉴 K5 DL3,DL3,23~현재,encar,가솔린,2.0,False,,5,,,프레스티지,3000,False,False
mf-002.md-001.sm-dl3.pw-가솔린-2-0.tr-노블레스,기아,002,국산,K5,001,더 뉴 K5 DL3,DL3,23~현재,encar,가솔린,2.0,False,,5,,,노블레스,3200,False,False
mf-002.md-001.sm-dl3.pw-가솔린-2-0.tr-시그니처,기아,002,국산,K5,001,더 뉴 K5 DL3,DL3,23~현재,encar,가솔린,2.0,False,,5,,,시그니처,3300,False,False
mf-002.md-001.sm-dl3.pw-가솔린-1-6.tr-베스트-셀렉션,기아,002,국산,K5,001,더 뉴 K5 DL3,DL3,23~현재,encar,가솔린,1.6,True,,5,,,베스트 셀렉션,,False,True
mf-002.md-001.sm-dl3.pw-가솔린-1-6.tr-프레스티지,기아,002,국산,K5,001,더 뉴 K5 DL3,DL3,23~현재,encar,가솔린,1.6,True,,5,,,프레스티지,3000,False,False
mf-002.md-001.sm-dl3.pw-가솔린-1-6.tr-노블레스,기아,002,국산,K5,001,더 뉴 K5 DL3,DL3,23~현재,encar,가솔린,1.6,True,,5,,,노블레스,3200,False,False
mf-002.md-001.sm-dl3.pw-가솔린-1-6.tr-시그니처,기아,002,국산,K5,001,더 뉴 K5 DL3,DL3,23~현재,encar,가솔린,1.6,True,,5,,,시그니처,3300,False,False
mf-002.md-001.sm-dl3.pw-lpg-2-0.tr-트렌디,기아,002,국산,K5,001,더 뉴 K5 DL3,DL3,23~현재,encar,LPG,2.0,False,,5,,,트렌디,2400,False,False
mf-002.md-001.sm-dl3.pw-lpg-2-0.tr-프레스티지,기아,002,국산,K5,001,더 뉴 K5 DL3,DL3,23~현재,encar,LPG,2.0,False,,5,,,프레스티지,3000,False,False
mf-002.md-001.sm-dl3.pw-하이브리드-2-0.tr-베스트-셀렉션,기아,002,국산,K5,001,더 뉴 K5 DL3,DL3,23~현재,encar,하이브리드,2.0,False,,5,,,베스트 셀렉션,,False,True
mf-002.md-001.sm-dl3.pw-하이브리드-2-0.tr-프레스티지,기아,002,국산,K5,001,더 뉴 K5 DL3,DL3,23~현재,encar,하이브리드,2.0,False,,5,,,프레스티지,3000,False,False
mf-002.md-001.sm-dl3.pw-하이브리드-2-0.tr-노블레스,기아,002,국산,K5,001,더 뉴 K5 DL3,DL3,23~현재,encar,하이브리드,2.0,False,,5,,,노블레스,3200,False,False
mf-002.md-001.sm-dl3.pw-하이브리드-2-0.tr-시그니처,기아,002,국산,K5,001,더 뉴 K5 DL3,DL3,23~현재,encar,하이브리드,2.0,False,,5,,,시그니처,3300,False,False
mf-002.md-001.sm-dl3.pw-가솔린-1-6.tr-프레스티지,기아,002,국산,K5,001,K5 DL3,DL3,19~23,encar,가솔린,1.6,True,,5,,,프레스티지,3000,False,False
mf-002.md-001.sm-dl3.pw-가솔린-1-6.tr-노블레스,기아,002,국산,K5,001,K5 DL3,DL3,19~23,encar,가솔린,1.6,True,,5,,,노블레스,3200,False,False
mf-002.md-001.sm-dl3.pw-가솔린-1-6.tr-시그니처,기아,002,국산,K5,001,K5 DL3,DL3,19~23,encar,가솔린,1.6,True,,5,,,시그니처,3300,False,False
mf-002.md-001.sm-dl3.pw-가솔린-2-0.tr-트렌디,기아,002,국산,K5,001,K5 DL3,DL3,19~23,encar,가솔린,2.0,False,,5,,,트렌디,2400,False,False
mf-002.md-001.sm-dl3.pw-가솔린-2-0.tr-프레스티지,기아,002,국산,K5,001,K5 DL3,DL3,19~23,encar,가솔린,2.0,False,,5,,,프레스티지,3000,False,False
mf-002.md-001.sm-dl3.pw-가솔린-2-0.tr-노블레스,기아,002,국산,K5,001,K5 DL3,DL3,19~23,encar,가솔린,2.0,False,,5,,,노블레스,3200,False,False
mf-002.md-001.sm-dl3.pw-가솔린-2-0.tr-시그니처,기아,002,국산,K5,001,K5 DL3,DL3,19~23,encar,가솔린,2.0,False,,5,,,시그니처,3300,False,False
mf-002.md-001.sm-dl3.pw-lpg-2-0.tr-스탠다드,기아,002,국산,K5,001,K5 DL3,DL3,19~23,encar,LPG,2.0,False,,5,,,스탠다드,,True,False
mf-002.md-001.sm-dl3.pw-lpg-2-0.tr-트렌디,기아,002,국산,K5,001,K5 DL3,DL3,19~23,encar,LPG,2.0,False,,5,,,트렌디,2400,False,False
mf-002.md-001.sm-dl3.pw-lpg-2-0.tr-노블레스,기아,002,국산,K5,001,K5 DL3,DL3,19~23,encar,LPG,2.0,False,,5,,,노블레스,3200,False,False
mf-002.md-001.sm-dl3.pw-lpg-2-0.tr-시그니처,기아,002,국산,K5,001,K5 DL3,DL3,19~23,encar,LPG,2.0,False,,5,,,시그니처,3300,False,False
mf-002.md-001.sm-dl3.pw-하이브리드-2-0.tr-트렌디,기아,002,국산,K5,001,K5 DL3,DL3,19~23,encar,하이브리드,2.0,False,,5,,,트렌디,2400,False,False
mf-002.md-001.sm-dl3.pw-하이브리드-2-0.tr-프레스티지,기아,002,국산,K5,001,K5 DL3,DL3,19~23,encar,하이브리드,2.0,False,,5,,,프레스티지,3000,False,False
mf-002.md-001.sm-dl3.pw-하이브리드-2-0.tr-노블레스,기아,002,국산,K5,001,K5 DL3,DL3,19~23,encar,하이브리드,2.0,False,,5,,,노블레스,3200,False,False
mf-002.md-001.sm-dl3.pw-하이브리드-2-0.tr-시그니처,기아,002,국산,K5,001,K5 DL3,DL3,19~23,encar,하이브리드,2.0,False,,5,,,시그니처,3300,False,False
mf-002.md-001.sm-jf.pw-가솔린-2-0.tr-럭셔리,기아,002,국산,K5,001,더 뉴 K5 JF,JF,18~19,encar,가솔린,2.0,False,,5,,,럭셔리,2700,False,False
mf-002.md-001.sm-jf.pw-가솔린-2-0.tr-월드컵-에디션,기아,002,국산,K5,001,더 뉴 K5 JF,JF,18~19,encar,가솔린,2.0,False,,5,,,월드컵 에디션,,False,True
mf-002.md-001.sm-jf.pw-가솔린-2-0.tr-인텔리전트,기아,002,국산,K5,001,더 뉴 K5 JF,JF,18~19,encar,가솔린,2.0,False,,5,,,인텔리전트,,False,False
mf-002.md-001.sm-jf.pw-가솔린-2-0.tr-프레스티지,기아,002,국산,K5,001,더 뉴 K5 JF,JF,18~19,encar,가솔린,2.0,False,,5,,,프레스티지,3000,False,False
mf-002.md-001.sm-jf.pw-가솔린-2-0.tr-노블레스,기아,002,국산,K5,001,더 뉴 K5 JF,JF,18~19,encar,가솔린,2.0,False,,5,,,노블레스,3200,False,False
mf-002.md-001.sm-jf.pw-디젤-1-7.tr-프레스티지,기아,002,국산,K5,001,더 뉴 K5 JF,JF,18~19,encar,디젤,1.7,False,,5,,,프레스티지,3000,False,False
mf-002.md-001.sm-jf.pw-디젤-1-7.tr-노블레스-스페셜,기아,002,국산,K5,001,더 뉴 K5 JF,JF,18~19,encar,디젤,1.7,False,,5,,,노블레스 스페셜,,False,True
mf-002.md-001.sm-jf.pw-가솔린-1-6.tr-프레스티지,기아,002,국산,K5,001,더 뉴 K5 JF,JF,18~19,encar,가솔린,1.6,True,,5,,,프레스티지,3000,False,False
mf-002.md-001.sm-jf.pw-가솔린-1-6.tr-노블레스,기아,002,국산,K5,001,더 뉴 K5 JF,JF,18~19,encar,가솔린,1.6,True,,5,,,노블레스,3200,False,False
mf-002.md-001.sm-jf.pw-가솔린-1-6.tr-노블레스-스페셜,기아,002,국산,K5,001,더 뉴 K5 JF,JF,18~19,encar,가솔린,1.6,True,,5,,,노블레스 스페셜,,False,True
mf-002.md-001.sm-jf.pw-lpg-2-0.tr-디럭스,기아,002,국산,K5,001,더 뉴 K5 JF,JF,18~19,encar,LPG,2.0,False,,5,,,디럭스,2400,False,False
mf-002.md-001.sm-jf.pw-lpg-2-0.tr-럭셔리,기아,002,국산,K5,001,더 뉴 K5 JF,JF,18~19,encar,LPG,2.0,False,,5,,,럭셔리,2700,False,False
mf-002.md-001.sm-jf.pw-lpg-2-0.tr-프레스티지,기아,002,국산,K5,001,더 뉴 K5 JF,JF,18~19,encar,LPG,2.0,False,,5,,,프레스티지,3000,False,False
mf-002.md-001.sm-jf.pw-하이브리드-2-0.tr-세부등급-없음,기아,002,국산,K5,001,더 뉴 K5 JF,JF,18~19,encar,하이브리드,2.0,False,,5,,,(세부등급 없음),,False,False
mf-002.md-001.sm-jf.pw-하이브리드-2-0.tr-스페셜,기아,002,국산,K5,001,더 뉴 K5 JF,JF,18~19,encar,하이브리드,2.0,False,,5,,,스페셜,,False,False
mf-002.md-001.sm-jf.pw-하이브리드-2-0.tr-프레스티지,기아,002,국산,K5,001,더 뉴 K5 JF,JF,18~19,encar,하이브리드,2.0,False,,5,,,프레스티지,3000,False,False
mf-002.md-001.sm-jf.pw-lpg-2-0.tr-mx-디럭스,기아,002,국산,K5,001,K5 JF,JF,15~18,encar,LPG,2.0,False,,5,,,MX 디럭스,,True,False
mf-002.md-001.sm-jf.pw-lpg-2-0.tr-럭셔리,기아,002,국산,K5,001,K5 JF,JF,15~18,encar,LPG,2.0,False,,5,,,럭셔리,2700,False,False
mf-002.md-001.sm-jf.pw-lpg-2-0.tr-mx-프레스티지,기아,002,국산,K5,001,K5 JF,JF,15~18,encar,LPG,2.0,False,,5,,,MX 프레스티지,,True,False
mf-002.md-001.sm-jf.pw-lpg-2-0.tr-프레스티지,기아,002,국산,K5,001,K5 JF,JF,15~18,encar,LPG,2.0,False,,5,,,프레스티지,3000,False,False
mf-002.md-001.sm-jf.pw-lpg-2-0.tr-노블레스,기아,002,국산,K5,001,K5 JF,JF,15~18,encar,LPG,2.0,False,,5,,,노블레스,3200,False,False
mf-002.md-001.sm-jf.pw-가솔린-2-0.tr-디럭스,기아,002,국산,K5,001,K5 JF,JF,15~18,encar,가솔린,2.0,False,,5,,,디럭스,2400,False,False
mf-002.md-001.sm-jf.pw-가솔린-2-0.tr-스타일-에디션,기아,002,국산,K5,001,K5 JF,JF,15~18,encar,가솔린,2.0,False,,5,,,스타일 에디션,,False,True
mf-002.md-001.sm-jf.pw-가솔린-2-0.tr-럭셔리,기아,002,국산,K5,001,K5 JF,JF,15~18,encar,가솔린,2.0,False,,5,,,럭셔리,2700,False,False
mf-002.md-001.sm-jf.pw-가솔린-2-0.tr-스페셜-에디션,기아,002,국산,K5,001,K5 JF,JF,15~18,encar,가솔린,2.0,False,,5,,,스페셜 에디션,,False,True
mf-002.md-001.sm-jf.pw-가솔린-2-0.tr-프레스티지,기아,002,국산,K5,001,K5 JF,JF,15~18,encar,가솔린,2.0,False,,5,,,프레스티지,3000,False,False
mf-002.md-001.sm-jf.pw-가솔린-2-0.tr-노블레스,기아,002,국산,K5,001,K5 JF,JF,15~18,encar,가솔린,2.0,False,,5,,,노블레스,3200,False,False
mf-002.md-001.sm-jf.pw-가솔린-2-0.tr-노블레스-스페셜,기아,002,국산,K5,001,K5 JF,JF,15~18,encar,가솔린,2.0,False,,5,,,노블레스 스페셜,,False,True
mf-002.md-001.sm-jf.pw-가솔린-2-0.tr-시그니처,기아,002,국산,K5,001,K5 JF,JF,15~18,encar,가솔린,2.0,False,,5,,,시그니처,3300,False,False
mf-002.md-001.sm-jf.pw-가솔린-1-6.tr-프레스티지,기아,002,국산,K5,001,K5 JF,JF,15~18,encar,가솔린,1.6,True,,5,,,프레스티지,3000,False,False
mf-002.md-001.sm-jf.pw-가솔린-1-6.tr-노블레스,기아,002,국산,K5,001,K5 JF,JF,15~18,encar,가솔린,1.6,True,,5,,,노블레스,3200,False,False
mf-002.md-001.sm-jf.pw-가솔린-1-6.tr-gt-line,기아,002,국산,K5,001,K5 JF,JF,15~18,encar,가솔린,1.6,True,,5,,,GT LINE,3000,False,False
mf-002.md-001.sm-jf.pw-디젤-1-7.tr-럭셔리,기아,002,국산,K5,001,K5 JF,JF,15~18,encar,디젤,1.7,False,,5,,,럭셔리,2700,False,False
mf-002.md-001.sm-jf.pw-디젤-1-7.tr-프레스티지,기아,002,국산,K5,001,K5 JF,JF,15~18,encar,디젤,1.7,False,,5,,,프레스티지,3000,False,False
mf-002.md-001.sm-jf.pw-디젤-1-7.tr-노블레스,기아,002,국산,K5,001,K5 JF,JF,15~18,encar,디젤,1.7,False,,5,,,노블레스,3200,False,False
mf-002.md-001.sm-jf.pw-디젤-1-7.tr-시그니처,기아,002,국산,K5,001,K5 JF,JF,15~18,encar,디젤,1.7,False,,5,,,시그니처,3300,False,False
mf-002.md-001.sm-jf.pw-가솔린-2-0.tr-노블레스-스페셜,기아,002,국산,K5,001,K5 JF,JF,15~18,encar,가솔린,2.0,True,,5,,,노블레스 스페셜,,False,True
mf-002.md-001.sm-jf.pw-가솔린-2-0.tr-gt,기아,002,국산,K5,001,K5 JF,JF,15~18,encar,가솔린,2.0,True,,5,,,GT,3700,False,False
mf-002.md-001.sm-jf.pw-하이브리드-2-0.tr-세부등급-없음,기아,002,국산,K5,001,K5 JF,JF,15~18,encar,하이브리드,2.0,False,,5,,,(세부등급 없음),,False,False
mf-002.md-001.sm-jf.pw-하이브리드-2-0.tr-스페셜,기아,002,국산,K5,001,K5 JF,JF,15~18,encar,하이브리드,2.0,False,,5,,,스페셜,,False,False
mf-002.md-001.sm-jf.pw-하이브리드-2-0.tr-프레스티지,기아,002,국산,K5,001,K5 JF,JF,15~18,encar,하이브리드,2.0,False,,5,,,프레스티지,3000,False,False
mf-002.md-001.sm-tf.pw-가솔린-2-0.tr-기본형,기아,002,국산,K5,001,더 뉴 K5 TF,TF,13~15,encar,가솔린,2.0,False,,5,,,기본형,,False,False
mf-002.md-001.sm-tf.pw-가솔린-2-0.tr-디럭스,기아,002,국산,K5,001,더 뉴 K5 TF,TF,13~15,encar,가솔린,2.0,False,,5,,,디럭스,2400,False,False
mf-002.md-001.sm-tf.pw-가솔린-2-0.tr-트렌디,기아,002,국산,K5,001,더 뉴 K5 TF,TF,13~15,encar,가솔린,2.0,False,,5,,,트렌디,2400,False,False
mf-002.md-001.sm-tf.pw-가솔린-2-0.tr-w-스페셜,기아,002,국산,K5,001,더 뉴 K5 TF,TF,13~15,encar,가솔린,2.0,False,,5,,,W 스페셜,,False,True
mf-002.md-001.sm-tf.pw-가솔린-2-0.tr-스페셜,기아,002,국산,K5,001,더 뉴 K5 TF,TF,13~15,encar,가솔린,2.0,False,,5,,,스페셜,,False,False
mf-002.md-001.sm-tf.pw-가솔린-2-0.tr-프레스티지,기아,002,국산,K5,001,더 뉴 K5 TF,TF,13~15,encar,가솔린,2.0,False,,5,,,프레스티지,3000,False,False
mf-002.md-001.sm-tf.pw-가솔린-2-0.tr-노블레스,기아,002,국산,K5,001,더 뉴 K5 TF,TF,13~15,encar,가솔린,2.0,False,,5,,,노블레스,3200,False,False
mf-002.md-001.sm-tf.pw-lpg-2-0.tr-lpi-디럭스,기아,002,국산,K5,001,더 뉴 K5 TF,TF,13~15,encar,LPG,2.0,False,,5,,,LPI 디럭스,2200,False,False
mf-002.md-001.sm-tf.pw-lpg-2-0.tr-디럭스,기아,002,국산,K5,001,더 뉴 K5 TF,TF,13~15,encar,LPG,2.0,False,,5,,,디럭스,2400,False,False
mf-002.md-001.sm-tf.pw-lpg-2-0.tr-lpi-럭셔리,기아,002,국산,K5,001,더 뉴 K5 TF,TF,13~15,encar,LPG,2.0,False,,5,,,LPI 럭셔리,2600,False,False
mf-002.md-001.sm-tf.pw-lpg-2-0.tr-lpi-럭셔리-장애인용,기아,002,국산,K5,001,더 뉴 K5 TF,TF,13~15,encar,LPG,2.0,False,,5,,,LPI 럭셔리(장애인용),,True,False
mf-002.md-001.sm-tf.pw-lpg-2-0.tr-lpi-프레스티지,기아,002,국산,K5,001,더 뉴 K5 TF,TF,13~15,encar,LPG,2.0,False,,5,,,LPI 프레스티지,2900,False,False
mf-002.md-001.sm-tf.pw-lpg-2-0.tr-lpi-프레스티지-장애인용,기아,002,국산,K5,001,더 뉴 K5 TF,TF,13~15,encar,LPG,2.0,False,,5,,,LPI 프레스티지(장애인용),,True,False
mf-002.md-001.sm-tf.pw-가솔린-2-0.tr-gdi-노블레스,기아,002,국산,K5,001,더 뉴 K5 TF,TF,13~15,encar,가솔린,2.0,True,,5,,,GDI 노블레스,,False,False
mf-002.md-001.sm-tf.pw-lpg-2-0.tr-lpi-디럭스,기아,002,국산,K5,001,K5 TF,TF,10~13,encar,LPG,2.0,False,,5,,,LPI 디럭스,2200,False,False
mf-002.md-001.sm-tf.pw-lpg-2-0.tr-lpi-스마트,기아,002,국산,K5,001,K5 TF,TF,10~13,encar,LPG,2.0,False,,5,,,LPI 스마트,2300,False,False
mf-002.md-001.sm-tf.pw-lpg-2-0.tr-lpi-럭셔리,기아,002,국산,K5,001,K5 TF,TF,10~13,encar,LPG,2.0,False,,5,,,LPI 럭셔리,2600,False,False
mf-002.md-001.sm-tf.pw-lpg-2-0.tr-lpi-프레스티지,기아,002,국산,K5,001,K5 TF,TF,10~13,encar,LPG,2.0,False,,5,,,LPI 프레스티지,2900,False,False
mf-002.md-001.sm-tf.pw-가솔린-2-0.tr-기본형,기아,002,국산,K5,001,K5 TF,TF,10~13,encar,가솔린,2.0,False,,5,,,기본형,,False,False
mf-002.md-001.sm-tf.pw-가솔린-2-0.tr-디럭스,기아,002,국산,K5,001,K5 TF,TF,10~13,encar,가솔린,2.0,False,,5,,,디럭스,2400,False,False
mf-002.md-001.sm-tf.pw-가솔린-2-0.tr-트렌디,기아,002,국산,K5,001,K5 TF,TF,10~13,encar,가솔린,2.0,False,,5,,,트렌디,2400,False,False
mf-002.md-001.sm-tf.pw-가솔린-2-0.tr-럭셔리,기아,002,국산,K5,001,K5 TF,TF,10~13,encar,가솔린,2.0,False,,5,,,럭셔리,2700,False,False
mf-002.md-001.sm-tf.pw-가솔린-2-0.tr-스페셜,기아,002,국산,K5,001,K5 TF,TF,10~13,encar,가솔린,2.0,False,,5,,,스페셜,,False,False
mf-002.md-001.sm-tf.pw-가솔린-2-0.tr-gdi-프레스티지,기아,002,국산,K5,001,K5 TF,TF,10~13,encar,가솔린,2.0,False,,5,,,GDI 프레스티지,,False,False
mf-002.md-001.sm-tf.pw-가솔린-2-0.tr-노블레스,기아,002,국산,K5,001,K5 TF,TF,10~13,encar,가솔린,2.0,False,,5,,,노블레스,3200,False,False
mf-002.md-001.sm-tf.pw-가솔린-2-0.tr-gdi-노블레스,기아,002,국산,K5,001,K5 TF,TF,10~13,encar,가솔린,2.0,True,,5,,,GDI 노블레스,,False,False
mf-002.md-001.sm-tf.pw-가솔린-2-0.tr-gdi-프레스티지,기아,002,국산,K5,001,K5 TF,TF,10~13,encar,가솔린,2.0,True,,5,,,GDI 프레스티지,,False,False
mf-002.md-001.sm-tf.pw-가솔린-2-4.tr-gdi-노블레스,기아,002,국산,K5,001,K5 TF,TF,10~13,encar,가솔린,2.4,False,,5,,,GDI 노블레스,,False,False
mf-002.md-001.sm-tf.pw-하이브리드-2-0.tr-디럭스,기아,002,국산,K5,001,K5 TF,TF,10~13,encar,하이브리드,2.0,False,,5,,,디럭스,2400,False,False
mf-002.md-001.sm-tf.pw-하이브리드-2-0.tr-500h-럭셔리,기아,002,국산,K5,001,K5 TF,TF,10~13,encar,하이브리드,2.0,False,,5,,,500h 럭셔리,3100,False,False
mf-002.md-001.sm-tf.pw-하이브리드-2-0.tr-럭셔리,기아,002,국산,K5,001,K5 TF,TF,10~13,encar,하이브리드,2.0,False,,5,,,럭셔리,2700,False,False
mf-002.md-001.sm-tf.pw-하이브리드-2-0.tr-500h-프레스티지,기아,002,국산,K5,001,K5 TF,TF,10~13,encar,하이브리드,2.0,False,,5,,,500h 프레스티지,3400,False,False
mf-002.md-001.sm-tf.pw-하이브리드-2-0.tr-프레스티지,기아,002,국산,K5,001,K5 TF,TF,10~13,encar,하이브리드,2.0,False,,5,,,프레스티지,3000,False,False
mf-002.md-001.sm-tf.pw-하이브리드-2-0.tr-500h-노블레스,기아,002,국산,K5,001,K5 TF,TF,10~13,encar,하이브리드,2.0,False,,5,,,500h 노블레스,3600,False,False
mf-002.md-001.sm-tf.pw-하이브리드-2-0.tr-노블레스,기아,002,국산,K5,001,K5 TF,TF,10~13,encar,하이브리드,2.0,False,,5,,,노블레스,3200,False,False
mf-002.md-001.sm-tf.pw-하이브리드-2-4.tr-수출형,기아,002,국산,K5,001,K5 TF,TF,10~13,encar,하이브리드,2.4,False,,5,,,수출형,0,False,False
mf-002.md-025.sm-nq5.pw-가솔린-1-6-2wd.tr-프레스티지,기아,002,국산,스포티지,025,더 뉴 스포티지 NQ5,NQ5,24~현재,encar,가솔린,1.6,True,2WD,5,,,프레스티지,2793,False,False
mf-002.md-025.sm-nq5.pw-가솔린-1-6-2wd.tr-노블레스,기아,002,국산,스포티지,025,더 뉴 스포티지 NQ5,NQ5,24~현재,encar,가솔린,1.6,True,2WD,5,,,노블레스,3146,False,False
mf-002.md-025.sm-nq5.pw-가솔린-1-6-2wd.tr-시그니처,기아,002,국산,스포티지,025,더 뉴 스포티지 NQ5,NQ5,24~현재,encar,가솔린,1.6,True,2WD,5,,,시그니처,3407,False,False
mf-002.md-025.sm-nq5.pw-가솔린-1-6-2wd.tr-시그니처-x-line,기아,002,국산,스포티지,025,더 뉴 스포티지 NQ5,NQ5,24~현재,encar,가솔린,1.6,True,2WD,5,,,시그니처 X-Line,3525,False,False
mf-002.md-025.sm-nq5.pw-가솔린-1-6-4wd.tr-프레스티지,기아,002,국산,스포티지,025,더 뉴 스포티지 NQ5,NQ5,24~현재,encar,가솔린,1.6,True,4WD,5,,,프레스티지,2793,False,False
mf-002.md-025.sm-nq5.pw-가솔린-1-6-4wd.tr-노블레스,기아,002,국산,스포티지,025,더 뉴 스포티지 NQ5,NQ5,24~현재,encar,가솔린,1.6,True,4WD,5,,,노블레스,3146,False,False
mf-002.md-025.sm-nq5.pw-가솔린-1-6-4wd.tr-시그니처,기아,002,국산,스포티지,025,더 뉴 스포티지 NQ5,NQ5,24~현재,encar,가솔린,1.6,True,4WD,5,,,시그니처,3407,False,False
mf-002.md-025.sm-nq5.pw-가솔린-1-6-4wd.tr-시그니처-x-line,기아,002,국산,스포티지,025,더 뉴 스포티지 NQ5,NQ5,24~현재,encar,가솔린,1.6,True,4WD,5,,,시그니처 X-Line,3525,False,False
mf-002.md-025.sm-nq5.pw-lpg-2-0-2wd.tr-프레스티지,기아,002,국산,스포티지,025,더 뉴 스포티지 NQ5,NQ5,24~현재,encar,LPG,2.0,False,2WD,5,,,프레스티지,2793,False,False
mf-002.md-025.sm-nq5.pw-lpg-2-0-2wd.tr-노블레스,기아,002,국산,스포티지,025,더 뉴 스포티지 NQ5,NQ5,24~현재,encar,LPG,2.0,False,2WD,5,,,노블레스,3146,False,False
mf-002.md-025.sm-nq5.pw-lpg-2-0-2wd.tr-시그니처,기아,002,국산,스포티지,025,더 뉴 스포티지 NQ5,NQ5,24~현재,encar,LPG,2.0,False,2WD,5,,,시그니처,3407,False,False
mf-002.md-025.sm-nq5.pw-하이브리드-1-6-4wd.tr-노블레스,기아,002,국산,스포티지,025,더 뉴 스포티지 NQ5,NQ5,24~현재,encar,하이브리드,1.6,False,4WD,5,,,노블레스,3146,False,False
mf-002.md-025.sm-nq5.pw-하이브리드-1-6-4wd.tr-시그니처,기아,002,국산,스포티지,025,더 뉴 스포티지 NQ5,NQ5,24~현재,encar,하이브리드,1.6,False,4WD,5,,,시그니처,3407,False,False
mf-002.md-025.sm-nq5.pw-하이브리드-1-6-4wd.tr-시그니처-x-line,기아,002,국산,스포티지,025,더 뉴 스포티지 NQ5,NQ5,24~현재,encar,하이브리드,1.6,False,4WD,5,,,시그니처 X-Line,3525,False,False
mf-002.md-025.sm-nq5.pw-하이브리드-1-6-2wd.tr-프레스티지,기아,002,국산,스포티지,025,더 뉴 스포티지 NQ5,NQ5,24~현재,encar,하이브리드,1.6,False,2WD,5,,,프레스티지,2793,False,False
mf-002.md-025.sm-nq5.pw-하이브리드-1-6-2wd.tr-노블레스,기아,002,국산,스포티지,025,더 뉴 스포티지 NQ5,NQ5,24~현재,encar,하이브리드,1.6,False,2WD,5,,,노블레스,3146,False,False
mf-002.md-025.sm-nq5.pw-하이브리드-1-6-2wd.tr-시그니처,기아,002,국산,스포티지,025,더 뉴 스포티지 NQ5,NQ5,24~현재,encar,하이브리드,1.6,False,2WD,5,,,시그니처,3407,False,False
mf-002.md-025.sm-nq5.pw-하이브리드-1-6-2wd.tr-시그니처-x-line,기아,002,국산,스포티지,025,더 뉴 스포티지 NQ5,NQ5,24~현재,encar,하이브리드,1.6,False,2WD,5,,,시그니처 X-Line,3525,False,False
mf-002.md-025.sm-nq5.pw-디젤-2-0-2wd.tr-트렌디,기아,002,국산,스포티지,025,스포티지 NQ5,NQ5,21~현재,encar,디젤,2.0,False,2WD,5,,,트렌디,,False,False
mf-002.md-025.sm-nq5.pw-디젤-2-0-2wd.tr-프레스티지,기아,002,국산,스포티지,025,스포티지 NQ5,NQ5,21~현재,encar,디젤,2.0,False,2WD,5,,,프레스티지,2793,False,False
mf-002.md-025.sm-nq5.pw-디젤-2-0-2wd.tr-노블레스,기아,002,국산,스포티지,025,스포티지 NQ5,NQ5,21~현재,encar,디젤,2.0,False,2WD,5,,,노블레스,3146,False,False
mf-002.md-025.sm-nq5.pw-디젤-2-0-2wd.tr-노블레스-그래비티,기아,002,국산,스포티지,025,스포티지 NQ5,NQ5,21~현재,encar,디젤,2.0,False,2WD,5,,,노블레스 그래비티,,False,False
mf-002.md-025.sm-nq5.pw-디젤-2-0-2wd.tr-시그니처-그래비티,기아,002,국산,스포티지,025,스포티지 NQ5,NQ5,21~현재,encar,디젤,2.0,False,2WD,5,,,시그니처 그래비티,,False,False
mf-002.md-025.sm-nq5.pw-가솔린-1-6-2wd.tr-트렌디,기아,002,국산,스포티지,025,스포티지 NQ5,NQ5,21~현재,encar,가솔린,1.6,True,2WD,5,,,트렌디,,False,False
mf-002.md-025.sm-nq5.pw-가솔린-1-6-2wd.tr-프레스티지,기아,002,국산,스포티지,025,스포티지 NQ5,NQ5,21~현재,encar,가솔린,1.6,True,2WD,5,,,프레스티지,2793,False,False
mf-002.md-025.sm-nq5.pw-가솔린-1-6-2wd.tr-노블레스,기아,002,국산,스포티지,025,스포티지 NQ5,NQ5,21~현재,encar,가솔린,1.6,True,2WD,5,,,노블레스,3146,False,False
mf-002.md-025.sm-nq5.pw-가솔린-1-6-2wd.tr-노블레스-그래비티,기아,002,국산,스포티지,025,스포티지 NQ5,NQ5,21~현재,encar,가솔린,1.6,True,2WD,5,,,노블레스 그래비티,,False,False
mf-002.md-025.sm-nq5.pw-가솔린-1-6-2wd.tr-시그니처,기아,002,국산,스포티지,025,스포티지 NQ5,NQ5,21~현재,encar,가솔린,1.6,True,2WD,5,,,시그니처,3407,False,False
mf-002.md-025.sm-nq5.pw-가솔린-1-6-2wd.tr-시그니처-그래비티,기아,002,국산,스포티지,025,스포티지 NQ5,NQ5,21~현재,encar,가솔린,1.6,True,2WD,5,,,시그니처 그래비티,,False,False
mf-002.md-025.sm-nq5.pw-lpg-2-0-2wd.tr-30주년-에디션,기아,002,국산,스포티지,025,스포티지 NQ5,NQ5,21~현재,encar,LPG,2.0,False,2WD,5,,,30주년 에디션,,False,True
mf-002.md-025.sm-nq5.pw-lpg-2-0-2wd.tr-프레스티지,기아,002,국산,스포티지,025,스포티지 NQ5,NQ5,21~현재,encar,LPG,2.0,False,2WD,5,,,프레스티지,2793,False,False
mf-002.md-025.sm-nq5.pw-lpg-2-0-2wd.tr-시그니처,기아,002,국산,스포티지,025,스포티지 NQ5,NQ5,21~현재,encar,LPG,2.0,False,2WD,5,,,시그니처,3407,False,False
mf-002.md-025.sm-nq5.pw-가솔린-1-6-4wd.tr-시그니처,기아,002,국산,스포티지,025,스포티지 NQ5,NQ5,21~현재,encar,가솔린,1.6,True,4WD,5,,,시그니처,3407,False,False
mf-002.md-025.sm-nq5.pw-가솔린-1-6-4wd.tr-시그니처-그래비티,기아,002,국산,스포티지,025,스포티지 NQ5,NQ5,21~현재,encar,가솔린,1.6,True,4WD,5,,,시그니처 그래비티,,False,False
mf-002.md-025.sm-nq5.pw-디젤-2-0-4wd.tr-트렌디,기아,002,국산,스포티지,025,스포티지 NQ5,NQ5,21~현재,encar,디젤,2.0,False,4WD,5,,,트렌디,,False,False
mf-002.md-025.sm-nq5.pw-디젤-2-0-4wd.tr-프레스티지,기아,002,국산,스포티지,025,스포티지 NQ5,NQ5,21~현재,encar,디젤,2.0,False,4WD,5,,,프레스티지,2793,False,False
mf-002.md-025.sm-nq5.pw-하이브리드-1-6-4wd.tr-프레스티지,기아,002,국산,스포티지,025,스포티지 NQ5,NQ5,21~현재,encar,하이브리드,1.6,False,4WD,5,,,프레스티지,2793,False,False
mf-002.md-025.sm-nq5.pw-하이브리드-1-6-4wd.tr-노블레스,기아,002,국산,스포티지,025,스포티지 NQ5,NQ5,21~현재,encar,하이브리드,1.6,False,4WD,5,,,노블레스,3146,False,False
mf-002.md-025.sm-nq5.pw-하이브리드-1-6-4wd.tr-시그니처,기아,002,국산,스포티지,025,스포티지 NQ5,NQ5,21~현재,encar,하이브리드,1.6,False,4WD,5,,,시그니처,3407,False,False
mf-002.md-025.sm-nq5.pw-하이브리드-1-6-4wd.tr-시그니처-그래비티,기아,002,국산,스포티지,025,스포티지 NQ5,NQ5,21~현재,encar,하이브리드,1.6,False,4WD,5,,,시그니처 그래비티,,False,False
mf-002.md-025.sm-nq5.pw-하이브리드-1-6-2wd.tr-프레스티지,기아,002,국산,스포티지,025,스포티지 NQ5,NQ5,21~현재,encar,하이브리드,1.6,False,2WD,5,,,프레스티지,2793,False,False
mf-002.md-025.sm-nq5.pw-하이브리드-1-6-2wd.tr-노블레스,기아,002,국산,스포티지,025,스포티지 NQ5,NQ5,21~현재,encar,하이브리드,1.6,False,2WD,5,,,노블레스,3146,False,False
mf-002.md-025.sm-nq5.pw-하이브리드-1-6-2wd.tr-노블레스-그래비티,기아,002,국산,스포티지,025,스포티지 NQ5,NQ5,21~현재,encar,하이브리드,1.6,False,2WD,5,,,노블레스 그래비티,,False,False
mf-002.md-025.sm-nq5.pw-하이브리드-1-6-2wd.tr-시그니처,기아,002,국산,스포티지,025,스포티지 NQ5,NQ5,21~현재,encar,하이브리드,1.6,False,2WD,5,,,시그니처,3407,False,False
mf-002.md-025.sm-nq5.pw-하이브리드-1-6-2wd.tr-시그니처-그래비티,기아,002,국산,스포티지,025,스포티지 NQ5,NQ5,21~현재,encar,하이브리드,1.6,False,2WD,5,,,시그니처 그래비티,,False,False
mf-002.md-025.sm-ql.pw-디젤-2-0-2wd.tr-트렌디,기아,002,국산,스포티지,025,스포티지 더 볼드 QL,QL,18~21,encar,디젤,2.0,False,2WD,5,,,트렌디,,False,False
mf-002.md-025.sm-ql.pw-디젤-2-0-2wd.tr-럭셔리,기아,002,국산,스포티지,025,스포티지 더 볼드 QL,QL,18~21,encar,디젤,2.0,False,2WD,5,,,럭셔리,,False,False
mf-002.md-025.sm-ql.pw-디젤-2-0-2wd.tr-인텔리전트,기아,002,국산,스포티지,025,스포티지 더 볼드 QL,QL,18~21,encar,디젤,2.0,False,2WD,5,,,인텔리전트,,False,False
mf-002.md-025.sm-ql.pw-디젤-2-0-2wd.tr-프레스티지,기아,002,국산,스포티지,025,스포티지 더 볼드 QL,QL,18~21,encar,디젤,2.0,False,2WD,5,,,프레스티지,2793,False,False
mf-002.md-025.sm-ql.pw-디젤-2-0-2wd.tr-노블레스,기아,002,국산,스포티지,025,스포티지 더 볼드 QL,QL,18~21,encar,디젤,2.0,False,2WD,5,,,노블레스,3146,False,False
mf-002.md-025.sm-ql.pw-디젤-2-0-2wd.tr-시그니처,기아,002,국산,스포티지,025,스포티지 더 볼드 QL,QL,18~21,encar,디젤,2.0,False,2WD,5,,,시그니처,3407,False,False
mf-002.md-025.sm-ql.pw-디젤-2-0-2wd.tr-시그니처-그래비티,기아,002,국산,스포티지,025,스포티지 더 볼드 QL,QL,18~21,encar,디젤,2.0,False,2WD,5,,,시그니처 그래비티,,False,False
mf-002.md-025.sm-ql.pw-가솔린-2-0-2wd.tr-인텔리전트,기아,002,국산,스포티지,025,스포티지 더 볼드 QL,QL,18~21,encar,가솔린,2.0,False,2WD,5,,,인텔리전트,,False,False
mf-002.md-025.sm-ql.pw-가솔린-2-0-2wd.tr-프레스티지,기아,002,국산,스포티지,025,스포티지 더 볼드 QL,QL,18~21,encar,가솔린,2.0,False,2WD,5,,,프레스티지,2793,False,False
mf-002.md-025.sm-ql.pw-가솔린-2-0-2wd.tr-노블레스,기아,002,국산,스포티지,025,스포티지 더 볼드 QL,QL,18~21,encar,가솔린,2.0,False,2WD,5,,,노블레스,3146,False,False
mf-002.md-025.sm-ql.pw-가솔린-2-0-2wd.tr-시그니처,기아,002,국산,스포티지,025,스포티지 더 볼드 QL,QL,18~21,encar,가솔린,2.0,False,2WD,5,,,시그니처,3407,False,False
mf-002.md-025.sm-ql.pw-디젤-1-6-2wd.tr-트렌디,기아,002,국산,스포티지,025,스포티지 더 볼드 QL,QL,18~21,encar,디젤,1.6,False,2WD,5,,,트렌디,,False,False
mf-002.md-025.sm-ql.pw-디젤-1-6-2wd.tr-럭셔리,기아,002,국산,스포티지,025,스포티지 더 볼드 QL,QL,18~21,encar,디젤,1.6,False,2WD,5,,,럭셔리,,False,False
mf-002.md-025.sm-ql.pw-디젤-1-6-2wd.tr-프레스티지,기아,002,국산,스포티지,025,스포티지 더 볼드 QL,QL,18~21,encar,디젤,1.6,False,2WD,5,,,프레스티지,2793,False,False
mf-002.md-025.sm-ql.pw-디젤-1-6-2wd.tr-프레스티지-그래비티,기아,002,국산,스포티지,025,스포티지 더 볼드 QL,QL,18~21,encar,디젤,1.6,False,2WD,5,,,프레스티지 그래비티,,False,False
mf-002.md-025.sm-ql.pw-디젤-1-6-2wd.tr-노블레스,기아,002,국산,스포티지,025,스포티지 더 볼드 QL,QL,18~21,encar,디젤,1.6,False,2WD,5,,,노블레스,3146,False,False
mf-002.md-025.sm-ql.pw-디젤-1-6-2wd.tr-시그니처,기아,002,국산,스포티지,025,스포티지 더 볼드 QL,QL,18~21,encar,디젤,1.6,False,2WD,5,,,시그니처,3407,False,False
mf-002.md-025.sm-ql.pw-디젤-2-0-4wd.tr-트렌디,기아,002,국산,스포티지,025,스포티지 더 볼드 QL,QL,18~21,encar,디젤,2.0,False,4WD,5,,,트렌디,,False,False
mf-002.md-025.sm-ql.pw-디젤-2-0-4wd.tr-럭셔리,기아,002,국산,스포티지,025,스포티지 더 볼드 QL,QL,18~21,encar,디젤,2.0,False,4WD,5,,,럭셔리,,False,False
mf-002.md-025.sm-ql.pw-디젤-2-0-4wd.tr-인텔리전트,기아,002,국산,스포티지,025,스포티지 더 볼드 QL,QL,18~21,encar,디젤,2.0,False,4WD,5,,,인텔리전트,,False,False
mf-002.md-025.sm-ql.pw-디젤-2-0-4wd.tr-프레스티지,기아,002,국산,스포티지,025,스포티지 더 볼드 QL,QL,18~21,encar,디젤,2.0,False,4WD,5,,,프레스티지,2793,False,False
mf-002.md-025.sm-ql.pw-디젤-2-0-4wd.tr-시그니처,기아,002,국산,스포티지,025,스포티지 더 볼드 QL,QL,18~21,encar,디젤,2.0,False,4WD,5,,,시그니처,3407,False,False
mf-002.md-025.sm-ql.pw-디젤-1-6-4wd.tr-트렌디,기아,002,국산,스포티지,025,스포티지 더 볼드 QL,QL,18~21,encar,디젤,1.6,False,4WD,5,,,트렌디,,False,False
mf-002.md-025.sm-ql.pw-디젤-1-7-2wd.tr-세부등급-없음,기아,002,국산,스포티지,025,스포티지 QL,QL,15~18,encar,디젤,1.7,False,2WD,5,,,(세부등급 없음),,False,False
mf-002.md-025.sm-ql.pw-디젤-1-7-2wd.tr-스페셜,기아,002,국산,스포티지,025,스포티지 QL,QL,15~18,encar,디젤,1.7,False,2WD,5,,,스페셜,,False,True
mf-002.md-025.sm-ql.pw-디젤-1-7-2wd.tr-트렌디,기아,002,국산,스포티지,025,스포티지 QL,QL,15~18,encar,디젤,1.7,False,2WD,5,,,트렌디,,False,False
mf-002.md-025.sm-ql.pw-디젤-2-0-2wd.tr-세부등급-없음,기아,002,국산,스포티지,025,스포티지 QL,QL,15~18,encar,디젤,2.0,False,2WD,5,,,(세부등급 없음),,False,False
mf-002.md-025.sm-ql.pw-디젤-2-0-2wd.tr-스페셜,기아,002,국산,스포티지,025,스포티지 QL,QL,15~18,encar,디젤,2.0,False,2WD,5,,,스페셜,,False,True
mf-002.md-025.sm-ql.pw-디젤-2-0-2wd.tr-스타일-에디션,기아,002,국산,스포티지,025,스포티지 QL,QL,15~18,encar,디젤,2.0,False,2WD,5,,,스타일 에디션,,False,True
mf-002.md-025.sm-ql.pw-디젤-2-0-2wd.tr-트렌디,기아,002,국산,스포티지,025,스포티지 QL,QL,15~18,encar,디젤,2.0,False,2WD,5,,,트렌디,,False,False
mf-002.md-025.sm-ql.pw-디젤-2-0-2wd.tr-플러스,기아,002,국산,스포티지,025,스포티지 QL,QL,15~18,encar,디젤,2.0,False,2WD,5,,,플러스,,False,False
mf-002.md-025.sm-ql.pw-디젤-2-0-2wd.tr-프레스티지,기아,002,국산,스포티지,025,스포티지 QL,QL,15~18,encar,디젤,2.0,False,2WD,5,,,프레스티지,2793,False,False
mf-002.md-025.sm-ql.pw-가솔린-2-0-2wd.tr-트렌디,기아,002,국산,스포티지,025,스포티지 QL,QL,15~18,encar,가솔린,2.0,False,2WD,5,,,트렌디,,False,False
mf-002.md-025.sm-ql.pw-가솔린-2-0-2wd.tr-노블레스,기아,002,국산,스포티지,025,스포티지 QL,QL,15~18,encar,가솔린,2.0,False,2WD,5,,,노블레스,3146,False,False
mf-002.md-025.sm-ql.pw-디젤-2-0-4wd.tr-세부등급-없음,기아,002,국산,스포티지,025,스포티지 QL,QL,15~18,encar,디젤,2.0,False,4WD,5,,,(세부등급 없음),,False,False
mf-002.md-025.sm-ql.pw-디젤-2-0-4wd.tr-스페셜,기아,002,국산,스포티지,025,스포티지 QL,QL,15~18,encar,디젤,2.0,False,4WD,5,,,스페셜,,False,True
mf-002.md-025.sm-ql.pw-디젤-2-0-4wd.tr-프레스티지,기아,002,국산,스포티지,025,스포티지 QL,QL,15~18,encar,디젤,2.0,False,4WD,5,,,프레스티지,2793,False,False
mf-002.md-025.sm-sl.pw-디젤-2-0-2wd.tr-에이스,기아,002,국산,스포티지,025,더 뉴 스포티지 R SL,SL,13~15,encar,디젤,2.0,False,2WD,5,,,에이스,,False,False
mf-002.md-025.sm-sl.pw-디젤-2-0-2wd.tr-w-스페셜,기아,002,국산,스포티지,025,더 뉴 스포티지 R SL,SL,13~15,encar,디젤,2.0,False,2WD,5,,,W 스페셜,,False,True
mf-002.md-025.sm-sl.pw-디젤-2-0-2wd.tr-트렌디,기아,002,국산,스포티지,025,더 뉴 스포티지 R SL,SL,13~15,encar,디젤,2.0,False,2WD,5,,,트렌디,,False,False
mf-002.md-025.sm-sl.pw-디젤-2-0-2wd.tr-럭셔리,기아,002,국산,스포티지,025,더 뉴 스포티지 R SL,SL,13~15,encar,디젤,2.0,False,2WD,5,,,럭셔리,,False,False
mf-002.md-025.sm-sl.pw-디젤-2-0-2wd.tr-프레스티지,기아,002,국산,스포티지,025,더 뉴 스포티지 R SL,SL,13~15,encar,디젤,2.0,False,2WD,5,,,프레스티지,2793,False,False
mf-002.md-025.sm-sl.pw-디젤-2-0-2wd.tr-노블레스,기아,002,국산,스포티지,025,더 뉴 스포티지 R SL,SL,13~15,encar,디젤,2.0,False,2WD,5,,,노블레스,3146,False,False
mf-002.md-025.sm-sl.pw-디젤-2-0-4wd.tr-에이스,기아,002,국산,스포티지,025,더 뉴 스포티지 R SL,SL,13~15,encar,디젤,2.0,False,4WD,5,,,에이스,,False,False
mf-002.md-025.sm-sl.pw-디젤-2-0-4wd.tr-트렌디,기아,002,국산,스포티지,025,더 뉴 스포티지 R SL,SL,13~15,encar,디젤,2.0,False,4WD,5,,,트렌디,,False,False
mf-002.md-025.sm-sl.pw-디젤-2-0-4wd.tr-프레스티지,기아,002,국산,스포티지,025,더 뉴 스포티지 R SL,SL,13~15,encar,디젤,2.0,False,4WD,5,,,프레스티지,2793,False,False
mf-002.md-025.sm-sl.pw-디젤-2-0-4wd.tr-노블레스,기아,002,국산,스포티지,025,더 뉴 스포티지 R SL,SL,13~15,encar,디젤,2.0,False,4WD,5,,,노블레스,3146,False,False
mf-002.md-025.sm-sl.pw-디젤-2-0-2wd.tr-lx,기아,002,국산,스포티지,025,스포티지 R SL,SL,10~13,encar,디젤,2.0,False,2WD,5,,,LX,,False,False
mf-002.md-025.sm-sl.pw-디젤-2-0-2wd.tr-고급형,기아,002,국산,스포티지,025,스포티지 R SL,SL,10~13,encar,디젤,2.0,False,2WD,5,,,고급형,,False,False
mf-002.md-025.sm-sl.pw-디젤-2-0-2wd.tr-프리미엄,기아,002,국산,스포티지,025,스포티지 R SL,SL,10~13,encar,디젤,2.0,False,2WD,5,,,프리미엄,,False,False
mf-002.md-025.sm-sl.pw-디젤-2-0-2wd.tr-리미티드,기아,002,국산,스포티지,025,스포티지 R SL,SL,10~13,encar,디젤,2.0,False,2WD,5,,,리미티드,,False,False
mf-002.md-025.sm-sl.pw-디젤-2-0-2wd.tr-최고급형,기아,002,국산,스포티지,025,스포티지 R SL,SL,10~13,encar,디젤,2.0,False,2WD,5,,,최고급형,,False,False
mf-002.md-025.sm-sl.pw-디젤-2-0-4wd.tr-lx,기아,002,국산,스포티지,025,스포티지 R SL,SL,10~13,encar,디젤,2.0,False,4WD,5,,,LX,,False,False
mf-002.md-025.sm-sl.pw-디젤-2-0-4wd.tr-리미티드,기아,002,국산,스포티지,025,스포티지 R SL,SL,10~13,encar,디젤,2.0,False,4WD,5,,,리미티드,,False,False
mf-002.md-025.sm-sl.pw-디젤-2-0-4wd.tr-최고급형,기아,002,국산,스포티지,025,스포티지 R SL,SL,10~13,encar,디젤,2.0,False,4WD,5,,,최고급형,,False,False
mf-002.md-025.sm-sl.pw-가솔린-2-0-4wd.tr-최고급형,기아,002,국산,스포티지,025,스포티지 R SL,SL,10~13,encar,가솔린,2.0,True,4WD,5,,,최고급형,,False,False
mf-002.md-025.sm-km.pw-디젤-2-0-2wd.tr-스페셜,기아,002,국산,스포티지,025,New 스포티지 KM,KM,04~10,encar,디젤,2.0,False,2WD,5,,,스페셜,,False,True
mf-002.md-025.sm-km.pw-디젤-2-0-2wd.tr-고급형,기아,002,국산,스포티지,025,New 스포티지 KM,KM,04~10,encar,디젤,2.0,False,2WD,5,,,고급형,,False,False
mf-002.md-025.sm-km.pw-디젤-2-0-2wd.tr-vip팩,기아,002,국산,스포티지,025,New 스포티지 KM,KM,04~10,encar,디젤,2.0,False,2WD,5,,,VIP팩,,False,False
mf-002.md-025.sm-km.pw-디젤-2-0-2wd.tr-최고급형,기아,002,국산,스포티지,025,New 스포티지 KM,KM,04~10,encar,디젤,2.0,False,2WD,5,,,최고급형,,False,False
mf-002.md-025.sm-km.pw-가솔린-2-0-2wd.tr-세이프티,기아,002,국산,스포티지,025,New 스포티지 KM,KM,04~10,encar,가솔린,2.0,False,2WD,5,,,세이프티,,False,False
mf-002.md-025.sm-km.pw-가솔린-2-0-2wd.tr-고급형,기아,002,국산,스포티지,025,New 스포티지 KM,KM,04~10,encar,가솔린,2.0,False,2WD,5,,,고급형,,False,False
mf-002.md-058.sm-tam.pw-가솔린-1-0.tr-스탠다드,기아,002,국산,레이,058,더 뉴 레이 TAM,TAM,22~현재,encar,가솔린,1.0,False,,5,,,스탠다드,1330,False,False
mf-002.md-058.sm-tam.pw-가솔린-1-0.tr-트렌디,기아,002,국산,레이,058,더 뉴 레이 TAM,TAM,22~현재,encar,가솔린,1.0,False,,5,,,트렌디,1490,False,False
mf-002.md-058.sm-tam.pw-가솔린-1-0.tr-프레스티지,기아,002,국산,레이,058,더 뉴 레이 TAM,TAM,22~현재,encar,가솔린,1.0,False,,5,,,프레스티지,1760,False,False
mf-002.md-058.sm-tam.pw-가솔린-1-0.tr-시그니처,기아,002,국산,레이,058,더 뉴 레이 TAM,TAM,22~현재,encar,가솔린,1.0,False,,5,,,시그니처,1903,False,False
mf-002.md-058.sm-tam.pw-가솔린-1-0.tr-그래비티,기아,002,국산,레이,058,더 뉴 레이 TAM,TAM,22~현재,encar,가솔린,1.0,False,,5,,,그래비티,1928,False,False
mf-002.md-058.sm-tam.pw-가솔린-1-0.tr-시그니처-x-line,기아,002,국산,레이,058,더 뉴 레이 TAM,TAM,22~현재,encar,가솔린,1.0,False,,5,,,시그니처 X Line,2003,False,False
mf-002.md-058.sm-tam.pw-가솔린-1-0.tr-휠체어-리프트-슬로프,기아,002,국산,레이,058,더 뉴 레이 TAM,TAM,22~현재,encar,가솔린,1.0,False,,2,,,휠체어 리프트/슬로프,,True,False
mf-002.md-058.sm-tam.pw-가솔린-1-0.tr-프레스티지,기아,002,국산,레이,058,더 뉴 레이 TAM,TAM,22~현재,encar,가솔린,1.0,False,,2,,,프레스티지,1760,False,False
mf-002.md-058.sm-tam.pw-가솔린-1-0.tr-프레스티지-스페셜,기아,002,국산,레이,058,더 뉴 레이 TAM,TAM,22~현재,encar,가솔린,1.0,False,,2,,,프레스티지 스페셜,1506,False,False
mf-002.md-058.sm-tam.pw-전기-35-2.tr-라이트,기아,002,국산,레이,058,더 뉴 레이 TAM,TAM,22~현재,encar,전기,,False,,4,35.2,205,라이트,2775,False,False
mf-002.md-058.sm-tam.pw-전기-35-2.tr-에어,기아,002,국산,레이,058,더 뉴 레이 TAM,TAM,22~현재,encar,전기,,False,,4,35.2,205,에어,2955,False,False
mf-002.md-058.sm-tam.pw-전기-35-2.tr-에어,기아,002,국산,레이,058,더 뉴 레이 TAM,TAM,22~현재,encar,전기,,False,,2,35.2,205,에어,2955,False,False
mf-002.md-058.sm-tam.pw-가솔린-1-0.tr-스탠다드,기아,002,국산,레이,058,더 뉴 레이 TAM,TAM,17~22,encar,가솔린,1.0,False,,5,,,스탠다드,1330,False,False
mf-002.md-058.sm-tam.pw-가솔린-1-0.tr-트렌디,기아,002,국산,레이,058,더 뉴 레이 TAM,TAM,17~22,encar,가솔린,1.0,False,,5,,,트렌디,1490,False,False
mf-002.md-058.sm-tam.pw-가솔린-1-0.tr-럭셔리,기아,002,국산,레이,058,더 뉴 레이 TAM,TAM,17~22,encar,가솔린,1.0,False,,5,,,럭셔리,,False,False
mf-002.md-058.sm-tam.pw-가솔린-1-0.tr-프레스티지,기아,002,국산,레이,058,더 뉴 레이 TAM,TAM,17~22,encar,가솔린,1.0,False,,5,,,프레스티지,1760,False,False
mf-002.md-058.sm-tam.pw-가솔린-1-0.tr-베스트-셀렉션,기아,002,국산,레이,058,더 뉴 레이 TAM,TAM,17~22,encar,가솔린,1.0,False,,5,,,베스트 셀렉션,,False,True
mf-002.md-058.sm-tam.pw-가솔린-1-0.tr-시그니처,기아,002,국산,레이,058,더 뉴 레이 TAM,TAM,17~22,encar,가솔린,1.0,False,,5,,,시그니처,1903,False,False
mf-002.md-058.sm-tam.pw-가솔린-1-0.tr-세부등급-없음,기아,002,국산,레이,058,더 뉴 레이 TAM,TAM,17~22,encar,가솔린,1.0,False,,2,,,(세부등급 없음),,False,False
mf-002.md-058.sm-tam.pw-가솔린-1-0.tr-스탠다드,기아,002,국산,레이,058,더 뉴 레이 TAM,TAM,17~22,encar,가솔린,1.0,False,,2,,,스탠다드,1330,False,False
mf-002.md-058.sm-tam.pw-가솔린-1-0.tr-고급형,기아,002,국산,레이,058,더 뉴 레이 TAM,TAM,17~22,encar,가솔린,1.0,False,,2,,,고급형,,False,False
mf-002.md-058.sm-tam.pw-가솔린-1-0.tr-럭셔리-스페셜,기아,002,국산,레이,058,더 뉴 레이 TAM,TAM,17~22,encar,가솔린,1.0,False,,2,,,럭셔리 스페셜,,False,False
mf-002.md-058.sm-tam.pw-가솔린-1-0.tr-프레스티지,기아,002,국산,레이,058,더 뉴 레이 TAM,TAM,17~22,encar,가솔린,1.0,False,,2,,,프레스티지,1760,False,False
mf-002.md-058.sm-tam.pw-가솔린-1-0.tr-프레스티지,기아,002,국산,레이,058,더 뉴 레이 TAM,TAM,17~22,encar,가솔린,1.0,False,,2,,,프레스티지,1760,False,False
mf-002.md-058.sm-tam.pw-가솔린-1-0.tr-프레스티지-스페셜,기아,002,국산,레이,058,더 뉴 레이 TAM,TAM,17~22,encar,가솔린,1.0,False,,2,,,프레스티지 스페셜,1506,False,False
mf-002.md-058.sm-tam.pw-lpg-1-0.tr-프레스티지-lpi,기아,002,국산,레이,058,더 뉴 레이 TAM,TAM,17~22,encar,LPG,1.0,False,,5,,,프레스티지 (LPI),,False,False
mf-002.md-058.sm-tam.pw-가솔린-1-0.tr-기본,기아,002,국산,레이,058,레이 TAM,TAM,11~17,encar,가솔린,1.0,True,,5,,,기본,,False,False
mf-002.md-058.sm-tam.pw-가솔린-1-0.tr-럭셔리,기아,002,국산,레이,058,레이 TAM,TAM,11~17,encar,가솔린,1.0,True,,5,,,럭셔리,,False,False
mf-002.md-058.sm-tam.pw-가솔린-1-0.tr-프레스티지,기아,002,국산,레이,058,레이 TAM,TAM,11~17,encar,가솔린,1.0,True,,5,,,프레스티지,1760,False,False
mf-002.md-058.sm-tam.pw-가솔린-1-0.tr-디럭스,기아,002,국산,레이,058,레이 TAM,TAM,11~17,encar,가솔린,1.0,False,,5,,,디럭스,,False,False
mf-002.md-058.sm-tam.pw-가솔린-1-0.tr-디럭스-스페셜,기아,002,국산,레이,058,레이 TAM,TAM,11~17,encar,가솔린,1.0,False,,5,,,디럭스 스페셜,,False,False
mf-002.md-058.sm-tam.pw-가솔린-1-0.tr-럭셔리,기아,002,국산,레이,058,레이 TAM,TAM,11~17,encar,가솔린,1.0,False,,5,,,럭셔리,,False,False
mf-002.md-058.sm-tam.pw-가솔린-1-0.tr-프레스티지,기아,002,국산,레이,058,레이 TAM,TAM,11~17,encar,가솔린,1.0,False,,5,,,프레스티지,1760,False,False
mf-002.md-058.sm-tam.pw-가솔린-lpg-1-0.tr-디럭스-스페셜-바이퓨얼,기아,002,국산,레이,058,레이 TAM,TAM,11~17,encar,가솔린+LPG,1.0,False,,5,,,디럭스 스페셜 바이퓨얼,,False,False
mf-002.md-058.sm-tam.pw-가솔린-lpg-1-0.tr-럭셔리-바이퓨얼,기아,002,국산,레이,058,레이 TAM,TAM,11~17,encar,가솔린+LPG,1.0,False,,5,,,럭셔리 바이퓨얼,,False,False
mf-002.md-058.sm-tam.pw-가솔린-lpg-1-0.tr-프레스티지-바이퓨얼,기아,002,국산,레이,058,레이 TAM,TAM,11~17,encar,가솔린+LPG,1.0,False,,5,,,프레스티지 바이퓨얼,,False,False
mf-002.md-058.sm-tam.pw-전기-16-4.tr-ev,기아,002,국산,레이,058,레이 TAM,TAM,11~17,encar,전기,,False,,4,16.4,139,EV,,False,False
mf-002.md-058.sm-tam.pw-가솔린-1-0.tr-밴,기아,002,국산,레이,058,레이 TAM,TAM,11~17,encar,가솔린,1.0,False,,2,,,밴,1305,True,False
mf-002.md-058.sm-tam.pw-가솔린-1-0.tr-밴-고급형,기아,002,국산,레이,058,레이 TAM,TAM,11~17,encar,가솔린,1.0,False,,2,,,밴 고급형,1481,True,False
mf-002.md-013.sm-ja.pw-가솔린-1-0.tr-트렌디,기아,002,국산,모닝,013,모닝 JA,JA,23~현재,encar,가솔린,1.0,False,,5,,,트렌디,1421,False,False
mf-002.md-013.sm-ja.pw-가솔린-1-0.tr-프레스티지,기아,002,국산,모닝,013,모닝 JA,JA,23~현재,encar,가솔린,1.0,False,,5,,,프레스티지,1601,False,False
mf-002.md-013.sm-ja.pw-가솔린-1-0.tr-시그니처,기아,002,국산,모닝,013,모닝 JA,JA,23~현재,encar,가솔린,1.0,False,,5,,,시그니처,1816,False,False
mf-002.md-013.sm-ja.pw-가솔린-1-0.tr-gt-line,기아,002,국산,모닝,013,모닝 JA,JA,23~현재,encar,가솔린,1.0,False,,5,,,GT Line,1911,False,False
mf-002.md-013.sm-ja.pw-가솔린-1-0.tr-프레스티지,기아,002,국산,모닝,013,모닝 JA,JA,23~현재,encar,가솔린,1.0,False,,2,,,프레스티지,1601,False,False
mf-002.md-013.sm-ja.pw-가솔린-1-0.tr-세부등급-없음,기아,002,국산,모닝,013,모닝 어반 JA,JA,20~23,encar,가솔린,1.0,False,,5,,,(세부등급 없음),,False,False
mf-002.md-013.sm-ja.pw-가솔린-1-0.tr-마이너스,기아,002,국산,모닝,013,모닝 어반 JA,JA,20~23,encar,가솔린,1.0,False,,5,,,마이너스,,False,False
mf-002.md-013.sm-ja.pw-가솔린-1-0.tr-베스트-셀렉션,기아,002,국산,모닝,013,모닝 어반 JA,JA,20~23,encar,가솔린,1.0,False,,5,,,베스트 셀렉션,,False,True
mf-002.md-013.sm-ja.pw-가솔린-1-0.tr-엣지-up,기아,002,국산,모닝,013,모닝 어반 JA,JA,20~23,encar,가솔린,1.0,False,,5,,,엣지-UP,,False,True
mf-002.md-013.sm-ja.pw-가솔린-1-0.tr-프레스티지,기아,002,국산,모닝,013,모닝 어반 JA,JA,20~23,encar,가솔린,1.0,False,,5,,,프레스티지,1601,False,False
mf-002.md-013.sm-ja.pw-가솔린-1-0.tr-세부등급-없음,기아,002,국산,모닝,013,모닝 어반 JA,JA,20~23,encar,가솔린,1.0,False,,2,,,(세부등급 없음),,False,False
mf-002.md-013.sm-ja.pw-가솔린-1-0.tr-스페셜,기아,002,국산,모닝,013,모닝 어반 JA,JA,20~23,encar,가솔린,1.0,False,,2,,,스페셜,,False,True
mf-002.md-013.sm-ja.pw-가솔린-1-0.tr-베이직-플러스,기아,002,국산,모닝,013,올 뉴 모닝 JA,JA,17~20,encar,가솔린,1.0,False,,5,,,베이직 플러스,,False,False
mf-002.md-013.sm-ja.pw-가솔린-1-0.tr-레이디,기아,002,국산,모닝,013,올 뉴 모닝 JA,JA,17~20,encar,가솔린,1.0,False,,5,,,레이디,,False,True
mf-002.md-013.sm-ja.pw-가솔린-1-0.tr-디럭스,기아,002,국산,모닝,013,올 뉴 모닝 JA,JA,17~20,encar,가솔린,1.0,False,,5,,,디럭스,950,False,False
mf-002.md-013.sm-ja.pw-가솔린-1-0.tr-트렌디,기아,002,국산,모닝,013,올 뉴 모닝 JA,JA,17~20,encar,가솔린,1.0,False,,5,,,트렌디,1421,False,False
mf-002.md-013.sm-ja.pw-가솔린-1-0.tr-럭셔리,기아,002,국산,모닝,013,올 뉴 모닝 JA,JA,17~20,encar,가솔린,1.0,False,,5,,,럭셔리,1190,False,False
mf-002.md-013.sm-ja.pw-가솔린-1-0.tr-프레스티지,기아,002,국산,모닝,013,올 뉴 모닝 JA,JA,17~20,encar,가솔린,1.0,False,,5,,,프레스티지,1601,False,False
mf-002.md-013.sm-ja.pw-lpg-1-0.tr-lpi-디럭스,기아,002,국산,모닝,013,올 뉴 모닝 JA,JA,17~20,encar,LPG,1.0,False,,5,,,LPi 디럭스,,False,False
mf-002.md-013.sm-ja.pw-lpg-1-0.tr-lpi-럭셔리,기아,002,국산,모닝,013,올 뉴 모닝 JA,JA,17~20,encar,LPG,1.0,False,,5,,,LPi 럭셔리,,False,False
mf-002.md-013.sm-ja.pw-가솔린-1-0.tr-럭셔리,기아,002,국산,모닝,013,올 뉴 모닝 JA,JA,17~20,encar,가솔린,1.0,True,,5,,,럭셔리,1190,False,False
mf-002.md-013.sm-ja.pw-가솔린-1-0.tr-프레스티지,기아,002,국산,모닝,013,올 뉴 모닝 JA,JA,17~20,encar,가솔린,1.0,True,,5,,,프레스티지,1601,False,False
mf-002.md-013.sm-ta.pw-가솔린-1-0.tr-디럭스,기아,002,국산,모닝,013,더 뉴 모닝 TA,TA,15~17,encar,가솔린,1.0,False,,5,,,디럭스,950,False,False
mf-002.md-013.sm-ta.pw-가솔린-1-0.tr-스마트,기아,002,국산,모닝,013,더 뉴 모닝 TA,TA,15~17,encar,가솔린,1.0,False,,5,,,스마트,,False,False
mf-002.md-013.sm-ta.pw-가솔린-1-0.tr-럭셔리,기아,002,국산,모닝,013,더 뉴 모닝 TA,TA,15~17,encar,가솔린,1.0,False,,5,,,럭셔리,1190,False,False
mf-002.md-013.sm-ta.pw-가솔린-1-0.tr-스포츠-run-high,기아,002,국산,모닝,013,더 뉴 모닝 TA,TA,15~17,encar,가솔린,1.0,False,,5,,,스포츠 RUN HIGH,,False,True
mf-002.md-013.sm-ta.pw-lpg-1-0.tr-바이퓨얼-럭셔리,기아,002,국산,모닝,013,더 뉴 모닝 TA,TA,15~17,encar,LPG,1.0,False,,5,,,바이퓨얼 럭셔리,,False,False
mf-002.md-013.sm-ta.pw-가솔린-1-0.tr-럭셔리,기아,002,국산,모닝,013,더 뉴 모닝 TA,TA,15~17,encar,가솔린,1.0,True,,5,,,럭셔리,1190,False,False
mf-002.md-013.sm-ta.pw-가솔린-lpg-1-0.tr-바이퓨얼-스마트,기아,002,국산,모닝,013,더 뉴 모닝 TA,TA,15~17,encar,가솔린+LPG,1.0,False,,5,,,바이퓨얼 스마트,,False,False
mf-002.md-013.sm-ta.pw-가솔린-1-0.tr-디럭스,기아,002,국산,모닝,013,올 뉴 모닝 TA,TA,11~15,encar,가솔린,1.0,False,,5,,,디럭스,950,False,False
mf-002.md-013.sm-ta.pw-가솔린-1-0.tr-디럭스-트렌디,기아,002,국산,모닝,013,올 뉴 모닝 TA,TA,11~15,encar,가솔린,1.0,False,,5,,,디럭스 트렌디,,False,True
mf-002.md-013.sm-ta.pw-가솔린-1-0.tr-디럭스-스페셜,기아,002,국산,모닝,013,올 뉴 모닝 TA,TA,11~15,encar,가솔린,1.0,False,,5,,,디럭스 스페셜,,False,True
mf-002.md-013.sm-ta.pw-가솔린-1-0.tr-스마트,기아,002,국산,모닝,013,올 뉴 모닝 TA,TA,11~15,encar,가솔린,1.0,False,,5,,,스마트,,False,False
mf-002.md-013.sm-ta.pw-가솔린-1-0.tr-스마트-스페셜,기아,002,국산,모닝,013,올 뉴 모닝 TA,TA,11~15,encar,가솔린,1.0,False,,5,,,스마트 스페셜,,False,True
mf-002.md-013.sm-ta.pw-가솔린-1-0.tr-럭셔리,기아,002,국산,모닝,013,올 뉴 모닝 TA,TA,11~15,encar,가솔린,1.0,False,,5,,,럭셔리,1190,False,False
mf-002.md-013.sm-ta.pw-가솔린-1-0.tr-럭셔리-스포츠,기아,002,국산,모닝,013,올 뉴 모닝 TA,TA,11~15,encar,가솔린,1.0,False,,5,,,럭셔리 스포츠,,False,False
mf-002.md-013.sm-ta.pw-가솔린-lpg-1-0.tr-바이퓨얼-디럭스-스페셜,기아,002,국산,모닝,013,올 뉴 모닝 TA,TA,11~15,encar,가솔린+LPG,1.0,False,,5,,,바이퓨얼 디럭스 스페셜,,False,True
mf-002.md-013.sm-ta.pw-가솔린-lpg-1-0.tr-바이퓨얼-럭셔리,기아,002,국산,모닝,013,올 뉴 모닝 TA,TA,11~15,encar,가솔린+LPG,1.0,False,,5,,,바이퓨얼 럭셔리,,False,False
mf-002.md-013.sm-sa.pw-가솔린-1-0.tr-기본형,기아,002,국산,모닝,013,뉴모닝 SA,SA,08~11,encar,가솔린,1.0,False,,5,,,기본형,,False,False
mf-002.md-013.sm-sa.pw-가솔린-1-0.tr-기본형-블랙프리미엄,기아,002,국산,모닝,013,뉴모닝 SA,SA,08~11,encar,가솔린,1.0,False,,5,,,기본형 블랙프리미엄,,False,True
mf-002.md-013.sm-sa.pw-가솔린-1-0.tr-lx-스페셜,기아,002,국산,모닝,013,뉴모닝 SA,SA,08~11,encar,가솔린,1.0,False,,5,,,LX 스페셜,,False,True
mf-002.md-013.sm-sa.pw-가솔린-1-0.tr-고급형,기아,002,국산,모닝,013,뉴모닝 SA,SA,08~11,encar,가솔린,1.0,False,,5,,,고급형,,False,False
mf-002.md-013.sm-sa.pw-가솔린-1-0.tr-고급형-블랙프리미엄,기아,002,국산,모닝,013,뉴모닝 SA,SA,08~11,encar,가솔린,1.0,False,,5,,,고급형 블랙프리미엄,,False,True
mf-002.md-013.sm-sa.pw-가솔린-1-0.tr-slx-스페셜,기아,002,국산,모닝,013,뉴모닝 SA,SA,08~11,encar,가솔린,1.0,False,,5,,,SLX 스페셜,,False,True
mf-002.md-013.sm-sa.pw-가솔린-1-0.tr-프리미엄,기아,002,국산,모닝,013,뉴모닝 SA,SA,08~11,encar,가솔린,1.0,False,,5,,,프리미엄,,False,False
mf-002.md-013.sm-sa.pw-가솔린-1-0.tr-블랙프리미엄,기아,002,국산,모닝,013,뉴모닝 SA,SA,08~11,encar,가솔린,1.0,False,,5,,,블랙프리미엄,,False,True
mf-002.md-013.sm-sa.pw-lpg-1-0.tr-기본형,기아,002,국산,모닝,013,뉴모닝 SA,SA,08~11,encar,LPG,1.0,False,,5,,,기본형,,False,False
mf-002.md-013.sm-sa.pw-lpg-1-0.tr-기본형-블랙프리미엄,기아,002,국산,모닝,013,뉴모닝 SA,SA,08~11,encar,LPG,1.0,False,,5,,,기본형 블랙프리미엄,,False,True
mf-002.md-013.sm-sa.pw-lpg-1-0.tr-고급형-블랙프리미엄,기아,002,국산,모닝,013,뉴모닝 SA,SA,08~11,encar,LPG,1.0,False,,5,,,고급형 블랙프리미엄,,False,True
mf-002.md-013.sm-sa.pw-가솔린-1-0.tr-기본형,기아,002,국산,모닝,013,뉴모닝 SA,SA,08~11,encar,가솔린,1.0,False,,2,,,기본형,,False,False
mf-002.md-013.sm-sa.pw-가솔린-1-0.tr-스페셜,기아,002,국산,모닝,013,모닝 SA,SA,04~08,encar,가솔린,1.0,False,,5,,,스페셜,,False,True
mf-002.md-013.sm-sa.pw-가솔린-1-0.tr-고급형,기아,002,국산,모닝,013,모닝 SA,SA,04~08,encar,가솔린,1.0,False,,5,,,고급형,,False,False
mf-002.md-013.sm-sa.pw-가솔린-1-0.tr-최고급형,기아,002,국산,모닝,013,모닝 SA,SA,04~08,encar,가솔린,1.0,False,,5,,,최고급형,,False,False
mf-002.md-002.sm-yg.pw-가솔린-2-5.tr-gdi-x-에디션,기아,002,국산,K7,002,K7 프리미어 YG,YG,19~21,encar,가솔린,2.5,False,,5,,,GDI X 에디션,,False,False
mf-002.md-002.sm-yg.pw-가솔린-2-5.tr-gdi-프레스티지,기아,002,국산,K7,002,K7 프리미어 YG,YG,19~21,encar,가솔린,2.5,False,,5,,,GDI 프레스티지,3500,False,False
mf-002.md-002.sm-yg.pw-가솔린-2-5.tr-gdi-노블레스,기아,002,국산,K7,002,K7 프리미어 YG,YG,19~21,encar,가솔린,2.5,False,,5,,,GDI 노블레스,3900,False,False
mf-002.md-002.sm-yg.pw-lpg-3-0.tr-lpi-트렌디-렌터카,기아,002,국산,K7,002,K7 프리미어 YG,YG,19~21,encar,LPG,3.0,False,,5,,,LPI 트렌디(렌터카),,False,False
mf-002.md-002.sm-yg.pw-lpg-3-0.tr-스탠다드,기아,002,국산,K7,002,K7 프리미어 YG,YG,19~21,encar,LPG,3.0,False,,5,,,스탠다드,,False,False
mf-002.md-002.sm-yg.pw-lpg-3-0.tr-lpi-프레스티지,기아,002,국산,K7,002,K7 프리미어 YG,YG,19~21,encar,LPG,3.0,False,,5,,,LPI 프레스티지,,False,False
mf-002.md-002.sm-yg.pw-lpg-3-0.tr-lpi-프레스티지-렌터카,기아,002,국산,K7,002,K7 프리미어 YG,YG,19~21,encar,LPG,3.0,False,,5,,,LPI 프레스티지(렌터카),,False,False
mf-002.md-002.sm-yg.pw-lpg-3-0.tr-lpi-노블레스,기아,002,국산,K7,002,K7 프리미어 YG,YG,19~21,encar,LPG,3.0,False,,5,,,LPI 노블레스,,False,False
mf-002.md-002.sm-yg.pw-가솔린-3-0.tr-gdi-노블레스,기아,002,국산,K7,002,K7 프리미어 YG,YG,19~21,encar,가솔린,3.0,False,,5,,,GDI 노블레스,3900,False,False
mf-002.md-002.sm-yg.pw-가솔린-3-0.tr-gdi-시그니처,기아,002,국산,K7,002,K7 프리미어 YG,YG,19~21,encar,가솔린,3.0,False,,5,,,GDI 시그니처,4300,False,False
mf-002.md-002.sm-yg.pw-디젤-2-2.tr-노블레스,기아,002,국산,K7,002,K7 프리미어 YG,YG,19~21,encar,디젤,2.2,False,,5,,,노블레스,,False,False
mf-002.md-002.sm-yg.pw-하이브리드-2-4.tr-프레스티지,기아,002,국산,K7,002,K7 프리미어 YG,YG,19~21,encar,하이브리드,2.4,False,,5,,,프레스티지,,False,False
mf-002.md-002.sm-yg.pw-하이브리드-2-4.tr-노블레스,기아,002,국산,K7,002,K7 프리미어 YG,YG,19~21,encar,하이브리드,2.4,False,,5,,,노블레스,,False,False
mf-002.md-002.sm-yg.pw-하이브리드-2-4.tr-시그니처,기아,002,국산,K7,002,K7 프리미어 YG,YG,19~21,encar,하이브리드,2.4,False,,5,,,시그니처,,False,False
mf-002.md-002.sm-yg.pw-가솔린-2-4.tr-gdi-스페셜,기아,002,국산,K7,002,올 뉴 K7 YG,YG,16~19,encar,가솔린,2.4,False,,5,,,GDI 스페셜,,False,False
mf-002.md-002.sm-yg.pw-가솔린-2-4.tr-월드컵-에디션,기아,002,국산,K7,002,올 뉴 K7 YG,YG,16~19,encar,가솔린,2.4,False,,5,,,월드컵 에디션,,False,False
mf-002.md-002.sm-yg.pw-가솔린-2-4.tr-gdi-프레스티지,기아,002,국산,K7,002,올 뉴 K7 YG,YG,16~19,encar,가솔린,2.4,False,,5,,,GDI 프레스티지,3500,False,False
mf-002.md-002.sm-yg.pw-가솔린-2-4.tr-gdi-노블레스,기아,002,국산,K7,002,올 뉴 K7 YG,YG,16~19,encar,가솔린,2.4,False,,5,,,GDI 노블레스,3900,False,False
mf-002.md-002.sm-yg.pw-가솔린-2-4.tr-gdi-리미티드,기아,002,국산,K7,002,올 뉴 K7 YG,YG,16~19,encar,가솔린,2.4,False,,5,,,GDI 리미티드,,False,False
mf-002.md-002.sm-yg.pw-가솔린-2-4.tr-gdi-리미티드-에디션,기아,002,국산,K7,002,올 뉴 K7 YG,YG,16~19,encar,가솔린,2.4,False,,5,,,GDI 리미티드 에디션,,False,False
mf-002.md-002.sm-yg.pw-가솔린-3-3.tr-세부등급-없음,기아,002,국산,K7,002,올 뉴 K7 YG,YG,16~19,encar,가솔린,3.3,False,,5,,,(세부등급 없음),,False,False
mf-002.md-002.sm-yg.pw-가솔린-3-3.tr-스페셜,기아,002,국산,K7,002,올 뉴 K7 YG,YG,16~19,encar,가솔린,3.3,False,,5,,,스페셜,,False,False
mf-002.md-002.sm-yg.pw-가솔린-3-3.tr-gdi-리미티드-에디션,기아,002,국산,K7,002,올 뉴 K7 YG,YG,16~19,encar,가솔린,3.3,False,,5,,,GDI 리미티드 에디션,,False,False
mf-002.md-002.sm-yg.pw-가솔린-3-3.tr-gdi-리미티드-플러스,기아,002,국산,K7,002,올 뉴 K7 YG,YG,16~19,encar,가솔린,3.3,False,,5,,,GDI 리미티드 플러스,,False,False
mf-002.md-002.sm-yg.pw-가솔린-3-0.tr-gdi-프레스티지,기아,002,국산,K7,002,올 뉴 K7 YG,YG,16~19,encar,가솔린,3.0,False,,5,,,GDI 프레스티지,3500,False,False
mf-002.md-002.sm-yg.pw-가솔린-3-0.tr-gdi-노블레스,기아,002,국산,K7,002,올 뉴 K7 YG,YG,16~19,encar,가솔린,3.0,False,,5,,,GDI 노블레스,3900,False,False
mf-002.md-002.sm-yg.pw-가솔린-3-0.tr-gdi-리미티드,기아,002,국산,K7,002,올 뉴 K7 YG,YG,16~19,encar,가솔린,3.0,False,,5,,,GDI 리미티드,,False,False
mf-002.md-002.sm-yg.pw-디젤-2-2.tr-프레스티지,기아,002,국산,K7,002,올 뉴 K7 YG,YG,16~19,encar,디젤,2.2,False,,5,,,프레스티지,,False,False
mf-002.md-002.sm-yg.pw-디젤-2-2.tr-노블레스,기아,002,국산,K7,002,올 뉴 K7 YG,YG,16~19,encar,디젤,2.2,False,,5,,,노블레스,,False,False
mf-002.md-002.sm-yg.pw-디젤-2-2.tr-리미티드,기아,002,국산,K7,002,올 뉴 K7 YG,YG,16~19,encar,디젤,2.2,False,,5,,,리미티드,,False,False
mf-002.md-002.sm-yg.pw-디젤-2-2.tr-리미티드-에디션,기아,002,국산,K7,002,올 뉴 K7 YG,YG,16~19,encar,디젤,2.2,False,,5,,,리미티드 에디션,,False,False
mf-002.md-002.sm-yg.pw-lpg-3-0.tr-디럭스,기아,002,국산,K7,002,올 뉴 K7 YG,YG,16~19,encar,LPG,3.0,False,,5,,,디럭스,,False,False
mf-002.md-002.sm-yg.pw-lpg-3-0.tr-lpi-럭셔리,기아,002,국산,K7,002,올 뉴 K7 YG,YG,16~19,encar,LPG,3.0,False,,5,,,LPI 럭셔리,,False,False
mf-002.md-002.sm-yg.pw-lpg-3-0.tr-lpi-럭셔리-렌터카,기아,002,국산,K7,002,올 뉴 K7 YG,YG,16~19,encar,LPG,3.0,False,,5,,,LPI 럭셔리 (렌터카),,False,False
mf-002.md-002.sm-yg.pw-lpg-3-0.tr-lpi-프레스티지-렌터카,기아,002,국산,K7,002,올 뉴 K7 YG,YG,16~19,encar,LPG,3.0,False,,5,,,LPI 프레스티지 (렌터카),,False,False
mf-002.md-002.sm-yg.pw-lpg-3-0.tr-lpi-노블레스-장애인용,기아,002,국산,K7,002,올 뉴 K7 YG,YG,16~19,encar,LPG,3.0,False,,5,,,LPI 노블레스(장애인용),,False,False
mf-002.md-002.sm-yg.pw-하이브리드-2-4.tr-프레스티지,기아,002,국산,K7,002,올 뉴 K7 YG,YG,16~19,encar,하이브리드,2.4,False,,5,,,프레스티지,,False,False
mf-002.md-002.sm-yg.pw-하이브리드-2-4.tr-노블레스,기아,002,국산,K7,002,올 뉴 K7 YG,YG,16~19,encar,하이브리드,2.4,False,,5,,,노블레스,,False,False
mf-002.md-002.sm-yg.pw-하이브리드-2-4.tr-노블레스-스페셜,기아,002,국산,K7,002,올 뉴 K7 YG,YG,16~19,encar,하이브리드,2.4,False,,5,,,노블레스 스페셜,,False,False
mf-002.md-002.sm-vg.pw-하이브리드-2-4.tr-700h-럭셔리,기아,002,국산,K7,002,K7 하이브리드 VG,VG,13~16,encar,하이브리드,2.4,False,,5,,,700h 럭셔리,,False,False
mf-002.md-002.sm-vg.pw-하이브리드-2-4.tr-700h-프레스티지,기아,002,국산,K7,002,K7 하이브리드 VG,VG,13~16,encar,하이브리드,2.4,False,,5,,,700h 프레스티지,,False,False
mf-002.md-002.sm-vg.pw-가솔린-2-4.tr-gdi-프레스티지,기아,002,국산,K7,002,더 뉴 K7 VG,VG,12~16,encar,가솔린,2.4,False,,5,,,GDI 프레스티지,3500,False,False
mf-002.md-002.sm-vg.pw-가솔린-2-4.tr-gdi-프레스티지-스페셜,기아,002,국산,K7,002,더 뉴 K7 VG,VG,12~16,encar,가솔린,2.4,False,,5,,,GDI 프레스티지 스페셜,,False,False
mf-002.md-002.sm-vg.pw-lpg-3-0.tr-디럭스,기아,002,국산,K7,002,더 뉴 K7 VG,VG,12~16,encar,LPG,3.0,False,,5,,,디럭스,,False,False
mf-002.md-002.sm-vg.pw-lpg-3-0.tr-lpi-럭셔리,기아,002,국산,K7,002,더 뉴 K7 VG,VG,12~16,encar,LPG,3.0,False,,5,,,LPI 럭셔리,,False,False
mf-002.md-002.sm-vg.pw-lpg-3-0.tr-lpi-프레스티지,기아,002,국산,K7,002,더 뉴 K7 VG,VG,12~16,encar,LPG,3.0,False,,5,,,LPI 프레스티지,,False,False
mf-002.md-002.sm-vg.pw-가솔린-3-0.tr-gdi-프레스티지,기아,002,국산,K7,002,더 뉴 K7 VG,VG,12~16,encar,가솔린,3.0,False,,5,,,GDI 프레스티지,3500,False,False
mf-002.md-002.sm-vg.pw-가솔린-3-0.tr-gdi-프레스티지-스페셜,기아,002,국산,K7,002,더 뉴 K7 VG,VG,12~16,encar,가솔린,3.0,False,,5,,,GDI 프레스티지 스페셜,,False,False
mf-002.md-002.sm-vg.pw-가솔린-3-3.tr-gdi-노블레스,기아,002,국산,K7,002,더 뉴 K7 VG,VG,12~16,encar,가솔린,3.3,False,,5,,,GDI 노블레스,3900,False,False
mf-002.md-002.sm-vg.pw-가솔린-2-4.tr-gdi-디럭스,기아,002,국산,K7,002,더 프레스티지 K7 VG,VG,11~12,encar,가솔린,2.4,False,,5,,,GDI 디럭스,,False,False
mf-002.md-002.sm-vg.pw-가솔린-2-4.tr-gdi-럭셔리,기아,002,국산,K7,002,더 프레스티지 K7 VG,VG,11~12,encar,가솔린,2.4,False,,5,,,GDI 럭셔리,3100,False,False
mf-002.md-002.sm-vg.pw-가솔린-2-4.tr-gdi-프레스티지,기아,002,국산,K7,002,더 프레스티지 K7 VG,VG,11~12,encar,가솔린,2.4,False,,5,,,GDI 프레스티지,3500,False,False
mf-002.md-002.sm-vg.pw-가솔린-3-0.tr-gdi-럭셔리,기아,002,국산,K7,002,더 프레스티지 K7 VG,VG,11~12,encar,가솔린,3.0,False,,5,,,GDI 럭셔리,3100,False,False
mf-002.md-002.sm-vg.pw-가솔린-3-0.tr-gdi-프레스티지,기아,002,국산,K7,002,더 프레스티지 K7 VG,VG,11~12,encar,가솔린,3.0,False,,5,,,GDI 프레스티지,3500,False,False
mf-002.md-002.sm-vg.pw-가솔린-3-0.tr-gdi-노블레스,기아,002,국산,K7,002,더 프레스티지 K7 VG,VG,11~12,encar,가솔린,3.0,False,,5,,,GDI 노블레스,3900,False,False
mf-002.md-002.sm-vg.pw-가솔린-3-3.tr-gdi-노블레스,기아,002,국산,K7,002,더 프레스티지 K7 VG,VG,11~12,encar,가솔린,3.3,False,,5,,,GDI 노블레스,3900,False,False
mf-002.md-002.sm-vg.pw-lpg-3-0.tr-lpi-디럭스,기아,002,국산,K7,002,더 프레스티지 K7 VG,VG,11~12,encar,LPG,3.0,False,,5,,,LPI 디럭스,,False,False
mf-002.md-002.sm-vg.pw-lpg-3-0.tr-lpi-럭셔리,기아,002,국산,K7,002,더 프레스티지 K7 VG,VG,11~12,encar,LPG,3.0,False,,5,,,LPI 럭셔리,,False,False
mf-002.md-002.sm-vg.pw-lpg-3-0.tr-lpi-프레스티지,기아,002,국산,K7,002,더 프레스티지 K7 VG,VG,11~12,encar,LPG,3.0,False,,5,,,LPI 프레스티지,,False,False
mf-002.md-002.sm-vg.pw-lpg-2-7.tr-기본형,기아,002,국산,K7,002,K7 VG,VG,09~11,encar,LPG,2.7,False,,5,,,기본형,,False,False
mf-002.md-002.sm-vg.pw-lpg-2-7.tr-lpi-vg270-디럭스,기아,002,국산,K7,002,K7 VG,VG,09~11,encar,LPG,2.7,False,,5,,,LPI VG270 디럭스,,False,False
mf-002.md-002.sm-vg.pw-lpg-2-7.tr-프리미엄,기아,002,국산,K7,002,K7 VG,VG,09~11,encar,LPG,2.7,False,,5,,,프리미엄,,False,False
mf-002.md-002.sm-vg.pw-가솔린-3-5.tr-기본형,기아,002,국산,K7,002,K7 VG,VG,09~11,encar,가솔린,3.5,False,,5,,,기본형,,False,False
mf-002.md-002.sm-vg.pw-가솔린-3-5.tr-프리미엄,기아,002,국산,K7,002,K7 VG,VG,09~11,encar,가솔린,3.5,False,,5,,,프리미엄,,False,False
mf-002.md-002.sm-vg.pw-가솔린-2-4.tr-기본형,기아,002,국산,K7,002,K7 VG,VG,09~11,encar,가솔린,2.4,False,,5,,,기본형,,False,False
mf-002.md-002.sm-vg.pw-가솔린-2-4.tr-스페셜,기아,002,국산,K7,002,K7 VG,VG,09~11,encar,가솔린,2.4,False,,5,,,스페셜,,False,False
mf-002.md-002.sm-vg.pw-가솔린-2-7.tr-기본형,기아,002,국산,K7,002,K7 VG,VG,09~11,encar,가솔린,2.7,False,,5,,,기본형,,False,False
mf-002.md-002.sm-vg.pw-가솔린-2-7.tr-프리미엄,기아,002,국산,K7,002,K7 VG,VG,09~11,encar,가솔린,2.7,False,,5,,,프리미엄,,False,False
mf-002.md-002.sm-vg.pw-가솔린-2-7.tr-스페셜,기아,002,국산,K7,002,K7 VG,VG,09~11,encar,가솔린,2.7,False,,5,,,스페셜,,False,False
mf-002.md-060.sm-bd.pw-가솔린-1-6.tr-트렌디,기아,002,국산,K3,060,더 뉴 K3 BD,BD,21~현재,encar,가솔린,1.6,False,,5,,,트렌디,1700,False,False
mf-002.md-060.sm-bd.pw-가솔린-1-6.tr-프레스티지,기아,002,국산,K3,060,더 뉴 K3 BD,BD,21~현재,encar,가솔린,1.6,False,,5,,,프레스티지,2350,False,False
mf-002.md-060.sm-bd.pw-가솔린-1-6.tr-노블레스,기아,002,국산,K3,060,더 뉴 K3 BD,BD,21~현재,encar,가솔린,1.6,False,,5,,,노블레스,2400,False,False
mf-002.md-060.sm-bd.pw-가솔린-1-6.tr-시그니처,기아,002,국산,K3,060,더 뉴 K3 BD,BD,21~현재,encar,가솔린,1.6,False,,5,,,시그니처,2550,False,False
mf-002.md-060.sm-bd.pw-가솔린-1-6.tr-시그니처,기아,002,국산,K3,060,더 뉴 K3 BD,BD,21~현재,encar,가솔린,1.6,True,,5,,,시그니처,2550,False,False
mf-002.md-060.sm-bd.pw-가솔린-1-6.tr-스탠다드,기아,002,국산,K3,060,올 뉴 K3 BD,BD,18~21,encar,가솔린,1.6,False,,5,,,스탠다드,,False,False
mf-002.md-060.sm-bd.pw-가솔린-1-6.tr-트렌디,기아,002,국산,K3,060,올 뉴 K3 BD,BD,18~21,encar,가솔린,1.6,False,,5,,,트렌디,1700,False,False
mf-002.md-060.sm-bd.pw-가솔린-1-6.tr-럭셔리,기아,002,국산,K3,060,올 뉴 K3 BD,BD,18~21,encar,가솔린,1.6,False,,5,,,럭셔리,2050,False,False
mf-002.md-060.sm-bd.pw-가솔린-1-6.tr-프레스티지,기아,002,국산,K3,060,올 뉴 K3 BD,BD,18~21,encar,가솔린,1.6,False,,5,,,프레스티지,2350,False,False
mf-002.md-060.sm-bd.pw-가솔린-1-6.tr-노블레스,기아,002,국산,K3,060,올 뉴 K3 BD,BD,18~21,encar,가솔린,1.6,False,,5,,,노블레스,2400,False,False
mf-002.md-060.sm-bd.pw-가솔린-1-6.tr-시그니처,기아,002,국산,K3,060,올 뉴 K3 BD,BD,18~21,encar,가솔린,1.6,False,,5,,,시그니처,2550,False,False
mf-002.md-060.sm-bd.pw-가솔린-1-6.tr-5도어-gt-베이직,기아,002,국산,K3,060,올 뉴 K3 BD,BD,18~21,encar,가솔린,1.6,False,,5,,,5도어 GT 베이직,2300,False,False
mf-002.md-060.sm-bd.pw-가솔린-1-6.tr-5도어-gt-플러스,기아,002,국산,K3,060,올 뉴 K3 BD,BD,18~21,encar,가솔린,1.6,False,,5,,,5도어 GT 플러스,2650,False,False
mf-002.md-060.sm-bd.pw-가솔린-1-6.tr-gt-플러스,기아,002,국산,K3,060,올 뉴 K3 BD,BD,18~21,encar,가솔린,1.6,False,,5,,,GT 플러스,,False,False
mf-002.md-060.sm-bd.pw-가솔린-1-6.tr-5도어-gt-시그니처,기아,002,국산,K3,060,올 뉴 K3 BD,BD,18~21,encar,가솔린,1.6,False,,5,,,5도어 GT 시그니처,2800,False,False
mf-002.md-060.sm-yk.pw-가솔린-1-6.tr-노블레스,기아,002,국산,K3,060,더 뉴 K3 쿱 YK,YK,16~17,encar,가솔린,1.6,True,,5,,,노블레스,2400,False,False
mf-002.md-060.sm-yk.pw-가솔린-1-6.tr-럭셔리,기아,002,국산,K3,060,더 뉴 K3 쿱 YK,YK,16~17,encar,가솔린,1.6,False,,5,,,럭셔리,2050,False,False
mf-002.md-060.sm-yd.pw-가솔린-1-6.tr-노블레스,기아,002,국산,K3,060,더 뉴 K3 유로 YD,YD,16~18,encar,가솔린,1.6,False,,5,,,노블레스,2400,False,False
mf-002.md-060.sm-yd.pw-가솔린-1-6.tr-세부등급-없음,기아,002,국산,K3,060,더 뉴 K3 YD,YD,15~18,encar,가솔린,1.6,False,,5,,,(세부등급 없음),,False,False
mf-002.md-060.sm-yd.pw-가솔린-1-6.tr-a-타입,기아,002,국산,K3,060,더 뉴 K3 YD,YD,15~18,encar,가솔린,1.6,False,,5,,,A 타입,,False,False
mf-002.md-060.sm-yd.pw-가솔린-1-6.tr-c-타입,기아,002,국산,K3,060,더 뉴 K3 YD,YD,15~18,encar,가솔린,1.6,False,,5,,,C 타입,,False,False
mf-002.md-060.sm-yd.pw-가솔린-1-6.tr-스타일,기아,002,국산,K3,060,더 뉴 K3 YD,YD,15~18,encar,가솔린,1.6,False,,5,,,스타일,,False,False
mf-002.md-060.sm-yd.pw-가솔린-1-6.tr-디럭스,기아,002,국산,K3,060,더 뉴 K3 YD,YD,15~18,encar,가솔린,1.6,False,,5,,,디럭스,1850,False,False
mf-002.md-060.sm-yd.pw-가솔린-1-6.tr-e-타입,기아,002,국산,K3,060,더 뉴 K3 YD,YD,15~18,encar,가솔린,1.6,False,,5,,,E 타입,,False,False
mf-002.md-060.sm-yd.pw-가솔린-1-6.tr-스페셜,기아,002,국산,K3,060,더 뉴 K3 YD,YD,15~18,encar,가솔린,1.6,False,,5,,,스페셜,,False,False
mf-002.md-060.sm-yd.pw-가솔린-1-6.tr-노블레스,기아,002,국산,K3,060,더 뉴 K3 YD,YD,15~18,encar,가솔린,1.6,False,,5,,,노블레스,2400,False,False
mf-002.md-060.sm-yd.pw-디젤-1-6.tr-세부등급-없음,기아,002,국산,K3,060,더 뉴 K3 YD,YD,15~18,encar,디젤,1.6,False,,5,,,(세부등급 없음),,False,False
mf-002.md-060.sm-yd.pw-디젤-1-6.tr-a-타입,기아,002,국산,K3,060,더 뉴 K3 YD,YD,15~18,encar,디젤,1.6,False,,5,,,A 타입,,False,False
mf-002.md-060.sm-yd.pw-디젤-1-6.tr-디럭스,기아,002,국산,K3,060,더 뉴 K3 YD,YD,15~18,encar,디젤,1.6,False,,5,,,디럭스,1850,False,False
mf-002.md-060.sm-yd.pw-디젤-1-6.tr-스페셜,기아,002,국산,K3,060,더 뉴 K3 YD,YD,15~18,encar,디젤,1.6,False,,5,,,스페셜,,False,False
mf-002.md-060.sm-yd.pw-디젤-1-6.tr-노블레스,기아,002,국산,K3,060,더 뉴 K3 YD,YD,15~18,encar,디젤,1.6,False,,5,,,노블레스,2400,False,False
mf-002.md-060.sm-yd.pw-가솔린-1-6.tr-트렌디,기아,002,국산,K3,060,K3 유로 YD,YD,13~16,encar,가솔린,1.6,False,,5,,,트렌디,1700,False,False
mf-002.md-060.sm-yd.pw-가솔린-1-6.tr-프레스티지,기아,002,국산,K3,060,K3 유로 YD,YD,13~16,encar,가솔린,1.6,False,,5,,,프레스티지,2350,False,False
mf-002.md-060.sm-yd.pw-가솔린-1-6.tr-노블레스,기아,002,국산,K3,060,K3 유로 YD,YD,13~16,encar,가솔린,1.6,False,,5,,,노블레스,2400,False,False
mf-002.md-060.sm-yk.pw-가솔린-1-6.tr-프레스티지,기아,002,국산,K3,060,K3 쿱 YK,YK,13~16,encar,가솔린,1.6,False,,5,,,프레스티지,2350,False,False
mf-002.md-060.sm-yk.pw-가솔린-1-6.tr-트렌디,기아,002,국산,K3,060,K3 쿱 YK,YK,13~16,encar,가솔린,1.6,True,,5,,,트렌디,1700,False,False
mf-002.md-060.sm-yk.pw-가솔린-1-6.tr-프레스티지,기아,002,국산,K3,060,K3 쿱 YK,YK,13~16,encar,가솔린,1.6,True,,5,,,프레스티지,2350,False,False
mf-002.md-060.sm-yk.pw-가솔린-1-6.tr-노블레스,기아,002,국산,K3,060,K3 쿱 YK,YK,13~16,encar,가솔린,1.6,True,,5,,,노블레스,2400,False,False
mf-002.md-060.sm-yd.pw-가솔린-1-6.tr-트렌디,기아,002,국산,K3,060,K3 YD,YD,12~15,encar,가솔린,1.6,False,,5,,,트렌디,1700,False,False
mf-002.md-060.sm-yd.pw-가솔린-1-6.tr-디럭스,기아,002,국산,K3,060,K3 YD,YD,12~15,encar,가솔린,1.6,False,,5,,,디럭스,1850,False,False
mf-002.md-060.sm-yd.pw-가솔린-1-6.tr-럭셔리,기아,002,국산,K3,060,K3 YD,YD,12~15,encar,가솔린,1.6,False,,5,,,럭셔리,2050,False,False
mf-002.md-060.sm-yd.pw-가솔린-1-6.tr-프레스티지,기아,002,국산,K3,060,K3 YD,YD,12~15,encar,가솔린,1.6,False,,5,,,프레스티지,2350,False,False
mf-002.md-060.sm-yd.pw-가솔린-1-6.tr-노블레스,기아,002,국산,K3,060,K3 YD,YD,12~15,encar,가솔린,1.6,False,,5,,,노블레스,2400,False,False
mf-002.md-060.sm-yd.pw-디젤-1-6.tr-트렌디,기아,002,국산,K3,060,K3 YD,YD,12~15,encar,디젤,1.6,False,,5,,,트렌디,1700,False,False
mf-002.md-060.sm-yd.pw-디젤-1-6.tr-럭셔리,기아,002,국산,K3,060,K3 YD,YD,12~15,encar,디젤,1.6,False,,5,,,럭셔리,2050,False,False
mf-002.md-060.sm-yd.pw-디젤-1-6.tr-w-스페셜,기아,002,국산,K3,060,K3 YD,YD,12~15,encar,디젤,1.6,False,,5,,,W 스페셜,2200,False,False
mf-002.md-060.sm-yd.pw-디젤-1-6.tr-프레스티지,기아,002,국산,K3,060,K3 YD,YD,12~15,encar,디젤,1.6,False,,5,,,프레스티지,2350,False,False
mf-002.md-060.sm-yd.pw-디젤-1-6.tr-노블레스,기아,002,국산,K3,060,K3 YD,YD,12~15,encar,디젤,1.6,False,,5,,,노블레스,2400,False,False
mf-002.md-015.sm-hm.pw-디젤-3-0-4wd.tr-플래티넘,기아,002,국산,모하비,015,모하비 더 마스터 HM,HM,19~현재,encar,디젤,3.0,False,4WD,5,,,플래티넘,5016,False,False
mf-002.md-015.sm-hm.pw-디젤-3-0-4wd.tr-마스터즈,기아,002,국산,모하비,015,모하비 더 마스터 HM,HM,19~현재,encar,디젤,3.0,False,4WD,5,,,마스터즈,5493,False,False
mf-002.md-015.sm-hm.pw-디젤-3-0-4wd.tr-마스터즈-그래비티,기아,002,국산,모하비,015,모하비 더 마스터 HM,HM,19~현재,encar,디젤,3.0,False,4WD,5,,,마스터즈 그래비티,5949,False,True
mf-002.md-015.sm-hm.pw-디젤-3-0-4wd.tr-마스터즈,기아,002,국산,모하비,015,모하비 더 마스터 HM,HM,19~현재,encar,디젤,3.0,False,4WD,6,,,마스터즈,5493,False,False
mf-002.md-015.sm-hm.pw-디젤-3-0-4wd.tr-마스터즈-그래비티,기아,002,국산,모하비,015,모하비 더 마스터 HM,HM,19~현재,encar,디젤,3.0,False,4WD,6,,,마스터즈 그래비티,5949,False,True
mf-002.md-015.sm-hm.pw-디젤-3-0-4wd.tr-플래티넘,기아,002,국산,모하비,015,모하비 더 마스터 HM,HM,19~현재,encar,디젤,3.0,False,4WD,7,,,플래티넘,5016,False,False
mf-002.md-015.sm-hm.pw-디젤-3-0-4wd.tr-마스터즈,기아,002,국산,모하비,015,모하비 더 마스터 HM,HM,19~현재,encar,디젤,3.0,False,4WD,7,,,마스터즈,5493,False,False
mf-002.md-015.sm-hm.pw-디젤-3-0-4wd.tr-마스터즈-그래비티,기아,002,국산,모하비,015,모하비 더 마스터 HM,HM,19~현재,encar,디젤,3.0,False,4WD,7,,,마스터즈 그래비티,5949,False,True
mf-002.md-015.sm-hm.pw-디젤-3-0-4wd.tr-vip,기아,002,국산,모하비,015,더 뉴 모하비 HM,HM,16~19,encar,디젤,3.0,False,4WD,7,,,VIP,4390,False,False
mf-002.md-015.sm-hm.pw-디젤-3-0-4wd.tr-프레지던트,기아,002,국산,모하비,015,더 뉴 모하비 HM,HM,16~19,encar,디젤,3.0,False,4WD,7,,,프레지던트,4850,False,False
mf-002.md-015.sm-hm.pw-디젤-3-0-2wd.tr-노블레스,기아,002,국산,모하비,015,더 뉴 모하비 HM,HM,16~19,encar,디젤,3.0,False,2WD,7,,,노블레스,4110,False,False
mf-002.md-015.sm-hm.pw-디젤-3-0-4wd.tr-세부등급-없음,기아,002,국산,모하비,015,모하비 HM,HM,07~16,encar,디젤,3.0,False,4WD,7,,,(세부등급 없음),,False,False
mf-002.md-015.sm-hm.pw-디젤-3-0-4wd.tr-고급형,기아,002,국산,모하비,015,모하비 HM,HM,07~16,encar,디젤,3.0,False,4WD,7,,,고급형,,False,False
mf-002.md-015.sm-hm.pw-디젤-3-0-4wd.tr-최고급형,기아,002,국산,모하비,015,모하비 HM,HM,07~16,encar,디젤,3.0,False,4WD,7,,,최고급형,,False,False
mf-002.md-015.sm-hm.pw-가솔린-lpg-4-6-4wd.tr-바이퓨얼,기아,002,국산,모하비,015,모하비 HM,HM,07~16,encar,가솔린+LPG,4.6,False,4WD,7,,,바이퓨얼,,False,False
mf-002.md-015.sm-hm.pw-디젤-3-0-2wd.tr-세부등급-없음,기아,002,국산,모하비,015,모하비 HM,HM,07~16,encar,디젤,3.0,False,2WD,7,,,(세부등급 없음),,False,False
mf-002.md-015.sm-hm.pw-디젤-3-0-2wd.tr-고급형,기아,002,국산,모하비,015,모하비 HM,HM,07~16,encar,디젤,3.0,False,2WD,7,,,고급형,,False,False
mf-002.md-015.sm-hm.pw-디젤-3-0-2wd.tr-최고급형,기아,002,국산,모하비,015,모하비 HM,HM,07~16,encar,디젤,3.0,False,2WD,7,,,최고급형,,False,False
mf-002.md-015.sm-hm.pw-가솔린-4-6.tr-보레고-수출형,기아,002,국산,모하비,015,모하비 HM,HM,07~16,encar,가솔린,4.6,False,,7,,,보레고(수출형),,False,False
mf-002.md-064.sm-sp3.pw-가솔린-1-6-2wd.tr-트렌디,기아,002,국산,셀토스,064,더 2026 셀토스 SP3,SP3,26~현재,encar,가솔린,1.6,False,2WD,5,,,트렌디,2246,False,False
mf-002.md-064.sm-sp3.pw-가솔린-1-6-2wd.tr-프레스티지,기아,002,국산,셀토스,064,더 2026 셀토스 SP3,SP3,26~현재,encar,가솔린,1.6,False,2WD,5,,,프레스티지,2550,False,False
mf-002.md-064.sm-sp3.pw-가솔린-1-6-2wd.tr-시그니처,기아,002,국산,셀토스,064,더 2026 셀토스 SP3,SP3,26~현재,encar,가솔린,1.6,False,2WD,5,,,시그니처,2750,False,False
mf-002.md-064.sm-sp3.pw-가솔린-1-6-2wd.tr-x-라인-x-line,기아,002,국산,셀토스,064,더 2026 셀토스 SP3,SP3,26~현재,encar,가솔린,1.6,False,2WD,5,,,X-라인 (X-Line),3217,False,True
mf-002.md-064.sm-sp2.pw-가솔린-2-0-2wd.tr-트렌디,기아,002,국산,셀토스,064,더 뉴 셀토스 SP2,SP2,22~26,encar,가솔린,2.0,False,2WD,5,,,트렌디,2246,False,False
mf-002.md-064.sm-sp2.pw-가솔린-2-0-2wd.tr-프레스티지,기아,002,국산,셀토스,064,더 뉴 셀토스 SP2,SP2,22~26,encar,가솔린,2.0,False,2WD,5,,,프레스티지,2550,False,False
mf-002.md-064.sm-sp2.pw-가솔린-2-0-2wd.tr-시그니처,기아,002,국산,셀토스,064,더 뉴 셀토스 SP2,SP2,22~26,encar,가솔린,2.0,False,2WD,5,,,시그니처,2750,False,False
mf-002.md-064.sm-sp2.pw-가솔린-2-0-2wd.tr-그래비티,기아,002,국산,셀토스,064,더 뉴 셀토스 SP2,SP2,22~26,encar,가솔린,2.0,False,2WD,5,,,그래비티,2790,False,True
mf-002.md-064.sm-sp2.pw-가솔린-1-6-2wd.tr-트렌디,기아,002,국산,셀토스,064,더 뉴 셀토스 SP2,SP2,22~26,encar,가솔린,1.6,True,2WD,5,,,트렌디,2246,False,False
mf-002.md-064.sm-sp2.pw-가솔린-1-6-2wd.tr-프레스티지,기아,002,국산,셀토스,064,더 뉴 셀토스 SP2,SP2,22~26,encar,가솔린,1.6,True,2WD,5,,,프레스티지,2550,False,False
mf-002.md-064.sm-sp2.pw-가솔린-1-6-2wd.tr-시그니처,기아,002,국산,셀토스,064,더 뉴 셀토스 SP2,SP2,22~26,encar,가솔린,1.6,True,2WD,5,,,시그니처,2750,False,False
mf-002.md-064.sm-sp2.pw-가솔린-1-6-2wd.tr-그래비티,기아,002,국산,셀토스,064,더 뉴 셀토스 SP2,SP2,22~26,encar,가솔린,1.6,True,2WD,5,,,그래비티,2790,False,True
mf-002.md-064.sm-sp2.pw-가솔린-2-0-4wd.tr-트렌디,기아,002,국산,셀토스,064,더 뉴 셀토스 SP2,SP2,22~26,encar,가솔린,2.0,False,4WD,5,,,트렌디,2246,False,False
mf-002.md-064.sm-sp2.pw-가솔린-2-0-4wd.tr-시그니처,기아,002,국산,셀토스,064,더 뉴 셀토스 SP2,SP2,22~26,encar,가솔린,2.0,False,4WD,5,,,시그니처,2750,False,False
mf-002.md-064.sm-sp2.pw-가솔린-2-0-4wd.tr-그래비티,기아,002,국산,셀토스,064,더 뉴 셀토스 SP2,SP2,22~26,encar,가솔린,2.0,False,4WD,5,,,그래비티,2790,False,True
mf-002.md-064.sm-sp2.pw-가솔린-1-6-4wd.tr-프레스티지,기아,002,국산,셀토스,064,더 뉴 셀토스 SP2,SP2,22~26,encar,가솔린,1.6,True,4WD,5,,,프레스티지,2550,False,False
mf-002.md-064.sm-sp2.pw-가솔린-1-6-4wd.tr-시그니처,기아,002,국산,셀토스,064,더 뉴 셀토스 SP2,SP2,22~26,encar,가솔린,1.6,True,4WD,5,,,시그니처,2750,False,False
mf-002.md-064.sm-sp2.pw-가솔린-1-6-4wd.tr-그래비티,기아,002,국산,셀토스,064,더 뉴 셀토스 SP2,SP2,22~26,encar,가솔린,1.6,True,4WD,5,,,그래비티,2790,False,True
mf-002.md-064.sm-sp2.pw-가솔린-1-6-2wd.tr-트렌디,기아,002,국산,셀토스,064,셀토스 SP2,SP2,19~22,encar,가솔린,1.6,True,2WD,5,,,트렌디,2246,False,False
mf-002.md-064.sm-sp2.pw-가솔린-1-6-2wd.tr-프레스티지,기아,002,국산,셀토스,064,셀토스 SP2,SP2,19~22,encar,가솔린,1.6,True,2WD,5,,,프레스티지,2550,False,False
mf-002.md-064.sm-sp2.pw-가솔린-1-6-2wd.tr-노블레스,기아,002,국산,셀토스,064,셀토스 SP2,SP2,19~22,encar,가솔린,1.6,True,2WD,5,,,노블레스,2444,False,False
mf-002.md-064.sm-sp2.pw-가솔린-1-6-2wd.tr-시그니처,기아,002,국산,셀토스,064,셀토스 SP2,SP2,19~22,encar,가솔린,1.6,True,2WD,5,,,시그니처,2750,False,False
mf-002.md-064.sm-sp2.pw-가솔린-1-6-2wd.tr-그래비티,기아,002,국산,셀토스,064,셀토스 SP2,SP2,19~22,encar,가솔린,1.6,True,2WD,5,,,그래비티,2790,False,True
mf-002.md-064.sm-sp2.pw-디젤-1-6-2wd.tr-트렌디,기아,002,국산,셀토스,064,셀토스 SP2,SP2,19~22,encar,디젤,1.6,False,2WD,5,,,트렌디,2246,False,False
mf-002.md-064.sm-sp2.pw-디젤-1-6-2wd.tr-프레스티지,기아,002,국산,셀토스,064,셀토스 SP2,SP2,19~22,encar,디젤,1.6,False,2WD,5,,,프레스티지,2550,False,False
mf-002.md-064.sm-sp2.pw-디젤-1-6-2wd.tr-노블레스,기아,002,국산,셀토스,064,셀토스 SP2,SP2,19~22,encar,디젤,1.6,False,2WD,5,,,노블레스,2444,False,False
mf-002.md-064.sm-sp2.pw-디젤-1-6-2wd.tr-시그니처,기아,002,국산,셀토스,064,셀토스 SP2,SP2,19~22,encar,디젤,1.6,False,2WD,5,,,시그니처,2750,False,False
mf-002.md-064.sm-sp2.pw-디젤-1-6-4wd.tr-트렌디,기아,002,국산,셀토스,064,셀토스 SP2,SP2,19~22,encar,디젤,1.6,False,4WD,5,,,트렌디,2246,False,False
mf-002.md-064.sm-sp2.pw-디젤-1-6-4wd.tr-노블레스,기아,002,국산,셀토스,064,셀토스 SP2,SP2,19~22,encar,디젤,1.6,False,4WD,5,,,노블레스,2444,False,False
mf-002.md-064.sm-sp2.pw-디젤-1-6-4wd.tr-시그니처,기아,002,국산,셀토스,064,셀토스 SP2,SP2,19~22,encar,디젤,1.6,False,4WD,5,,,시그니처,2750,False,False
mf-002.md-064.sm-sp2.pw-가솔린-1-6-4wd.tr-트렌디,기아,002,국산,셀토스,064,셀토스 SP2,SP2,19~22,encar,가솔린,1.6,True,4WD,5,,,트렌디,2246,False,False
mf-002.md-064.sm-sp2.pw-가솔린-1-6-4wd.tr-프레스티지,기아,002,국산,셀토스,064,셀토스 SP2,SP2,19~22,encar,가솔린,1.6,True,4WD,5,,,프레스티지,2550,False,False
mf-002.md-064.sm-sp2.pw-가솔린-1-6-4wd.tr-노블레스,기아,002,국산,셀토스,064,셀토스 SP2,SP2,19~22,encar,가솔린,1.6,True,4WD,5,,,노블레스,2444,False,False
mf-002.md-064.sm-sp2.pw-가솔린-1-6-4wd.tr-시그니처,기아,002,국산,셀토스,064,셀토스 SP2,SP2,19~22,encar,가솔린,1.6,True,4WD,5,,,시그니처,2750,False,False
mf-002.md-065.sm-gl3.pw-가솔린-2-5-2wd.tr-노블레스-라이트,기아,002,국산,K8,065,더 뉴 K8 GL3,GL3,24~현재,encar,가솔린,2.5,False,2WD,5,,,노블레스 라이트,3736,False,False
mf-002.md-065.sm-gl3.pw-가솔린-2-5-2wd.tr-노블레스,기아,002,국산,K8,065,더 뉴 K8 GL3,GL3,24~현재,encar,가솔린,2.5,False,2WD,5,,,노블레스,4088,False,False
mf-002.md-065.sm-gl3.pw-가솔린-2-5-2wd.tr-베스트-셀렉션,기아,002,국산,K8,065,더 뉴 K8 GL3,GL3,24~현재,encar,가솔린,2.5,False,2WD,5,,,베스트 셀렉션,,False,False
mf-002.md-065.sm-gl3.pw-가솔린-2-5-2wd.tr-시그니처,기아,002,국산,K8,065,더 뉴 K8 GL3,GL3,24~현재,encar,가솔린,2.5,False,2WD,5,,,시그니처,4501,False,False
mf-002.md-065.sm-gl3.pw-가솔린-2-5-2wd.tr-시그니처-블랙,기아,002,국산,K8,065,더 뉴 K8 GL3,GL3,24~현재,encar,가솔린,2.5,False,2WD,5,,,시그니처 블랙,4550,False,False
mf-002.md-065.sm-gl3.pw-가솔린-3-5-2wd.tr-노블레스,기아,002,국산,K8,065,더 뉴 K8 GL3,GL3,24~현재,encar,가솔린,3.5,False,2WD,5,,,노블레스,4088,False,False
mf-002.md-065.sm-gl3.pw-가솔린-3-5-2wd.tr-시그니처,기아,002,국산,K8,065,더 뉴 K8 GL3,GL3,24~현재,encar,가솔린,3.5,False,2WD,5,,,시그니처,4501,False,False
mf-002.md-065.sm-gl3.pw-가솔린-3-5-2wd.tr-시그니처-블랙,기아,002,국산,K8,065,더 뉴 K8 GL3,GL3,24~현재,encar,가솔린,3.5,False,2WD,5,,,시그니처 블랙,4550,False,False
mf-002.md-065.sm-gl3.pw-가솔린-3-5-4wd.tr-시그니처,기아,002,국산,K8,065,더 뉴 K8 GL3,GL3,24~현재,encar,가솔린,3.5,False,4WD,5,,,시그니처,4501,False,False
mf-002.md-065.sm-gl3.pw-가솔린-3-5-4wd.tr-시그니처-블랙,기아,002,국산,K8,065,더 뉴 K8 GL3,GL3,24~현재,encar,가솔린,3.5,False,4WD,5,,,시그니처 블랙,4550,False,False
mf-002.md-065.sm-gl3.pw-lpg-3-5-2wd.tr-프레스티지-렌터카,기아,002,국산,K8,065,더 뉴 K8 GL3,GL3,24~현재,encar,LPG,3.5,False,2WD,5,,,프레스티지(렌터카),,True,False
mf-002.md-065.sm-gl3.pw-lpg-3-5-2wd.tr-노블레스-택시,기아,002,국산,K8,065,더 뉴 K8 GL3,GL3,24~현재,encar,LPG,3.5,False,2WD,5,,,노블레스(택시),,True,False
mf-002.md-065.sm-gl3.pw-lpg-3-5-2wd.tr-프레스티지,기아,002,국산,K8,065,더 뉴 K8 GL3,GL3,24~현재,encar,LPG,3.5,False,2WD,5,,,프레스티지,3591,False,False
mf-002.md-065.sm-gl3.pw-lpg-3-5-2wd.tr-노블레스,기아,002,국산,K8,065,더 뉴 K8 GL3,GL3,24~현재,encar,LPG,3.5,False,2WD,5,,,노블레스,4088,False,False
mf-002.md-065.sm-gl3.pw-하이브리드-1-6.tr-노블레스-라이트,기아,002,국산,K8,065,더 뉴 K8 GL3,GL3,24~현재,encar,하이브리드,1.6,False,,5,,,노블레스 라이트,3736,False,False
mf-002.md-065.sm-gl3.pw-하이브리드-1-6.tr-노블레스,기아,002,국산,K8,065,더 뉴 K8 GL3,GL3,24~현재,encar,하이브리드,1.6,False,,5,,,노블레스,4088,False,False
mf-002.md-065.sm-gl3.pw-하이브리드-1-6.tr-베스트-셀렉션,기아,002,국산,K8,065,더 뉴 K8 GL3,GL3,24~현재,encar,하이브리드,1.6,False,,5,,,베스트 셀렉션,,False,False
mf-002.md-065.sm-gl3.pw-하이브리드-1-6.tr-시그니처,기아,002,국산,K8,065,더 뉴 K8 GL3,GL3,24~현재,encar,하이브리드,1.6,False,,5,,,시그니처,4501,False,False
mf-002.md-065.sm-gl3.pw-하이브리드-1-6.tr-시그니처-블랙,기아,002,국산,K8,065,더 뉴 K8 GL3,GL3,24~현재,encar,하이브리드,1.6,False,,5,,,시그니처 블랙,4550,False,False
mf-002.md-065.sm-gl3.pw-lpg-3-5-2wd.tr-스탠다드-렌터카,기아,002,국산,K8,065,K8 GL3,GL3,21~24,encar,LPG,3.5,False,2WD,5,,,스탠다드(렌터카),,True,False
mf-002.md-065.sm-gl3.pw-lpg-3-5-2wd.tr-트렌디-렌터카,기아,002,국산,K8,065,K8 GL3,GL3,21~24,encar,LPG,3.5,False,2WD,5,,,트렌디(렌터카),,True,False
mf-002.md-065.sm-gl3.pw-lpg-3-5-2wd.tr-트렌디-택시형,기아,002,국산,K8,065,K8 GL3,GL3,21~24,encar,LPG,3.5,False,2WD,5,,,트렌디(택시형),,True,False
mf-002.md-065.sm-gl3.pw-lpg-3-5-2wd.tr-프레스티지-렌터카,기아,002,국산,K8,065,K8 GL3,GL3,21~24,encar,LPG,3.5,False,2WD,5,,,프레스티지(렌터카),,True,False
mf-002.md-065.sm-gl3.pw-lpg-3-5-2wd.tr-프레스티지,기아,002,국산,K8,065,K8 GL3,GL3,21~24,encar,LPG,3.5,False,2WD,5,,,프레스티지,3591,False,False
mf-002.md-065.sm-gl3.pw-lpg-3-5-2wd.tr-노블레스,기아,002,국산,K8,065,K8 GL3,GL3,21~24,encar,LPG,3.5,False,2WD,5,,,노블레스,4088,False,False
mf-002.md-065.sm-gl3.pw-가솔린-3-5-4wd.tr-플래티넘,기아,002,국산,K8,065,K8 GL3,GL3,21~24,encar,가솔린,3.5,False,4WD,5,,,플래티넘,,False,False
mf-002.md-065.sm-gl3.pw-가솔린-2-5-2wd.tr-노블레스-라이트,기아,002,국산,K8,065,K8 GL3,GL3,21~24,encar,가솔린,2.5,False,2WD,5,,,노블레스 라이트,3736,False,False
mf-002.md-065.sm-gl3.pw-가솔린-2-5-2wd.tr-노블레스,기아,002,국산,K8,065,K8 GL3,GL3,21~24,encar,가솔린,2.5,False,2WD,5,,,노블레스,4088,False,False
mf-002.md-065.sm-gl3.pw-가솔린-2-5-2wd.tr-시그니처,기아,002,국산,K8,065,K8 GL3,GL3,21~24,encar,가솔린,2.5,False,2WD,5,,,시그니처,4501,False,False
mf-002.md-065.sm-gl3.pw-가솔린-2-5-2wd.tr-시그니처-스페셜,기아,002,국산,K8,065,K8 GL3,GL3,21~24,encar,가솔린,2.5,False,2WD,5,,,시그니처 스페셜,4099,False,True
mf-002.md-065.sm-gl3.pw-가솔린-3-5-2wd.tr-노블레스-라이트,기아,002,국산,K8,065,K8 GL3,GL3,21~24,encar,가솔린,3.5,False,2WD,5,,,노블레스 라이트,3736,False,False
mf-002.md-065.sm-gl3.pw-가솔린-3-5-2wd.tr-노블레스,기아,002,국산,K8,065,K8 GL3,GL3,21~24,encar,가솔린,3.5,False,2WD,5,,,노블레스,4088,False,False
mf-002.md-065.sm-gl3.pw-가솔린-3-5-2wd.tr-시그니처,기아,002,국산,K8,065,K8 GL3,GL3,21~24,encar,가솔린,3.5,False,2WD,5,,,시그니처,4501,False,False
mf-002.md-065.sm-gl3.pw-하이브리드-1-6.tr-노블레스-라이트,기아,002,국산,K8,065,K8 GL3,GL3,21~24,encar,하이브리드,1.6,False,,5,,,노블레스 라이트,3736,False,False
mf-002.md-065.sm-gl3.pw-하이브리드-1-6.tr-노블레스,기아,002,국산,K8,065,K8 GL3,GL3,21~24,encar,하이브리드,1.6,False,,5,,,노블레스,4088,False,False
mf-002.md-065.sm-gl3.pw-하이브리드-1-6.tr-시그니처,기아,002,국산,K8,065,K8 GL3,GL3,21~24,encar,하이브리드,1.6,False,,5,,,시그니처,4501,False,False
mf-002.md-065.sm-gl3.pw-하이브리드-1-6.tr-시그니처-스페셜,기아,002,국산,K8,065,K8 GL3,GL3,21~24,encar,하이브리드,1.6,False,,5,,,시그니처 스페셜,4099,False,True
mf-002.md-061.sm-sg2.pw-none.tr-트렌디,기아,002,국산,니로,061,더 뉴 니로 SG2,SG2,25~현재,welrix,,,False,,,,,트렌디,3031,False,False
mf-002.md-061.sm-sg2.pw-none.tr-프레스티지,기아,002,국산,니로,061,더 뉴 니로 SG2,SG2,25~현재,welrix,,,False,,,,,프레스티지,3346,False,False
mf-002.md-061.sm-sg2.pw-none.tr-시그니처,기아,002,국산,니로,061,더 뉴 니로 SG2,SG2,25~현재,welrix,,,False,,,,,시그니처,3619,False,False
mf-002.md-061.sm-de.pw-전기-64-0.tr-라이트-택시형,기아,002,국산,니로,061,니로 플러스 DE,DE,22~현재,encar,전기,,False,,5,64.0,392,라이트 (택시형),,False,False
mf-002.md-061.sm-de.pw-전기-64-0.tr-에어-택시형,기아,002,국산,니로,061,니로 플러스 DE,DE,22~현재,encar,전기,,False,,5,64.0,392,에어 (택시형),,False,False
mf-002.md-061.sm-de.pw-전기-64-0.tr-에어,기아,002,국산,니로,061,니로 플러스 DE,DE,22~현재,encar,전기,,False,,5,64.0,392,에어,4852,False,False
mf-002.md-061.sm-de.pw-전기-64-0.tr-어스,기아,002,국산,니로,061,니로 플러스 DE,DE,22~현재,encar,전기,,False,,5,64.0,392,어스,5133,False,False
mf-002.md-061.sm-sg2.pw-하이브리드-1-6.tr-트렌디,기아,002,국산,니로,061,디 올 뉴 니로 SG2,SG2,22~25,encar,하이브리드,1.6,False,,5,,,트렌디,2787,False,False
mf-002.md-061.sm-sg2.pw-하이브리드-1-6.tr-프레스티지,기아,002,국산,니로,061,디 올 뉴 니로 SG2,SG2,22~25,encar,하이브리드,1.6,False,,5,,,프레스티지,3098,False,False
mf-002.md-061.sm-sg2.pw-하이브리드-1-6.tr-베스트-셀렉션,기아,002,국산,니로,061,디 올 뉴 니로 SG2,SG2,22~25,encar,하이브리드,1.6,False,,5,,,베스트 셀렉션,3206,False,False
mf-002.md-061.sm-sg2.pw-하이브리드-1-6.tr-시그니처,기아,002,국산,니로,061,디 올 뉴 니로 SG2,SG2,22~25,encar,하이브리드,1.6,False,,5,,,시그니처,3497,False,False
mf-002.md-061.sm-sg2.pw-전기-68-0.tr-에어,기아,002,국산,니로,061,디 올 뉴 니로 SG2,SG2,22~25,encar,전기,,False,,5,68.0,401,에어,4852,False,False
mf-002.md-061.sm-sg2.pw-전기-68-0.tr-어스,기아,002,국산,니로,061,디 올 뉴 니로 SG2,SG2,22~25,encar,전기,,False,,5,68.0,401,어스,5133,False,False
mf-002.md-061.sm-de.pw-하이브리드-1-6.tr-럭셔리,기아,002,국산,니로,061,더 뉴 니로 DE,DE,19~22,encar,하이브리드,1.6,False,,5,,,럭셔리,2420,False,False
mf-002.md-061.sm-de.pw-하이브리드-1-6.tr-트렌디,기아,002,국산,니로,061,더 뉴 니로 DE,DE,19~22,encar,하이브리드,1.6,False,,5,,,트렌디,2787,False,False
mf-002.md-061.sm-de.pw-하이브리드-1-6.tr-프레스티지,기아,002,국산,니로,061,더 뉴 니로 DE,DE,19~22,encar,하이브리드,1.6,False,,5,,,프레스티지,3098,False,False
mf-002.md-061.sm-de.pw-하이브리드-1-6.tr-노블레스,기아,002,국산,니로,061,더 뉴 니로 DE,DE,19~22,encar,하이브리드,1.6,False,,5,,,노블레스,2800,False,False
mf-002.md-061.sm-de.pw-하이브리드-1-6.tr-노블레스-스페셜,기아,002,국산,니로,061,더 뉴 니로 DE,DE,19~22,encar,하이브리드,1.6,False,,5,,,노블레스 스페셜,2993,False,False
mf-002.md-061.sm-de.pw-하이브리드-1-6.tr-시그니처,기아,002,국산,니로,061,더 뉴 니로 DE,DE,19~22,encar,하이브리드,1.6,False,,5,,,시그니처,3497,False,False
mf-002.md-061.sm-de.pw-하이브리드-1-6.tr-럭셔리,기아,002,국산,니로,061,니로 DE,DE,16~19,encar,하이브리드,1.6,False,,5,,,럭셔리,2420,False,False
mf-002.md-061.sm-de.pw-하이브리드-1-6.tr-프레스티지,기아,002,국산,니로,061,니로 DE,DE,16~19,encar,하이브리드,1.6,False,,5,,,프레스티지,3098,False,False
mf-002.md-061.sm-de.pw-하이브리드-1-6.tr-노블레스,기아,002,국산,니로,061,니로 DE,DE,16~19,encar,하이브리드,1.6,False,,5,,,노블레스,2800,False,False
mf-002.md-061.sm-de.pw-전기.tr-택시형,기아,002,국산,니로,061,니로 DE,DE,16~19,encar,전기,,False,,5,,,택시형,,False,False
mf-002.md-061.sm-de.pw-전기.tr-프레스티지,기아,002,국산,니로,061,니로 DE,DE,16~19,encar,전기,,False,,5,,,프레스티지,3098,False,False
mf-002.md-061.sm-de.pw-전기.tr-노블레스,기아,002,국산,니로,061,니로 DE,DE,16~19,encar,전기,,False,,5,,,노블레스,2800,False,False
mf-002.md-059.sm-rj.pw-가솔린-3-8-awd.tr-베스트-셀렉션-i,기아,002,국산,K9,059,K9 RJ,RJ,21~현재,encar,가솔린,3.8,False,AWD,5,,,베스트 셀렉션 I,5500,False,False
mf-002.md-059.sm-rj.pw-가솔린-3-8-awd.tr-베스트-셀렉션-ii,기아,002,국산,K9,059,K9 RJ,RJ,21~현재,encar,가솔린,3.8,False,AWD,5,,,베스트 셀렉션 II,5700,False,False
mf-002.md-059.sm-rj.pw-가솔린-3-8-awd.tr-플래티넘,기아,002,국산,K9,059,K9 RJ,RJ,21~현재,encar,가솔린,3.8,False,AWD,5,,,플래티넘,6500,False,False
mf-002.md-059.sm-rj.pw-가솔린-3-8-awd.tr-마스터즈,기아,002,국산,K9,059,K9 RJ,RJ,21~현재,encar,가솔린,3.8,False,AWD,5,,,마스터즈,7200,False,False
mf-002.md-059.sm-rj.pw-가솔린-3-3-awd.tr-gdi,기아,002,국산,K9,059,K9 RJ,RJ,21~현재,encar,가솔린,3.3,False,AWD,5,,,GDI,5300,False,False
mf-002.md-059.sm-rj.pw-가솔린-3-3-awd.tr-베스트-셀렉션-i,기아,002,국산,K9,059,K9 RJ,RJ,21~현재,encar,가솔린,3.3,True,AWD,5,,,베스트 셀렉션 I,5500,False,False
mf-002.md-059.sm-rj.pw-가솔린-3-3-awd.tr-베스트-셀렉션-ii,기아,002,국산,K9,059,K9 RJ,RJ,21~현재,encar,가솔린,3.3,True,AWD,5,,,베스트 셀렉션 II,5700,False,False
mf-002.md-059.sm-rj.pw-가솔린-3-3-awd.tr-플래티넘,기아,002,국산,K9,059,K9 RJ,RJ,21~현재,encar,가솔린,3.3,True,AWD,5,,,플래티넘,6500,False,False
mf-002.md-059.sm-rj.pw-가솔린-3-3-awd.tr-마스터즈,기아,002,국산,K9,059,K9 RJ,RJ,21~현재,encar,가솔린,3.3,True,AWD,5,,,마스터즈,7200,False,False
mf-002.md-059.sm-rj.pw-가솔린-3-8.tr-플래티넘,기아,002,국산,K9,059,K9 RJ,RJ,21~현재,encar,가솔린,3.8,False,,5,,,플래티넘,6500,False,False
mf-002.md-059.sm-rj.pw-가솔린-3-8-awd.tr-베스트-셀렉션-i,기아,002,국산,K9,059,더 K9 RJ,RJ,18~21,encar,가솔린,3.8,False,AWD,5,,,베스트 셀렉션 I,5500,False,False
mf-002.md-059.sm-rj.pw-가솔린-3-8-awd.tr-베스트-셀렉션-ii,기아,002,국산,K9,059,더 K9 RJ,RJ,18~21,encar,가솔린,3.8,False,AWD,5,,,베스트 셀렉션 II,5700,False,False
mf-002.md-059.sm-rj.pw-가솔린-3-8-awd.tr-플래티넘-i,기아,002,국산,K9,059,더 K9 RJ,RJ,18~21,encar,가솔린,3.8,False,AWD,5,,,플래티넘 I,6500,False,False
mf-002.md-059.sm-rj.pw-가솔린-3-8-awd.tr-플래티넘-ii,기아,002,국산,K9,059,더 K9 RJ,RJ,18~21,encar,가솔린,3.8,False,AWD,5,,,플래티넘 II,6800,False,False
mf-002.md-059.sm-rj.pw-가솔린-3-8-awd.tr-그랜드-플래티넘,기아,002,국산,K9,059,더 K9 RJ,RJ,18~21,encar,가솔린,3.8,False,AWD,5,,,그랜드 플래티넘,7000,False,False
mf-002.md-059.sm-rj.pw-가솔린-3-8-awd.tr-플래티넘-iii,기아,002,국산,K9,059,더 K9 RJ,RJ,18~21,encar,가솔린,3.8,False,AWD,5,,,플래티넘 III,7100,False,False
mf-002.md-059.sm-rj.pw-가솔린-3-3-awd.tr-베스트-셀렉션-ii,기아,002,국산,K9,059,더 K9 RJ,RJ,18~21,encar,가솔린,3.3,True,AWD,5,,,베스트 셀렉션 II,5700,False,False
mf-002.md-059.sm-rj.pw-가솔린-3-3-awd.tr-마스터즈,기아,002,국산,K9,059,더 K9 RJ,RJ,18~21,encar,가솔린,3.3,True,AWD,5,,,마스터즈,7200,False,False
mf-002.md-059.sm-rj.pw-가솔린-3-3-awd.tr-마스터즈-ii,기아,002,국산,K9,059,더 K9 RJ,RJ,18~21,encar,가솔린,3.3,True,AWD,5,,,마스터즈 II,7500,False,False
mf-002.md-059.sm-rj.pw-가솔린-3-3-awd.tr-마스터즈-iii,기아,002,국산,K9,059,더 K9 RJ,RJ,18~21,encar,가솔린,3.3,True,AWD,5,,,마스터즈 III,7800,False,False
mf-002.md-059.sm-rj.pw-가솔린-3-3-awd.tr-그랜드-마스터즈,기아,002,국산,K9,059,더 K9 RJ,RJ,18~21,encar,가솔린,3.3,True,AWD,5,,,그랜드 마스터즈,8200,False,False
mf-002.md-059.sm-rj.pw-가솔린-3-8.tr-플래티넘-i,기아,002,국산,K9,059,더 K9 RJ,RJ,18~21,encar,가솔린,3.8,False,,5,,,플래티넘 I,6500,False,False
mf-002.md-059.sm-rj.pw-가솔린-3-8.tr-플래티넘-ii,기아,002,국산,K9,059,더 K9 RJ,RJ,18~21,encar,가솔린,3.8,False,,5,,,플래티넘 II,6800,False,False
mf-002.md-059.sm-rj.pw-가솔린-5-0-awd.tr-퀀텀,기아,002,국산,K9,059,더 K9 RJ,RJ,18~21,encar,가솔린,5.0,False,AWD,5,,,퀀텀,6200,False,False
mf-002.md-059.sm-rj.pw-가솔린-3-3.tr-마스터즈-ii,기아,002,국산,K9,059,더 K9 RJ,RJ,18~21,encar,가솔린,3.3,True,,5,,,마스터즈 II,7500,False,False
mf-002.md-059.sm-rj.pw-가솔린-3-3-awd.tr-세부등급-없음,기아,002,국산,K9,059,더 K9 RJ,RJ,18~21,encar,가솔린,3.3,False,AWD,5,,,(세부등급 없음),,False,False
mf-002.md-059.sm-kh.pw-가솔린-3-8.tr-gdi-노블레스,기아,002,국산,K9,059,더 뉴 K9 KH,KH,14~18,encar,가솔린,3.8,False,,5,,,GDI 노블레스,8500,False,False
mf-002.md-059.sm-kh.pw-가솔린-3-8.tr-gdi-vip,기아,002,국산,K9,059,더 뉴 K9 KH,KH,14~18,encar,가솔린,3.8,False,,5,,,GDI VIP,9000,False,False
mf-002.md-059.sm-kh.pw-가솔린-3-8.tr-gdi-이그제큐티브,기아,002,국산,K9,059,더 뉴 K9 KH,KH,14~18,encar,가솔린,3.8,False,,5,,,GDI 이그제큐티브,9800,False,False
mf-002.md-059.sm-kh.pw-가솔린-5-0.tr-gdi-퀀텀,기아,002,국산,K9,059,더 뉴 K9 KH,KH,14~18,encar,가솔린,5.0,False,,5,,,GDI 퀀텀,6200,False,False
mf-002.md-059.sm-kh.pw-가솔린-3-3.tr-gdi-프레스티지,기아,002,국산,K9,059,더 뉴 K9 KH,KH,14~18,encar,가솔린,3.3,False,,5,,,GDI 프레스티지,5900,False,False
mf-002.md-059.sm-kh.pw-가솔린-3-3.tr-gdi-이그제큐티브,기아,002,국산,K9,059,더 뉴 K9 KH,KH,14~18,encar,가솔린,3.3,False,,5,,,GDI 이그제큐티브,9800,False,False
mf-002.md-059.sm-kh.pw-가솔린-3-8.tr-기본형,기아,002,국산,K9,059,K9 KH,KH,12~14,encar,가솔린,3.8,False,,5,,,기본형,5300,False,False
mf-002.md-059.sm-kh.pw-가솔린-3-8.tr-스페셜,기아,002,국산,K9,059,K9 KH,KH,12~14,encar,가솔린,3.8,False,,5,,,스페셜,,False,False
mf-002.md-059.sm-kh.pw-가솔린-3-8.tr-gdi-vip,기아,002,국산,K9,059,K9 KH,KH,12~14,encar,가솔린,3.8,False,,5,,,GDI VIP,9000,False,False
mf-002.md-059.sm-kh.pw-가솔린-3-8.tr-gdi-이그제큐티브,기아,002,국산,K9,059,K9 KH,KH,12~14,encar,가솔린,3.8,False,,5,,,GDI 이그제큐티브,9800,False,False
mf-002.md-059.sm-kh.pw-가솔린-3-3.tr-세부등급-없음,기아,002,국산,K9,059,K9 KH,KH,12~14,encar,가솔린,3.3,False,,5,,,(세부등급 없음),,False,False
mf-002.md-059.sm-kh.pw-가솔린-3-3.tr-기본형,기아,002,국산,K9,059,K9 KH,KH,12~14,encar,가솔린,3.3,False,,5,,,기본형,5300,False,False
mf-002.md-059.sm-kh.pw-가솔린-3-3.tr-스페셜,기아,002,국산,K9,059,K9 KH,KH,12~14,encar,가솔린,3.3,False,,5,,,스페셜,,False,False
mf-002.md-059.sm-kh.pw-가솔린-3-3.tr-gdi-r-vip,기아,002,국산,K9,059,K9 KH,KH,12~14,encar,가솔린,3.3,False,,5,,,GDI R-VIP,9500,False,False
mf-002.md-059.sm-kh.pw-가솔린-3-3.tr-gdi-이그제큐티브,기아,002,국산,K9,059,K9 KH,KH,12~14,encar,가솔린,3.3,False,,5,,,GDI 이그제큐티브,9800,False,False
mf-002.md-059.sm-kh.pw-가솔린-3-8.tr-gdi-r-vip,기아,002,국산,K9,059,K9 KH,KH,12~14,encar,가솔린,3.8,False,,,,,GDI R-VIP,9500,False,False
mf-002.md-059.sm-kh.pw-가솔린-lpg-3-8.tr-gdi-프레지던트,기아,002,국산,K9,059,K9 KH,KH,12~14,encar,가솔린+LPG,3.8,False,,5,,,GDI 프레지던트,,False,False
mf-002.md-062.sm-ck.pw-가솔린-3-3-awd.tr-마스터즈-gt-터보-패키지,기아,002,국산,스팅어,062,스팅어 마이스터 CK,CK,20~23,encar,가솔린,3.3,True,AWD,5,,,마스터즈 (GT 터보 패키지),4640,False,False
mf-002.md-062.sm-ck.pw-가솔린-2-5.tr-플래티넘,기아,002,국산,스팅어,062,스팅어 마이스터 CK,CK,20~23,encar,가솔린,2.5,False,,5,,,플래티넘,3853,False,False
mf-002.md-062.sm-ck.pw-가솔린-2-5.tr-마스터즈,기아,002,국산,스팅어,062,스팅어 마이스터 CK,CK,20~23,encar,가솔린,2.5,False,,5,,,마스터즈,4197,False,False
mf-002.md-062.sm-ck.pw-가솔린-2-5.tr-마스터즈-아크로-에디션,기아,002,국산,스팅어,062,스팅어 마이스터 CK,CK,20~23,encar,가솔린,2.5,False,,5,,,마스터즈 아크로 에디션,4388,False,True
mf-002.md-062.sm-ck.pw-가솔린-2-5-awd.tr-마스터즈,기아,002,국산,스팅어,062,스팅어 마이스터 CK,CK,20~23,encar,가솔린,2.5,False,AWD,5,,,마스터즈,4197,False,False
mf-002.md-062.sm-ck.pw-가솔린-2-5-awd.tr-마스터즈-아크로-에디션,기아,002,국산,스팅어,062,스팅어 마이스터 CK,CK,20~23,encar,가솔린,2.5,False,AWD,5,,,마스터즈 아크로 에디션,4388,False,True
mf-002.md-062.sm-ck.pw-가솔린-3-3.tr-마스터즈-gt-터보-패키지,기아,002,국산,스팅어,062,스팅어 마이스터 CK,CK,20~23,encar,가솔린,3.3,True,,5,,,마스터즈 (GT 터보 패키지),4640,False,False
mf-002.md-062.sm-ck.pw-가솔린-3-3-awd.tr-gt,기아,002,국산,스팅어,062,스팅어 마이스터 CK,CK,20~23,encar,가솔린,3.3,False,AWD,5,,,GT,4678,False,False
mf-002.md-062.sm-ck.pw-가솔린-3-3-awd.tr-gt-아크로-에디션,기아,002,국산,스팅어,062,스팅어 마이스터 CK,CK,20~23,encar,가솔린,3.3,False,AWD,5,,,GT 아크로 에디션,4756,False,True
mf-002.md-062.sm-ck.pw-가솔린-3-3-awd.tr-트리뷰트-에디션,기아,002,국산,스팅어,062,스팅어 마이스터 CK,CK,20~23,encar,가솔린,3.3,False,AWD,5,,,트리뷰트 에디션,4825,False,True
mf-002.md-062.sm-ck.pw-가솔린-3-3.tr-gt,기아,002,국산,스팅어,062,스팅어 마이스터 CK,CK,20~23,encar,가솔린,3.3,False,,5,,,GT,4678,False,False
mf-002.md-062.sm-ck.pw-가솔린-3-3.tr-gt-아크로-에디션,기아,002,국산,스팅어,062,스팅어 마이스터 CK,CK,20~23,encar,가솔린,3.3,False,,5,,,GT 아크로 에디션,4756,False,True
mf-002.md-062.sm-ck.pw-가솔린-2-0-awd.tr-프라임,기아,002,국산,스팅어,062,스팅어 CK,CK,17~20,encar,가솔린,2.0,True,AWD,5,,,프라임,3500,False,False
mf-002.md-062.sm-ck.pw-가솔린-2-0-awd.tr-플래티넘,기아,002,국산,스팅어,062,스팅어 CK,CK,17~20,encar,가솔린,2.0,True,AWD,5,,,플래티넘,3853,False,False
mf-002.md-062.sm-ck.pw-가솔린-3-3-awd.tr-마스터즈,기아,002,국산,스팅어,062,스팅어 CK,CK,17~20,encar,가솔린,3.3,True,AWD,5,,,마스터즈,4197,False,False
mf-002.md-062.sm-ck.pw-가솔린-3-3-awd.tr-gt,기아,002,국산,스팅어,062,스팅어 CK,CK,17~20,encar,가솔린,3.3,True,AWD,5,,,GT,4678,False,False
mf-002.md-062.sm-ck.pw-가솔린-2-0-2wd.tr-프라임,기아,002,국산,스팅어,062,스팅어 CK,CK,17~20,encar,가솔린,2.0,True,2WD,5,,,프라임,3500,False,False
mf-002.md-062.sm-ck.pw-가솔린-2-0-2wd.tr-플래티넘,기아,002,국산,스팅어,062,스팅어 CK,CK,17~20,encar,가솔린,2.0,True,2WD,5,,,플래티넘,3853,False,False
mf-002.md-062.sm-ck.pw-가솔린-2-0-2wd.tr-드림에디션,기아,002,국산,스팅어,062,스팅어 CK,CK,17~20,encar,가솔린,2.0,True,2WD,5,,,드림에디션,4100,False,True
mf-002.md-062.sm-ck.pw-디젤-2-2-2wd.tr-프라임,기아,002,국산,스팅어,062,스팅어 CK,CK,17~20,encar,디젤,2.2,False,2WD,5,,,프라임,3500,False,False
mf-002.md-062.sm-ck.pw-디젤-2-2-2wd.tr-플래티넘,기아,002,국산,스팅어,062,스팅어 CK,CK,17~20,encar,디젤,2.2,False,2WD,5,,,플래티넘,3853,False,False
mf-002.md-062.sm-ck.pw-가솔린-3-3-2wd.tr-gt,기아,002,국산,스팅어,062,스팅어 CK,CK,17~20,encar,가솔린,3.3,True,2WD,5,,,GT,4678,False,False
mf-002.md-062.sm-ck.pw-디젤-2-2-awd.tr-플래티넘,기아,002,국산,스팅어,062,스팅어 CK,CK,17~20,encar,디젤,2.2,False,AWD,5,,,플래티넘,3853,False,False
mf-002.md-062.sm-ck.pw-디젤-2-2-awd.tr-드림에디션,기아,002,국산,스팅어,062,스팅어 CK,CK,17~20,encar,디젤,2.2,False,AWD,5,,,드림에디션,4100,False,True
mf-002.md-066.sm-cv1.pw-전기-84-0-4wd.tr-에어,기아,002,국산,EV6,066,더 뉴 EV6 CV1,CV1,24~현재,encar,전기,,False,4WD,5,84.0,461,에어,5140,False,False
mf-002.md-066.sm-cv1.pw-전기-84-0-4wd.tr-어스,기아,002,국산,EV6,066,더 뉴 EV6 CV1,CV1,24~현재,encar,전기,,False,4WD,5,84.0,461,어스,5540,False,False
mf-002.md-066.sm-cv1.pw-전기-84-0-4wd.tr-gt-line,기아,002,국산,EV6,066,더 뉴 EV6 CV1,CV1,24~현재,encar,전기,,False,4WD,5,84.0,461,GT-Line,6000,False,False
mf-002.md-066.sm-cv1.pw-전기-84-0-4wd.tr-gt,기아,002,국산,EV6,066,더 뉴 EV6 CV1,CV1,24~현재,encar,전기,,False,4WD,5,84.0,461,GT,7200,False,False
mf-002.md-066.sm-cv1.pw-전기-2wd.tr-라이트,기아,002,국산,EV6,066,더 뉴 EV6 CV1,CV1,24~현재,encar,전기,,False,2WD,5,,,라이트,4660,False,False
mf-002.md-066.sm-cv1.pw-전기-2wd.tr-에어,기아,002,국산,EV6,066,더 뉴 EV6 CV1,CV1,24~현재,encar,전기,,False,2WD,5,,,에어,5140,False,False
mf-002.md-066.sm-cv1.pw-전기-2wd.tr-어스,기아,002,국산,EV6,066,더 뉴 EV6 CV1,CV1,24~현재,encar,전기,,False,2WD,5,,,어스,5540,False,False
mf-002.md-066.sm-cv1.pw-전기-2wd.tr-gt-line,기아,002,국산,EV6,066,더 뉴 EV6 CV1,CV1,24~현재,encar,전기,,False,2WD,5,,,GT-Line,6000,False,False
mf-002.md-066.sm-cv1.pw-전기-77-4-4wd.tr-라이트,기아,002,국산,EV6,066,EV6 CV1,CV1,21~24,encar,전기,,False,4WD,5,77.4,441,라이트,4660,False,False
mf-002.md-066.sm-cv1.pw-전기-77-4-4wd.tr-에어,기아,002,국산,EV6,066,EV6 CV1,CV1,21~24,encar,전기,,False,4WD,5,77.4,441,에어,5140,False,False
mf-002.md-066.sm-cv1.pw-전기-77-4-4wd.tr-어스,기아,002,국산,EV6,066,EV6 CV1,CV1,21~24,encar,전기,,False,4WD,5,77.4,441,어스,5540,False,False
mf-002.md-066.sm-cv1.pw-전기-77-4-4wd.tr-gt-line,기아,002,국산,EV6,066,EV6 CV1,CV1,21~24,encar,전기,,False,4WD,5,77.4,441,GT-Line,6000,False,False
mf-002.md-066.sm-cv1.pw-전기.tr-에어,기아,002,국산,EV6,066,EV6 CV1,CV1,21~24,encar,전기,,False,,5,,,에어,5140,False,False
mf-002.md-066.sm-cv1.pw-전기.tr-어스,기아,002,국산,EV6,066,EV6 CV1,CV1,21~24,encar,전기,,False,,5,,,어스,5540,False,False
mf-002.md-066.sm-cv1.pw-전기.tr-gt-line,기아,002,국산,EV6,066,EV6 CV1,CV1,21~24,encar,전기,,False,,5,,,GT-Line,6000,False,False
mf-002.md-028.sm-쏘울-부스터.pw-가솔린-1-6.tr-세부등급-없음,기아,002,국산,쏘울,028,쏘울 부스터,,19~21,encar,가솔린,1.6,True,,5,,,(세부등급 없음),,False,False
mf-002.md-028.sm-쏘울-부스터.pw-가솔린-1-6.tr-프레스티지,기아,002,국산,쏘울,028,쏘울 부스터,,19~21,encar,가솔린,1.6,True,,5,,,프레스티지,,False,False
mf-002.md-028.sm-쏘울-부스터.pw-가솔린-1-6.tr-스페셜,기아,002,국산,쏘울,028,쏘울 부스터,,19~21,encar,가솔린,1.6,True,,5,,,스페셜,,False,False
mf-002.md-028.sm-쏘울-부스터.pw-전기.tr-노블레스,기아,002,국산,쏘울,028,쏘울 부스터,,19~21,encar,전기,,False,,5,,,노블레스,,False,False
mf-002.md-028.sm-쏘울-부스터.pw-전기.tr-프레스티지,기아,002,국산,쏘울,028,쏘울 부스터,,19~21,encar,전기,,False,,5,,,프레스티지,,False,False
mf-002.md-028.sm-더-뉴-쏘울.pw-가솔린-1-6.tr-gdi-노블레스,기아,002,국산,쏘울,028,더 뉴 쏘울,,16~19,encar,가솔린,1.6,False,,5,,,GDi 노블레스,,False,False
mf-002.md-028.sm-더-뉴-쏘울.pw-가솔린-1-6.tr-gdi-트렌디,기아,002,국산,쏘울,028,더 뉴 쏘울,,16~19,encar,가솔린,1.6,False,,5,,,GDi 트렌디,,False,False
mf-002.md-028.sm-더-뉴-쏘울.pw-가솔린-1-6.tr-gdi-프레스티지,기아,002,국산,쏘울,028,더 뉴 쏘울,,16~19,encar,가솔린,1.6,False,,5,,,GDi 프레스티지,,False,False
mf-002.md-028.sm-쏘울-ev.pw-전기.tr-ev,기아,002,국산,쏘울,028,쏘울 EV,,14~19,encar,전기,,False,,5,,,EV,,False,False
mf-002.md-028.sm-올-뉴-쏘울.pw-가솔린-1-6.tr-gdi-노블레스,기아,002,국산,쏘울,028,올 뉴 쏘울,,13~16,encar,가솔린,1.6,False,,5,,,GDi 노블레스,,False,False
mf-002.md-028.sm-올-뉴-쏘울.pw-가솔린-1-6.tr-gdi-노블레스-브라운존,기아,002,국산,쏘울,028,올 뉴 쏘울,,13~16,encar,가솔린,1.6,False,,5,,,GDi 노블레스 브라운존,,False,False
mf-002.md-028.sm-올-뉴-쏘울.pw-가솔린-1-6.tr-gdi-럭셔리,기아,002,국산,쏘울,028,올 뉴 쏘울,,13~16,encar,가솔린,1.6,False,,5,,,GDi 럭셔리,,False,False
mf-002.md-028.sm-올-뉴-쏘울.pw-가솔린-1-6.tr-gdi-프레스티지,기아,002,국산,쏘울,028,올 뉴 쏘울,,13~16,encar,가솔린,1.6,False,,5,,,GDi 프레스티지,,False,False
mf-002.md-028.sm-올-뉴-쏘울.pw-가솔린-1-6.tr-gdi-프레스티지-그린존,기아,002,국산,쏘울,028,올 뉴 쏘울,,13~16,encar,가솔린,1.6,False,,5,,,GDi 프레스티지 그린존,,False,False
mf-002.md-028.sm-올-뉴-쏘울.pw-가솔린-1-6.tr-gdi-프레스티지-레드존,기아,002,국산,쏘울,028,올 뉴 쏘울,,13~16,encar,가솔린,1.6,False,,5,,,GDi 프레스티지 레드존,,False,False
mf-002.md-028.sm-올-뉴-쏘울.pw-디젤-1-6.tr-노블레스,기아,002,국산,쏘울,028,올 뉴 쏘울,,13~16,encar,디젤,1.6,False,,5,,,노블레스,,False,False
mf-002.md-028.sm-올-뉴-쏘울.pw-디젤-1-6.tr-노블레스-브라운존,기아,002,국산,쏘울,028,올 뉴 쏘울,,13~16,encar,디젤,1.6,False,,5,,,노블레스 브라운존,,False,False
mf-002.md-028.sm-올-뉴-쏘울.pw-디젤-1-6.tr-노블레스-스페셜,기아,002,국산,쏘울,028,올 뉴 쏘울,,13~16,encar,디젤,1.6,False,,5,,,노블레스 스페셜,,False,False
mf-002.md-028.sm-올-뉴-쏘울.pw-디젤-1-6.tr-프레스티지,기아,002,국산,쏘울,028,올 뉴 쏘울,,13~16,encar,디젤,1.6,False,,5,,,프레스티지,,False,False
mf-002.md-028.sm-쏘울.pw-가솔린-1-6.tr-스마트,기아,002,국산,쏘울,028,쏘울,,08~13,encar,가솔린,1.6,False,,5,,,스마트,,False,False
mf-002.md-028.sm-쏘울.pw-가솔린-1-6.tr-고급형,기아,002,국산,쏘울,028,쏘울,,08~13,encar,가솔린,1.6,False,,5,,,고급형,,False,False
mf-002.md-028.sm-쏘울.pw-가솔린-1-6.tr-기본형,기아,002,국산,쏘울,028,쏘울,,08~13,encar,가솔린,1.6,False,,5,,,기본형,,False,False
mf-002.md-028.sm-쏘울.pw-가솔린-1-6.tr-세이프티,기아,002,국산,쏘울,028,쏘울,,08~13,encar,가솔린,1.6,False,,5,,,세이프티,,False,False
mf-002.md-028.sm-쏘울.pw-가솔린-1-6.tr-스타일팩,기아,002,국산,쏘울,028,쏘울,,08~13,encar,가솔린,1.6,False,,5,,,스타일팩,,False,False
mf-002.md-028.sm-쏘울.pw-가솔린-1-6.tr-에코플러스,기아,002,국산,쏘울,028,쏘울,,08~13,encar,가솔린,1.6,False,,5,,,에코플러스,,False,False
mf-002.md-028.sm-쏘울.pw-가솔린-1-6.tr-최고급형,기아,002,국산,쏘울,028,쏘울,,08~13,encar,가솔린,1.6,False,,5,,,최고급형,,False,False
mf-002.md-028.sm-쏘울.pw-가솔린-1-6.tr-코스모,기아,002,국산,쏘울,028,쏘울,,08~13,encar,가솔린,1.6,False,,5,,,코스모,,False,False
mf-002.md-028.sm-쏘울.pw-가솔린-1-6.tr-쿨,기아,002,국산,쏘울,028,쏘울,,08~13,encar,가솔린,1.6,False,,5,,,쿨,,False,False
mf-002.md-028.sm-쏘울.pw-디젤-1-6.tr-고급형,기아,002,국산,쏘울,028,쏘울,,08~13,encar,디젤,1.6,False,,5,,,고급형,,False,False
mf-002.md-028.sm-쏘울.pw-디젤-1-6.tr-럭셔리,기아,002,국산,쏘울,028,쏘울,,08~13,encar,디젤,1.6,False,,5,,,럭셔리,,False,False
mf-002.md-028.sm-쏘울.pw-디젤-1-6.tr-스마트,기아,002,국산,쏘울,028,쏘울,,08~13,encar,디젤,1.6,False,,5,,,스마트,,False,False
mf-002.md-028.sm-쏘울.pw-디젤-1-6.tr-프리미엄,기아,002,국산,쏘울,028,쏘울,,08~13,encar,디젤,1.6,False,,5,,,프리미엄,,False,False
mf-002.md-028.sm-쏘울.pw-디젤-1-6.tr-쿨,기아,002,국산,쏘울,028,쏘울,,08~13,encar,디젤,1.6,False,,5,,,쿨,,False,False
mf-002.md-053.sm-더-뉴-프라이드.pw-가솔린-1-4.tr-스마트,기아,002,국산,프라이드,053,더 뉴 프라이드,,15~17,encar,가솔린,1.4,False,,5,,,스마트,,False,False
mf-002.md-053.sm-더-뉴-프라이드.pw-가솔린-1-4.tr-트렌디,기아,002,국산,프라이드,053,더 뉴 프라이드,,15~17,encar,가솔린,1.4,False,,5,,,트렌디,,False,False
mf-002.md-053.sm-더-뉴-프라이드.pw-가솔린-1-6.tr-럭셔리,기아,002,국산,프라이드,053,더 뉴 프라이드,,15~17,encar,가솔린,1.6,False,,5,,,럭셔리,,False,False
mf-002.md-053.sm-더-뉴-프라이드.pw-가솔린-1-6.tr-프레스티지,기아,002,국산,프라이드,053,더 뉴 프라이드,,15~17,encar,가솔린,1.6,False,,5,,,프레스티지,,False,False
mf-002.md-053.sm-더-뉴-프라이드.pw-디젤-1-4.tr-럭셔리,기아,002,국산,프라이드,053,더 뉴 프라이드,,15~17,encar,디젤,1.4,False,,5,,,럭셔리,,False,False
mf-002.md-053.sm-올-뉴-프라이드.pw-가솔린-1-6.tr-럭셔리,기아,002,국산,프라이드,053,올 뉴 프라이드,,11~15,encar,가솔린,1.6,False,,5,,,럭셔리,,False,False
mf-002.md-053.sm-올-뉴-프라이드.pw-가솔린-1-6.tr-럭셔리-에코플러스,기아,002,국산,프라이드,053,올 뉴 프라이드,,11~15,encar,가솔린,1.6,False,,5,,,럭셔리 에코플러스,,False,False
mf-002.md-053.sm-올-뉴-프라이드.pw-가솔린-1-6.tr-프레스티지,기아,002,국산,프라이드,053,올 뉴 프라이드,,11~15,encar,가솔린,1.6,False,,5,,,프레스티지,,False,False
mf-002.md-053.sm-올-뉴-프라이드.pw-가솔린-1-4.tr-디럭스,기아,002,국산,프라이드,053,올 뉴 프라이드,,11~15,encar,가솔린,1.4,False,,5,,,디럭스,,False,False
mf-002.md-053.sm-올-뉴-프라이드.pw-가솔린-1-4.tr-스마트,기아,002,국산,프라이드,053,올 뉴 프라이드,,11~15,encar,가솔린,1.4,False,,5,,,스마트,,False,False
mf-002.md-053.sm-올-뉴-프라이드.pw-가솔린-1-4.tr-스마트-스페셜,기아,002,국산,프라이드,053,올 뉴 프라이드,,11~15,encar,가솔린,1.4,False,,5,,,스마트 스페셜,,False,False
mf-002.md-053.sm-올-뉴-프라이드.pw-가솔린-1-4.tr-트렌디,기아,002,국산,프라이드,053,올 뉴 프라이드,,11~15,encar,가솔린,1.4,False,,5,,,트렌디,,False,False
mf-002.md-053.sm-올-뉴-프라이드.pw-디젤-1-4.tr-럭셔리,기아,002,국산,프라이드,053,올 뉴 프라이드,,11~15,encar,디젤,1.4,False,,5,,,럭셔리,,False,False
mf-002.md-053.sm-프라이드-신형.pw-가솔린-1-6.tr-4dr-cvvt-slx,기아,002,국산,프라이드,053,프라이드(신형),,05~11,encar,가솔린,1.6,False,,5,,,4DR CVVT SLX,,False,False
mf-002.md-053.sm-프라이드-신형.pw-가솔린-1-6.tr-4dr-cvvt-골드-프리미엄,기아,002,국산,프라이드,053,프라이드(신형),,05~11,encar,가솔린,1.6,False,,5,,,4DR CVVT 골드 프리미엄,,False,False
mf-002.md-053.sm-프라이드-신형.pw-가솔린-1-6.tr-5dr-cvvt-골드-프리미엄,기아,002,국산,프라이드,053,프라이드(신형),,05~11,encar,가솔린,1.6,False,,5,,,5DR CVVT 골드 프리미엄,,False,False
mf-002.md-053.sm-프라이드-신형.pw-디젤-1-5.tr-5dr-vgt-slx,기아,002,국산,프라이드,053,프라이드(신형),,05~11,encar,디젤,1.5,False,,5,,,5DR VGT SLX,,False,False
mf-002.md-053.sm-프라이드-신형.pw-가솔린-1-4.tr-4dr-dohc-lx,기아,002,국산,프라이드,053,프라이드(신형),,05~11,encar,가솔린,1.4,False,,5,,,4DR DOHC LX,,False,False
mf-002.md-053.sm-프라이드.pw-가솔린-1-3.tr-3dr-glxi,기아,002,국산,프라이드,053,프라이드,,87~00,encar,가솔린,1.3,False,,5,,,3DR GLXi,,False,False
mf-002.md-053.sm-프라이드.pw-가솔린-1-3.tr-5dr-glxi,기아,002,국산,프라이드,053,프라이드,,87~00,encar,가솔린,1.3,False,,5,,,5DR GLXi,,False,False
mf-002.md-053.sm-프라이드.pw-가솔린-1-3.tr-5dr-영,기아,002,국산,프라이드,053,프라이드,,87~00,encar,가솔린,1.3,False,,5,,,5DR 영,,False,False
mf-002.md-053.sm-프라이드.pw-가솔린-1-3.tr-베타-glxi,기아,002,국산,프라이드,053,프라이드,,87~00,encar,가솔린,1.3,False,,5,,,베타 GLXi,,False,False
mf-002.md-053.sm-프라이드.pw-가솔린-1-3.tr-웨건-glxi,기아,002,국산,프라이드,053,프라이드,,87~00,encar,가솔린,1.3,False,,5,,,웨건 GLXi,,False,False
mf-002.md-053.sm-프라이드.pw-가솔린-1-3.tr-웨건-프렌드,기아,002,국산,프라이드,053,프라이드,,87~00,encar,가솔린,1.3,False,,5,,,웨건 프렌드,,False,False
mf-002.md-063.sm-스토닉.pw-디젤-1-6.tr-디럭스,기아,002,국산,스토닉,063,스토닉,,17~20,encar,디젤,1.6,False,,5,,,디럭스,,False,False
mf-002.md-063.sm-스토닉.pw-디젤-1-6.tr-트렌디,기아,002,국산,스토닉,063,스토닉,,17~20,encar,디젤,1.6,False,,5,,,트렌디,,False,False
mf-002.md-063.sm-스토닉.pw-디젤-1-6.tr-프레스티지,기아,002,국산,스토닉,063,스토닉,,17~20,encar,디젤,1.6,False,,5,,,프레스티지,,False,False
mf-002.md-063.sm-스토닉.pw-가솔린-1-4.tr-디럭스,기아,002,국산,스토닉,063,스토닉,,17~20,encar,가솔린,1.4,False,,5,,,디럭스,,False,False
mf-002.md-063.sm-스토닉.pw-가솔린-1-4.tr-트렌디,기아,002,국산,스토닉,063,스토닉,,17~20,encar,가솔린,1.4,False,,5,,,트렌디,,False,False
mf-002.md-063.sm-스토닉.pw-가솔린-1-4.tr-프레스티지,기아,002,국산,스토닉,063,스토닉,,17~20,encar,가솔린,1.4,False,,5,,,프레스티지,,False,False
mf-002.md-063.sm-스토닉.pw-가솔린-1-0.tr-트렌디,기아,002,국산,스토닉,063,스토닉,,17~20,encar,가솔린,1.0,True,,5,,,트렌디,,False,False
mf-002.md-063.sm-스토닉.pw-가솔린-1-0.tr-프레스티지,기아,002,국산,스토닉,063,스토닉,,17~20,encar,가솔린,1.0,True,,5,,,프레스티지,,False,False
mf-002.md-037.sm-더-뉴-카렌스.pw-lpg-2-0.tr-lpi-럭셔리,기아,002,국산,카렌스,037,더 뉴 카렌스,,16~18,encar,LPG,2.0,False,,7,,,LPI 럭셔리,,False,False
mf-002.md-037.sm-더-뉴-카렌스.pw-lpg-2-0.tr-lpi-프레스티지,기아,002,국산,카렌스,037,더 뉴 카렌스,,16~18,encar,LPG,2.0,False,,7,,,LPI 프레스티지,,False,False
mf-002.md-037.sm-더-뉴-카렌스.pw-디젤-1-7.tr-vgt-프레스티지,기아,002,국산,카렌스,037,더 뉴 카렌스,,16~18,encar,디젤,1.7,False,,5,,,VGT 프레스티지,,False,False
mf-002.md-037.sm-더-뉴-카렌스.pw-lpg-2-0.tr-lpi-디럭스-렌터카,기아,002,국산,카렌스,037,더 뉴 카렌스,,16~18,encar,LPG,2.0,False,,5,,,LPI 디럭스(렌터카),,False,False
mf-002.md-037.sm-올-뉴-카렌스.pw-lpg-2-0.tr-lpi-노블레스,기아,002,국산,카렌스,037,올 뉴 카렌스,,13~16,encar,LPG,2.0,False,,7,,,LPi 노블레스,,False,False
mf-002.md-037.sm-올-뉴-카렌스.pw-lpg-2-0.tr-lpi-디럭스,기아,002,국산,카렌스,037,올 뉴 카렌스,,13~16,encar,LPG,2.0,False,,7,,,LPi 디럭스,,False,False
mf-002.md-037.sm-올-뉴-카렌스.pw-lpg-2-0.tr-lpi-럭셔리,기아,002,국산,카렌스,037,올 뉴 카렌스,,13~16,encar,LPG,2.0,False,,7,,,LPi 럭셔리,,False,False
mf-002.md-037.sm-올-뉴-카렌스.pw-lpg-2-0.tr-lpi-트렌디,기아,002,국산,카렌스,037,올 뉴 카렌스,,13~16,encar,LPG,2.0,False,,7,,,LPi 트렌디,,False,False
mf-002.md-037.sm-올-뉴-카렌스.pw-lpg-2-0.tr-lpi-프레스티지,기아,002,국산,카렌스,037,올 뉴 카렌스,,13~16,encar,LPG,2.0,False,,7,,,LPi 프레스티지,,False,False
mf-002.md-037.sm-올-뉴-카렌스.pw-디젤-1-7.tr-vgt-디럭스,기아,002,국산,카렌스,037,올 뉴 카렌스,,13~16,encar,디젤,1.7,False,,5,,,VGT 디럭스,,False,False
mf-002.md-037.sm-올-뉴-카렌스.pw-디젤-1-7.tr-vgt-럭셔리,기아,002,국산,카렌스,037,올 뉴 카렌스,,13~16,encar,디젤,1.7,False,,5,,,VGT 럭셔리,,False,False
mf-002.md-037.sm-올-뉴-카렌스.pw-디젤-1-7.tr-vgt-트렌디,기아,002,국산,카렌스,037,올 뉴 카렌스,,13~16,encar,디젤,1.7,False,,5,,,VGT 트렌디,,False,False
mf-002.md-037.sm-올-뉴-카렌스.pw-디젤-1-7.tr-vgt-노블레스,기아,002,국산,카렌스,037,올 뉴 카렌스,,13~16,encar,디젤,1.7,False,,7,,,VGT 노블레스,,False,False
mf-002.md-037.sm-올-뉴-카렌스.pw-디젤-1-7.tr-vgt-프레스티지,기아,002,국산,카렌스,037,올 뉴 카렌스,,13~16,encar,디젤,1.7,False,,7,,,VGT 프레스티지,,False,False
mf-002.md-037.sm-뉴카렌스.pw-lpg-2-0.tr-lpi-프리미엄,기아,002,국산,카렌스,037,뉴카렌스,,06~13,encar,LPG,2.0,False,,7,,,LPI 프리미엄,,False,False
mf-002.md-037.sm-뉴카렌스.pw-lpg-2-0.tr-고급형,기아,002,국산,카렌스,037,뉴카렌스,,06~13,encar,LPG,2.0,False,,7,,,고급형,,False,False
mf-002.md-037.sm-뉴카렌스.pw-lpg-2-0.tr-최고급형,기아,002,국산,카렌스,037,뉴카렌스,,06~13,encar,LPG,2.0,False,,7,,,최고급형,,False,False
mf-002.md-037.sm-뉴카렌스.pw-lpg-2-0.tr-최고급형-패밀리,기아,002,국산,카렌스,037,뉴카렌스,,06~13,encar,LPG,2.0,False,,7,,,최고급형 패밀리,,False,False
mf-002.md-037.sm-뉴카렌스.pw-가솔린-2-0.tr-고급형,기아,002,국산,카렌스,037,뉴카렌스,,06~13,encar,가솔린,2.0,False,,7,,,고급형,,False,False
mf-002.md-037.sm-카렌스-ii.pw-lpg-2-0.tr-기본형,기아,002,국산,카렌스,037,카렌스 II,,02~06,encar,LPG,2.0,False,,7,,,기본형,,False,False
mf-002.md-037.sm-카렌스.pw-lpg-1-8.tr-lx,기아,002,국산,카렌스,037,카렌스,,99~02,encar,LPG,1.8,False,,7,,,LX,,False,False
mf-002.md-071.sm-타스만.pw-가솔린-2-5-4wd.tr-x-pro,기아,002,국산,타스만,071,타스만,,25~현재,encar,가솔린,2.5,False,4WD,5,,,X-Pro,,False,False
mf-002.md-071.sm-타스만.pw-가솔린-2-5-4wd.tr-다이내믹,기아,002,국산,타스만,071,타스만,,25~현재,encar,가솔린,2.5,False,4WD,5,,,다이내믹,,False,False
mf-002.md-071.sm-타스만.pw-가솔린-2-5-4wd.tr-어드벤처,기아,002,국산,타스만,071,타스만,,25~현재,encar,가솔린,2.5,False,4WD,5,,,어드벤처,,False,False
mf-002.md-071.sm-타스만.pw-가솔린-2-5-4wd.tr-익스트림,기아,002,국산,타스만,071,타스만,,25~현재,encar,가솔린,2.5,False,4WD,5,,,익스트림,,False,False
mf-002.md-071.sm-타스만.pw-가솔린-2-5-2wd.tr-다이내믹,기아,002,국산,타스만,071,타스만,,25~현재,encar,가솔린,2.5,False,2WD,5,,,다이내믹,,False,False
mf-002.md-071.sm-타스만.pw-가솔린-2-5-2wd.tr-어드벤처,기아,002,국산,타스만,071,타스만,,25~현재,encar,가솔린,2.5,False,2WD,5,,,어드벤처,,False,False
mf-002.md-071.sm-타스만.pw-가솔린-2-5-2wd.tr-익스트림,기아,002,국산,타스만,071,타스만,,25~현재,encar,가솔린,2.5,False,2WD,5,,,익스트림,,False,False
mf-002.md-070.sm-ev3.pw-전기-2wd.tr-gt-line,기아,002,국산,EV3,070,EV3,,24~현재,encar,전기,,False,2WD,5,,,GT Line,,False,False
mf-002.md-070.sm-ev3.pw-전기-2wd.tr-어스,기아,002,국산,EV3,070,EV3,,24~현재,encar,전기,,False,2WD,5,,,어스,,False,False
mf-002.md-070.sm-ev3.pw-전기-2wd.tr-에어,기아,002,국산,EV3,070,EV3,,24~현재,encar,전기,,False,2WD,5,,,에어,,False,False
mf-002.md-051.sm-포르테-해치백.pw-가솔린-1-6.tr-gdi-디럭스,기아,002,국산,포르테,051,포르테 해치백,,10~13,encar,가솔린,1.6,False,,5,,,GDI 디럭스,,False,False
mf-002.md-051.sm-포르테-해치백.pw-가솔린-1-6.tr-gdi-럭셔리,기아,002,국산,포르테,051,포르테 해치백,,10~13,encar,가솔린,1.6,False,,5,,,GDI 럭셔리,,False,False
mf-002.md-051.sm-포르테-해치백.pw-가솔린-1-6.tr-기본형,기아,002,국산,포르테,051,포르테 해치백,,10~13,encar,가솔린,1.6,False,,5,,,기본형,,False,False
mf-002.md-051.sm-포르테-쿱.pw-가솔린-1-6.tr-gdi-럭셔리,기아,002,국산,포르테,051,포르테 쿱,,09~13,encar,가솔린,1.6,False,,5,,,GDI 럭셔리,,False,False
mf-002.md-051.sm-포르테-쿱.pw-가솔린-1-6.tr-gdi-프레스티지,기아,002,국산,포르테,051,포르테 쿱,,09~13,encar,가솔린,1.6,False,,5,,,GDI 프레스티지,,False,False
mf-002.md-051.sm-포르테-쿱.pw-가솔린-1-6.tr-고급,기아,002,국산,포르테,051,포르테 쿱,,09~13,encar,가솔린,1.6,False,,5,,,고급,,False,False
mf-002.md-051.sm-포르테-쿱.pw-가솔린-1-6.tr-고급-레드프리미엄,기아,002,국산,포르테,051,포르테 쿱,,09~13,encar,가솔린,1.6,False,,5,,,고급 레드프리미엄,,False,False
mf-002.md-051.sm-포르테-쿱.pw-가솔린-2-0.tr-고급,기아,002,국산,포르테,051,포르테 쿱,,09~13,encar,가솔린,2.0,False,,5,,,고급,,False,False
mf-002.md-051.sm-포르테-쿱.pw-가솔린-2-0.tr-고급-레드프리미엄,기아,002,국산,포르테,051,포르테 쿱,,09~13,encar,가솔린,2.0,False,,5,,,고급 레드프리미엄,,False,False
mf-002.md-051.sm-포르테-쿱.pw-가솔린-2-0.tr-프레스티지,기아,002,국산,포르테,051,포르테 쿱,,09~13,encar,가솔린,2.0,False,,5,,,프레스티지,,False,False
mf-002.md-051.sm-포르테.pw-가솔린-1-6.tr-cvvt-sli,기아,002,국산,포르테,051,포르테,,08~13,encar,가솔린,1.6,False,,5,,,CVVT SLi,,False,False
mf-002.md-051.sm-포르테.pw-가솔린-1-6.tr-cvvt-si,기아,002,국산,포르테,051,포르테,,08~13,encar,가솔린,1.6,False,,5,,,CVVT Si,,False,False
mf-002.md-051.sm-포르테.pw-가솔린-1-6.tr-cvvt-w에디션,기아,002,국산,포르테,051,포르테,,08~13,encar,가솔린,1.6,False,,5,,,CVVT W에디션,,False,False
mf-002.md-051.sm-포르테.pw-가솔린-1-6.tr-고급형,기아,002,국산,포르테,051,포르테,,08~13,encar,가솔린,1.6,False,,5,,,고급형,,False,False
mf-002.md-051.sm-포르테.pw-가솔린-1-6.tr-기본형,기아,002,국산,포르테,051,포르테,,08~13,encar,가솔린,1.6,False,,5,,,기본형,,False,False
mf-002.md-051.sm-포르테.pw-가솔린-1-6.tr-블랙,기아,002,국산,포르테,051,포르테,,08~13,encar,가솔린,1.6,False,,5,,,블랙,,False,False
mf-002.md-051.sm-포르테.pw-가솔린-1-6.tr-블랙스페셜,기아,002,국산,포르테,051,포르테,,08~13,encar,가솔린,1.6,False,,5,,,블랙스페셜,,False,False
mf-002.md-051.sm-포르테.pw-가솔린-1-6.tr-에코플러스,기아,002,국산,포르테,051,포르테,,08~13,encar,가솔린,1.6,False,,5,,,에코플러스,,False,False
mf-002.md-051.sm-포르테.pw-lpg-hev-1-6.tr-고급,기아,002,국산,포르테,051,포르테,,08~13,encar,LPG HEV,1.6,False,,5,,,고급,,False,False
mf-002.md-051.sm-포르테.pw-lpg-hev-1-6.tr-기본,기아,002,국산,포르테,051,포르테,,08~13,encar,LPG HEV,1.6,False,,5,,,기본,,False,False
mf-002.md-051.sm-포르테.pw-lpg-hev-1-6.tr-최고급,기아,002,국산,포르테,051,포르테,,08~13,encar,LPG HEV,1.6,False,,5,,,최고급,,False,False
mf-002.md-051.sm-포르테.pw-lpg-1-6.tr-기본,기아,002,국산,포르테,051,포르테,,08~13,encar,LPG,1.6,False,,5,,,기본,,False,False
mf-002.md-069.sm-ev9.pw-전기-4wd.tr-gt-line,기아,002,국산,EV9,069,EV9,,23~현재,encar,전기,,False,4WD,7,,,GT Line,,False,False
mf-002.md-069.sm-ev9.pw-전기-4wd.tr-어스,기아,002,국산,EV9,069,EV9,,23~현재,encar,전기,,False,4WD,7,,,어스,,False,False
mf-002.md-069.sm-ev9.pw-전기-4wd.tr-에어,기아,002,국산,EV9,069,EV9,,23~현재,encar,전기,,False,4WD,7,,,에어,,False,False
mf-002.md-069.sm-ev9.pw-전기-2wd.tr-어스,기아,002,국산,EV9,069,EV9,,23~현재,encar,전기,,False,2WD,6,,,어스,,False,False
mf-002.md-069.sm-ev9.pw-전기-2wd.tr-에어,기아,002,국산,EV9,069,EV9,,23~현재,encar,전기,,False,2WD,6,,,에어,,False,False
mf-002.md-033.sm-오피러스-프리미엄.pw-가솔린-2-7.tr-기본형,기아,002,국산,오피러스,033,오피러스 프리미엄,,09~11,encar,가솔린,2.7,False,,5,,,기본형,,False,False
mf-002.md-033.sm-오피러스-프리미엄.pw-가솔린-2-7.tr-럭셔리,기아,002,국산,오피러스,033,오피러스 프리미엄,,09~11,encar,가솔린,2.7,False,,5,,,럭셔리,,False,False
mf-002.md-033.sm-오피러스-프리미엄.pw-가솔린-2-7.tr-스페셜,기아,002,국산,오피러스,033,오피러스 프리미엄,,09~11,encar,가솔린,2.7,False,,5,,,스페셜,,False,False
mf-002.md-033.sm-오피러스-프리미엄.pw-가솔린-3-3.tr-gh330-노블레스,기아,002,국산,오피러스,033,오피러스 프리미엄,,09~11,encar,가솔린,3.3,False,,5,,,GH330 노블레스,,False,False
mf-002.md-033.sm-오피러스-프리미엄.pw-가솔린-3-3.tr-gh330-럭셔리,기아,002,국산,오피러스,033,오피러스 프리미엄,,09~11,encar,가솔린,3.3,False,,5,,,GH330 럭셔리,,False,False
mf-002.md-033.sm-오피러스-프리미엄.pw-가솔린-3-3.tr-gh330-최고급형,기아,002,국산,오피러스,033,오피러스 프리미엄,,09~11,encar,가솔린,3.3,False,,5,,,GH330 최고급형,,False,False
mf-002.md-033.sm-오피러스-프리미엄.pw-가솔린-3-3.tr-gh330-프레스티지,기아,002,국산,오피러스,033,오피러스 프리미엄,,09~11,encar,가솔린,3.3,False,,5,,,GH330 프레스티지,,False,False
mf-002.md-033.sm-오피러스-프리미엄.pw-가솔린-3-3.tr-gh330-프리미엄,기아,002,국산,오피러스,033,오피러스 프리미엄,,09~11,encar,가솔린,3.3,False,,5,,,GH330 프리미엄,,False,False
mf-002.md-033.sm-오피러스-프리미엄.pw-가솔린-3-3.tr-기본형,기아,002,국산,오피러스,033,오피러스 프리미엄,,09~11,encar,가솔린,3.3,False,,5,,,기본형,,False,False
mf-002.md-033.sm-오피러스-프리미엄.pw-lpg-2-7.tr-lpi-gh270-디럭스,기아,002,국산,오피러스,033,오피러스 프리미엄,,09~11,encar,LPG,2.7,False,,5,,,LPI GH270 디럭스,,False,False
mf-002.md-033.sm-오피러스-프리미엄.pw-lpg-2-7.tr-lpi-gh270-럭셔리,기아,002,국산,오피러스,033,오피러스 프리미엄,,09~11,encar,LPG,2.7,False,,5,,,LPI GH270 럭셔리,,False,False
mf-002.md-033.sm-뉴오피러스.pw-가솔린-3-3.tr-기본형,기아,002,국산,오피러스,033,뉴오피러스,,06~09,encar,가솔린,3.3,False,,5,,,기본형,,False,False
mf-002.md-033.sm-뉴오피러스.pw-가솔린-3-3.tr-럭셔리,기아,002,국산,오피러스,033,뉴오피러스,,06~09,encar,가솔린,3.3,False,,5,,,럭셔리,,False,False
mf-002.md-033.sm-뉴오피러스.pw-lpg-2-7.tr-기본형,기아,002,국산,오피러스,033,뉴오피러스,,06~09,encar,LPG,2.7,False,,5,,,기본형,,False,False
mf-002.md-033.sm-뉴오피러스.pw-lpg-2-7.tr-럭셔리,기아,002,국산,오피러스,033,뉴오피러스,,06~09,encar,LPG,2.7,False,,5,,,럭셔리,,False,False
mf-002.md-033.sm-뉴오피러스.pw-가솔린-2-7.tr-기본형,기아,002,국산,오피러스,033,뉴오피러스,,06~09,encar,가솔린,2.7,False,,5,,,기본형,,False,False
mf-002.md-033.sm-뉴오피러스.pw-가솔린-2-7.tr-럭셔리,기아,002,국산,오피러스,033,뉴오피러스,,06~09,encar,가솔린,2.7,False,,5,,,럭셔리,,False,False
mf-002.md-033.sm-오피러스.pw-가솔린-3-8.tr-프리미엄,기아,002,국산,오피러스,033,오피러스,,03~06,encar,가솔린,3.8,False,,5,,,프리미엄,,False,False
mf-002.md-073.sm-pv5.pw-전기.tr-베이직,기아,002,국산,PV5,073,PV5,,25~현재,encar,전기,,False,,5,,,베이직,,False,False
mf-002.md-073.sm-pv5.pw-전기.tr-플러스,기아,002,국산,PV5,073,PV5,,25~현재,encar,전기,,False,,5,,,플러스,,False,False
mf-002.md-073.sm-pv5.pw-전기.tr-롱레인지-베이직,기아,002,국산,PV5,073,PV5,,25~현재,encar,전기,,False,,2,,,롱레인지 베이직,,False,False
mf-002.md-073.sm-pv5.pw-전기.tr-스탠다드-베이직,기아,002,국산,PV5,073,PV5,,25~현재,encar,전기,,False,,2,,,스탠다드 베이직,,False,False
mf-002.md-072.sm-ev4.pw-전기-2wd.tr-gt-line,기아,002,국산,EV4,072,EV4,,25~현재,encar,전기,,False,2WD,5,,,GT LIne,,False,False
mf-002.md-072.sm-ev4.pw-전기-2wd.tr-어스,기아,002,국산,EV4,072,EV4,,25~현재,encar,전기,,False,2WD,5,,,어스,,False,False
mf-002.md-072.sm-ev4.pw-전기-2wd.tr-에어,기아,002,국산,EV4,072,EV4,,25~현재,encar,전기,,False,2WD,5,,,에어,,False,False
mf-002.md-074.sm-ev5.pw-전기-81-4-4wd.tr-어스,기아,002,국산,EV5,074,EV5,,25~현재,encar,전기,,False,4WD,5,81.4,420,어스,,False,False
mf-002.md-074.sm-ev5.pw-전기-2wd.tr-gt-line,기아,002,국산,EV5,074,EV5,,25~현재,encar,전기,,False,2WD,5,,,GT Line,,False,False
mf-002.md-074.sm-ev5.pw-전기-2wd.tr-어스,기아,002,국산,EV5,074,EV5,,25~현재,encar,전기,,False,2WD,5,,,어스,,False,False
mf-002.md-074.sm-ev5.pw-전기-2wd.tr-에어,기아,002,국산,EV5,074,EV5,,25~현재,encar,전기,,False,2WD,5,,,에어,,False,False
mf-002.md-009.sm-로체-이노베이션.pw-lpg-2-0.tr-고급형,기아,002,국산,로체,009,로체 이노베이션,,08~10,encar,LPG,2.0,False,,5,,,고급형,,False,False
mf-002.md-009.sm-로체-이노베이션.pw-lpg-2-0.tr-고급형-스페셜,기아,002,국산,로체,009,로체 이노베이션,,08~10,encar,LPG,2.0,False,,5,,,고급형 스페셜,,False,False
mf-002.md-009.sm-로체-이노베이션.pw-lpg-2-0.tr-기본형,기아,002,국산,로체,009,로체 이노베이션,,08~10,encar,LPG,2.0,False,,5,,,기본형,,False,False
mf-002.md-009.sm-로체-이노베이션.pw-lpg-2-0.tr-기본형-스페셜,기아,002,국산,로체,009,로체 이노베이션,,08~10,encar,LPG,2.0,False,,5,,,기본형 스페셜,,False,False
mf-002.md-009.sm-로체-이노베이션.pw-lpg-2-0.tr-최고급형-스페셜,기아,002,국산,로체,009,로체 이노베이션,,08~10,encar,LPG,2.0,False,,5,,,최고급형 스페셜,,False,False
mf-002.md-009.sm-로체-이노베이션.pw-가솔린-2-4.tr-프리미엄,기아,002,국산,로체,009,로체 이노베이션,,08~10,encar,가솔린,2.4,False,,5,,,프리미엄,,False,False
mf-002.md-009.sm-로체-이노베이션.pw-가솔린-2-0.tr-기본형,기아,002,국산,로체,009,로체 이노베이션,,08~10,encar,가솔린,2.0,False,,5,,,기본형,,False,False
mf-002.md-009.sm-로체-이노베이션.pw-가솔린-2-0.tr-최고급형,기아,002,국산,로체,009,로체 이노베이션,,08~10,encar,가솔린,2.0,False,,5,,,최고급형,,False,False
mf-002.md-009.sm-로체-어드밴스.pw-lpg-2-0.tr-lpi-lx20,기아,002,국산,로체,009,로체 어드밴스,,07~08,encar,LPG,2.0,False,,5,,,LPI LX20,,False,False
mf-002.md-009.sm-로체-어드밴스.pw-가솔린-1-8.tr-기본형,기아,002,국산,로체,009,로체 어드밴스,,07~08,encar,가솔린,1.8,False,,5,,,기본형,,False,False
mf-002.md-009.sm-로체.pw-가솔린-2-0.tr-기본형,기아,002,국산,로체,009,로체,,05~07,encar,가솔린,2.0,False,,5,,,기본형,,False,False
mf-002.md-009.sm-로체.pw-가솔린-1-8.tr-고급형,기아,002,국산,로체,009,로체,,05~07,encar,가솔린,1.8,False,,5,,,고급형,,False,False
mf-002.md-032.sm-엘란.pw-가솔린-1-8.tr-dohc,기아,002,국산,엘란,032,엘란,,96~00,encar,가솔린,1.8,False,,2,,,DOHC,,False,False
mf-002.md-018.sm-봉고iii-미니버스.pw-디젤-2-9.tr-ltd,기아,002,국산,봉고III 미니버스,018,봉고III 미니버스,,04~05,encar,디젤,2.9,False,,12,,,LTD,,False,False
mf-002.md-018.sm-봉고iii-미니버스.pw-디젤-3-0.tr-sdx,기아,002,국산,봉고III 미니버스,018,봉고III 미니버스,,04~05,encar,디젤,3.0,False,,6,,,SDX,,False,False
mf-002.md-018.sm-봉고iii-미니버스.pw-디젤-2-9.tr-sdx,기아,002,국산,봉고III 미니버스,018,봉고III 미니버스,,04~05,encar,디젤,2.9,False,,15,,,SDX,,False,False
mf-002.md-052.sm-뉴포텐샤.pw-가솔린-2-0.tr-기본,기아,002,국산,포텐샤,052,뉴포텐샤,,97~02,encar,가솔린,2.0,False,,5,,,기본,,False,False
mf-002.md-052.sm-포텐샤.pw-가솔린-2-0.tr-dohc,기아,002,국산,포텐샤,052,포텐샤,,92~97,encar,가솔린,2.0,False,,5,,,DOHC,,False,False
mf-002.md-039.sm-캐피탈.pw-가솔린-1-5.tr-lsdi,기아,002,국산,캐피탈,039,캐피탈,,89~96,encar,가솔린,1.5,False,,5,,,LSDi,,False,False
mf-002.md-039.sm-캐피탈.pw-가솔린-1-5.tr-dohc,기아,002,국산,캐피탈,039,캐피탈,,89~96,encar,가솔린,1.5,False,,5,,,DOHC,,False,False
mf-002.md-039.sm-캐피탈.pw-가솔린-1-5.tr-glx,기아,002,국산,캐피탈,039,캐피탈,,89~96,encar,가솔린,1.5,False,,5,,,GLX,,False,False
mf-002.md-024.sm-스펙트라.pw-가솔린-1-5.tr-고급형,기아,002,국산,스펙트라,024,스펙트라,,00~04,encar,가솔린,1.5,False,,5,,,고급형,,False,False
mf-002.md-026.sm-쎄라토.pw-가솔린-1-6.tr-slx,기아,002,국산,쎄라토,026,쎄라토,,03~06,encar,가솔린,1.6,False,,5,,,SLX,,False,False
mf-002.md-026.sm-쎄라토.pw-가솔린-1-6.tr-최고급,기아,002,국산,쎄라토,026,쎄라토,,03~06,encar,가솔린,1.6,False,,5,,,최고급,,False,False
mf-002.md-029.sm-아벨라.pw-가솔린-1-5.tr-ls-델타,기아,002,국산,아벨라,029,아벨라,,94~00,encar,가솔린,1.5,False,,5,,,LS 델타,,False,False
mf-002.md-029.sm-아벨라.pw-가솔린-1-3.tr-5dr-glxi,기아,002,국산,아벨라,029,아벨라,,94~00,encar,가솔린,1.3,False,,5,,,5DR GLXi,,False,False
mf-002.md-031.sm-엔터프라이즈.pw-가솔린-2-5.tr-sl,기아,002,국산,엔터프라이즈,031,엔터프라이즈,,97~02,encar,가솔린,2.5,False,,5,,,SL,,False,False
mf-002.md-038.sm-카스타.pw-lpg-2-0.tr-gx,기아,002,국산,카스타,038,카스타,,99~02,encar,LPG,2.0,False,,7,,,GX,,False,False
mf-002.md-038.sm-카스타.pw-lpg-2-0.tr-lx,기아,002,국산,카스타,038,카스타,,99~02,encar,LPG,2.0,False,,7,,,LX,,False,False
mf-002.md-043.sm-크레도스.pw-가솔린-2-0.tr-lx-di,기아,002,국산,크레도스,043,크레도스,,95~98,encar,가솔린,2.0,False,,5,,,LX Di,,False,False
mf-002.md-043.sm-크레도스.pw-가솔린-1-8.tr-vs-di,기아,002,국산,크레도스,043,크레도스,,95~98,encar,가솔린,1.8,False,,5,,,VS Di,,False,False
mf-002.md-011.sm-리갈.pw-가솔린-2-0.tr-고급형,기아,002,국산,리갈,011,리갈,,02~05,encar,가솔린,2.0,False,,5,,,고급형,,False,False
mf-002.md-020.sm-비스토.pw-가솔린-0-8.tr-기본형,기아,002,국산,비스토,020,비스토,,99~04,encar,가솔린,0.8,False,,5,,,기본형,,False,False
mf-002.md-봉고3.sm-봉고iii.pw-디젤-2-5-2wd.tr-l,기아,002,국산,봉고3,봉고3,봉고III,,04~현재,supplemental,디젤,2.5,False,2WD,,,,L,,False,False
mf-002.md-봉고3.sm-봉고iii.pw-디젤-2-5-2wd.tr-gl,기아,002,국산,봉고3,봉고3,봉고III,,04~현재,supplemental,디젤,2.5,False,2WD,,,,GL,,False,False
mf-002.md-봉고3.sm-봉고iii.pw-디젤-2-5-2wd.tr-gls,기아,002,국산,봉고3,봉고3,봉고III,,04~현재,supplemental,디젤,2.5,False,2WD,,,,GLS,,False,False
mf-002.md-봉고3.sm-봉고iii.pw-디젤-2-5-4wd.tr-l,기아,002,국산,봉고3,봉고3,봉고III,,04~현재,supplemental,디젤,2.5,False,4WD,,,,L,,False,False
mf-002.md-봉고3.sm-봉고iii.pw-디젤-2-5-4wd.tr-gl,기아,002,국산,봉고3,봉고3,봉고III,,04~현재,supplemental,디젤,2.5,False,4WD,,,,GL,,False,False
mf-002.md-봉고3.sm-봉고iii.pw-디젤-2-5-4wd.tr-gls,기아,002,국산,봉고3,봉고3,봉고III,,04~현재,supplemental,디젤,2.5,False,4WD,,,,GLS,,False,False
mf-002.md-봉고3.sm-봉고iii.pw-lpg-2-5-2wd.tr-l,기아,002,국산,봉고3,봉고3,봉고III,,04~현재,supplemental,LPG,2.5,False,2WD,,,,L,,False,False
mf-002.md-봉고3.sm-봉고iii.pw-lpg-2-5-2wd.tr-gl,기아,002,국산,봉고3,봉고3,봉고III,,04~현재,supplemental,LPG,2.5,False,2WD,,,,GL,,False,False
mf-002.md-봉고3.sm-봉고iii.pw-lpg-2-5-2wd.tr-gls,기아,002,국산,봉고3,봉고3,봉고III,,04~현재,supplemental,LPG,2.5,False,2WD,,,,GLS,,False,False
mf-002.md-봉고3.sm-봉고iii.pw-lpg-2-5-4wd.tr-l,기아,002,국산,봉고3,봉고3,봉고III,,04~현재,supplemental,LPG,2.5,False,4WD,,,,L,,False,False
mf-002.md-봉고3.sm-봉고iii.pw-lpg-2-5-4wd.tr-gl,기아,002,국산,봉고3,봉고3,봉고III,,04~현재,supplemental,LPG,2.5,False,4WD,,,,GL,,False,False
mf-002.md-봉고3.sm-봉고iii.pw-lpg-2-5-4wd.tr-gls,기아,002,국산,봉고3,봉고3,봉고III,,04~현재,supplemental,LPG,2.5,False,4WD,,,,GLS,,False,False
mf-002.md-봉고3.sm-봉고iii.pw-전기-2wd.tr-l,기아,002,국산,봉고3,봉고3,봉고III,,04~현재,supplemental,전기,,False,2WD,,,,L,,False,False
mf-002.md-봉고3.sm-봉고iii.pw-전기-2wd.tr-gl,기아,002,국산,봉고3,봉고3,봉고III,,04~현재,supplemental,전기,,False,2WD,,,,GL,,False,False
mf-002.md-봉고3.sm-봉고iii.pw-전기-2wd.tr-gls,기아,002,국산,봉고3,봉고3,봉고III,,04~현재,supplemental,전기,,False,2WD,,,,GLS,,False,False
mf-001.md-004.sm-gn7.pw-가솔린-2-5-2wd.tr-프리미엄,현대,001,국산,그랜저,004,더 뉴 그랜저 GN7,GN7,26~현재,welrix,가솔린,2.5,False,2WD,,,,프리미엄,4250,False,False
mf-001.md-004.sm-gn7.pw-가솔린-2-5-2wd.tr-익스클루시브,현대,001,국산,그랜저,004,더 뉴 그랜저 GN7,GN7,26~현재,welrix,가솔린,2.5,False,2WD,,,,익스클루시브,4700,False,False
mf-001.md-004.sm-gn7.pw-가솔린-2-5-2wd.tr-캘리그래피,현대,001,국산,그랜저,004,더 뉴 그랜저 GN7,GN7,26~현재,welrix,가솔린,2.5,False,2WD,,,,캘리그래피,5317,False,False
mf-001.md-004.sm-gn7.pw-가솔린-3-5-2wd.tr-프리미엄,현대,001,국산,그랜저,004,더 뉴 그랜저 GN7,GN7,26~현재,welrix,가솔린,3.5,False,2WD,,,,프리미엄,4497,False,False
mf-001.md-004.sm-gn7.pw-가솔린-3-5-2wd.tr-익스클루시브,현대,001,국산,그랜저,004,더 뉴 그랜저 GN7,GN7,26~현재,welrix,가솔린,3.5,False,2WD,,,,익스클루시브,4947,False,False
mf-001.md-004.sm-gn7.pw-가솔린-3-5-2wd.tr-캘리그래피,현대,001,국산,그랜저,004,더 뉴 그랜저 GN7,GN7,26~현재,welrix,가솔린,3.5,False,2WD,,,,캘리그래피,5564,False,False
mf-001.md-004.sm-gn7.pw-가솔린-3-5-4wd.tr-프리미엄,현대,001,국산,그랜저,004,더 뉴 그랜저 GN7,GN7,26~현재,welrix,가솔린,3.5,False,4WD,,,,프리미엄,4717,False,False
mf-001.md-004.sm-gn7.pw-가솔린-3-5-4wd.tr-익스클루시브,현대,001,국산,그랜저,004,더 뉴 그랜저 GN7,GN7,26~현재,welrix,가솔린,3.5,False,4WD,,,,익스클루시브,5167,False,False
mf-001.md-004.sm-gn7.pw-가솔린-3-5-4wd.tr-캘리그래피,현대,001,국산,그랜저,004,더 뉴 그랜저 GN7,GN7,26~현재,welrix,가솔린,3.5,False,4WD,,,,캘리그래피,5784,False,False
mf-001.md-004.sm-gn7.pw-lpg-3-5-2wd.tr-프리미엄,현대,001,국산,그랜저,004,더 뉴 그랜저 GN7,GN7,26~현재,welrix,LPG,3.5,False,2WD,,,,프리미엄,4398,False,False
mf-001.md-004.sm-gn7.pw-lpg-3-5-2wd.tr-익스클루시브,현대,001,국산,그랜저,004,더 뉴 그랜저 GN7,GN7,26~현재,welrix,LPG,3.5,False,2WD,,,,익스클루시브,4848,False,False
mf-001.md-004.sm-gn7.pw-하이브리드-1-6-2wd.tr-프리미엄,현대,001,국산,그랜저,004,더 뉴 그랜저 GN7,GN7,26~현재,welrix,하이브리드,1.6,False,2WD,,,,프리미엄,4939,False,False
mf-001.md-004.sm-gn7.pw-하이브리드-1-6-2wd.tr-익스클루시브,현대,001,국산,그랜저,004,더 뉴 그랜저 GN7,GN7,26~현재,welrix,하이브리드,1.6,False,2WD,,,,익스클루시브,5389,False,False
mf-001.md-004.sm-gn7.pw-하이브리드-1-6-2wd.tr-캘리그래피,현대,001,국산,그랜저,004,더 뉴 그랜저 GN7,GN7,26~현재,welrix,하이브리드,1.6,False,2WD,,,,캘리그래피,6006,False,False
mf-001.md-004.sm-gn7.pw-가솔린-2-5-2wd.tr-프리미엄,현대,001,국산,그랜저,004,그랜저 GN7,GN7,22~26,encar,가솔린,2.5,False,2WD,5,,,프리미엄,4354,False,False
mf-001.md-004.sm-gn7.pw-가솔린-2-5-2wd.tr-익스클루시브,현대,001,국산,그랜저,004,그랜저 GN7,GN7,22~26,encar,가솔린,2.5,False,2WD,5,,,익스클루시브,4843,False,False
mf-001.md-004.sm-gn7.pw-가솔린-2-5-2wd.tr-아너스,현대,001,국산,그랜저,004,그랜저 GN7,GN7,22~26,encar,가솔린,2.5,False,2WD,5,,,아너스,5069,False,False
mf-001.md-004.sm-gn7.pw-가솔린-2-5-2wd.tr-캘리그래피,현대,001,국산,그랜저,004,그랜저 GN7,GN7,22~26,encar,가솔린,2.5,False,2WD,5,,,캘리그래피,5266,False,False
mf-001.md-004.sm-gn7.pw-가솔린-3-5-4wd.tr-프리미엄,현대,001,국산,그랜저,004,그랜저 GN7,GN7,22~26,encar,가솔린,3.5,False,4WD,5,,,프리미엄,4354,False,False
mf-001.md-004.sm-gn7.pw-가솔린-3-5-4wd.tr-익스클루시브,현대,001,국산,그랜저,004,그랜저 GN7,GN7,22~26,encar,가솔린,3.5,False,4WD,5,,,익스클루시브,4843,False,False
mf-001.md-004.sm-gn7.pw-가솔린-3-5-4wd.tr-캘리그래피,현대,001,국산,그랜저,004,그랜저 GN7,GN7,22~26,encar,가솔린,3.5,False,4WD,5,,,캘리그래피,5266,False,False
mf-001.md-004.sm-gn7.pw-가솔린-3-5-2wd.tr-프리미엄,현대,001,국산,그랜저,004,그랜저 GN7,GN7,22~26,encar,가솔린,3.5,False,2WD,5,,,프리미엄,4354,False,False
mf-001.md-004.sm-gn7.pw-가솔린-3-5-2wd.tr-익스클루시브,현대,001,국산,그랜저,004,그랜저 GN7,GN7,22~26,encar,가솔린,3.5,False,2WD,5,,,익스클루시브,4843,False,False
mf-001.md-004.sm-gn7.pw-가솔린-3-5-2wd.tr-캘리그래피,현대,001,국산,그랜저,004,그랜저 GN7,GN7,22~26,encar,가솔린,3.5,False,2WD,5,,,캘리그래피,5266,False,False
mf-001.md-004.sm-gn7.pw-lpg-3-5-2wd.tr-고급형,현대,001,국산,그랜저,004,그랜저 GN7,GN7,22~26,encar,LPG,3.5,False,2WD,5,,,고급형,,True,False
mf-001.md-004.sm-gn7.pw-lpg-3-5-2wd.tr-프리미엄,현대,001,국산,그랜저,004,그랜저 GN7,GN7,22~26,encar,LPG,3.5,False,2WD,5,,,프리미엄,4354,False,False
mf-001.md-004.sm-gn7.pw-lpg-3-5-2wd.tr-프리미엄-플러스,현대,001,국산,그랜저,004,그랜저 GN7,GN7,22~26,encar,LPG,3.5,False,2WD,5,,,프리미엄 플러스,,False,False
mf-001.md-004.sm-gn7.pw-lpg-3-5-2wd.tr-익스클루시브,현대,001,국산,그랜저,004,그랜저 GN7,GN7,22~26,encar,LPG,3.5,False,2WD,5,,,익스클루시브,4843,False,False
mf-001.md-004.sm-gn7.pw-하이브리드-1-6.tr-프리미엄,현대,001,국산,그랜저,004,그랜저 GN7,GN7,22~26,encar,하이브리드,1.6,False,,5,,,프리미엄,4354,False,False
mf-001.md-004.sm-gn7.pw-하이브리드-1-6.tr-익스클루시브,현대,001,국산,그랜저,004,그랜저 GN7,GN7,22~26,encar,하이브리드,1.6,False,,5,,,익스클루시브,4843,False,False
mf-001.md-004.sm-gn7.pw-하이브리드-1-6.tr-아너스,현대,001,국산,그랜저,004,그랜저 GN7,GN7,22~26,encar,하이브리드,1.6,False,,5,,,아너스,5069,False,False
mf-001.md-004.sm-gn7.pw-하이브리드-1-6.tr-캘리그래피,현대,001,국산,그랜저,004,그랜저 GN7,GN7,22~26,encar,하이브리드,1.6,False,,5,,,캘리그래피,5266,False,False
mf-001.md-004.sm-ig.pw-가솔린-2-5.tr-프리미엄,현대,001,국산,그랜저,004,더 뉴 그랜저 IG,IG,19~22,encar,가솔린,2.5,False,,5,,,프리미엄,4354,False,False
mf-001.md-004.sm-ig.pw-가솔린-2-5.tr-프리미엄-초이스,현대,001,국산,그랜저,004,더 뉴 그랜저 IG,IG,19~22,encar,가솔린,2.5,False,,5,,,프리미엄 초이스,,False,False
mf-001.md-004.sm-ig.pw-가솔린-2-5.tr-르블랑,현대,001,국산,그랜저,004,더 뉴 그랜저 IG,IG,19~22,encar,가솔린,2.5,False,,5,,,르블랑,4595,False,True
mf-001.md-004.sm-ig.pw-가솔린-2-5.tr-익스클루시브,현대,001,국산,그랜저,004,더 뉴 그랜저 IG,IG,19~22,encar,가솔린,2.5,False,,5,,,익스클루시브,4843,False,False
mf-001.md-004.sm-ig.pw-가솔린-2-5.tr-캘리그래피,현대,001,국산,그랜저,004,더 뉴 그랜저 IG,IG,19~22,encar,가솔린,2.5,False,,5,,,캘리그래피,5266,False,False
mf-001.md-004.sm-ig.pw-가솔린-3-3.tr-프리미엄,현대,001,국산,그랜저,004,더 뉴 그랜저 IG,IG,19~22,encar,가솔린,3.3,False,,5,,,프리미엄,4354,False,False
mf-001.md-004.sm-ig.pw-가솔린-3-3.tr-프리미엄-초이스,현대,001,국산,그랜저,004,더 뉴 그랜저 IG,IG,19~22,encar,가솔린,3.3,False,,5,,,프리미엄 초이스,,False,False
mf-001.md-004.sm-ig.pw-가솔린-3-3.tr-르블랑,현대,001,국산,그랜저,004,더 뉴 그랜저 IG,IG,19~22,encar,가솔린,3.3,False,,5,,,르블랑,4595,False,True
mf-001.md-004.sm-ig.pw-가솔린-3-3.tr-익스클루시브,현대,001,국산,그랜저,004,더 뉴 그랜저 IG,IG,19~22,encar,가솔린,3.3,False,,5,,,익스클루시브,4843,False,False
mf-001.md-004.sm-ig.pw-가솔린-3-3.tr-캘리그래피,현대,001,국산,그랜저,004,더 뉴 그랜저 IG,IG,19~22,encar,가솔린,3.3,False,,5,,,캘리그래피,5266,False,False
mf-001.md-004.sm-ig.pw-lpg-3-0.tr-모범형,현대,001,국산,그랜저,004,더 뉴 그랜저 IG,IG,19~22,encar,LPG,3.0,False,,5,,,모범형,,True,False
mf-001.md-004.sm-ig.pw-lpg-3-0.tr-모던,현대,001,국산,그랜저,004,더 뉴 그랜저 IG,IG,19~22,encar,LPG,3.0,False,,5,,,모던,,False,False
mf-001.md-004.sm-ig.pw-lpg-3-0.tr-프리미엄,현대,001,국산,그랜저,004,더 뉴 그랜저 IG,IG,19~22,encar,LPG,3.0,False,,5,,,프리미엄,4354,False,False
mf-001.md-004.sm-ig.pw-lpg-3-0.tr-프리미엄-초이스,현대,001,국산,그랜저,004,더 뉴 그랜저 IG,IG,19~22,encar,LPG,3.0,False,,5,,,프리미엄 초이스,,False,False
mf-001.md-004.sm-ig.pw-lpg-3-0.tr-익스클루시브,현대,001,국산,그랜저,004,더 뉴 그랜저 IG,IG,19~22,encar,LPG,3.0,False,,5,,,익스클루시브,4843,False,False
mf-001.md-004.sm-ig.pw-하이브리드-2-4.tr-프리미엄,현대,001,국산,그랜저,004,더 뉴 그랜저 IG,IG,19~22,encar,하이브리드,2.4,False,,5,,,프리미엄,4354,False,False
mf-001.md-004.sm-ig.pw-하이브리드-2-4.tr-프리미엄-초이스,현대,001,국산,그랜저,004,더 뉴 그랜저 IG,IG,19~22,encar,하이브리드,2.4,False,,5,,,프리미엄 초이스,,False,False
mf-001.md-004.sm-ig.pw-하이브리드-2-4.tr-르블랑,현대,001,국산,그랜저,004,더 뉴 그랜저 IG,IG,19~22,encar,하이브리드,2.4,False,,5,,,르블랑,4595,False,True
mf-001.md-004.sm-ig.pw-하이브리드-2-4.tr-익스클루시브,현대,001,국산,그랜저,004,더 뉴 그랜저 IG,IG,19~22,encar,하이브리드,2.4,False,,5,,,익스클루시브,4843,False,False
mf-001.md-004.sm-ig.pw-하이브리드-2-4.tr-캘리그래피,현대,001,국산,그랜저,004,더 뉴 그랜저 IG,IG,19~22,encar,하이브리드,2.4,False,,5,,,캘리그래피,5266,False,False
mf-001.md-004.sm-ig.pw-가솔린-3-0.tr-세부등급-없음,현대,001,국산,그랜저,004,그랜저 IG,IG,16~19,encar,가솔린,3.0,False,,5,,,(세부등급 없음),,False,False
mf-001.md-004.sm-ig.pw-가솔린-3-0.tr-모던-베이직-렌터카,현대,001,국산,그랜저,004,그랜저 IG,IG,16~19,encar,가솔린,3.0,False,,5,,,모던 베이직 (렌터카),,True,False
mf-001.md-004.sm-ig.pw-가솔린-3-0.tr-스페셜,현대,001,국산,그랜저,004,그랜저 IG,IG,16~19,encar,가솔린,3.0,False,,5,,,스페셜,,False,False
mf-001.md-004.sm-ig.pw-가솔린-2-4.tr-세부등급-없음,현대,001,국산,그랜저,004,그랜저 IG,IG,16~19,encar,가솔린,2.4,False,,5,,,(세부등급 없음),,False,False
mf-001.md-004.sm-ig.pw-가솔린-2-4.tr-모던,현대,001,국산,그랜저,004,그랜저 IG,IG,16~19,encar,가솔린,2.4,False,,5,,,모던,,False,False
mf-001.md-004.sm-ig.pw-가솔린-2-4.tr-스페셜,현대,001,국산,그랜저,004,그랜저 IG,IG,16~19,encar,가솔린,2.4,False,,5,,,스페셜,,False,False
mf-001.md-004.sm-ig.pw-lpg-3-0.tr-모범형,현대,001,국산,그랜저,004,그랜저 IG,IG,16~19,encar,LPG,3.0,False,,5,,,모범형,,True,False
mf-001.md-004.sm-ig.pw-lpg-3-0.tr-lpi-모던-렌터카,현대,001,국산,그랜저,004,그랜저 IG,IG,16~19,encar,LPG,3.0,False,,5,,,LPI 모던 (렌터카),,True,False
mf-001.md-004.sm-ig.pw-lpg-3-0.tr-lpi-모던,현대,001,국산,그랜저,004,그랜저 IG,IG,16~19,encar,LPG,3.0,False,,5,,,LPI 모던,,False,False
mf-001.md-004.sm-ig.pw-lpg-3-0.tr-lpi-익스클루시브-렌터카,현대,001,국산,그랜저,004,그랜저 IG,IG,16~19,encar,LPG,3.0,False,,5,,,LPI 익스클루시브 (렌터카),,True,False
mf-001.md-004.sm-ig.pw-디젤-2-2.tr-세부등급-없음,현대,001,국산,그랜저,004,그랜저 IG,IG,16~19,encar,디젤,2.2,False,,5,,,(세부등급 없음),,False,False
mf-001.md-004.sm-ig.pw-디젤-2-2.tr-스페셜,현대,001,국산,그랜저,004,그랜저 IG,IG,16~19,encar,디젤,2.2,False,,5,,,스페셜,,False,False
mf-001.md-004.sm-ig.pw-가솔린-3-3.tr-셀러브리티,현대,001,국산,그랜저,004,그랜저 IG,IG,16~19,encar,가솔린,3.3,False,,5,,,셀러브리티,,False,True
mf-001.md-004.sm-ig.pw-하이브리드-2-4.tr-세부등급-없음,현대,001,국산,그랜저,004,그랜저 IG,IG,16~19,encar,하이브리드,2.4,False,,5,,,(세부등급 없음),,False,False
mf-001.md-004.sm-ig.pw-하이브리드-2-4.tr-스페셜,현대,001,국산,그랜저,004,그랜저 IG,IG,16~19,encar,하이브리드,2.4,False,,5,,,스페셜,,False,False
mf-001.md-004.sm-ig.pw-하이브리드-2-4.tr-프리미엄,현대,001,국산,그랜저,004,그랜저 IG,IG,16~19,encar,하이브리드,2.4,False,,5,,,프리미엄,4354,False,False
mf-001.md-004.sm-hg.pw-가솔린-2-4.tr-hg240-모던,현대,001,국산,그랜저,004,그랜저 HG,HG,11~16,encar,가솔린,2.4,False,,5,,,HG240 모던,2922,False,False
mf-001.md-004.sm-hg.pw-가솔린-2-4.tr-hg240-럭셔리,현대,001,국산,그랜저,004,그랜저 HG,HG,11~16,encar,가솔린,2.4,False,,5,,,HG240 럭셔리,3100,False,False
mf-001.md-004.sm-hg.pw-가솔린-2-4.tr-hg240-모던-컬렉션,현대,001,국산,그랜저,004,그랜저 HG,HG,11~16,encar,가솔린,2.4,False,,5,,,HG240 모던 컬렉션,3033,False,False
mf-001.md-004.sm-hg.pw-가솔린-3-0.tr-hg300-로얄,현대,001,국산,그랜저,004,그랜저 HG,HG,11~16,encar,가솔린,3.0,False,,5,,,HG300 로얄,,False,False
mf-001.md-004.sm-hg.pw-가솔린-3-0.tr-hg300-프리미엄,현대,001,국산,그랜저,004,그랜저 HG,HG,11~16,encar,가솔린,3.0,False,,5,,,HG300 프리미엄,3416,False,False
mf-001.md-004.sm-hg.pw-가솔린-3-0.tr-hg300-노블,현대,001,국산,그랜저,004,그랜저 HG,HG,11~16,encar,가솔린,3.0,False,,5,,,HG300 노블,,False,False
mf-001.md-004.sm-hg.pw-가솔린-3-0.tr-hg300-프라임,현대,001,국산,그랜저,004,그랜저 HG,HG,11~16,encar,가솔린,3.0,False,,5,,,HG300 프라임,,False,False
mf-001.md-004.sm-hg.pw-가솔린-3-0.tr-hg300-익스클루시브,현대,001,국산,그랜저,004,그랜저 HG,HG,11~16,encar,가솔린,3.0,False,,5,,,HG300 익스클루시브,3838,False,False
mf-001.md-004.sm-hg.pw-가솔린-3-0.tr-hg300-익스클루시브-스페셜,현대,001,국산,그랜저,004,그랜저 HG,HG,11~16,encar,가솔린,3.0,False,,5,,,HG300 익스클루시브 스페셜,3900,False,True
mf-001.md-004.sm-hg.pw-디젤-2-2.tr-hg220-모던,현대,001,국산,그랜저,004,그랜저 HG,HG,11~16,encar,디젤,2.2,False,,5,,,HG220 모던,3100,False,False
mf-001.md-004.sm-hg.pw-디젤-2-2.tr-hg220-프리미엄,현대,001,국산,그랜저,004,그랜저 HG,HG,11~16,encar,디젤,2.2,False,,5,,,HG220 프리미엄,3400,False,False
mf-001.md-004.sm-hg.pw-디젤-2-2.tr-hg220-프리미엄-컬렉션,현대,001,국산,그랜저,004,그랜저 HG,HG,11~16,encar,디젤,2.2,False,,5,,,HG220 프리미엄 컬렉션,3578,False,False
mf-001.md-004.sm-hg.pw-lpg-3-0.tr-hg300-장애인용,현대,001,국산,그랜저,004,그랜저 HG,HG,11~16,encar,LPG,3.0,False,,5,,,HG300 장애인용,,True,False
mf-001.md-004.sm-hg.pw-lpg-3-0.tr-hg300-택시형,현대,001,국산,그랜저,004,그랜저 HG,HG,11~16,encar,LPG,3.0,False,,5,,,HG300 택시형,,True,False
mf-001.md-004.sm-hg.pw-lpg-3-0.tr-hg300-모던,현대,001,국산,그랜저,004,그랜저 HG,HG,11~16,encar,LPG,3.0,False,,5,,,HG300 모던,3200,False,False
mf-001.md-004.sm-hg.pw-lpg-3-0.tr-hg300-프리미엄,현대,001,국산,그랜저,004,그랜저 HG,HG,11~16,encar,LPG,3.0,False,,5,,,HG300 프리미엄,3416,False,False
mf-001.md-004.sm-hg.pw-lpg-3-0.tr-hg300-프라임,현대,001,국산,그랜저,004,그랜저 HG,HG,11~16,encar,LPG,3.0,False,,5,,,HG300 프라임,,False,False
mf-001.md-004.sm-hg.pw-lpg-3-0.tr-hg300-이그제큐티브,현대,001,국산,그랜저,004,그랜저 HG,HG,11~16,encar,LPG,3.0,False,,5,,,HG300 이그제큐티브,,False,False
mf-001.md-004.sm-hg.pw-lpg-3-0.tr-hg300-익스클루시브,현대,001,국산,그랜저,004,그랜저 HG,HG,11~16,encar,LPG,3.0,False,,5,,,HG300 익스클루시브,3838,False,False
mf-001.md-004.sm-hg.pw-가솔린-3-3.tr-hg330-셀러브리티,현대,001,국산,그랜저,004,그랜저 HG,HG,11~16,encar,가솔린,3.3,False,,5,,,HG330 셀러브리티,4200,False,True
mf-001.md-004.sm-hg.pw-하이브리드-2-4.tr-프리미엄,현대,001,국산,그랜저,004,그랜저 HG,HG,11~16,encar,하이브리드,2.4,False,,5,,,프리미엄,4354,False,False
mf-001.md-004.sm-hg.pw-하이브리드-2-4.tr-프리미엄-컬렉션,현대,001,국산,그랜저,004,그랜저 HG,HG,11~16,encar,하이브리드,2.4,False,,5,,,프리미엄 컬렉션,,False,False
mf-001.md-004.sm-tg.pw-lpg-2-7.tr-lpi-q270-모범형,현대,001,국산,그랜저,004,더 럭셔리 그랜저 TG,TG,09~11,encar,LPG,2.7,False,,5,,,LPI Q270 모범형,,True,False
mf-001.md-004.sm-tg.pw-lpg-2-7.tr-lpi-q270-장애인용,현대,001,국산,그랜저,004,더 럭셔리 그랜저 TG,TG,09~11,encar,LPG,2.7,False,,5,,,LPI Q270 장애인용,,True,False
mf-001.md-004.sm-tg.pw-lpg-2-7.tr-lpi-q270,현대,001,국산,그랜저,004,더 럭셔리 그랜저 TG,TG,09~11,encar,LPG,2.7,False,,5,,,LPI Q270,2700,False,False
mf-001.md-004.sm-tg.pw-lpg-2-7.tr-lpi-q270-팩1,현대,001,국산,그랜저,004,더 럭셔리 그랜저 TG,TG,09~11,encar,LPG,2.7,False,,5,,,LPI Q270 팩1,,False,False
mf-001.md-004.sm-tg.pw-lpg-2-7.tr-lpi-q270-팩2,현대,001,국산,그랜저,004,더 럭셔리 그랜저 TG,TG,09~11,encar,LPG,2.7,False,,5,,,LPI Q270 팩2,,False,False
mf-001.md-004.sm-tg.pw-가솔린-2-7.tr-기본형,현대,001,국산,그랜저,004,더 럭셔리 그랜저 TG,TG,09~11,encar,가솔린,2.7,False,,5,,,기본형,,False,False
mf-001.md-004.sm-tg.pw-가솔린-2-7.tr-q270-디럭스,현대,001,국산,그랜저,004,더 럭셔리 그랜저 TG,TG,09~11,encar,가솔린,2.7,False,,5,,,Q270 디럭스,3000,False,False
mf-001.md-004.sm-tg.pw-가솔린-2-7.tr-럭셔리-ii,현대,001,국산,그랜저,004,더 럭셔리 그랜저 TG,TG,09~11,encar,가솔린,2.7,False,,5,,,럭셔리 II,,False,False
mf-001.md-004.sm-tg.pw-가솔린-2-4.tr-q240-기본형,현대,001,국산,그랜저,004,더 럭셔리 그랜저 TG,TG,09~11,encar,가솔린,2.4,False,,5,,,Q240 기본형,2700,False,False
mf-001.md-004.sm-tg.pw-가솔린-2-4.tr-q240-디럭스,현대,001,국산,그랜저,004,더 럭셔리 그랜저 TG,TG,09~11,encar,가솔린,2.4,False,,5,,,Q240 디럭스,2900,False,False
mf-001.md-004.sm-tg.pw-가솔린-2-4.tr-q240-디럭스,현대,001,국산,그랜저,004,그랜저 뉴 럭셔리 TG,TG,08~09,encar,가솔린,2.4,False,,5,,,Q240 디럭스,2900,False,False
mf-001.md-004.sm-tg.pw-lpg-2-7.tr-lpi-q270-개인형,현대,001,국산,그랜저,004,그랜저 뉴 럭셔리 TG,TG,08~09,encar,LPG,2.7,False,,5,,,LPI Q270 개인형,,False,False
mf-001.md-004.sm-tg.pw-lpg-2-7.tr-lpi-q270-모범형,현대,001,국산,그랜저,004,그랜저 뉴 럭셔리 TG,TG,08~09,encar,LPG,2.7,False,,5,,,LPI Q270 모범형,,True,False
mf-001.md-004.sm-tg.pw-lpg-2-7.tr-lpi-q270-장애인용,현대,001,국산,그랜저,004,그랜저 뉴 럭셔리 TG,TG,08~09,encar,LPG,2.7,False,,5,,,LPI Q270 장애인용,,True,False
mf-001.md-004.sm-tg.pw-lpg-2-7.tr-lpi-q270-팩1,현대,001,국산,그랜저,004,그랜저 뉴 럭셔리 TG,TG,08~09,encar,LPG,2.7,False,,5,,,LPI Q270 팩1,,False,False
mf-001.md-004.sm-tg.pw-lpg-2-7.tr-lpi-q270-팩2,현대,001,국산,그랜저,004,그랜저 뉴 럭셔리 TG,TG,08~09,encar,LPG,2.7,False,,5,,,LPI Q270 팩2,,False,False
mf-001.md-004.sm-tg.pw-가솔린-2-7.tr-기본형,현대,001,국산,그랜저,004,그랜저 뉴 럭셔리 TG,TG,08~09,encar,가솔린,2.7,False,,5,,,기본형,,False,False
mf-001.md-004.sm-tg.pw-가솔린-2-7.tr-q270-디럭스,현대,001,국산,그랜저,004,그랜저 뉴 럭셔리 TG,TG,08~09,encar,가솔린,2.7,False,,5,,,Q270 디럭스,3000,False,False
mf-001.md-004.sm-tg.pw-가솔린-2-7.tr-스마트팩,현대,001,국산,그랜저,004,그랜저 뉴 럭셔리 TG,TG,08~09,encar,가솔린,2.7,False,,5,,,스마트팩,,False,False
mf-001.md-004.sm-tg.pw-가솔린-3-3.tr-메모리팩,현대,001,국산,그랜저,004,그랜저 뉴 럭셔리 TG,TG,08~09,encar,가솔린,3.3,False,,5,,,메모리팩,,False,False
mf-001.md-004.sm-tg.pw-가솔린-2-4.tr-기본형,현대,001,국산,그랜저,004,그랜저 TG,TG,05~08,encar,가솔린,2.4,False,,5,,,기본형,,False,False
mf-001.md-004.sm-tg.pw-가솔린-2-7.tr-기본형,현대,001,국산,그랜저,004,그랜저 TG,TG,05~08,encar,가솔린,2.7,False,,5,,,기본형,,False,False
mf-001.md-004.sm-tg.pw-가솔린-2-7.tr-스마트팩,현대,001,국산,그랜저,004,그랜저 TG,TG,05~08,encar,가솔린,2.7,False,,5,,,스마트팩,,False,False
mf-001.md-004.sm-tg.pw-lpg-2-7.tr-lpi-q270-모범형,현대,001,국산,그랜저,004,그랜저 TG,TG,05~08,encar,LPG,2.7,False,,5,,,LPI Q270 모범형,,True,False
mf-001.md-004.sm-tg.pw-lpg-2-7.tr-lpi-q270-장애인용,현대,001,국산,그랜저,004,그랜저 TG,TG,05~08,encar,LPG,2.7,False,,5,,,LPI Q270 장애인용,,True,False
mf-001.md-004.sm-tg.pw-가솔린-3-8.tr-아제라-수출형,현대,001,국산,그랜저,004,그랜저 TG,TG,05~08,encar,가솔린,3.8,False,,,,,아제라 (수출형),,False,True
mf-001.md-004.sm-xg.pw-가솔린-2-5.tr-기본형,현대,001,국산,그랜저,004,뉴 그랜저 XG,XG,02~05,encar,가솔린,2.5,False,,5,,,기본형,,False,False
mf-001.md-004.sm-xg.pw-가솔린-2-0.tr-기본형,현대,001,국산,그랜저,004,뉴 그랜저 XG,XG,02~05,encar,가솔린,2.0,False,,5,,,기본형,,False,False
mf-001.md-004.sm-xg.pw-가솔린-2-0.tr-고급형,현대,001,국산,그랜저,004,뉴 그랜저 XG,XG,02~05,encar,가솔린,2.0,False,,5,,,고급형,,False,False
mf-001.md-004.sm-xg.pw-가솔린-3-0.tr-슈퍼형,현대,001,국산,그랜저,004,뉴 그랜저 XG,XG,02~05,encar,가솔린,3.0,False,,5,,,슈퍼형,,False,False
mf-001.md-004.sm-xg.pw-lpg-2-7.tr-기본형,현대,001,국산,그랜저,004,뉴 그랜저 XG,XG,02~05,encar,LPG,2.7,False,,5,,,기본형,,False,False
mf-001.md-004.sm-xg.pw-가솔린-3-5.tr-수출형,현대,001,국산,그랜저,004,뉴 그랜저 XG,XG,02~05,encar,가솔린,3.5,False,,5,,,(수출형),,False,True
mf-001.md-004.sm-xg.pw-가솔린-2-5.tr-기본형,현대,001,국산,그랜저,004,그랜저 XG,XG,98~02,encar,가솔린,2.5,False,,5,,,기본형,,False,False
mf-001.md-004.sm-lx.pw-가솔린-2-0.tr-dohc,현대,001,국산,그랜저,004,뉴 그랜저 LX,LX,92~98,encar,가솔린,2.0,False,,,,,DOHC,,False,False
mf-001.md-004.sm-lx.pw-가솔린-2-0.tr-이그제큐티브,현대,001,국산,그랜저,004,뉴 그랜저 LX,LX,92~98,encar,가솔린,2.0,False,,,,,이그제큐티브,,False,False
mf-001.md-004.sm-lx.pw-가솔린-3-0.tr-골드,현대,001,국산,그랜저,004,뉴 그랜저 LX,LX,92~98,encar,가솔린,3.0,False,,5,,,골드,,False,False
mf-001.md-004.sm-lx.pw-가솔린-2-5.tr-v6,현대,001,국산,그랜저,004,뉴 그랜저 LX,LX,92~98,encar,가솔린,2.5,False,,5,,,V6,,False,False
mf-001.md-004.sm-lx.pw-가솔린-2-4.tr-exe,현대,001,국산,그랜저,004,뉴 그랜저 LX,LX,92~98,encar,가솔린,2.4,False,,5,,,EXE,,False,False
mf-001.md-004.sm-l.pw-가솔린-2-4.tr-기본,현대,001,국산,그랜저,004,그랜저 L,L,86~92,encar,가솔린,2.4,False,,5,,,기본,,False,False
mf-001.md-004.sm-l.pw-가솔린-2-0.tr-기본,현대,001,국산,그랜저,004,그랜저 L,L,86~92,encar,가솔린,2.0,False,,5,,,기본,,False,False
mf-001.md-004.sm-l.pw-가솔린-3-0.tr-v6,현대,001,국산,그랜저,004,그랜저 L,L,86~92,encar,가솔린,3.0,False,,5,,,V6,,False,False
mf-001.md-017.sm-mx5.pw-가솔린-2-5-2wd.tr-익스클루시브,현대,001,국산,싼타페,017,디 올 뉴 싼타페 MX5,MX5,23~현재,encar,가솔린,2.5,False,2WD,5,,,익스클루시브,3543,False,False
mf-001.md-017.sm-mx5.pw-가솔린-2-5-2wd.tr-프레스티지,현대,001,국산,싼타페,017,디 올 뉴 싼타페 MX5,MX5,23~현재,encar,가솔린,2.5,False,2WD,5,,,프레스티지,3794,False,False
mf-001.md-017.sm-mx5.pw-가솔린-2-5-2wd.tr-프레스티지-플러스-mx5-2025년형-정상-트림,현대,001,국산,싼타페,017,디 올 뉴 싼타페 MX5,MX5,23~현재,encar,가솔린,2.5,False,2WD,5,,,"프레스티지 플러스 (MX5 2025년형, 정상 트림)",4713,False,False
mf-001.md-017.sm-mx5.pw-가솔린-2-5-2wd.tr-캘리그래피,현대,001,국산,싼타페,017,디 올 뉴 싼타페 MX5,MX5,23~현재,encar,가솔린,2.5,False,2WD,5,,,캘리그래피,4542,False,False
mf-001.md-017.sm-mx5.pw-하이브리드-1-6-2wd.tr-익스클루시브,현대,001,국산,싼타페,017,디 올 뉴 싼타페 MX5,MX5,23~현재,encar,하이브리드,1.6,False,2WD,5,,,익스클루시브,3543,False,False
mf-001.md-017.sm-mx5.pw-하이브리드-1-6-2wd.tr-프레스티지,현대,001,국산,싼타페,017,디 올 뉴 싼타페 MX5,MX5,23~현재,encar,하이브리드,1.6,False,2WD,5,,,프레스티지,3794,False,False
mf-001.md-017.sm-mx5.pw-하이브리드-1-6-2wd.tr-프레스티지-플러스-mx5-2025년형-정상-트림,현대,001,국산,싼타페,017,디 올 뉴 싼타페 MX5,MX5,23~현재,encar,하이브리드,1.6,False,2WD,5,,,"프레스티지 플러스 (MX5 2025년형, 정상 트림)",4713,False,False
mf-001.md-017.sm-mx5.pw-하이브리드-1-6-2wd.tr-캘리그래피,현대,001,국산,싼타페,017,디 올 뉴 싼타페 MX5,MX5,23~현재,encar,하이브리드,1.6,False,2WD,5,,,캘리그래피,4542,False,False
mf-001.md-017.sm-mx5.pw-하이브리드-1-6-2wd.tr-h-pick-mx5-2026년형-신설-트림-표기-통일,현대,001,국산,싼타페,017,디 올 뉴 싼타페 MX5,MX5,23~현재,encar,하이브리드,1.6,False,2WD,5,,,"H-Pick (MX5 2026년형 신설 트림, 표기 통일)",,False,False
mf-001.md-017.sm-mx5.pw-가솔린-2-5-4wd.tr-익스클루시브,현대,001,국산,싼타페,017,디 올 뉴 싼타페 MX5,MX5,23~현재,encar,가솔린,2.5,False,4WD,5,,,익스클루시브,3543,False,False
mf-001.md-017.sm-mx5.pw-가솔린-2-5-4wd.tr-프레스티지,현대,001,국산,싼타페,017,디 올 뉴 싼타페 MX5,MX5,23~현재,encar,가솔린,2.5,False,4WD,5,,,프레스티지,3794,False,False
mf-001.md-017.sm-mx5.pw-가솔린-2-5-4wd.tr-프레스티지-플러스-mx5-2025년형-정상-트림,현대,001,국산,싼타페,017,디 올 뉴 싼타페 MX5,MX5,23~현재,encar,가솔린,2.5,False,4WD,5,,,"프레스티지 플러스 (MX5 2025년형, 정상 트림)",4713,False,False
mf-001.md-017.sm-mx5.pw-가솔린-2-5-4wd.tr-캘리그래피,현대,001,국산,싼타페,017,디 올 뉴 싼타페 MX5,MX5,23~현재,encar,가솔린,2.5,False,4WD,5,,,캘리그래피,4542,False,False
mf-001.md-017.sm-mx5.pw-하이브리드-1-6-4wd.tr-프레스티지,현대,001,국산,싼타페,017,디 올 뉴 싼타페 MX5,MX5,23~현재,encar,하이브리드,1.6,False,4WD,5,,,프레스티지,3794,False,False
mf-001.md-017.sm-mx5.pw-하이브리드-1-6-4wd.tr-캘리그래피,현대,001,국산,싼타페,017,디 올 뉴 싼타페 MX5,MX5,23~현재,encar,하이브리드,1.6,False,4WD,5,,,캘리그래피,4542,False,False
mf-001.md-017.sm-tm.pw-디젤-2-2-2wd.tr-프리미엄,현대,001,국산,싼타페,017,더 뉴 싼타페 TM,TM,20~23,encar,디젤,2.2,False,2WD,5,,,프리미엄,2695,False,False
mf-001.md-017.sm-tm.pw-디젤-2-2-2wd.tr-프리미엄-초이스,현대,001,국산,싼타페,017,더 뉴 싼타페 TM,TM,20~23,encar,디젤,2.2,False,2WD,5,,,프리미엄 초이스,,False,False
mf-001.md-017.sm-tm.pw-디젤-2-2-2wd.tr-익스클루시브,현대,001,국산,싼타페,017,더 뉴 싼타페 TM,TM,20~23,encar,디젤,2.2,False,2WD,5,,,익스클루시브,3543,False,False
mf-001.md-017.sm-tm.pw-디젤-2-2-2wd.tr-프레스티지,현대,001,국산,싼타페,017,더 뉴 싼타페 TM,TM,20~23,encar,디젤,2.2,False,2WD,5,,,프레스티지,3794,False,False
mf-001.md-017.sm-tm.pw-디젤-2-2-2wd.tr-캘리그래피,현대,001,국산,싼타페,017,더 뉴 싼타페 TM,TM,20~23,encar,디젤,2.2,False,2WD,5,,,캘리그래피,4542,False,False
mf-001.md-017.sm-tm.pw-가솔린-2-5-2wd.tr-프리미엄,현대,001,국산,싼타페,017,더 뉴 싼타페 TM,TM,20~23,encar,가솔린,2.5,False,2WD,7,,,프리미엄,2695,False,False
mf-001.md-017.sm-tm.pw-가솔린-2-5-2wd.tr-프리미엄-초이스,현대,001,국산,싼타페,017,더 뉴 싼타페 TM,TM,20~23,encar,가솔린,2.5,False,2WD,7,,,프리미엄 초이스,,False,False
mf-001.md-017.sm-tm.pw-가솔린-2-5-2wd.tr-익스클루시브,현대,001,국산,싼타페,017,더 뉴 싼타페 TM,TM,20~23,encar,가솔린,2.5,False,2WD,7,,,익스클루시브,3543,False,False
mf-001.md-017.sm-tm.pw-가솔린-2-5-2wd.tr-프레스티지,현대,001,국산,싼타페,017,더 뉴 싼타페 TM,TM,20~23,encar,가솔린,2.5,False,2WD,7,,,프레스티지,3794,False,False
mf-001.md-017.sm-tm.pw-가솔린-2-5-2wd.tr-프레스티지-초이스,현대,001,국산,싼타페,017,더 뉴 싼타페 TM,TM,20~23,encar,가솔린,2.5,False,2WD,7,,,프레스티지 초이스,,False,False
mf-001.md-017.sm-tm.pw-가솔린-2-5-2wd.tr-캘리그래피,현대,001,국산,싼타페,017,더 뉴 싼타페 TM,TM,20~23,encar,가솔린,2.5,False,2WD,7,,,캘리그래피,4542,False,False
mf-001.md-017.sm-tm.pw-가솔린-2-5-4wd.tr-프리미엄,현대,001,국산,싼타페,017,더 뉴 싼타페 TM,TM,20~23,encar,가솔린,2.5,False,4WD,5,,,프리미엄,2695,False,False
mf-001.md-017.sm-tm.pw-가솔린-2-5-4wd.tr-프리미엄-초이스,현대,001,국산,싼타페,017,더 뉴 싼타페 TM,TM,20~23,encar,가솔린,2.5,False,4WD,5,,,프리미엄 초이스,,False,False
mf-001.md-017.sm-tm.pw-가솔린-2-5-4wd.tr-프레스티지,현대,001,국산,싼타페,017,더 뉴 싼타페 TM,TM,20~23,encar,가솔린,2.5,False,4WD,5,,,프레스티지,3794,False,False
mf-001.md-017.sm-tm.pw-가솔린-2-5-4wd.tr-캘리그래피,현대,001,국산,싼타페,017,더 뉴 싼타페 TM,TM,20~23,encar,가솔린,2.5,False,4WD,5,,,캘리그래피,4542,False,False
mf-001.md-017.sm-tm.pw-디젤-2-2-4wd.tr-프리미엄,현대,001,국산,싼타페,017,더 뉴 싼타페 TM,TM,20~23,encar,디젤,2.2,False,4WD,5,,,프리미엄,2695,False,False
mf-001.md-017.sm-tm.pw-디젤-2-2-4wd.tr-프리미엄-초이스,현대,001,국산,싼타페,017,더 뉴 싼타페 TM,TM,20~23,encar,디젤,2.2,False,4WD,5,,,프리미엄 초이스,,False,False
mf-001.md-017.sm-tm.pw-디젤-2-2-4wd.tr-익스클루시브,현대,001,국산,싼타페,017,더 뉴 싼타페 TM,TM,20~23,encar,디젤,2.2,False,4WD,5,,,익스클루시브,3543,False,False
mf-001.md-017.sm-tm.pw-디젤-2-2-4wd.tr-프레스티지,현대,001,국산,싼타페,017,더 뉴 싼타페 TM,TM,20~23,encar,디젤,2.2,False,4WD,5,,,프레스티지,3794,False,False
mf-001.md-017.sm-tm.pw-디젤-2-2-4wd.tr-캘리그래피,현대,001,국산,싼타페,017,더 뉴 싼타페 TM,TM,20~23,encar,디젤,2.2,False,4WD,5,,,캘리그래피,4542,False,False
mf-001.md-017.sm-tm.pw-하이브리드-1-6-2wd.tr-익스클루시브,현대,001,국산,싼타페,017,더 뉴 싼타페 TM,TM,20~23,encar,하이브리드,1.6,False,2WD,5,,,익스클루시브,3543,False,False
mf-001.md-017.sm-tm.pw-하이브리드-1-6-2wd.tr-프레스티지,현대,001,국산,싼타페,017,더 뉴 싼타페 TM,TM,20~23,encar,하이브리드,1.6,False,2WD,5,,,프레스티지,3794,False,False
mf-001.md-017.sm-tm.pw-하이브리드-1-6-2wd.tr-캘리그래피,현대,001,국산,싼타페,017,더 뉴 싼타페 TM,TM,20~23,encar,하이브리드,1.6,False,2WD,5,,,캘리그래피,4542,False,False
mf-001.md-017.sm-tm.pw-하이브리드-1-6-4wd.tr-캘리그래피,현대,001,국산,싼타페,017,더 뉴 싼타페 TM,TM,20~23,encar,하이브리드,1.6,False,4WD,6,,,캘리그래피,4542,False,False
mf-001.md-017.sm-tm.pw-디젤-2-0-2wd.tr-모던,현대,001,국산,싼타페,017,싼타페 TM,TM,18~20,encar,디젤,2.0,False,2WD,5,,,모던,,False,False
mf-001.md-017.sm-tm.pw-디젤-2-0-2wd.tr-프리미엄,현대,001,국산,싼타페,017,싼타페 TM,TM,18~20,encar,디젤,2.0,False,2WD,5,,,프리미엄,2695,False,False
mf-001.md-017.sm-tm.pw-디젤-2-0-2wd.tr-익스클루시브,현대,001,국산,싼타페,017,싼타페 TM,TM,18~20,encar,디젤,2.0,False,2WD,5,,,익스클루시브,3543,False,False
mf-001.md-017.sm-tm.pw-디젤-2-0-2wd.tr-익스클루시브-스페셜,현대,001,국산,싼타페,017,싼타페 TM,TM,18~20,encar,디젤,2.0,False,2WD,5,,,익스클루시브 스페셜,3466,False,False
mf-001.md-017.sm-tm.pw-디젤-2-0-2wd.tr-프레스티지,현대,001,국산,싼타페,017,싼타페 TM,TM,18~20,encar,디젤,2.0,False,2WD,5,,,프레스티지,3794,False,False
mf-001.md-017.sm-tm.pw-디젤-2-0-2wd.tr-인스퍼레이션,현대,001,국산,싼타페,017,싼타페 TM,TM,18~20,encar,디젤,2.0,False,2WD,5,,,인스퍼레이션,,False,False
mf-001.md-017.sm-tm.pw-가솔린-2-0-2wd.tr-프리미엄,현대,001,국산,싼타페,017,싼타페 TM,TM,18~20,encar,가솔린,2.0,False,2WD,5,,,프리미엄,2695,False,False
mf-001.md-017.sm-tm.pw-가솔린-2-0-2wd.tr-익스클루시브,현대,001,국산,싼타페,017,싼타페 TM,TM,18~20,encar,가솔린,2.0,False,2WD,5,,,익스클루시브,3543,False,False
mf-001.md-017.sm-tm.pw-가솔린-2-0-2wd.tr-익스클루시브-스페셜,현대,001,국산,싼타페,017,싼타페 TM,TM,18~20,encar,가솔린,2.0,False,2WD,5,,,익스클루시브 스페셜,3466,False,False
mf-001.md-017.sm-tm.pw-가솔린-2-0-2wd.tr-프레스티지,현대,001,국산,싼타페,017,싼타페 TM,TM,18~20,encar,가솔린,2.0,False,2WD,5,,,프레스티지,3794,False,False
mf-001.md-017.sm-tm.pw-가솔린-2-0-2wd.tr-인스퍼레이션,현대,001,국산,싼타페,017,싼타페 TM,TM,18~20,encar,가솔린,2.0,False,2WD,5,,,인스퍼레이션,,False,False
mf-001.md-017.sm-tm.pw-디젤-2-2-4wd.tr-익스클루시브,현대,001,국산,싼타페,017,싼타페 TM,TM,18~20,encar,디젤,2.2,False,4WD,7,,,익스클루시브,3543,False,False
mf-001.md-017.sm-tm.pw-디젤-2-2-4wd.tr-프레스티지,현대,001,국산,싼타페,017,싼타페 TM,TM,18~20,encar,디젤,2.2,False,4WD,7,,,프레스티지,3794,False,False
mf-001.md-017.sm-tm.pw-디젤-2-2-4wd.tr-인스퍼레이션,현대,001,국산,싼타페,017,싼타페 TM,TM,18~20,encar,디젤,2.2,False,4WD,7,,,인스퍼레이션,,False,False
mf-001.md-017.sm-tm.pw-가솔린-2-0-4wd.tr-익스클루시브-스페셜,현대,001,국산,싼타페,017,싼타페 TM,TM,18~20,encar,가솔린,2.0,False,4WD,7,,,익스클루시브 스페셜,3466,False,False
mf-001.md-017.sm-tm.pw-가솔린-2-0-4wd.tr-인스퍼레이션,현대,001,국산,싼타페,017,싼타페 TM,TM,18~20,encar,가솔린,2.0,False,4WD,7,,,인스퍼레이션,,False,False
mf-001.md-017.sm-tm.pw-디젤-2-2-2wd.tr-프리미엄,현대,001,국산,싼타페,017,싼타페 TM,TM,18~20,encar,디젤,2.2,False,2WD,7,,,프리미엄,2695,False,False
mf-001.md-017.sm-tm.pw-디젤-2-2-2wd.tr-익스클루시브,현대,001,국산,싼타페,017,싼타페 TM,TM,18~20,encar,디젤,2.2,False,2WD,7,,,익스클루시브,3543,False,False
mf-001.md-017.sm-tm.pw-디젤-2-2-2wd.tr-프레스티지,현대,001,국산,싼타페,017,싼타페 TM,TM,18~20,encar,디젤,2.2,False,2WD,7,,,프레스티지,3794,False,False
mf-001.md-017.sm-tm.pw-디젤-2-2-2wd.tr-인스퍼레이션,현대,001,국산,싼타페,017,싼타페 TM,TM,18~20,encar,디젤,2.2,False,2WD,7,,,인스퍼레이션,,False,False
mf-001.md-017.sm-tm.pw-디젤-2-0-4wd.tr-프리미엄,현대,001,국산,싼타페,017,싼타페 TM,TM,18~20,encar,디젤,2.0,False,4WD,5,,,프리미엄,2695,False,False
mf-001.md-017.sm-tm.pw-디젤-2-0-4wd.tr-익스클루시브,현대,001,국산,싼타페,017,싼타페 TM,TM,18~20,encar,디젤,2.0,False,4WD,5,,,익스클루시브,3543,False,False
mf-001.md-017.sm-tm.pw-디젤-2-0-4wd.tr-익스클루시브-스페셜,현대,001,국산,싼타페,017,싼타페 TM,TM,18~20,encar,디젤,2.0,False,4WD,5,,,익스클루시브 스페셜,3466,False,False
mf-001.md-017.sm-tm.pw-디젤-2-0-4wd.tr-프레스티지,현대,001,국산,싼타페,017,싼타페 TM,TM,18~20,encar,디젤,2.0,False,4WD,5,,,프레스티지,3794,False,False
mf-001.md-017.sm-tm.pw-디젤-2-0-4wd.tr-인스퍼레이션,현대,001,국산,싼타페,017,싼타페 TM,TM,18~20,encar,디젤,2.0,False,4WD,5,,,인스퍼레이션,,False,False
mf-001.md-017.sm-dm.pw-디젤-2-0-2wd.tr-스마트,현대,001,국산,싼타페,017,싼타페 더 프라임 DM,DM,15~18,encar,디젤,2.0,False,2WD,7,,,스마트,,False,False
mf-001.md-017.sm-dm.pw-디젤-2-0-2wd.tr-모던,현대,001,국산,싼타페,017,싼타페 더 프라임 DM,DM,15~18,encar,디젤,2.0,False,2WD,7,,,모던,,False,False
mf-001.md-017.sm-dm.pw-디젤-2-0-2wd.tr-밸류-플러스,현대,001,국산,싼타페,017,싼타페 더 프라임 DM,DM,15~18,encar,디젤,2.0,False,2WD,7,,,밸류 플러스,,False,False
mf-001.md-017.sm-dm.pw-디젤-2-0-2wd.tr-프리미엄,현대,001,국산,싼타페,017,싼타페 더 프라임 DM,DM,15~18,encar,디젤,2.0,False,2WD,7,,,프리미엄,2695,False,False
mf-001.md-017.sm-dm.pw-디젤-2-0-2wd.tr-익스클루시브,현대,001,국산,싼타페,017,싼타페 더 프라임 DM,DM,15~18,encar,디젤,2.0,False,2WD,7,,,익스클루시브,3543,False,False
mf-001.md-017.sm-dm.pw-디젤-2-0-2wd.tr-익스클루시브-스페셜,현대,001,국산,싼타페,017,싼타페 더 프라임 DM,DM,15~18,encar,디젤,2.0,False,2WD,7,,,익스클루시브 스페셜,3466,False,False
mf-001.md-017.sm-dm.pw-디젤-2-0-2wd.tr-1-밀리언-에디션-싼타페-더-프라임-100만대-기념,현대,001,국산,싼타페,017,싼타페 더 프라임 DM,DM,15~18,encar,디젤,2.0,False,2WD,7,,,1 밀리언 에디션 (싼타페 더 프라임 100만대 기념),,False,False
mf-001.md-017.sm-dm.pw-디젤-2-0-2wd.tr-1-밀리언-에디션-스타일,현대,001,국산,싼타페,017,싼타페 더 프라임 DM,DM,15~18,encar,디젤,2.0,False,2WD,7,,,1 밀리언 에디션 스타일,,False,True
mf-001.md-017.sm-dm.pw-디젤-2-2-2wd.tr-익스클루시브,현대,001,국산,싼타페,017,싼타페 더 프라임 DM,DM,15~18,encar,디젤,2.2,False,2WD,5,,,익스클루시브,3543,False,False
mf-001.md-017.sm-dm.pw-디젤-2-2-2wd.tr-익스클루시브-스페셜,현대,001,국산,싼타페,017,싼타페 더 프라임 DM,DM,15~18,encar,디젤,2.2,False,2WD,5,,,익스클루시브 스페셜,3466,False,False
mf-001.md-017.sm-dm.pw-디젤-2-2-4wd.tr-익스클루시브,현대,001,국산,싼타페,017,싼타페 더 프라임 DM,DM,15~18,encar,디젤,2.2,False,4WD,5,,,익스클루시브,3543,False,False
mf-001.md-017.sm-dm.pw-디젤-2-2-4wd.tr-익스클루시브-스페셜,현대,001,국산,싼타페,017,싼타페 더 프라임 DM,DM,15~18,encar,디젤,2.2,False,4WD,5,,,익스클루시브 스페셜,3466,False,False
mf-001.md-017.sm-dm.pw-디젤-2-2-4wd.tr-1-밀리언-에디션-얼티밋,현대,001,국산,싼타페,017,싼타페 더 프라임 DM,DM,15~18,encar,디젤,2.2,False,4WD,5,,,1 밀리언 에디션 얼티밋,,False,True
mf-001.md-017.sm-dm.pw-디젤-2-0-4wd.tr-밸류-플러스,현대,001,국산,싼타페,017,싼타페 더 프라임 DM,DM,15~18,encar,디젤,2.0,False,4WD,7,,,밸류 플러스,,False,False
mf-001.md-017.sm-dm.pw-디젤-2-0-4wd.tr-프리미엄,현대,001,국산,싼타페,017,싼타페 더 프라임 DM,DM,15~18,encar,디젤,2.0,False,4WD,7,,,프리미엄,2695,False,False
mf-001.md-017.sm-dm.pw-디젤-2-0-4wd.tr-익스클루시브,현대,001,국산,싼타페,017,싼타페 더 프라임 DM,DM,15~18,encar,디젤,2.0,False,4WD,7,,,익스클루시브,3543,False,False
mf-001.md-017.sm-dm.pw-디젤-2-0-4wd.tr-익스클루시브-스페셜,현대,001,국산,싼타페,017,싼타페 더 프라임 DM,DM,15~18,encar,디젤,2.0,False,4WD,7,,,익스클루시브 스페셜,3466,False,False
mf-001.md-017.sm-dm.pw-디젤-2-0-4wd.tr-1-밀리언-에디션-싼타페-더-프라임-100만대-기념,현대,001,국산,싼타페,017,싼타페 더 프라임 DM,DM,15~18,encar,디젤,2.0,False,4WD,7,,,1 밀리언 에디션 (싼타페 더 프라임 100만대 기념),,False,False
mf-001.md-017.sm-dm.pw-가솔린-2-0-2wd.tr-밸류-플러스,현대,001,국산,싼타페,017,싼타페 더 프라임 DM,DM,15~18,encar,가솔린,2.0,True,2WD,5,,,밸류 플러스,,False,False
mf-001.md-017.sm-dm.pw-가솔린-2-0-2wd.tr-프리미엄,현대,001,국산,싼타페,017,싼타페 더 프라임 DM,DM,15~18,encar,가솔린,2.0,True,2WD,5,,,프리미엄,2695,False,False
mf-001.md-017.sm-dm.pw-디젤-2-0-4wd.tr-세부등급-없음,현대,001,국산,싼타페,017,싼타페 DM,DM,12~15,encar,디젤,2.0,False,4WD,7,,,(세부등급 없음),,False,False
mf-001.md-017.sm-dm.pw-디젤-2-0-4wd.tr-스마트-e-vgt,현대,001,국산,싼타페,017,싼타페 DM,DM,12~15,encar,디젤,2.0,False,4WD,7,,,스마트 (e-VGT),,False,False
mf-001.md-017.sm-dm.pw-디젤-2-0-4wd.tr-모던-e-vgt,현대,001,국산,싼타페,017,싼타페 DM,DM,12~15,encar,디젤,2.0,False,4WD,7,,,모던 (e-VGT),,False,False
mf-001.md-017.sm-dm.pw-디젤-2-0-4wd.tr-프리미엄-e-vgt,현대,001,국산,싼타페,017,싼타페 DM,DM,12~15,encar,디젤,2.0,False,4WD,7,,,프리미엄 (e-VGT),2970,False,False
mf-001.md-017.sm-dm.pw-디젤-2-0-2wd.tr-세부등급-없음,현대,001,국산,싼타페,017,싼타페 DM,DM,12~15,encar,디젤,2.0,False,2WD,5,,,(세부등급 없음),,False,False
mf-001.md-017.sm-dm.pw-디젤-2-0-2wd.tr-스페셜,현대,001,국산,싼타페,017,싼타페 DM,DM,12~15,encar,디젤,2.0,False,2WD,5,,,스페셜,,False,False
mf-001.md-017.sm-dm.pw-디젤-2-0-2wd.tr-프리미엄-e-vgt,현대,001,국산,싼타페,017,싼타페 DM,DM,12~15,encar,디젤,2.0,False,2WD,5,,,프리미엄 (e-VGT),2970,False,False
mf-001.md-017.sm-dm.pw-디젤-2-0-2wd.tr-모던-e-vgt,현대,001,국산,싼타페,017,싼타페 DM,DM,12~15,encar,디젤,2.0,False,2WD,7,,,모던 (e-VGT),,False,False
mf-001.md-017.sm-dm.pw-디젤-2-2-2wd.tr-세부등급-없음,현대,001,국산,싼타페,017,싼타페 DM,DM,12~15,encar,디젤,2.2,False,2WD,7,,,(세부등급 없음),,False,False
mf-001.md-017.sm-dm.pw-디젤-2-2-2wd.tr-스마트-e-vgt,현대,001,국산,싼타페,017,싼타페 DM,DM,12~15,encar,디젤,2.2,False,2WD,7,,,스마트 (e-VGT),,False,False
mf-001.md-017.sm-dm.pw-디젤-2-2-2wd.tr-프리미엄-e-vgt,현대,001,국산,싼타페,017,싼타페 DM,DM,12~15,encar,디젤,2.2,False,2WD,7,,,프리미엄 (e-VGT),2970,False,False
mf-001.md-017.sm-dm.pw-디젤-2-2-4wd.tr-세부등급-없음,현대,001,국산,싼타페,017,싼타페 DM,DM,12~15,encar,디젤,2.2,False,4WD,5,,,(세부등급 없음),,False,False
mf-001.md-017.sm-dm.pw-디젤-2-2-4wd.tr-스페셜,현대,001,국산,싼타페,017,싼타페 DM,DM,12~15,encar,디젤,2.2,False,4WD,5,,,스페셜,,False,False
mf-001.md-017.sm-dm.pw-디젤-2-2-4wd.tr-스마트-e-vgt,현대,001,국산,싼타페,017,싼타페 DM,DM,12~15,encar,디젤,2.2,False,4WD,7,,,스마트 (e-VGT),,False,False
mf-001.md-017.sm-dm.pw-디젤-2-2-4wd.tr-프리미엄-e-vgt,현대,001,국산,싼타페,017,싼타페 DM,DM,12~15,encar,디젤,2.2,False,4WD,7,,,프리미엄 (e-VGT),2970,False,False
mf-001.md-017.sm-cm.pw-디젤-2-0-2wd.tr-기본형,현대,001,국산,싼타페,017,싼타페 CM,CM,05~12,encar,디젤,2.0,False,2WD,7,,,기본형,,False,False
mf-001.md-017.sm-cm.pw-디젤-2-0-2wd.tr-디럭스,현대,001,국산,싼타페,017,싼타페 CM,CM,05~12,encar,디젤,2.0,False,2WD,7,,,디럭스,,False,False
mf-001.md-017.sm-cm.pw-디젤-2-0-2wd.tr-스마트팩,현대,001,국산,싼타페,017,싼타페 CM,CM,05~12,encar,디젤,2.0,False,2WD,7,,,스마트팩,,False,False
mf-001.md-017.sm-cm.pw-디젤-2-0-2wd.tr-고급형,현대,001,국산,싼타페,017,싼타페 CM,CM,05~12,encar,디젤,2.0,False,2WD,7,,,고급형,,False,False
mf-001.md-017.sm-cm.pw-디젤-2-0-2wd.tr-럭셔리,현대,001,국산,싼타페,017,싼타페 CM,CM,05~12,encar,디젤,2.0,False,2WD,7,,,럭셔리,,False,False
mf-001.md-017.sm-cm.pw-디젤-2-0-2wd.tr-스타일-팩-2-0-vgt,현대,001,국산,싼타페,017,싼타페 CM,CM,05~12,encar,디젤,2.0,False,2WD,7,,,스타일 팩 (2.0 VGT),,False,False
mf-001.md-017.sm-cm.pw-디젤-2-0-2wd.tr-월드컵-스페셜-에디션,현대,001,국산,싼타페,017,싼타페 CM,CM,05~12,encar,디젤,2.0,False,2WD,7,,,월드컵 스페셜 에디션,,False,True
mf-001.md-017.sm-cm.pw-디젤-2-0-2wd.tr-프리미엄,현대,001,국산,싼타페,017,싼타페 CM,CM,05~12,encar,디젤,2.0,False,2WD,7,,,프리미엄,2695,False,False
mf-001.md-017.sm-cm.pw-디젤-2-0-2wd.tr-프리미어,현대,001,국산,싼타페,017,싼타페 CM,CM,05~12,encar,디젤,2.0,False,2WD,7,,,프리미어,,False,False
mf-001.md-017.sm-cm.pw-디젤-2-0-2wd.tr-최고급형,현대,001,국산,싼타페,017,싼타페 CM,CM,05~12,encar,디젤,2.0,False,2WD,7,,,최고급형,,False,False
mf-001.md-017.sm-cm.pw-디젤-2-2-4wd.tr-기본형,현대,001,국산,싼타페,017,싼타페 CM,CM,05~12,encar,디젤,2.2,False,4WD,7,,,기본형,,False,False
mf-001.md-017.sm-cm.pw-디젤-2-2-4wd.tr-디럭스,현대,001,국산,싼타페,017,싼타페 CM,CM,05~12,encar,디젤,2.2,False,4WD,7,,,디럭스,,False,False
mf-001.md-017.sm-cm.pw-디젤-2-2-4wd.tr-럭셔리,현대,001,국산,싼타페,017,싼타페 CM,CM,05~12,encar,디젤,2.2,False,4WD,7,,,럭셔리,,False,False
mf-001.md-017.sm-cm.pw-디젤-2-2-2wd.tr-기본형,현대,001,국산,싼타페,017,싼타페 CM,CM,05~12,encar,디젤,2.2,False,2WD,7,,,기본형,,False,False
mf-001.md-017.sm-cm.pw-디젤-2-2-2wd.tr-고급형,현대,001,국산,싼타페,017,싼타페 CM,CM,05~12,encar,디젤,2.2,False,2WD,7,,,고급형,,False,False
mf-001.md-017.sm-cm.pw-디젤-2-2-2wd.tr-럭셔리,현대,001,국산,싼타페,017,싼타페 CM,CM,05~12,encar,디젤,2.2,False,2WD,7,,,럭셔리,,False,False
mf-001.md-017.sm-cm.pw-디젤-2-2-2wd.tr-프리미어,현대,001,국산,싼타페,017,싼타페 CM,CM,05~12,encar,디젤,2.2,False,2WD,7,,,프리미어,,False,False
mf-001.md-017.sm-cm.pw-디젤-2-2-2wd.tr-최고급형,현대,001,국산,싼타페,017,싼타페 CM,CM,05~12,encar,디젤,2.2,False,2WD,7,,,최고급형,,False,False
mf-001.md-017.sm-sm.pw-디젤-2-0-2wd.tr-기본형,현대,001,국산,싼타페,017,싼타페 SM,SM,00~05,encar,디젤,2.0,False,2WD,7,,,기본형,,False,False
mf-001.md-017.sm-sm.pw-디젤-2-0-2wd.tr-최고급형,현대,001,국산,싼타페,017,싼타페 SM,SM,00~05,encar,디젤,2.0,False,2WD,7,,,최고급형,,False,False
mf-001.md-017.sm-sm.pw-가솔린-2-7-4wd.tr-기본형,현대,001,국산,싼타페,017,싼타페 SM,SM,00~05,encar,가솔린,2.7,False,4WD,5,,,기본형,,False,False
mf-001.md-019.sm-cn7.pw-가솔린-2-0.tr-n,현대,001,국산,아반떼,019,더 뉴 아반떼 CN7,CN7,23~현재,encar,가솔린,2.0,False,,5,,,N,3380,False,True
mf-001.md-019.sm-cn7.pw-가솔린-1-6.tr-스마트,현대,001,국산,아반떼,019,더 뉴 아반떼 CN7,CN7,23~현재,encar,가솔린,1.6,False,,5,,,스마트,1980,False,False
mf-001.md-019.sm-cn7.pw-가솔린-1-6.tr-모던,현대,001,국산,아반떼,019,더 뉴 아반떼 CN7,CN7,23~현재,encar,가솔린,1.6,False,,5,,,모던,2270,False,False
mf-001.md-019.sm-cn7.pw-가솔린-1-6.tr-모던-n-라인,현대,001,국산,아반떼,019,더 뉴 아반떼 CN7,CN7,23~현재,encar,가솔린,1.6,False,,5,,,모던 N 라인,2400,False,False
mf-001.md-019.sm-cn7.pw-가솔린-1-6.tr-인스퍼레이션,현대,001,국산,아반떼,019,더 뉴 아반떼 CN7,CN7,23~현재,encar,가솔린,1.6,False,,5,,,인스퍼레이션,2880,False,False
mf-001.md-019.sm-cn7.pw-가솔린-1-6.tr-인스퍼레이션-n-라인,현대,001,국산,아반떼,019,더 뉴 아반떼 CN7,CN7,23~현재,encar,가솔린,1.6,False,,5,,,인스퍼레이션 N 라인,,False,False
mf-001.md-019.sm-cn7.pw-가솔린-1-6.tr-n-라인,현대,001,국산,아반떼,019,더 뉴 아반떼 CN7,CN7,23~현재,encar,가솔린,1.6,False,,5,,,N 라인,2700,False,False
mf-001.md-019.sm-cn7.pw-lpg-1-6.tr-스마트,현대,001,국산,아반떼,019,더 뉴 아반떼 CN7,CN7,23~현재,encar,LPG,1.6,False,,5,,,스마트,1980,False,False
mf-001.md-019.sm-cn7.pw-하이브리드-1-6.tr-스마트,현대,001,국산,아반떼,019,더 뉴 아반떼 CN7,CN7,23~현재,encar,하이브리드,1.6,False,,5,,,스마트,1980,False,False
mf-001.md-019.sm-cn7.pw-하이브리드-1-6.tr-모던,현대,001,국산,아반떼,019,더 뉴 아반떼 CN7,CN7,23~현재,encar,하이브리드,1.6,False,,5,,,모던,2270,False,False
mf-001.md-019.sm-cn7.pw-하이브리드-1-6.tr-모던-n-라인,현대,001,국산,아반떼,019,더 뉴 아반떼 CN7,CN7,23~현재,encar,하이브리드,1.6,False,,5,,,모던 N 라인,2400,False,False
mf-001.md-019.sm-cn7.pw-하이브리드-1-6.tr-인스퍼레이션,현대,001,국산,아반떼,019,더 뉴 아반떼 CN7,CN7,23~현재,encar,하이브리드,1.6,False,,5,,,인스퍼레이션,2880,False,False
mf-001.md-019.sm-cn7.pw-하이브리드-1-6.tr-인스퍼레이션-n-라인,현대,001,국산,아반떼,019,더 뉴 아반떼 CN7,CN7,23~현재,encar,하이브리드,1.6,False,,5,,,인스퍼레이션 N 라인,,False,False
mf-001.md-019.sm-cn7.pw-가솔린-1-6.tr-스마트,현대,001,국산,아반떼,019,아반떼 CN7,CN7,20~23,encar,가솔린,1.6,False,,5,,,스마트,1980,False,False
mf-001.md-019.sm-cn7.pw-가솔린-1-6.tr-모던,현대,001,국산,아반떼,019,아반떼 CN7,CN7,20~23,encar,가솔린,1.6,False,,5,,,모던,2270,False,False
mf-001.md-019.sm-cn7.pw-가솔린-1-6.tr-인스퍼레이션,현대,001,국산,아반떼,019,아반떼 CN7,CN7,20~23,encar,가솔린,1.6,False,,5,,,인스퍼레이션,2880,False,False
mf-001.md-019.sm-cn7.pw-가솔린-1-6.tr-인스퍼레이션,현대,001,국산,아반떼,019,아반떼 CN7,CN7,20~23,encar,가솔린,1.6,True,,5,,,인스퍼레이션,2880,False,False
mf-001.md-019.sm-cn7.pw-가솔린-2-0.tr-n,현대,001,국산,아반떼,019,아반떼 CN7,CN7,20~23,encar,가솔린,2.0,False,,5,,,N,3380,False,True
mf-001.md-019.sm-cn7.pw-lpg-1-6.tr-스마트,현대,001,국산,아반떼,019,아반떼 CN7,CN7,20~23,encar,LPG,1.6,False,,5,,,스마트,1980,False,False
mf-001.md-019.sm-cn7.pw-하이브리드-1-6.tr-스마트,현대,001,국산,아반떼,019,아반떼 CN7,CN7,20~23,encar,하이브리드,1.6,False,,5,,,스마트,1980,False,False
mf-001.md-019.sm-cn7.pw-하이브리드-1-6.tr-모던,현대,001,국산,아반떼,019,아반떼 CN7,CN7,20~23,encar,하이브리드,1.6,False,,5,,,모던,2270,False,False
mf-001.md-019.sm-cn7.pw-하이브리드-1-6.tr-인스퍼레이션,현대,001,국산,아반떼,019,아반떼 CN7,CN7,20~23,encar,하이브리드,1.6,False,,5,,,인스퍼레이션,2880,False,False
mf-001.md-019.sm-ad.pw-가솔린-1-6.tr-스마트,현대,001,국산,아반떼,019,더 뉴 아반떼 AD,AD,18~20,encar,가솔린,1.6,False,,5,,,스마트,1980,False,False
mf-001.md-019.sm-ad.pw-가솔린-1-6.tr-스마트-초이스,현대,001,국산,아반떼,019,더 뉴 아반떼 AD,AD,18~20,encar,가솔린,1.6,False,,5,,,스마트 초이스,2010,False,False
mf-001.md-019.sm-ad.pw-가솔린-1-6.tr-스타일,현대,001,국산,아반떼,019,더 뉴 아반떼 AD,AD,18~20,encar,가솔린,1.6,False,,5,,,스타일,,False,False
mf-001.md-019.sm-ad.pw-가솔린-1-6.tr-프리미엄,현대,001,국산,아반떼,019,더 뉴 아반떼 AD,AD,18~20,encar,가솔린,1.6,False,,5,,,프리미엄,2560,False,False
mf-001.md-019.sm-ad.pw-lpg-1-6.tr-스마트,현대,001,국산,아반떼,019,더 뉴 아반떼 AD,AD,18~20,encar,LPG,1.6,False,,5,,,스마트,1980,False,False
mf-001.md-019.sm-ad.pw-lpg-1-6.tr-스마트-렌터카용,현대,001,국산,아반떼,019,더 뉴 아반떼 AD,AD,18~20,encar,LPG,1.6,False,,5,,,스마트(렌터카용),,True,False
mf-001.md-019.sm-ad.pw-lpg-1-6.tr-스타일-렌터카용,현대,001,국산,아반떼,019,더 뉴 아반떼 AD,AD,18~20,encar,LPG,1.6,False,,5,,,스타일(렌터카용),,True,False
mf-001.md-019.sm-ad.pw-가솔린-1-6.tr-모던,현대,001,국산,아반떼,019,더 뉴 아반떼 AD,AD,18~20,encar,가솔린,1.6,True,,5,,,모던,2270,False,False
mf-001.md-019.sm-ad.pw-가솔린-1-6.tr-프리미엄,현대,001,국산,아반떼,019,더 뉴 아반떼 AD,AD,18~20,encar,가솔린,1.6,True,,5,,,프리미엄,2560,False,False
mf-001.md-019.sm-ad.pw-디젤-1-6.tr-스타일,현대,001,국산,아반떼,019,더 뉴 아반떼 AD,AD,18~20,encar,디젤,1.6,False,,5,,,스타일,,False,False
mf-001.md-019.sm-ad.pw-가솔린-1-6.tr-세부등급-없음,현대,001,국산,아반떼,019,아반떼 AD,AD,15~18,encar,가솔린,1.6,False,,5,,,(세부등급 없음),,False,False
mf-001.md-019.sm-ad.pw-가솔린-1-6.tr-gdi-밸류플러스,현대,001,국산,아반떼,019,아반떼 AD,AD,15~18,encar,가솔린,1.6,False,,5,,,GDI 밸류플러스,,False,False
mf-001.md-019.sm-ad.pw-가솔린-1-6.tr-gdi-스타일,현대,001,국산,아반떼,019,아반떼 AD,AD,15~18,encar,가솔린,1.6,False,,5,,,GDI 스타일,,False,False
mf-001.md-019.sm-ad.pw-가솔린-1-6.tr-gdi-프리미엄,현대,001,국산,아반떼,019,아반떼 AD,AD,15~18,encar,가솔린,1.6,False,,5,,,GDI 프리미엄,,False,False
mf-001.md-019.sm-ad.pw-가솔린-1-6.tr-스페셜,현대,001,국산,아반떼,019,아반떼 AD,AD,15~18,encar,가솔린,1.6,False,,5,,,스페셜,,False,False
mf-001.md-019.sm-ad.pw-디젤-1-6.tr-세부등급-없음,현대,001,국산,아반떼,019,아반떼 AD,AD,15~18,encar,디젤,1.6,False,,5,,,(세부등급 없음),,False,False
mf-001.md-019.sm-ad.pw-디젤-1-6.tr-vgt-스타일-디젤,현대,001,국산,아반떼,019,아반떼 AD,AD,15~18,encar,디젤,1.6,False,,5,,,VGT 스타일(디젤),,False,False
mf-001.md-019.sm-ad.pw-디젤-1-6.tr-vgt-프리미엄-디젤,현대,001,국산,아반떼,019,아반떼 AD,AD,15~18,encar,디젤,1.6,False,,5,,,VGT 프리미엄(디젤),,False,False
mf-001.md-019.sm-ad.pw-디젤-1-6.tr-스페셜,현대,001,국산,아반떼,019,아반떼 AD,AD,15~18,encar,디젤,1.6,False,,5,,,스페셜,,False,False
mf-001.md-019.sm-ad.pw-가솔린-1-6.tr-세부등급-없음,현대,001,국산,아반떼,019,아반떼 AD,AD,15~18,encar,가솔린,1.6,True,,5,,,(세부등급 없음),,False,False
mf-001.md-019.sm-ad.pw-가솔린-1-6.tr-익스트림-셀렉션,현대,001,국산,아반떼,019,아반떼 AD,AD,15~18,encar,가솔린,1.6,True,,5,,,익스트림 셀렉션,,False,True
mf-001.md-019.sm-ad.pw-lpg-1-6.tr-lpi-모던-장애인,현대,001,국산,아반떼,019,아반떼 AD,AD,15~18,encar,LPG,1.6,False,,5,,,LPI 모던(장애인),1500,True,False
mf-001.md-019.sm-ad.pw-lpg-1-6.tr-lpi-스마트-렌터카,현대,001,국산,아반떼,019,아반떼 AD,AD,15~18,encar,LPG,1.6,False,,5,,,LPI 스마트(렌터카),,True,False
mf-001.md-019.sm-ad.pw-lpg-1-6.tr-lpi-스타일-렌터카,현대,001,국산,아반떼,019,아반떼 AD,AD,15~18,encar,LPG,1.6,False,,5,,,LPI 스타일(렌터카),,True,False
mf-001.md-019.sm-md.pw-디젤-1-6.tr-기본형,현대,001,국산,아반떼,019,더 뉴 아반떼 MD,MD,13~15,encar,디젤,1.6,False,,5,,,기본형,,False,False
mf-001.md-019.sm-md.pw-디젤-1-6.tr-vgt-스타일-디젤,현대,001,국산,아반떼,019,더 뉴 아반떼 MD,MD,13~15,encar,디젤,1.6,False,,5,,,VGT 스타일(디젤),,False,False
mf-001.md-019.sm-md.pw-가솔린-1-6.tr-기본형,현대,001,국산,아반떼,019,더 뉴 아반떼 MD,MD,13~15,encar,가솔린,1.6,False,,5,,,기본형,,False,False
mf-001.md-019.sm-md.pw-가솔린-1-6.tr-gdi-스타일,현대,001,국산,아반떼,019,더 뉴 아반떼 MD,MD,13~15,encar,가솔린,1.6,False,,5,,,GDI 스타일,,False,False
mf-001.md-019.sm-md.pw-lpg-1-6.tr-lpi-스마트,현대,001,국산,아반떼,019,더 뉴 아반떼 MD,MD,13~15,encar,LPG,1.6,False,,5,,,LPI 스마트,,True,False
mf-001.md-019.sm-md.pw-lpg-1-6.tr-lpi-모던,현대,001,국산,아반떼,019,더 뉴 아반떼 MD,MD,13~15,encar,LPG,1.6,False,,5,,,LPI 모던,,True,False
mf-001.md-019.sm-md.pw-lpg-1-6.tr-lpi-스타일,현대,001,국산,아반떼,019,더 뉴 아반떼 MD,MD,13~15,encar,LPG,1.6,False,,5,,,LPI 스타일,,True,False
mf-001.md-019.sm-jk.pw-가솔린-2-0.tr-기본형,현대,001,국산,아반떼,019,아반떼 쿠페 JK,JK,13~15,encar,가솔린,2.0,False,,5,,,기본형,,False,False
mf-001.md-019.sm-md.pw-가솔린-1-6.tr-m16-gdi-블루세이버,현대,001,국산,아반떼,019,아반떼 MD,MD,10~13,encar,가솔린,1.6,False,,5,,,M16 GDI 블루세이버,,False,False
mf-001.md-019.sm-md.pw-가솔린-1-6.tr-m16-gdi-스마트,현대,001,국산,아반떼,019,아반떼 MD,MD,10~13,encar,가솔린,1.6,False,,5,,,M16 GDI 스마트,,False,False
mf-001.md-019.sm-md.pw-가솔린-1-6.tr-m16-gdi-디럭스,현대,001,국산,아반떼,019,아반떼 MD,MD,10~13,encar,가솔린,1.6,False,,5,,,M16 GDI 디럭스,,False,False
mf-001.md-019.sm-md.pw-가솔린-1-6.tr-m16-gdi-모던,현대,001,국산,아반떼,019,아반떼 MD,MD,10~13,encar,가솔린,1.6,False,,5,,,M16 GDI 모던,,False,False
mf-001.md-019.sm-md.pw-가솔린-1-6.tr-m16-gdi-스타일,현대,001,국산,아반떼,019,아반떼 MD,MD,10~13,encar,가솔린,1.6,False,,5,,,M16 GDI 스타일,,False,False
mf-001.md-019.sm-md.pw-가솔린-1-6.tr-m16-gdi-에비뉴,현대,001,국산,아반떼,019,아반떼 MD,MD,10~13,encar,가솔린,1.6,False,,5,,,M16 GDI 에비뉴,,False,False
mf-001.md-019.sm-md.pw-가솔린-1-6.tr-m16-gdi-럭셔리,현대,001,국산,아반떼,019,아반떼 MD,MD,10~13,encar,가솔린,1.6,False,,5,,,M16 GDI 럭셔리,,False,False
mf-001.md-019.sm-md.pw-가솔린-1-6.tr-m16-gdi-프리미엄,현대,001,국산,아반떼,019,아반떼 MD,MD,10~13,encar,가솔린,1.6,False,,5,,,M16 GDI 프리미엄,,False,False
mf-001.md-019.sm-md.pw-가솔린-1-6.tr-m16-gdi-프리미어,현대,001,국산,아반떼,019,아반떼 MD,MD,10~13,encar,가솔린,1.6,False,,5,,,M16 GDI 프리미어,,False,False
mf-001.md-019.sm-md.pw-가솔린-1-6.tr-m16-gdi-탑,현대,001,국산,아반떼,019,아반떼 MD,MD,10~13,encar,가솔린,1.6,False,,5,,,M16 GDI 탑,,False,False
mf-001.md-019.sm-md.pw-lpg-1-6.tr-m16-lpi-스마트,현대,001,국산,아반떼,019,아반떼 MD,MD,10~13,encar,LPG,1.6,False,,5,,,M16 LPI 스마트,,True,False
mf-001.md-019.sm-md.pw-lpg-1-6.tr-m16-lpi-럭셔리,현대,001,국산,아반떼,019,아반떼 MD,MD,10~13,encar,LPG,1.6,False,,5,,,M16 LPI 럭셔리,,True,False
mf-001.md-019.sm-hd.pw-lpg-hev-1-6.tr-기본형,현대,001,국산,아반떼,019,아반떼 하이브리드 HD,HD,09~13,encar,LPG HEV,1.6,False,,5,,,기본형,,False,False
mf-001.md-019.sm-hd.pw-lpg-hev-1-6.tr-이지팩,현대,001,국산,아반떼,019,아반떼 하이브리드 HD,HD,09~13,encar,LPG HEV,1.6,False,,5,,,이지팩,,False,False
mf-001.md-019.sm-hd.pw-lpg-hev-1-6.tr-어드밴스팩,현대,001,국산,아반떼,019,아반떼 하이브리드 HD,HD,09~13,encar,LPG HEV,1.6,False,,5,,,어드밴스팩,,False,False
mf-001.md-019.sm-hd.pw-가솔린-1-6.tr-밸류,현대,001,국산,아반떼,019,아반떼 HD,HD,06~10,encar,가솔린,1.6,False,,5,,,밸류,,False,False
mf-001.md-019.sm-hd.pw-가솔린-1-6.tr-디럭스,현대,001,국산,아반떼,019,아반떼 HD,HD,06~10,encar,가솔린,1.6,False,,5,,,디럭스,,False,False
mf-001.md-019.sm-hd.pw-가솔린-1-6.tr-럭셔리-어드밴스팩,현대,001,국산,아반떼,019,아반떼 HD,HD,06~10,encar,가솔린,1.6,False,,5,,,럭셔리 어드밴스팩,,False,False
mf-001.md-019.sm-hd.pw-가솔린-1-6.tr-럭셔리,현대,001,국산,아반떼,019,아반떼 HD,HD,06~10,encar,가솔린,1.6,False,,5,,,럭셔리,,False,False
mf-001.md-019.sm-hd.pw-가솔린-1-6.tr-럭셔리-블랙,현대,001,국산,아반떼,019,아반떼 HD,HD,06~10,encar,가솔린,1.6,False,,5,,,럭셔리 블랙,,False,True
mf-001.md-019.sm-hd.pw-가솔린-1-6.tr-블랙-스페셜,현대,001,국산,아반떼,019,아반떼 HD,HD,06~10,encar,가솔린,1.6,False,,5,,,블랙 스페셜,,False,True
mf-001.md-019.sm-hd.pw-가솔린-1-6.tr-월드컵-스페셜-에디션,현대,001,국산,아반떼,019,아반떼 HD,HD,06~10,encar,가솔린,1.6,False,,5,,,월드컵 스페셜 에디션,,False,True
mf-001.md-019.sm-hd.pw-가솔린-1-6.tr-파이브-밀리언,현대,001,국산,아반떼,019,아반떼 HD,HD,06~10,encar,가솔린,1.6,False,,5,,,파이브 밀리언,,False,True
mf-001.md-019.sm-hd.pw-가솔린-1-6.tr-프리미어,현대,001,국산,아반떼,019,아반떼 HD,HD,06~10,encar,가솔린,1.6,False,,5,,,프리미어,,False,False
mf-001.md-019.sm-hd.pw-가솔린-1-6.tr-프리미어-블랙,현대,001,국산,아반떼,019,아반떼 HD,HD,06~10,encar,가솔린,1.6,False,,5,,,프리미어 블랙,,False,True
mf-001.md-019.sm-hd.pw-디젤-1-6.tr-디럭스,현대,001,국산,아반떼,019,아반떼 HD,HD,06~10,encar,디젤,1.6,False,,5,,,디럭스,,False,False
mf-001.md-019.sm-hd.pw-디젤-1-6.tr-럭셔리,현대,001,국산,아반떼,019,아반떼 HD,HD,06~10,encar,디젤,1.6,False,,5,,,럭셔리,,False,False
mf-001.md-019.sm-xd.pw-가솔린-1-6.tr-기본형,현대,001,국산,아반떼,019,뉴 아반떼 XD,XD,03~06,encar,가솔린,1.6,False,,5,,,기본형,,False,False
mf-001.md-019.sm-xd.pw-가솔린-1-5.tr-최고급형,현대,001,국산,아반떼,019,뉴 아반떼 XD,XD,03~06,encar,가솔린,1.5,False,,5,,,최고급형,,False,False
mf-001.md-019.sm-xd.pw-가솔린-1-5.tr-기본형,현대,001,국산,아반떼,019,아반떼 XD,XD,00~03,encar,가솔린,1.5,False,,5,,,기본형,,False,False
mf-001.md-019.sm-xd.pw-가솔린-1-5.tr-고급형,현대,001,국산,아반떼,019,아반떼 XD,XD,00~03,encar,가솔린,1.5,False,,5,,,고급형,,False,False
mf-001.md-019.sm-j2.pw-가솔린-1-5.tr-린번-에센셜,현대,001,국산,아반떼,019,올 뉴 아반떼 J2,J2,98~00,encar,가솔린,1.5,False,,5,,,린번 에센셜,,False,False
mf-001.md-019.sm-j2.pw-가솔린-1-5.tr-스페셜,현대,001,국산,아반떼,019,올 뉴 아반떼 J2,J2,98~00,encar,가솔린,1.5,False,,5,,,스페셜,,False,False
mf-001.md-019.sm-j2.pw-가솔린-1-5.tr-gls,현대,001,국산,아반떼,019,아반떼 J2,J2,95~98,encar,가솔린,1.5,False,,5,,,GLS,,False,False
mf-001.md-018.sm-dn8.pw-가솔린-2-0.tr-s,현대,001,국산,쏘나타,018,쏘나타 디 엣지 DN8,DN8,23~현재,encar,가솔린,2.0,False,,5,,,S,,False,False
mf-001.md-018.sm-dn8.pw-가솔린-2-0.tr-프리미엄,현대,001,국산,쏘나타,018,쏘나타 디 엣지 DN8,DN8,23~현재,encar,가솔린,2.0,False,,5,,,프리미엄,2826,False,False
mf-001.md-018.sm-dn8.pw-가솔린-2-0.tr-익스클루시브,현대,001,국산,쏘나타,018,쏘나타 디 엣지 DN8,DN8,23~현재,encar,가솔린,2.0,False,,5,,,익스클루시브,3260,False,False
mf-001.md-018.sm-dn8.pw-가솔린-1-6.tr-s,현대,001,국산,쏘나타,018,쏘나타 디 엣지 DN8,DN8,23~현재,encar,가솔린,1.6,True,,5,,,S,,False,False
mf-001.md-018.sm-dn8.pw-가솔린-1-6.tr-프리미엄,현대,001,국산,쏘나타,018,쏘나타 디 엣지 DN8,DN8,23~현재,encar,가솔린,1.6,True,,5,,,프리미엄,2826,False,False
mf-001.md-018.sm-dn8.pw-가솔린-1-6.tr-익스클루시브,현대,001,국산,쏘나타,018,쏘나타 디 엣지 DN8,DN8,23~현재,encar,가솔린,1.6,True,,5,,,익스클루시브,3260,False,False
mf-001.md-018.sm-dn8.pw-가솔린-1-6.tr-인스퍼레이션,현대,001,국산,쏘나타,018,쏘나타 디 엣지 DN8,DN8,23~현재,encar,가솔린,1.6,True,,5,,,인스퍼레이션,3549,False,False
mf-001.md-018.sm-dn8.pw-가솔린-1-6.tr-n-line,현대,001,국산,쏘나타,018,쏘나타 디 엣지 DN8,DN8,23~현재,encar,가솔린,1.6,True,,5,,,N Line,3674,False,False
mf-001.md-018.sm-dn8.pw-lpg-2-0.tr-모빌리티,현대,001,국산,쏘나타,018,쏘나타 디 엣지 DN8,DN8,23~현재,encar,LPG,2.0,False,,5,,,모빌리티,,True,False
mf-001.md-018.sm-dn8.pw-lpg-2-0.tr-비즈니스-1,현대,001,국산,쏘나타,018,쏘나타 디 엣지 DN8,DN8,23~현재,encar,LPG,2.0,False,,5,,,비즈니스 1,,True,False
mf-001.md-018.sm-dn8.pw-lpg-2-0.tr-비즈니스-2,현대,001,국산,쏘나타,018,쏘나타 디 엣지 DN8,DN8,23~현재,encar,LPG,2.0,False,,5,,,비즈니스 2,,True,False
mf-001.md-018.sm-dn8.pw-lpg-2-0.tr-익스클루시브,현대,001,국산,쏘나타,018,쏘나타 디 엣지 DN8,DN8,23~현재,encar,LPG,2.0,False,,5,,,익스클루시브,3260,False,False
mf-001.md-018.sm-dn8.pw-lpg-2-0.tr-인스퍼레이션,현대,001,국산,쏘나타,018,쏘나타 디 엣지 DN8,DN8,23~현재,encar,LPG,2.0,False,,5,,,인스퍼레이션,3549,False,False
mf-001.md-018.sm-dn8.pw-가솔린-2-5.tr-n-line,현대,001,국산,쏘나타,018,쏘나타 디 엣지 DN8,DN8,23~현재,encar,가솔린,2.5,True,,5,,,N Line,3674,False,False
mf-001.md-018.sm-dn8.pw-하이브리드-2-0.tr-s,현대,001,국산,쏘나타,018,쏘나타 디 엣지 하이브리드 DN8,DN8,23~현재,encar,하이브리드,2.0,False,,5,,,S,,False,False
mf-001.md-018.sm-dn8.pw-하이브리드-2-0.tr-프리미엄,현대,001,국산,쏘나타,018,쏘나타 디 엣지 하이브리드 DN8,DN8,23~현재,encar,하이브리드,2.0,False,,5,,,프리미엄,2826,False,False
mf-001.md-018.sm-dn8.pw-하이브리드-2-0.tr-익스클루시브,현대,001,국산,쏘나타,018,쏘나타 디 엣지 하이브리드 DN8,DN8,23~현재,encar,하이브리드,2.0,False,,5,,,익스클루시브,3260,False,False
mf-001.md-018.sm-dn8.pw-하이브리드-2-0.tr-인스퍼레이션,현대,001,국산,쏘나타,018,쏘나타 디 엣지 하이브리드 DN8,DN8,23~현재,encar,하이브리드,2.0,False,,5,,,인스퍼레이션,3549,False,False
mf-001.md-018.sm-dn8.pw-가솔린-2-0.tr-스마트,현대,001,국산,쏘나타,018,쏘나타 DN8,DN8,19~23,encar,가솔린,2.0,False,,5,,,스마트,2457,False,False
mf-001.md-018.sm-dn8.pw-가솔린-2-0.tr-모던,현대,001,국산,쏘나타,018,쏘나타 DN8,DN8,19~23,encar,가솔린,2.0,False,,5,,,모던,2690,False,False
mf-001.md-018.sm-dn8.pw-가솔린-2-0.tr-프리미엄-밀레니얼,현대,001,국산,쏘나타,018,쏘나타 DN8,DN8,19~23,encar,가솔린,2.0,False,,5,,,프리미엄 밀레니얼,,False,False
mf-001.md-018.sm-dn8.pw-가솔린-2-0.tr-프리미엄,현대,001,국산,쏘나타,018,쏘나타 DN8,DN8,19~23,encar,가솔린,2.0,False,,5,,,프리미엄,2826,False,False
mf-001.md-018.sm-dn8.pw-가솔린-2-0.tr-프리미엄-패밀리,현대,001,국산,쏘나타,018,쏘나타 DN8,DN8,19~23,encar,가솔린,2.0,False,,5,,,프리미엄 패밀리,,False,False
mf-001.md-018.sm-dn8.pw-가솔린-2-0.tr-프리미엄-플러스,현대,001,국산,쏘나타,018,쏘나타 DN8,DN8,19~23,encar,가솔린,2.0,False,,5,,,프리미엄 플러스,,False,False
mf-001.md-018.sm-dn8.pw-가솔린-2-0.tr-인스퍼레이션,현대,001,국산,쏘나타,018,쏘나타 DN8,DN8,19~23,encar,가솔린,2.0,False,,5,,,인스퍼레이션,3549,False,False
mf-001.md-018.sm-dn8.pw-가솔린-1-6.tr-모던,현대,001,국산,쏘나타,018,쏘나타 DN8,DN8,19~23,encar,가솔린,1.6,True,,5,,,모던,2690,False,False
mf-001.md-018.sm-dn8.pw-가솔린-1-6.tr-프리미엄-밀레니얼,현대,001,국산,쏘나타,018,쏘나타 DN8,DN8,19~23,encar,가솔린,1.6,True,,5,,,프리미엄 밀레니얼,,False,False
mf-001.md-018.sm-dn8.pw-가솔린-1-6.tr-프리미엄,현대,001,국산,쏘나타,018,쏘나타 DN8,DN8,19~23,encar,가솔린,1.6,True,,5,,,프리미엄,2826,False,False
mf-001.md-018.sm-dn8.pw-가솔린-1-6.tr-프리미엄-패밀리,현대,001,국산,쏘나타,018,쏘나타 DN8,DN8,19~23,encar,가솔린,1.6,True,,5,,,프리미엄 패밀리,,False,False
mf-001.md-018.sm-dn8.pw-가솔린-1-6.tr-프리미엄-플러스,현대,001,국산,쏘나타,018,쏘나타 DN8,DN8,19~23,encar,가솔린,1.6,True,,5,,,프리미엄 플러스,,False,False
mf-001.md-018.sm-dn8.pw-가솔린-1-6.tr-인스퍼레이션,현대,001,국산,쏘나타,018,쏘나타 DN8,DN8,19~23,encar,가솔린,1.6,True,,5,,,인스퍼레이션,3549,False,False
mf-001.md-018.sm-dn8.pw-lpg-2-0.tr-스마트,현대,001,국산,쏘나타,018,쏘나타 DN8,DN8,19~23,encar,LPG,2.0,False,,5,,,스마트,2457,False,False
mf-001.md-018.sm-dn8.pw-lpg-2-0.tr-모던,현대,001,국산,쏘나타,018,쏘나타 DN8,DN8,19~23,encar,LPG,2.0,False,,5,,,모던,2690,False,False
mf-001.md-018.sm-dn8.pw-lpg-2-0.tr-스타일,현대,001,국산,쏘나타,018,쏘나타 DN8,DN8,19~23,encar,LPG,2.0,False,,5,,,스타일,,False,False
mf-001.md-018.sm-dn8.pw-lpg-2-0.tr-프리미엄,현대,001,국산,쏘나타,018,쏘나타 DN8,DN8,19~23,encar,LPG,2.0,False,,5,,,프리미엄,2826,False,False
mf-001.md-018.sm-dn8.pw-lpg-2-0.tr-프리미엄-패밀리,현대,001,국산,쏘나타,018,쏘나타 DN8,DN8,19~23,encar,LPG,2.0,False,,5,,,프리미엄 패밀리,,False,False
mf-001.md-018.sm-dn8.pw-가솔린-2-5.tr-프리미엄,현대,001,국산,쏘나타,018,쏘나타 DN8,DN8,19~23,encar,가솔린,2.5,True,,5,,,프리미엄,2826,False,False
mf-001.md-018.sm-dn8.pw-가솔린-2-5.tr-인스퍼레이션,현대,001,국산,쏘나타,018,쏘나타 DN8,DN8,19~23,encar,가솔린,2.5,True,,5,,,인스퍼레이션,3549,False,False
mf-001.md-018.sm-dn8.pw-하이브리드-2-0.tr-세부등급-없음,현대,001,국산,쏘나타,018,쏘나타 DN8,DN8,19~23,encar,하이브리드,2.0,False,,5,,,(세부등급 없음),,False,False
mf-001.md-018.sm-dn8.pw-하이브리드-2-0.tr-패밀리,현대,001,국산,쏘나타,018,쏘나타 DN8,DN8,19~23,encar,하이브리드,2.0,False,,5,,,패밀리,,False,False
mf-001.md-018.sm-dn8.pw-하이브리드-2-0.tr-스마트,현대,001,국산,쏘나타,018,쏘나타 DN8,DN8,19~23,encar,하이브리드,2.0,False,,5,,,스마트,2457,False,False
mf-001.md-018.sm-dn8.pw-하이브리드-2-0.tr-모던,현대,001,국산,쏘나타,018,쏘나타 DN8,DN8,19~23,encar,하이브리드,2.0,False,,5,,,모던,2690,False,False
mf-001.md-018.sm-dn8.pw-하이브리드-2-0.tr-밀레니얼,현대,001,국산,쏘나타,018,쏘나타 DN8,DN8,19~23,encar,하이브리드,2.0,False,,5,,,밀레니얼,,False,False
mf-001.md-018.sm-dn8.pw-하이브리드-2-0.tr-프리미엄-플러스,현대,001,국산,쏘나타,018,쏘나타 DN8,DN8,19~23,encar,하이브리드,2.0,False,,5,,,프리미엄 플러스,,False,False
mf-001.md-018.sm-dn8.pw-하이브리드-2-0.tr-인스퍼레이션,현대,001,국산,쏘나타,018,쏘나타 DN8,DN8,19~23,encar,하이브리드,2.0,False,,5,,,인스퍼레이션,3549,False,False
mf-001.md-018.sm-lf.pw-가솔린-2-0.tr-스마트,현대,001,국산,쏘나타,018,쏘나타 뉴 라이즈 LF,LF,17~19,encar,가솔린,2.0,False,,5,,,스마트,2457,False,False
mf-001.md-018.sm-lf.pw-가솔린-2-0.tr-스마트-스페셜,현대,001,국산,쏘나타,018,쏘나타 뉴 라이즈 LF,LF,17~19,encar,가솔린,2.0,False,,5,,,스마트 스페셜,,False,True
mf-001.md-018.sm-lf.pw-가솔린-2-0.tr-스마트-초이스,현대,001,국산,쏘나타,018,쏘나타 뉴 라이즈 LF,LF,17~19,encar,가솔린,2.0,False,,5,,,스마트 초이스,,False,True
mf-001.md-018.sm-lf.pw-가솔린-2-0.tr-모던,현대,001,국산,쏘나타,018,쏘나타 뉴 라이즈 LF,LF,17~19,encar,가솔린,2.0,False,,5,,,모던,2690,False,False
mf-001.md-018.sm-lf.pw-가솔린-2-0.tr-스타일,현대,001,국산,쏘나타,018,쏘나타 뉴 라이즈 LF,LF,17~19,encar,가솔린,2.0,False,,5,,,스타일,,False,False
mf-001.md-018.sm-lf.pw-가솔린-2-0.tr-프리미엄-스페셜,현대,001,국산,쏘나타,018,쏘나타 뉴 라이즈 LF,LF,17~19,encar,가솔린,2.0,False,,5,,,프리미엄 스페셜,,False,True
mf-001.md-018.sm-lf.pw-가솔린-1-6.tr-마이-시티-에디션,현대,001,국산,쏘나타,018,쏘나타 뉴 라이즈 LF,LF,17~19,encar,가솔린,1.6,True,,5,,,마이 시티 에디션,,False,True
mf-001.md-018.sm-lf.pw-가솔린-1-6.tr-스마트,현대,001,국산,쏘나타,018,쏘나타 뉴 라이즈 LF,LF,17~19,encar,가솔린,1.6,True,,5,,,스마트,2457,False,False
mf-001.md-018.sm-lf.pw-가솔린-1-6.tr-모던,현대,001,국산,쏘나타,018,쏘나타 뉴 라이즈 LF,LF,17~19,encar,가솔린,1.6,True,,5,,,모던,2690,False,False
mf-001.md-018.sm-lf.pw-가솔린-1-6.tr-스타일,현대,001,국산,쏘나타,018,쏘나타 뉴 라이즈 LF,LF,17~19,encar,가솔린,1.6,True,,5,,,스타일,,False,False
mf-001.md-018.sm-lf.pw-가솔린-1-6.tr-프리미엄,현대,001,국산,쏘나타,018,쏘나타 뉴 라이즈 LF,LF,17~19,encar,가솔린,1.6,True,,5,,,프리미엄,2826,False,False
mf-001.md-018.sm-lf.pw-lpg-2-0.tr-lpi-스마트-장애인용,현대,001,국산,쏘나타,018,쏘나타 뉴 라이즈 LF,LF,17~19,encar,LPG,2.0,False,,5,,,LPI 스마트(장애인용),,True,False
mf-001.md-018.sm-lf.pw-lpg-2-0.tr-lpi-모던,현대,001,국산,쏘나타,018,쏘나타 뉴 라이즈 LF,LF,17~19,encar,LPG,2.0,False,,5,,,LPI 모던,,False,False
mf-001.md-018.sm-lf.pw-lpg-2-0.tr-lpi-모던-장애인용,현대,001,국산,쏘나타,018,쏘나타 뉴 라이즈 LF,LF,17~19,encar,LPG,2.0,False,,5,,,LPI 모던(장애인용),,True,False
mf-001.md-018.sm-lf.pw-lpg-2-0.tr-모던,현대,001,국산,쏘나타,018,쏘나타 뉴 라이즈 LF,LF,17~19,encar,LPG,2.0,False,,5,,,모던,2690,False,False
mf-001.md-018.sm-lf.pw-lpg-2-0.tr-lpi-스타일,현대,001,국산,쏘나타,018,쏘나타 뉴 라이즈 LF,LF,17~19,encar,LPG,2.0,False,,5,,,LPI 스타일,,False,False
mf-001.md-018.sm-lf.pw-lpg-2-0.tr-스타일,현대,001,국산,쏘나타,018,쏘나타 뉴 라이즈 LF,LF,17~19,encar,LPG,2.0,False,,5,,,스타일,,False,False
mf-001.md-018.sm-lf.pw-lpg-2-0.tr-lpi-프리미엄,현대,001,국산,쏘나타,018,쏘나타 뉴 라이즈 LF,LF,17~19,encar,LPG,2.0,False,,5,,,LPI 프리미엄,,False,False
mf-001.md-018.sm-lf.pw-lpg-2-0.tr-프리미엄,현대,001,국산,쏘나타,018,쏘나타 뉴 라이즈 LF,LF,17~19,encar,LPG,2.0,False,,5,,,프리미엄,2826,False,False
mf-001.md-018.sm-lf.pw-가솔린-2-0.tr-익스클루시브,현대,001,국산,쏘나타,018,쏘나타 뉴 라이즈 LF,LF,17~19,encar,가솔린,2.0,True,,5,,,익스클루시브,3260,False,False
mf-001.md-018.sm-lf.pw-디젤-1-7.tr-스마트,현대,001,국산,쏘나타,018,쏘나타 뉴 라이즈 LF,LF,17~19,encar,디젤,1.7,False,,5,,,스마트,2457,False,False
mf-001.md-018.sm-lf.pw-디젤-1-7.tr-스타일,현대,001,국산,쏘나타,018,쏘나타 뉴 라이즈 LF,LF,17~19,encar,디젤,1.7,False,,5,,,스타일,,False,False
mf-001.md-018.sm-lf.pw-디젤-1-7.tr-프리미엄,현대,001,국산,쏘나타,018,쏘나타 뉴 라이즈 LF,LF,17~19,encar,디젤,1.7,False,,5,,,프리미엄,2826,False,False
mf-001.md-018.sm-lf.pw-하이브리드-2-0.tr-세부등급-없음,현대,001,국산,쏘나타,018,쏘나타 뉴 라이즈 LF,LF,17~19,encar,하이브리드,2.0,False,,5,,,(세부등급 없음),,False,False
mf-001.md-018.sm-lf.pw-하이브리드-2-0.tr-스마트,현대,001,국산,쏘나타,018,쏘나타 뉴 라이즈 LF,LF,17~19,encar,하이브리드,2.0,False,,5,,,스마트,2457,False,False
mf-001.md-018.sm-lf.pw-하이브리드-2-0.tr-모던,현대,001,국산,쏘나타,018,쏘나타 뉴 라이즈 LF,LF,17~19,encar,하이브리드,2.0,False,,5,,,모던,2690,False,False
mf-001.md-018.sm-lf.pw-하이브리드-2-0.tr-스페셜,현대,001,국산,쏘나타,018,쏘나타 뉴 라이즈 LF,LF,17~19,encar,하이브리드,2.0,False,,5,,,스페셜,,False,True
mf-001.md-018.sm-lf.pw-하이브리드-2-0.tr-프리미엄,현대,001,국산,쏘나타,018,쏘나타 뉴 라이즈 LF,LF,17~19,encar,하이브리드,2.0,False,,5,,,프리미엄,2826,False,False
mf-001.md-018.sm-lf.pw-가솔린-2-0.tr-세부등급-없음,현대,001,국산,쏘나타,018,LF 쏘나타,LF,14~17,encar,가솔린,2.0,False,,5,,,(세부등급 없음),,False,False
mf-001.md-018.sm-lf.pw-가솔린-2-0.tr-케어플러스,현대,001,국산,쏘나타,018,LF 쏘나타,LF,14~17,encar,가솔린,2.0,False,,5,,,케어플러스,,False,True
mf-001.md-018.sm-lf.pw-가솔린-2-0.tr-스페셜,현대,001,국산,쏘나타,018,LF 쏘나타,LF,14~17,encar,가솔린,2.0,False,,5,,,스페셜,,False,True
mf-001.md-018.sm-lf.pw-lpg-2-0.tr-lpi-스마트,현대,001,국산,쏘나타,018,LF 쏘나타,LF,14~17,encar,LPG,2.0,False,,5,,,LPI 스마트,,False,False
mf-001.md-018.sm-lf.pw-lpg-2-0.tr-lpi-스마트-장애인용,현대,001,국산,쏘나타,018,LF 쏘나타,LF,14~17,encar,LPG,2.0,False,,5,,,LPI 스마트(장애인용),,True,False
mf-001.md-018.sm-lf.pw-lpg-2-0.tr-lpi-모던,현대,001,국산,쏘나타,018,LF 쏘나타,LF,14~17,encar,LPG,2.0,False,,5,,,LPI 모던,,False,False
mf-001.md-018.sm-lf.pw-lpg-2-0.tr-lpi-모던-장애인용,현대,001,국산,쏘나타,018,LF 쏘나타,LF,14~17,encar,LPG,2.0,False,,5,,,LPI 모던(장애인용),,True,False
mf-001.md-018.sm-lf.pw-lpg-2-0.tr-스타일,현대,001,국산,쏘나타,018,LF 쏘나타,LF,14~17,encar,LPG,2.0,False,,5,,,스타일,,False,False
mf-001.md-018.sm-lf.pw-lpg-2-0.tr-lpi-프리미엄,현대,001,국산,쏘나타,018,LF 쏘나타,LF,14~17,encar,LPG,2.0,False,,5,,,LPI 프리미엄,,False,False
mf-001.md-018.sm-lf.pw-가솔린-1-6.tr-세부등급-없음,현대,001,국산,쏘나타,018,LF 쏘나타,LF,14~17,encar,가솔린,1.6,True,,5,,,(세부등급 없음),,False,False
mf-001.md-018.sm-lf.pw-가솔린-1-6.tr-스페셜,현대,001,국산,쏘나타,018,LF 쏘나타,LF,14~17,encar,가솔린,1.6,True,,5,,,스페셜,,False,True
mf-001.md-018.sm-lf.pw-디젤-1-7.tr-세부등급-없음,현대,001,국산,쏘나타,018,LF 쏘나타,LF,14~17,encar,디젤,1.7,False,,5,,,(세부등급 없음),,False,False
mf-001.md-018.sm-lf.pw-디젤-1-7.tr-스페셜,현대,001,국산,쏘나타,018,LF 쏘나타,LF,14~17,encar,디젤,1.7,False,,5,,,스페셜,,False,True
mf-001.md-018.sm-lf.pw-가솔린-2-0.tr-스마트,현대,001,국산,쏘나타,018,LF 쏘나타,LF,14~17,encar,가솔린,2.0,True,,5,,,스마트,2457,False,False
mf-001.md-018.sm-lf.pw-가솔린-2-4.tr-익스클루시브,현대,001,국산,쏘나타,018,LF 쏘나타,LF,14~17,encar,가솔린,2.4,False,,5,,,익스클루시브,3260,False,False
mf-001.md-018.sm-lf.pw-하이브리드-2-0.tr-스마트,현대,001,국산,쏘나타,018,LF 쏘나타,LF,14~17,encar,하이브리드,2.0,False,,5,,,스마트,2457,False,False
mf-001.md-018.sm-lf.pw-하이브리드-2-0.tr-모던,현대,001,국산,쏘나타,018,LF 쏘나타,LF,14~17,encar,하이브리드,2.0,False,,5,,,모던,2690,False,False
mf-001.md-018.sm-lf.pw-하이브리드-2-0.tr-모던-스페셜,현대,001,국산,쏘나타,018,LF 쏘나타,LF,14~17,encar,하이브리드,2.0,False,,5,,,모던 스페셜,,False,True
mf-001.md-018.sm-lf.pw-하이브리드-2-0.tr-프리미엄,현대,001,국산,쏘나타,018,LF 쏘나타,LF,14~17,encar,하이브리드,2.0,False,,5,,,프리미엄,2826,False,False
mf-001.md-018.sm-lf.pw-하이브리드-2-0.tr-프리미엄-스페셜,현대,001,국산,쏘나타,018,LF 쏘나타,LF,14~17,encar,하이브리드,2.0,False,,5,,,프리미엄 스페셜,,False,True
mf-001.md-018.sm-lf.pw-하이브리드-2-0.tr-익스클루시브,현대,001,국산,쏘나타,018,LF 쏘나타,LF,14~17,encar,하이브리드,2.0,False,,5,,,익스클루시브,3260,False,False
mf-001.md-018.sm-yf.pw-가솔린-2-0.tr-gdi-스마트,현대,001,국산,쏘나타,018,쏘나타 더 브릴리언트 YF,YF,12~14,encar,가솔린,2.0,True,,5,,,GDI 스마트,,False,False
mf-001.md-018.sm-yf.pw-가솔린-2-0.tr-gdi-모던,현대,001,국산,쏘나타,018,쏘나타 더 브릴리언트 YF,YF,12~14,encar,가솔린,2.0,True,,5,,,GDI 모던,,False,False
mf-001.md-018.sm-yf.pw-가솔린-2-0.tr-gdi-프리미엄,현대,001,국산,쏘나타,018,쏘나타 더 브릴리언트 YF,YF,12~14,encar,가솔린,2.0,True,,5,,,GDI 프리미엄,,False,False
mf-001.md-018.sm-yf.pw-가솔린-2-0.tr-cvvl-블루세이버,현대,001,국산,쏘나타,018,쏘나타 더 브릴리언트 YF,YF,12~14,encar,가솔린,2.0,False,,5,,,CVVL 블루세이버,,False,False
mf-001.md-018.sm-yf.pw-가솔린-2-0.tr-cvvl-스마트,현대,001,국산,쏘나타,018,쏘나타 더 브릴리언트 YF,YF,12~14,encar,가솔린,2.0,False,,5,,,CVVL 스마트,,False,False
mf-001.md-018.sm-yf.pw-가솔린-2-0.tr-스마트,현대,001,국산,쏘나타,018,쏘나타 더 브릴리언트 YF,YF,12~14,encar,가솔린,2.0,False,,5,,,스마트,2457,False,False
mf-001.md-018.sm-yf.pw-가솔린-2-0.tr-cvvl-어트랙션,현대,001,국산,쏘나타,018,쏘나타 더 브릴리언트 YF,YF,12~14,encar,가솔린,2.0,False,,5,,,CVVL 어트랙션,,False,False
mf-001.md-018.sm-yf.pw-가솔린-2-0.tr-cvvl-모던,현대,001,국산,쏘나타,018,쏘나타 더 브릴리언트 YF,YF,12~14,encar,가솔린,2.0,False,,5,,,CVVL 모던,,False,False
mf-001.md-018.sm-yf.pw-가솔린-2-0.tr-cvvl-스타일,현대,001,국산,쏘나타,018,쏘나타 더 브릴리언트 YF,YF,12~14,encar,가솔린,2.0,False,,5,,,CVVL 스타일,,False,False
mf-001.md-018.sm-yf.pw-가솔린-2-0.tr-cvvl-프리미엄,현대,001,국산,쏘나타,018,쏘나타 더 브릴리언트 YF,YF,12~14,encar,가솔린,2.0,False,,5,,,CVVL 프리미엄,,False,False
mf-001.md-018.sm-yf.pw-lpg-2-0.tr-lpi-스마트,현대,001,국산,쏘나타,018,쏘나타 더 브릴리언트 YF,YF,12~14,encar,LPG,2.0,False,,5,,,LPI 스마트,,False,False
mf-001.md-018.sm-yf.pw-lpg-2-0.tr-lpi-스마트-장애인용,현대,001,국산,쏘나타,018,쏘나타 더 브릴리언트 YF,YF,12~14,encar,LPG,2.0,False,,5,,,LPI 스마트(장애인용),,True,False
mf-001.md-018.sm-yf.pw-lpg-2-0.tr-lpi-모던,현대,001,국산,쏘나타,018,쏘나타 더 브릴리언트 YF,YF,12~14,encar,LPG,2.0,False,,5,,,LPI 모던,,False,False
mf-001.md-018.sm-yf.pw-lpg-2-0.tr-lpi-모던-장애인용,현대,001,국산,쏘나타,018,쏘나타 더 브릴리언트 YF,YF,12~14,encar,LPG,2.0,False,,5,,,LPI 모던(장애인용),,True,False
mf-001.md-018.sm-yf.pw-lpg-2-0.tr-lpi-스타일,현대,001,국산,쏘나타,018,쏘나타 더 브릴리언트 YF,YF,12~14,encar,LPG,2.0,False,,5,,,LPI 스타일,,False,False
mf-001.md-018.sm-yf.pw-lpg-2-0.tr-스타일,현대,001,국산,쏘나타,018,쏘나타 더 브릴리언트 YF,YF,12~14,encar,LPG,2.0,False,,5,,,스타일,,False,False
mf-001.md-018.sm-yf.pw-lpg-2-0.tr-lpi-프리미엄,현대,001,국산,쏘나타,018,쏘나타 더 브릴리언트 YF,YF,12~14,encar,LPG,2.0,False,,5,,,LPI 프리미엄,,False,False
mf-001.md-018.sm-yf.pw-하이브리드-2-0.tr-스마트,현대,001,국산,쏘나타,018,쏘나타 하이브리드 YF,YF,11~14,encar,하이브리드,2.0,False,,5,,,스마트,2457,False,False
mf-001.md-018.sm-yf.pw-하이브리드-2-0.tr-모던,현대,001,국산,쏘나타,018,쏘나타 하이브리드 YF,YF,11~14,encar,하이브리드,2.0,False,,5,,,모던,2690,False,False
mf-001.md-018.sm-yf.pw-하이브리드-2-0.tr-프리미엄,현대,001,국산,쏘나타,018,쏘나타 하이브리드 YF,YF,11~14,encar,하이브리드,2.0,False,,5,,,프리미엄,2826,False,False
mf-001.md-018.sm-yf.pw-하이브리드-2-0.tr-프리미엄,현대,001,국산,쏘나타,018,쏘나타 하이브리드 YF,YF,11~14,encar,하이브리드,2.0,False,,5,,,프리미엄,2826,False,False
mf-001.md-018.sm-yf.pw-하이브리드-2-0.tr-로열,현대,001,국산,쏘나타,018,쏘나타 하이브리드 YF,YF,11~14,encar,하이브리드,2.0,False,,5,,,로열,,False,False
mf-001.md-018.sm-yf.pw-하이브리드-2-4.tr-수출형,현대,001,국산,쏘나타,018,쏘나타 하이브리드 YF,YF,11~14,encar,하이브리드,2.4,False,,,,,(수출형),,False,False
mf-001.md-018.sm-yf.pw-lpg-2-0.tr-lpi-디럭스,현대,001,국산,쏘나타,018,YF 쏘나타,YF,09~12,encar,LPG,2.0,False,,5,,,LPI 디럭스,,False,False
mf-001.md-018.sm-yf.pw-lpg-2-0.tr-lpi-럭셔리,현대,001,국산,쏘나타,018,YF 쏘나타,YF,09~12,encar,LPG,2.0,False,,5,,,LPI 럭셔리,,False,False
mf-001.md-018.sm-yf.pw-lpg-2-0.tr-lpi-탑,현대,001,국산,쏘나타,018,YF 쏘나타,YF,09~12,encar,LPG,2.0,False,,5,,,LPI 탑,,False,False
mf-001.md-018.sm-yf.pw-lpg-2-0.tr-lpi-프리미어,현대,001,국산,쏘나타,018,YF 쏘나타,YF,09~12,encar,LPG,2.0,False,,5,,,LPI 프리미어,,False,False
mf-001.md-018.sm-yf.pw-lpg-2-0.tr-lpi-프리미어-장애인용,현대,001,국산,쏘나타,018,YF 쏘나타,YF,09~12,encar,LPG,2.0,False,,5,,,LPI 프리미어(장애인용),,True,False
mf-001.md-018.sm-yf.pw-가솔린-2-0.tr-세부등급-없음,현대,001,국산,쏘나타,018,YF 쏘나타,YF,09~12,encar,가솔린,2.0,False,,5,,,(세부등급 없음),,False,False
mf-001.md-018.sm-yf.pw-가솔린-2-0.tr-베이지,현대,001,국산,쏘나타,018,YF 쏘나타,YF,09~12,encar,가솔린,2.0,False,,5,,,베이지,,False,False
mf-001.md-018.sm-yf.pw-가솔린-2-0.tr-블랙,현대,001,국산,쏘나타,018,YF 쏘나타,YF,09~12,encar,가솔린,2.0,False,,5,,,블랙,,False,False
mf-001.md-018.sm-yf.pw-가솔린-2-0.tr-와인스페셜,현대,001,국산,쏘나타,018,YF 쏘나타,YF,09~12,encar,가솔린,2.0,False,,5,,,와인스페셜,,False,True
mf-001.md-018.sm-yf.pw-가솔린-2-0.tr-고급형,현대,001,국산,쏘나타,018,YF 쏘나타,YF,09~12,encar,가솔린,2.0,False,,5,,,고급형,,False,False
mf-001.md-018.sm-yf.pw-가솔린-2-0.tr-y20-스포츠,현대,001,국산,쏘나타,018,YF 쏘나타,YF,09~12,encar,가솔린,2.0,False,,5,,,Y20 스포츠,,False,False
mf-001.md-018.sm-yf.pw-가솔린-2-0.tr-cvvl-그랜드,현대,001,국산,쏘나타,018,YF 쏘나타,YF,09~12,encar,가솔린,2.0,False,,5,,,CVVL 그랜드,,False,False
mf-001.md-018.sm-yf.pw-가솔린-2-0.tr-y20-그랜드,현대,001,국산,쏘나타,018,YF 쏘나타,YF,09~12,encar,가솔린,2.0,False,,5,,,Y20 그랜드,,False,False
mf-001.md-018.sm-yf.pw-가솔린-2-0.tr-y20-월드컵-스페셜-에디션,현대,001,국산,쏘나타,018,YF 쏘나타,YF,09~12,encar,가솔린,2.0,False,,5,,,Y20 월드컵 스페셜 에디션,,False,True
mf-001.md-018.sm-yf.pw-가솔린-2-0.tr-cvvl-럭셔리,현대,001,국산,쏘나타,018,YF 쏘나타,YF,09~12,encar,가솔린,2.0,False,,5,,,CVVL 럭셔리,,False,False
mf-001.md-018.sm-yf.pw-가솔린-2-0.tr-y20-럭셔리,현대,001,국산,쏘나타,018,YF 쏘나타,YF,09~12,encar,가솔린,2.0,False,,5,,,Y20 럭셔리,,False,False
mf-001.md-018.sm-yf.pw-가솔린-2-0.tr-cvvl-탑,현대,001,국산,쏘나타,018,YF 쏘나타,YF,09~12,encar,가솔린,2.0,False,,5,,,CVVL 탑,,False,False
mf-001.md-018.sm-yf.pw-가솔린-2-0.tr-cvvl-프라임,현대,001,국산,쏘나타,018,YF 쏘나타,YF,09~12,encar,가솔린,2.0,False,,5,,,CVVL 프라임,,False,False
mf-001.md-018.sm-yf.pw-가솔린-2-0.tr-cvvl-프리미어,현대,001,국산,쏘나타,018,YF 쏘나타,YF,09~12,encar,가솔린,2.0,False,,5,,,CVVL 프리미어,,False,False
mf-001.md-018.sm-yf.pw-가솔린-2-0.tr-최고급형,현대,001,국산,쏘나타,018,YF 쏘나타,YF,09~12,encar,가솔린,2.0,False,,5,,,최고급형,,False,False
mf-001.md-018.sm-yf.pw-가솔린-2-0.tr-y20-로열,현대,001,국산,쏘나타,018,YF 쏘나타,YF,09~12,encar,가솔린,2.0,False,,5,,,Y20 로열,,False,False
mf-001.md-018.sm-yf.pw-가솔린-2-4.tr-고급형,현대,001,국산,쏘나타,018,YF 쏘나타,YF,09~12,encar,가솔린,2.4,False,,5,,,고급형,,False,False
mf-001.md-018.sm-yf.pw-가솔린-2-4.tr-최고급형,현대,001,국산,쏘나타,018,YF 쏘나타,YF,09~12,encar,가솔린,2.4,False,,5,,,최고급형,,False,False
mf-001.md-018.sm-yf.pw-가솔린-2-0.tr-최고급형,현대,001,국산,쏘나타,018,YF 쏘나타,YF,09~12,encar,가솔린,2.0,True,,5,,,최고급형,,False,False
mf-001.md-018.sm-yf.pw-lpg-2-0.tr-lpi-럭셔리-장애인용,현대,001,국산,쏘나타,018,YF 쏘나타,YF,09~12,encar,LPG,2.0,False,,,,,LPI 럭셔리(장애인용),,True,False
mf-001.md-018.sm-nf.pw-디젤-2-0.tr-vgt-n20-럭셔리,현대,001,국산,쏘나타,018,NF 쏘나타 트랜스폼,NF,07~13,encar,디젤,2.0,False,,5,,,(VGT) N20 럭셔리,,False,False
mf-001.md-018.sm-nf.pw-lpg-2-0.tr-n20-디럭스,현대,001,국산,쏘나타,018,NF 쏘나타 트랜스폼,NF,07~13,encar,LPG,2.0,False,,5,,,N20 디럭스,,False,False
mf-001.md-018.sm-nf.pw-lpg-2-0.tr-n20-일반형,현대,001,국산,쏘나타,018,NF 쏘나타 트랜스폼,NF,07~13,encar,LPG,2.0,False,,5,,,N20 일반형,,False,False
mf-001.md-018.sm-nf.pw-lpg-2-0.tr-n20-고급형,현대,001,국산,쏘나타,018,NF 쏘나타 트랜스폼,NF,07~13,encar,LPG,2.0,False,,5,,,N20 고급형,,False,False
mf-001.md-018.sm-nf.pw-lpg-2-0.tr-n20-럭셔리,현대,001,국산,쏘나타,018,NF 쏘나타 트랜스폼,NF,07~13,encar,LPG,2.0,False,,5,,,N20 럭셔리,,False,False
mf-001.md-018.sm-nf.pw-lpg-2-0.tr-n20-프리미어,현대,001,국산,쏘나타,018,NF 쏘나타 트랜스폼,NF,07~13,encar,LPG,2.0,False,,5,,,N20 프리미어,,False,False
mf-001.md-018.sm-nf.pw-가솔린-2-0.tr-n20-디럭스,현대,001,국산,쏘나타,018,NF 쏘나타 트랜스폼,NF,07~13,encar,가솔린,2.0,False,,5,,,N20 디럭스,,False,False
mf-001.md-018.sm-nf.pw-가솔린-2-0.tr-n20-스마트-블랙팩,현대,001,국산,쏘나타,018,NF 쏘나타 트랜스폼,NF,07~13,encar,가솔린,2.0,False,,5,,,N20 스마트 블랙팩,,False,True
mf-001.md-018.sm-nf.pw-가솔린-2-0.tr-고급형,현대,001,국산,쏘나타,018,NF 쏘나타 트랜스폼,NF,07~13,encar,가솔린,2.0,False,,5,,,고급형,,False,False
mf-001.md-018.sm-nf.pw-가솔린-2-0.tr-n20-럭셔리,현대,001,국산,쏘나타,018,NF 쏘나타 트랜스폼,NF,07~13,encar,가솔린,2.0,False,,5,,,N20 럭셔리,,False,False
mf-001.md-018.sm-nf.pw-lpg-2-0.tr-기본형,현대,001,국산,쏘나타,018,NF 쏘나타,NF,04~07,encar,LPG,2.0,False,,5,,,기본형,,False,False
mf-001.md-018.sm-nf.pw-lpg-2-0.tr-고급형,현대,001,국산,쏘나타,018,NF 쏘나타,NF,04~07,encar,LPG,2.0,False,,5,,,고급형,,False,False
mf-001.md-018.sm-nf.pw-가솔린-2-4.tr-기본형,현대,001,국산,쏘나타,018,NF 쏘나타,NF,04~07,encar,가솔린,2.4,False,,5,,,기본형,,False,False
mf-001.md-018.sm-nf.pw-가솔린-2-0.tr-기본형,현대,001,국산,쏘나타,018,NF 쏘나타,NF,04~07,encar,가솔린,2.0,False,,5,,,기본형,,False,False
mf-001.md-018.sm-nf.pw-가솔린-2-0.tr-고급형,현대,001,국산,쏘나타,018,NF 쏘나타,NF,04~07,encar,가솔린,2.0,False,,5,,,고급형,,False,False
mf-001.md-018.sm-nf.pw-가솔린-2-0.tr-n20-블랙-프리미어,현대,001,국산,쏘나타,018,NF 쏘나타,NF,04~07,encar,가솔린,2.0,False,,5,,,N20 블랙 프리미어,,False,True
mf-001.md-018.sm-nf.pw-디젤-2-0.tr-기본형,현대,001,국산,쏘나타,018,NF 쏘나타,NF,04~07,encar,디젤,2.0,False,,5,,,기본형,,False,False
mf-001.md-018.sm-nf.pw-디젤-2-0.tr-고급형,현대,001,국산,쏘나타,018,NF 쏘나타,NF,04~07,encar,디젤,2.0,False,,5,,,고급형,,False,False
mf-001.md-018.sm-ef.pw-가솔린-2-0.tr-기본형,현대,001,국산,쏘나타,018,뉴 EF 쏘나타,EF,01~06,encar,가솔린,2.0,False,,5,,,기본형,,False,False
mf-001.md-018.sm-ef.pw-가솔린-2-0.tr-고급형,현대,001,국산,쏘나타,018,뉴 EF 쏘나타,EF,01~06,encar,가솔린,2.0,False,,5,,,고급형,,False,False
mf-001.md-018.sm-ef.pw-가솔린-1-8.tr-세부등급-없음,현대,001,국산,쏘나타,018,뉴 EF 쏘나타,EF,01~06,encar,가솔린,1.8,False,,5,,,(세부등급 없음),,False,False
mf-001.md-018.sm-ef.pw-가솔린-1-8.tr-기본형,현대,001,국산,쏘나타,018,뉴 EF 쏘나타,EF,01~06,encar,가솔린,1.8,False,,5,,,기본형,,False,False
mf-001.md-018.sm-ef.pw-가솔린-1-8.tr-고급형,현대,001,국산,쏘나타,018,뉴 EF 쏘나타,EF,01~06,encar,가솔린,1.8,False,,5,,,고급형,,False,False
mf-001.md-018.sm-ef.pw-lpg-2-0.tr-vxl,현대,001,국산,쏘나타,018,뉴 EF 쏘나타,EF,01~06,encar,LPG,2.0,False,,,,,VXL,,False,False
mf-001.md-018.sm-ef.pw-가솔린-2-0.tr-기본형,현대,001,국산,쏘나타,018,EF 쏘나타,EF,98~01,encar,가솔린,2.0,False,,5,,,기본형,,False,False
mf-001.md-018.sm-y3.pw-가솔린-1-8.tr-스페셜-에디션,현대,001,국산,쏘나타,018,쏘나타 III Y3,Y3,96~98,encar,가솔린,1.8,False,,5,,,스페셜 에디션,,False,True
mf-001.md-018.sm-y3.pw-가솔린-2-0.tr-gls,현대,001,국산,쏘나타,018,쏘나타 II Y3,Y3,93~96,encar,가솔린,2.0,False,,,,,GLS,,False,False
mf-001.md-058.sm-lx3.pw-가솔린-2-5-4wd.tr-프레스티지,현대,001,국산,팰리세이드,058,팰리세이드 LX3,LX3,25~현재,encar,가솔린,2.5,False,4WD,7,,,프레스티지,5536,False,False
mf-001.md-058.sm-lx3.pw-가솔린-2-5-4wd.tr-캘리그래피,현대,001,국산,팰리세이드,058,팰리세이드 LX3,LX3,25~현재,encar,가솔린,2.5,False,4WD,7,,,캘리그래피,6186,False,False
mf-001.md-058.sm-lx3.pw-하이브리드-2-5-2wd.tr-익스클루시브,현대,001,국산,팰리세이드,058,팰리세이드 LX3,LX3,25~현재,encar,하이브리드,2.5,False,2WD,7,,,익스클루시브,4982,False,False
mf-001.md-058.sm-lx3.pw-하이브리드-2-5-2wd.tr-프레스티지,현대,001,국산,팰리세이드,058,팰리세이드 LX3,LX3,25~현재,encar,하이브리드,2.5,False,2WD,7,,,프레스티지,5536,False,False
mf-001.md-058.sm-lx3.pw-하이브리드-2-5-2wd.tr-캘리그래피,현대,001,국산,팰리세이드,058,팰리세이드 LX3,LX3,25~현재,encar,하이브리드,2.5,False,2WD,7,,,캘리그래피,6186,False,False
mf-001.md-058.sm-lx3.pw-하이브리드-2-5-4wd.tr-프레스티지,현대,001,국산,팰리세이드,058,팰리세이드 LX3,LX3,25~현재,encar,하이브리드,2.5,False,4WD,9,,,프레스티지,5536,False,False
mf-001.md-058.sm-lx3.pw-하이브리드-2-5-4wd.tr-캘리그래피,현대,001,국산,팰리세이드,058,팰리세이드 LX3,LX3,25~현재,encar,하이브리드,2.5,False,4WD,9,,,캘리그래피,6186,False,False
mf-001.md-058.sm-lx3.pw-가솔린-2-5-4wd.tr-프레스티지,현대,001,국산,팰리세이드,058,팰리세이드 LX3,LX3,25~현재,encar,가솔린,2.5,False,4WD,9,,,프레스티지,5536,False,False
mf-001.md-058.sm-lx3.pw-가솔린-2-5-4wd.tr-캘리그래피,현대,001,국산,팰리세이드,058,팰리세이드 LX3,LX3,25~현재,encar,가솔린,2.5,False,4WD,9,,,캘리그래피,6186,False,False
mf-001.md-058.sm-lx3.pw-가솔린-2-5-2wd.tr-익스클루시브,현대,001,국산,팰리세이드,058,팰리세이드 LX3,LX3,25~현재,encar,가솔린,2.5,False,2WD,9,,,익스클루시브,4982,False,False
mf-001.md-058.sm-lx3.pw-가솔린-2-5-2wd.tr-프레스티지,현대,001,국산,팰리세이드,058,팰리세이드 LX3,LX3,25~현재,encar,가솔린,2.5,False,2WD,9,,,프레스티지,5536,False,False
mf-001.md-058.sm-lx3.pw-가솔린-2-5-2wd.tr-캘리그래피,현대,001,국산,팰리세이드,058,팰리세이드 LX3,LX3,25~현재,encar,가솔린,2.5,False,2WD,9,,,캘리그래피,6186,False,False
mf-001.md-058.sm-lx3.pw-가솔린-2-5-2wd.tr-프레스티지,현대,001,국산,팰리세이드,058,팰리세이드 LX3,LX3,25~현재,encar,가솔린,2.5,False,2WD,7,,,프레스티지,5536,False,False
mf-001.md-058.sm-lx3.pw-가솔린-2-5-2wd.tr-캘리그래피,현대,001,국산,팰리세이드,058,팰리세이드 LX3,LX3,25~현재,encar,가솔린,2.5,False,2WD,7,,,캘리그래피,6186,False,False
mf-001.md-058.sm-lx3.pw-하이브리드-2-5-4wd.tr-익스클루시브,현대,001,국산,팰리세이드,058,팰리세이드 LX3,LX3,25~현재,encar,하이브리드,2.5,False,4WD,7,,,익스클루시브,4982,False,False
mf-001.md-058.sm-lx3.pw-하이브리드-2-5-4wd.tr-프레스티지,현대,001,국산,팰리세이드,058,팰리세이드 LX3,LX3,25~현재,encar,하이브리드,2.5,False,4WD,7,,,프레스티지,5536,False,False
mf-001.md-058.sm-lx3.pw-하이브리드-2-5-4wd.tr-캘리그래피,현대,001,국산,팰리세이드,058,팰리세이드 LX3,LX3,25~현재,encar,하이브리드,2.5,False,4WD,7,,,캘리그래피,6186,False,False
mf-001.md-058.sm-lx3.pw-하이브리드-2-5-2wd.tr-익스클루시브,현대,001,국산,팰리세이드,058,팰리세이드 LX3,LX3,25~현재,encar,하이브리드,2.5,False,2WD,9,,,익스클루시브,4982,False,False
mf-001.md-058.sm-lx3.pw-하이브리드-2-5-2wd.tr-프레스티지,현대,001,국산,팰리세이드,058,팰리세이드 LX3,LX3,25~현재,encar,하이브리드,2.5,False,2WD,9,,,프레스티지,5536,False,False
mf-001.md-058.sm-lx3.pw-하이브리드-2-5-2wd.tr-캘리그래피,현대,001,국산,팰리세이드,058,팰리세이드 LX3,LX3,25~현재,encar,하이브리드,2.5,False,2WD,9,,,캘리그래피,6186,False,False
mf-001.md-058.sm-lx2.pw-디젤-2-2-4wd.tr-르블랑,현대,001,국산,팰리세이드,058,더 뉴 팰리세이드 LX2,LX2,22~25,encar,디젤,2.2,False,4WD,7,,,르블랑,3800,False,True
mf-001.md-058.sm-lx2.pw-디젤-2-2-4wd.tr-프레스티지,현대,001,국산,팰리세이드,058,더 뉴 팰리세이드 LX2,LX2,22~25,encar,디젤,2.2,False,4WD,7,,,프레스티지,5536,False,False
mf-001.md-058.sm-lx2.pw-디젤-2-2-4wd.tr-캘리그래피,현대,001,국산,팰리세이드,058,더 뉴 팰리세이드 LX2,LX2,22~25,encar,디젤,2.2,False,4WD,7,,,캘리그래피,6186,False,False
mf-001.md-058.sm-lx2.pw-디젤-2-2-4wd.tr-vip,현대,001,국산,팰리세이드,058,더 뉴 팰리세이드 LX2,LX2,22~25,encar,디젤,2.2,False,4WD,7,,,VIP,6500,False,False
mf-001.md-058.sm-lx2.pw-가솔린-3-8-2wd.tr-르블랑,현대,001,국산,팰리세이드,058,더 뉴 팰리세이드 LX2,LX2,22~25,encar,가솔린,3.8,False,2WD,7,,,르블랑,3800,False,True
mf-001.md-058.sm-lx2.pw-가솔린-3-8-2wd.tr-익스클루시브,현대,001,국산,팰리세이드,058,더 뉴 팰리세이드 LX2,LX2,22~25,encar,가솔린,3.8,False,2WD,7,,,익스클루시브,4982,False,False
mf-001.md-058.sm-lx2.pw-가솔린-3-8-2wd.tr-프레스티지,현대,001,국산,팰리세이드,058,더 뉴 팰리세이드 LX2,LX2,22~25,encar,가솔린,3.8,False,2WD,7,,,프레스티지,5536,False,False
mf-001.md-058.sm-lx2.pw-가솔린-3-8-2wd.tr-캘리그래피,현대,001,국산,팰리세이드,058,더 뉴 팰리세이드 LX2,LX2,22~25,encar,가솔린,3.8,False,2WD,7,,,캘리그래피,6186,False,False
mf-001.md-058.sm-lx2.pw-가솔린-3-8-2wd.tr-캘리그래피-블랙에디션,현대,001,국산,팰리세이드,058,더 뉴 팰리세이드 LX2,LX2,22~25,encar,가솔린,3.8,False,2WD,7,,,캘리그래피 블랙에디션,6300,False,True
mf-001.md-058.sm-lx2.pw-가솔린-3-8-2wd.tr-vip,현대,001,국산,팰리세이드,058,더 뉴 팰리세이드 LX2,LX2,22~25,encar,가솔린,3.8,False,2WD,7,,,VIP,6500,False,False
mf-001.md-058.sm-lx2.pw-가솔린-3-8-4wd.tr-익스클루시브,현대,001,국산,팰리세이드,058,더 뉴 팰리세이드 LX2,LX2,22~25,encar,가솔린,3.8,False,4WD,7,,,익스클루시브,4982,False,False
mf-001.md-058.sm-lx2.pw-가솔린-3-8-4wd.tr-캘리그래피,현대,001,국산,팰리세이드,058,더 뉴 팰리세이드 LX2,LX2,22~25,encar,가솔린,3.8,False,4WD,7,,,캘리그래피,6186,False,False
mf-001.md-058.sm-lx2.pw-가솔린-3-8-4wd.tr-캘리그래피-블랙에디션,현대,001,국산,팰리세이드,058,더 뉴 팰리세이드 LX2,LX2,22~25,encar,가솔린,3.8,False,4WD,7,,,캘리그래피 블랙에디션,6300,False,True
mf-001.md-058.sm-lx2.pw-가솔린-3-8-4wd.tr-vip,현대,001,국산,팰리세이드,058,더 뉴 팰리세이드 LX2,LX2,22~25,encar,가솔린,3.8,False,4WD,7,,,VIP,6500,False,False
mf-001.md-058.sm-lx2.pw-디젤-2-2-2wd.tr-르블랑,현대,001,국산,팰리세이드,058,더 뉴 팰리세이드 LX2,LX2,22~25,encar,디젤,2.2,False,2WD,8,,,르블랑,3800,False,True
mf-001.md-058.sm-lx2.pw-디젤-2-2-2wd.tr-익스클루시브,현대,001,국산,팰리세이드,058,더 뉴 팰리세이드 LX2,LX2,22~25,encar,디젤,2.2,False,2WD,8,,,익스클루시브,4982,False,False
mf-001.md-058.sm-lx2.pw-디젤-2-2-2wd.tr-프레스티지,현대,001,국산,팰리세이드,058,더 뉴 팰리세이드 LX2,LX2,22~25,encar,디젤,2.2,False,2WD,8,,,프레스티지,5536,False,False
mf-001.md-058.sm-lx2.pw-디젤-2-2-2wd.tr-캘리그래피,현대,001,국산,팰리세이드,058,더 뉴 팰리세이드 LX2,LX2,22~25,encar,디젤,2.2,False,2WD,8,,,캘리그래피,6186,False,False
mf-001.md-058.sm-lx2.pw-가솔린-3-8-4wd.tr-프레스티지,현대,001,국산,팰리세이드,058,팰리세이드 LX2,LX2,18~22,encar,가솔린,3.8,False,4WD,7,,,프레스티지,5536,False,False
mf-001.md-058.sm-lx2.pw-가솔린-3-8-4wd.tr-캘리그래피,현대,001,국산,팰리세이드,058,팰리세이드 LX2,LX2,18~22,encar,가솔린,3.8,False,4WD,7,,,캘리그래피,6186,False,False
mf-001.md-058.sm-lx2.pw-가솔린-3-8-4wd.tr-vip,현대,001,국산,팰리세이드,058,팰리세이드 LX2,LX2,18~22,encar,가솔린,3.8,False,4WD,7,,,VIP,6500,False,False
mf-001.md-058.sm-lx2.pw-디젤-2-2-2wd.tr-익스클루시브,현대,001,국산,팰리세이드,058,팰리세이드 LX2,LX2,18~22,encar,디젤,2.2,False,2WD,8,,,익스클루시브,4982,False,False
mf-001.md-058.sm-lx2.pw-디젤-2-2-2wd.tr-프레스티지,현대,001,국산,팰리세이드,058,팰리세이드 LX2,LX2,18~22,encar,디젤,2.2,False,2WD,8,,,프레스티지,5536,False,False
mf-001.md-058.sm-lx2.pw-디젤-2-2-2wd.tr-캘리그래피,현대,001,국산,팰리세이드,058,팰리세이드 LX2,LX2,18~22,encar,디젤,2.2,False,2WD,8,,,캘리그래피,6186,False,False
mf-001.md-058.sm-lx2.pw-디젤-2-2-2wd.tr-vip,현대,001,국산,팰리세이드,058,팰리세이드 LX2,LX2,18~22,encar,디젤,2.2,False,2WD,8,,,VIP,6500,False,False
mf-001.md-058.sm-lx2.pw-가솔린-3-8-2wd.tr-익스클루시브,현대,001,국산,팰리세이드,058,팰리세이드 LX2,LX2,18~22,encar,가솔린,3.8,False,2WD,7,,,익스클루시브,4982,False,False
mf-001.md-058.sm-lx2.pw-가솔린-3-8-2wd.tr-프레스티지,현대,001,국산,팰리세이드,058,팰리세이드 LX2,LX2,18~22,encar,가솔린,3.8,False,2WD,7,,,프레스티지,5536,False,False
mf-001.md-058.sm-lx2.pw-가솔린-3-8-2wd.tr-캘리그래피,현대,001,국산,팰리세이드,058,팰리세이드 LX2,LX2,18~22,encar,가솔린,3.8,False,2WD,7,,,캘리그래피,6186,False,False
mf-001.md-058.sm-lx2.pw-디젤-2-2-4wd.tr-익스클루시브,현대,001,국산,팰리세이드,058,팰리세이드 LX2,LX2,18~22,encar,디젤,2.2,False,4WD,7,,,익스클루시브,4982,False,False
mf-001.md-058.sm-lx2.pw-디젤-2-2-4wd.tr-프레스티지,현대,001,국산,팰리세이드,058,팰리세이드 LX2,LX2,18~22,encar,디젤,2.2,False,4WD,7,,,프레스티지,5536,False,False
mf-001.md-058.sm-lx2.pw-디젤-2-2-4wd.tr-캘리그래피,현대,001,국산,팰리세이드,058,팰리세이드 LX2,LX2,18~22,encar,디젤,2.2,False,4WD,7,,,캘리그래피,6186,False,False
mf-001.md-058.sm-lx2.pw-디젤-2-2-4wd.tr-vip,현대,001,국산,팰리세이드,058,팰리세이드 LX2,LX2,18~22,encar,디젤,2.2,False,4WD,7,,,VIP,6500,False,False
mf-001.md-032.sm-nx4.pw-가솔린-1-6-2wd.tr-모던,현대,001,국산,투싼,032,투싼 NX4,NX4,23~현재,encar,가솔린,1.6,True,2WD,5,,,모던,2771,False,False
mf-001.md-032.sm-nx4.pw-가솔린-1-6-2wd.tr-프리미엄,현대,001,국산,투싼,032,투싼 NX4,NX4,23~현재,encar,가솔린,1.6,True,2WD,5,,,프리미엄,3068,False,False
mf-001.md-032.sm-nx4.pw-가솔린-1-6-2wd.tr-인스퍼레이션,현대,001,국산,투싼,032,투싼 NX4,NX4,23~현재,encar,가솔린,1.6,True,2WD,5,,,인스퍼레이션,3439,False,False
mf-001.md-032.sm-nx4.pw-가솔린-1-6-2wd.tr-n-line-인스퍼레이션,현대,001,국산,투싼,032,투싼 NX4,NX4,23~현재,encar,가솔린,1.6,True,2WD,5,,,N Line 인스퍼레이션,3539,False,False
mf-001.md-032.sm-nx4.pw-가솔린-1-6-2wd.tr-h-pick,현대,001,국산,투싼,032,투싼 NX4,NX4,23~현재,encar,가솔린,1.6,True,2WD,5,,,H Pick,3700,False,True
mf-001.md-032.sm-nx4.pw-가솔린-1-6-4wd.tr-모던,현대,001,국산,투싼,032,투싼 NX4,NX4,23~현재,encar,가솔린,1.6,True,4WD,5,,,모던,2771,False,False
mf-001.md-032.sm-nx4.pw-가솔린-1-6-4wd.tr-프리미엄,현대,001,국산,투싼,032,투싼 NX4,NX4,23~현재,encar,가솔린,1.6,True,4WD,5,,,프리미엄,3068,False,False
mf-001.md-032.sm-nx4.pw-가솔린-1-6-4wd.tr-인스퍼레이션,현대,001,국산,투싼,032,투싼 NX4,NX4,23~현재,encar,가솔린,1.6,True,4WD,5,,,인스퍼레이션,3439,False,False
mf-001.md-032.sm-nx4.pw-가솔린-1-6-4wd.tr-n-line-인스퍼레이션,현대,001,국산,투싼,032,투싼 NX4,NX4,23~현재,encar,가솔린,1.6,True,4WD,5,,,N Line 인스퍼레이션,3539,False,False
mf-001.md-032.sm-nx4.pw-디젤-2-0-2wd.tr-모던,현대,001,국산,투싼,032,투싼 NX4,NX4,23~현재,encar,디젤,2.0,False,2WD,,,,모던,2771,False,False
mf-001.md-032.sm-nx4.pw-디젤-2-0-2wd.tr-프리미엄,현대,001,국산,투싼,032,투싼 NX4,NX4,23~현재,encar,디젤,2.0,False,2WD,,,,프리미엄,3068,False,False
mf-001.md-032.sm-nx4.pw-디젤-2-0-2wd.tr-인스퍼레이션,현대,001,국산,투싼,032,투싼 NX4,NX4,23~현재,encar,디젤,2.0,False,2WD,,,,인스퍼레이션,3439,False,False
mf-001.md-032.sm-nx4.pw-디젤-2-0-4wd.tr-모던,현대,001,국산,투싼,032,투싼 NX4,NX4,23~현재,encar,디젤,2.0,False,4WD,5,,,모던,2771,False,False
mf-001.md-032.sm-nx4.pw-디젤-2-0-4wd.tr-인스퍼레이션,현대,001,국산,투싼,032,투싼 NX4,NX4,23~현재,encar,디젤,2.0,False,4WD,5,,,인스퍼레이션,3439,False,False
mf-001.md-032.sm-nx4.pw-하이브리드-1-6-2wd.tr-모던,현대,001,국산,투싼,032,투싼 NX4,NX4,23~현재,encar,하이브리드,1.6,False,2WD,5,,,모던,2771,False,False
mf-001.md-032.sm-nx4.pw-하이브리드-1-6-2wd.tr-프리미엄,현대,001,국산,투싼,032,투싼 NX4,NX4,23~현재,encar,하이브리드,1.6,False,2WD,5,,,프리미엄,3068,False,False
mf-001.md-032.sm-nx4.pw-하이브리드-1-6-2wd.tr-n-line-프리미엄,현대,001,국산,투싼,032,투싼 NX4,NX4,23~현재,encar,하이브리드,1.6,False,2WD,5,,,N Line 프리미엄,3243,False,False
mf-001.md-032.sm-nx4.pw-하이브리드-1-6-2wd.tr-인스퍼레이션,현대,001,국산,투싼,032,투싼 NX4,NX4,23~현재,encar,하이브리드,1.6,False,2WD,5,,,인스퍼레이션,3439,False,False
mf-001.md-032.sm-nx4.pw-하이브리드-1-6-2wd.tr-n-line-인스퍼레이션,현대,001,국산,투싼,032,투싼 NX4,NX4,23~현재,encar,하이브리드,1.6,False,2WD,5,,,N Line 인스퍼레이션,3539,False,False
mf-001.md-032.sm-nx4.pw-하이브리드-1-6-2wd.tr-h-pick,현대,001,국산,투싼,032,투싼 NX4,NX4,23~현재,encar,하이브리드,1.6,False,2WD,5,,,H Pick,3700,False,True
mf-001.md-032.sm-nx4.pw-하이브리드-1-6-4wd.tr-프리미엄,현대,001,국산,투싼,032,투싼 NX4,NX4,23~현재,encar,하이브리드,1.6,False,4WD,5,,,프리미엄,3068,False,False
mf-001.md-032.sm-nx4.pw-하이브리드-1-6-4wd.tr-인스퍼레이션,현대,001,국산,투싼,032,투싼 NX4,NX4,23~현재,encar,하이브리드,1.6,False,4WD,5,,,인스퍼레이션,3439,False,False
mf-001.md-032.sm-nx4.pw-하이브리드-1-6-4wd.tr-n-line-인스퍼레이션,현대,001,국산,투싼,032,투싼 NX4,NX4,23~현재,encar,하이브리드,1.6,False,4WD,5,,,N Line 인스퍼레이션,3539,False,False
mf-001.md-032.sm-nx4.pw-하이브리드-1-6-4wd.tr-h-pick,현대,001,국산,투싼,032,투싼 NX4,NX4,23~현재,encar,하이브리드,1.6,False,4WD,5,,,H Pick,3700,False,True
mf-001.md-032.sm-nx4.pw-가솔린-1-6-4wd.tr-프리미엄,현대,001,국산,투싼,032,투싼 NX4,NX4,20~23,encar,가솔린,1.6,True,4WD,5,,,프리미엄,3068,False,False
mf-001.md-032.sm-nx4.pw-가솔린-1-6-4wd.tr-인스퍼레이션,현대,001,국산,투싼,032,투싼 NX4,NX4,20~23,encar,가솔린,1.6,True,4WD,5,,,인스퍼레이션,3439,False,False
mf-001.md-032.sm-nx4.pw-가솔린-1-6-4wd.tr-n-line-인스퍼레이션,현대,001,국산,투싼,032,투싼 NX4,NX4,20~23,encar,가솔린,1.6,True,4WD,5,,,N Line 인스퍼레이션,3539,False,False
mf-001.md-032.sm-nx4.pw-디젤-2-0-2wd.tr-모던,현대,001,국산,투싼,032,투싼 NX4,NX4,20~23,encar,디젤,2.0,False,2WD,5,,,모던,2771,False,False
mf-001.md-032.sm-nx4.pw-디젤-2-0-2wd.tr-프리미엄,현대,001,국산,투싼,032,투싼 NX4,NX4,20~23,encar,디젤,2.0,False,2WD,5,,,프리미엄,3068,False,False
mf-001.md-032.sm-nx4.pw-디젤-2-0-2wd.tr-인스퍼레이션,현대,001,국산,투싼,032,투싼 NX4,NX4,20~23,encar,디젤,2.0,False,2WD,5,,,인스퍼레이션,3439,False,False
mf-001.md-032.sm-nx4.pw-디젤-2-0-2wd.tr-n-line-인스퍼레이션,현대,001,국산,투싼,032,투싼 NX4,NX4,20~23,encar,디젤,2.0,False,2WD,5,,,N Line 인스퍼레이션,3539,False,False
mf-001.md-032.sm-nx4.pw-가솔린-1-6-2wd.tr-모던,현대,001,국산,투싼,032,투싼 NX4,NX4,20~23,encar,가솔린,1.6,True,2WD,5,,,모던,2771,False,False
mf-001.md-032.sm-nx4.pw-가솔린-1-6-2wd.tr-프리미엄,현대,001,국산,투싼,032,투싼 NX4,NX4,20~23,encar,가솔린,1.6,True,2WD,5,,,프리미엄,3068,False,False
mf-001.md-032.sm-nx4.pw-가솔린-1-6-2wd.tr-인스퍼레이션,현대,001,국산,투싼,032,투싼 NX4,NX4,20~23,encar,가솔린,1.6,True,2WD,5,,,인스퍼레이션,3439,False,False
mf-001.md-032.sm-nx4.pw-가솔린-1-6-2wd.tr-n-line-인스퍼레이션,현대,001,국산,투싼,032,투싼 NX4,NX4,20~23,encar,가솔린,1.6,True,2WD,5,,,N Line 인스퍼레이션,3539,False,False
mf-001.md-032.sm-nx4.pw-가솔린-1-6-2wd.tr-어드벤처,현대,001,국산,투싼,032,투싼 NX4,NX4,20~23,encar,가솔린,1.6,True,2WD,5,,,어드벤처,3400,False,True
mf-001.md-032.sm-nx4.pw-디젤-2-0-4wd.tr-모던,현대,001,국산,투싼,032,투싼 NX4,NX4,20~23,encar,디젤,2.0,False,4WD,5,,,모던,2771,False,False
mf-001.md-032.sm-nx4.pw-디젤-2-0-4wd.tr-프리미엄,현대,001,국산,투싼,032,투싼 NX4,NX4,20~23,encar,디젤,2.0,False,4WD,5,,,프리미엄,3068,False,False
mf-001.md-032.sm-nx4.pw-디젤-2-0-4wd.tr-n-line-인스퍼레이션,현대,001,국산,투싼,032,투싼 NX4,NX4,20~23,encar,디젤,2.0,False,4WD,5,,,N Line 인스퍼레이션,3539,False,False
mf-001.md-032.sm-nx4.pw-하이브리드-1-6-2wd.tr-모던,현대,001,국산,투싼,032,투싼 NX4,NX4,20~23,encar,하이브리드,1.6,False,2WD,5,,,모던,2771,False,False
mf-001.md-032.sm-nx4.pw-하이브리드-1-6-2wd.tr-프리미엄,현대,001,국산,투싼,032,투싼 NX4,NX4,20~23,encar,하이브리드,1.6,False,2WD,5,,,프리미엄,3068,False,False
mf-001.md-032.sm-nx4.pw-하이브리드-1-6-2wd.tr-인스퍼레이션,현대,001,국산,투싼,032,투싼 NX4,NX4,20~23,encar,하이브리드,1.6,False,2WD,5,,,인스퍼레이션,3439,False,False
mf-001.md-032.sm-nx4.pw-하이브리드-1-6-2wd.tr-어드벤처,현대,001,국산,투싼,032,투싼 NX4,NX4,20~23,encar,하이브리드,1.6,False,2WD,5,,,어드벤처,3400,False,True
mf-001.md-032.sm-nx4.pw-하이브리드-1-6-4wd.tr-프리미엄,현대,001,국산,투싼,032,투싼 NX4,NX4,20~23,encar,하이브리드,1.6,False,4WD,5,,,프리미엄,3068,False,False
mf-001.md-032.sm-nx4.pw-하이브리드-1-6-4wd.tr-인스퍼레이션,현대,001,국산,투싼,032,투싼 NX4,NX4,20~23,encar,하이브리드,1.6,False,4WD,5,,,인스퍼레이션,3439,False,False
mf-001.md-032.sm-tl.pw-디젤-2-0-4wd.tr-스타일-스페셜,현대,001,국산,투싼,032,올 뉴 투싼 TL,TL,15~20,encar,디젤,2.0,False,4WD,5,,,스타일 스페셜,2680,False,True
mf-001.md-032.sm-tl.pw-디젤-2-0-4wd.tr-모던,현대,001,국산,투싼,032,올 뉴 투싼 TL,TL,15~20,encar,디젤,2.0,False,4WD,5,,,모던,2771,False,False
mf-001.md-032.sm-tl.pw-디젤-2-0-4wd.tr-프리미엄,현대,001,국산,투싼,032,올 뉴 투싼 TL,TL,15~20,encar,디젤,2.0,False,4WD,5,,,프리미엄,3068,False,False
mf-001.md-032.sm-tl.pw-디젤-2-0-2wd.tr-스마트,현대,001,국산,투싼,032,올 뉴 투싼 TL,TL,15~20,encar,디젤,2.0,False,2WD,5,,,스마트,2400,False,False
mf-001.md-032.sm-tl.pw-디젤-2-0-2wd.tr-스타일,현대,001,국산,투싼,032,올 뉴 투싼 TL,TL,15~20,encar,디젤,2.0,False,2WD,5,,,스타일,2550,False,False
mf-001.md-032.sm-tl.pw-디젤-2-0-2wd.tr-스타일-스페셜,현대,001,국산,투싼,032,올 뉴 투싼 TL,TL,15~20,encar,디젤,2.0,False,2WD,5,,,스타일 스페셜,2680,False,True
mf-001.md-032.sm-tl.pw-디젤-2-0-2wd.tr-모던,현대,001,국산,투싼,032,올 뉴 투싼 TL,TL,15~20,encar,디젤,2.0,False,2WD,5,,,모던,2771,False,False
mf-001.md-032.sm-tl.pw-디젤-2-0-2wd.tr-프리미엄,현대,001,국산,투싼,032,올 뉴 투싼 TL,TL,15~20,encar,디젤,2.0,False,2WD,5,,,프리미엄,3068,False,False
mf-001.md-032.sm-tl.pw-디젤-2-0-2wd.tr-인스퍼레이션,현대,001,국산,투싼,032,올 뉴 투싼 TL,TL,15~20,encar,디젤,2.0,False,2WD,5,,,인스퍼레이션,3439,False,False
mf-001.md-032.sm-tl.pw-디젤-2-0-2wd.tr-익스트림-에디션,현대,001,국산,투싼,032,올 뉴 투싼 TL,TL,15~20,encar,디젤,2.0,False,2WD,5,,,익스트림 에디션,3000,False,True
mf-001.md-032.sm-tl.pw-디젤-1-7-2wd.tr-스마트,현대,001,국산,투싼,032,올 뉴 투싼 TL,TL,15~20,encar,디젤,1.7,False,2WD,5,,,스마트,2400,False,False
mf-001.md-032.sm-tl.pw-디젤-1-7-2wd.tr-스타일,현대,001,국산,투싼,032,올 뉴 투싼 TL,TL,15~20,encar,디젤,1.7,False,2WD,5,,,스타일,2550,False,False
mf-001.md-032.sm-tl.pw-디젤-1-7-2wd.tr-스타일-피버,현대,001,국산,투싼,032,올 뉴 투싼 TL,TL,15~20,encar,디젤,1.7,False,2WD,5,,,스타일 피버,2700,False,True
mf-001.md-032.sm-tl.pw-디젤-1-7-2wd.tr-모던,현대,001,국산,투싼,032,올 뉴 투싼 TL,TL,15~20,encar,디젤,1.7,False,2WD,5,,,모던,2771,False,False
mf-001.md-032.sm-tl.pw-디젤-1-7-2wd.tr-모던-피버,현대,001,국산,투싼,032,올 뉴 투싼 TL,TL,15~20,encar,디젤,1.7,False,2WD,5,,,모던 피버,2900,False,True
mf-001.md-032.sm-tl.pw-디젤-1-7-2wd.tr-프리미엄,현대,001,국산,투싼,032,올 뉴 투싼 TL,TL,15~20,encar,디젤,1.7,False,2WD,5,,,프리미엄,3068,False,False
mf-001.md-032.sm-tl.pw-디젤-1-6-2wd.tr-스마트,현대,001,국산,투싼,032,올 뉴 투싼 TL,TL,15~20,encar,디젤,1.6,False,2WD,5,,,스마트,2400,False,False
mf-001.md-032.sm-tl.pw-디젤-1-6-2wd.tr-모던,현대,001,국산,투싼,032,올 뉴 투싼 TL,TL,15~20,encar,디젤,1.6,False,2WD,5,,,모던,2771,False,False
mf-001.md-032.sm-tl.pw-디젤-1-6-2wd.tr-프리미엄,현대,001,국산,투싼,032,올 뉴 투싼 TL,TL,15~20,encar,디젤,1.6,False,2WD,5,,,프리미엄,3068,False,False
mf-001.md-032.sm-tl.pw-가솔린-1-6-2wd.tr-스마트,현대,001,국산,투싼,032,올 뉴 투싼 TL,TL,15~20,encar,가솔린,1.6,True,2WD,5,,,스마트,2400,False,False
mf-001.md-032.sm-tl.pw-가솔린-1-6-2wd.tr-모던,현대,001,국산,투싼,032,올 뉴 투싼 TL,TL,15~20,encar,가솔린,1.6,True,2WD,5,,,모던,2771,False,False
mf-001.md-032.sm-tl.pw-가솔린-1-6-2wd.tr-모던-피버,현대,001,국산,투싼,032,올 뉴 투싼 TL,TL,15~20,encar,가솔린,1.6,True,2WD,5,,,모던 피버,2900,False,True
mf-001.md-032.sm-tl.pw-가솔린-1-6-2wd.tr-프리미엄,현대,001,국산,투싼,032,올 뉴 투싼 TL,TL,15~20,encar,가솔린,1.6,True,2WD,5,,,프리미엄,3068,False,False
mf-001.md-032.sm-tl.pw-가솔린-1-6-2wd.tr-인스퍼레이션,현대,001,국산,투싼,032,올 뉴 투싼 TL,TL,15~20,encar,가솔린,1.6,True,2WD,5,,,인스퍼레이션,3439,False,False
mf-001.md-032.sm-tl.pw-가솔린-1-6-2wd.tr-얼티밋-에디션,현대,001,국산,투싼,032,올 뉴 투싼 TL,TL,15~20,encar,가솔린,1.6,True,2WD,5,,,얼티밋 에디션,3600,False,True
mf-001.md-032.sm-tl.pw-가솔린-1-6-4wd.tr-모던,현대,001,국산,투싼,032,올 뉴 투싼 TL,TL,15~20,encar,가솔린,1.6,True,4WD,5,,,모던,2771,False,False
mf-001.md-032.sm-lm.pw-디젤-2wd.tr-스마트,현대,001,국산,투싼,032,뉴 투싼 ix LM,LM,13~15,encar,디젤,,False,2WD,5,,,스마트,2400,False,False
mf-001.md-032.sm-lm.pw-디젤-2wd.tr-스마트-스페셜,현대,001,국산,투싼,032,뉴 투싼 ix LM,LM,13~15,encar,디젤,,False,2WD,5,,,스마트 스페셜,2550,False,True
mf-001.md-032.sm-lm.pw-디젤-2wd.tr-모던,현대,001,국산,투싼,032,뉴 투싼 ix LM,LM,13~15,encar,디젤,,False,2WD,5,,,모던,2771,False,False
mf-001.md-032.sm-lm.pw-디젤-2wd.tr-프리미엄,현대,001,국산,투싼,032,뉴 투싼 ix LM,LM,13~15,encar,디젤,,False,2WD,5,,,프리미엄,3068,False,False
mf-001.md-032.sm-lm.pw-디젤-4wd.tr-스마트,현대,001,국산,투싼,032,뉴 투싼 ix LM,LM,13~15,encar,디젤,,False,4WD,5,,,스마트,2400,False,False
mf-001.md-032.sm-lm.pw-디젤-4wd.tr-스마트-스페셜,현대,001,국산,투싼,032,뉴 투싼 ix LM,LM,13~15,encar,디젤,,False,4WD,5,,,스마트 스페셜,2550,False,True
mf-001.md-032.sm-lm.pw-디젤-4wd.tr-모던,현대,001,국산,투싼,032,뉴 투싼 ix LM,LM,13~15,encar,디젤,,False,4WD,5,,,모던,2771,False,False
mf-001.md-032.sm-lm.pw-디젤-4wd.tr-프리미엄,현대,001,국산,투싼,032,뉴 투싼 ix LM,LM,13~15,encar,디젤,,False,4WD,5,,,프리미엄,3068,False,False
mf-001.md-032.sm-lm.pw-수소-2wd.tr-수소-fuel-cell,현대,001,국산,투싼,032,뉴 투싼 ix LM,LM,13~15,encar,수소,,False,2WD,5,,,수소(Fuel Cell),8500,False,False
mf-001.md-032.sm-lm.pw-디젤-2-0-2wd.tr-디럭스,현대,001,국산,투싼,032,투싼 ix LM,LM,09~13,encar,디젤,2.0,False,2WD,5,,,디럭스,2100,False,False
mf-001.md-032.sm-lm.pw-디젤-2-0-2wd.tr-스마트,현대,001,국산,투싼,032,투싼 ix LM,LM,09~13,encar,디젤,2.0,False,2WD,5,,,스마트,2400,False,False
mf-001.md-032.sm-lm.pw-디젤-2-0-2wd.tr-스마트팩,현대,001,국산,투싼,032,투싼 ix LM,LM,09~13,encar,디젤,2.0,False,2WD,5,,,스마트팩,2500,False,False
mf-001.md-032.sm-lm.pw-디젤-2-0-2wd.tr-스타일,현대,001,국산,투싼,032,투싼 ix LM,LM,09~13,encar,디젤,2.0,False,2WD,5,,,스타일,2550,False,False
mf-001.md-032.sm-lm.pw-디젤-2-0-2wd.tr-모던,현대,001,국산,투싼,032,투싼 ix LM,LM,09~13,encar,디젤,2.0,False,2WD,5,,,모던,2771,False,False
mf-001.md-032.sm-lm.pw-디젤-2-0-2wd.tr-럭셔리,현대,001,국산,투싼,032,투싼 ix LM,LM,09~13,encar,디젤,2.0,False,2WD,5,,,럭셔리,2700,False,False
mf-001.md-032.sm-lm.pw-디젤-2-0-2wd.tr-스페셜-팩,현대,001,국산,투싼,032,투싼 ix LM,LM,09~13,encar,디젤,2.0,False,2WD,5,,,스페셜 팩,2950,False,True
mf-001.md-032.sm-lm.pw-디젤-2-0-2wd.tr-프리미어,현대,001,국산,투싼,032,투싼 ix LM,LM,09~13,encar,디젤,2.0,False,2WD,5,,,프리미어,3000,False,False
mf-001.md-032.sm-lm.pw-디젤-2-0-2wd.tr-프리미엄,현대,001,국산,투싼,032,투싼 ix LM,LM,09~13,encar,디젤,2.0,False,2WD,5,,,프리미엄,3068,False,False
mf-001.md-032.sm-lm.pw-디젤-2-0-4wd.tr-모던,현대,001,국산,투싼,032,투싼 ix LM,LM,09~13,encar,디젤,2.0,False,4WD,5,,,모던,2771,False,False
mf-001.md-032.sm-lm.pw-디젤-2-0-4wd.tr-럭셔리,현대,001,국산,투싼,032,투싼 ix LM,LM,09~13,encar,디젤,2.0,False,4WD,5,,,럭셔리,2700,False,False
mf-001.md-032.sm-lm.pw-디젤-2-0-4wd.tr-프리미어,현대,001,국산,투싼,032,투싼 ix LM,LM,09~13,encar,디젤,2.0,False,4WD,5,,,프리미어,3000,False,False
mf-001.md-032.sm-lm.pw-디젤-2-0-4wd.tr-프리미엄,현대,001,국산,투싼,032,투싼 ix LM,LM,09~13,encar,디젤,2.0,False,4WD,5,,,프리미엄,3068,False,False
mf-001.md-032.sm-jm.pw-디젤-2-0-2wd.tr-기본형,현대,001,국산,투싼,032,투싼 JM,JM,04~09,encar,디젤,2.0,False,2WD,5,,,기본형,1700,False,False
mf-001.md-032.sm-jm.pw-디젤-2-0-2wd.tr-고급형,현대,001,국산,투싼,032,투싼 JM,JM,04~09,encar,디젤,2.0,False,2WD,5,,,고급형,2200,False,False
mf-001.md-032.sm-jm.pw-디젤-2-0-2wd.tr-스타일팩,현대,001,국산,투싼,032,투싼 JM,JM,04~09,encar,디젤,2.0,False,2WD,5,,,스타일팩,2650,False,False
mf-001.md-032.sm-jm.pw-디젤-2-0-2wd.tr-최고급형,현대,001,국산,투싼,032,투싼 JM,JM,04~09,encar,디젤,2.0,False,2WD,5,,,최고급형,2900,False,False
mf-001.md-015.sm-tq.pw-디젤-2-5.tr-스타일,현대,001,국산,스타렉스,015,더 뉴 그랜드 스타렉스 TQ,TQ,17~21,encar,디젤,2.5,False,,12,,,스타일,2110,False,False
mf-001.md-015.sm-tq.pw-디젤-2-5.tr-하이루프,현대,001,국산,스타렉스,015,더 뉴 그랜드 스타렉스 TQ,TQ,17~21,encar,디젤,2.5,False,,12,,,하이루프,2200,False,False
mf-001.md-015.sm-tq.pw-디젤-2-5.tr-스마트,현대,001,국산,스타렉스,015,더 뉴 그랜드 스타렉스 TQ,TQ,17~21,encar,디젤,2.5,False,,12,,,스마트,2195,False,False
mf-001.md-015.sm-tq.pw-디젤-2-5.tr-모던,현대,001,국산,스타렉스,015,더 뉴 그랜드 스타렉스 TQ,TQ,17~21,encar,디젤,2.5,False,,12,,,모던,2495,False,False
mf-001.md-015.sm-tq.pw-디젤-2-5.tr-리무진,현대,001,국산,스타렉스,015,더 뉴 그랜드 스타렉스 TQ,TQ,17~21,encar,디젤,2.5,False,,6,,,리무진,6600,False,False
mf-001.md-015.sm-tq.pw-디젤-2-5.tr-스타일,현대,001,국산,스타렉스,015,더 뉴 그랜드 스타렉스 TQ,TQ,17~21,encar,디젤,2.5,False,,5,,,스타일,2110,False,False
mf-001.md-015.sm-tq.pw-디젤-2-5.tr-스마트,현대,001,국산,스타렉스,015,더 뉴 그랜드 스타렉스 TQ,TQ,17~21,encar,디젤,2.5,False,,5,,,스마트,2195,False,False
mf-001.md-015.sm-tq.pw-디젤-2-5.tr-모던,현대,001,국산,스타렉스,015,더 뉴 그랜드 스타렉스 TQ,TQ,17~21,encar,디젤,2.5,False,,5,,,모던,2495,False,False
mf-001.md-015.sm-tq.pw-디젤-2-5.tr-캠핑카,현대,001,국산,스타렉스,015,더 뉴 그랜드 스타렉스 TQ,TQ,17~21,encar,디젤,2.5,False,,5,,,캠핑카,4500,False,False
mf-001.md-015.sm-tq.pw-디젤-2-5.tr-스타일,현대,001,국산,스타렉스,015,더 뉴 그랜드 스타렉스 TQ,TQ,17~21,encar,디젤,2.5,False,,3,,,스타일,2110,False,False
mf-001.md-015.sm-tq.pw-디젤-2-5.tr-스마트,현대,001,국산,스타렉스,015,더 뉴 그랜드 스타렉스 TQ,TQ,17~21,encar,디젤,2.5,False,,3,,,스마트,2195,False,False
mf-001.md-015.sm-tq.pw-lpg-2-4.tr-어린이보호차-lpi,현대,001,국산,스타렉스,015,더 뉴 그랜드 스타렉스 TQ,TQ,17~21,encar,LPG,2.4,False,,12,,,어린이보호차(LPi),2200,False,False
mf-001.md-015.sm-tq.pw-lpg-2-4.tr-스마트,현대,001,국산,스타렉스,015,더 뉴 그랜드 스타렉스 TQ,TQ,17~21,encar,LPG,2.4,False,,12,,,스마트,2195,False,False
mf-001.md-015.sm-tq.pw-디젤-2-5.tr-어린이보호차,현대,001,국산,스타렉스,015,더 뉴 그랜드 스타렉스 TQ,TQ,17~21,encar,디젤,2.5,False,,15,,,어린이보호차,2300,False,False
mf-001.md-015.sm-tq.pw-디젤-2-5-4wd.tr-어린이보호차,현대,001,국산,스타렉스,015,더 뉴 그랜드 스타렉스 TQ,TQ,17~21,encar,디젤,2.5,False,4WD,12,,,어린이보호차,2300,False,False
mf-001.md-015.sm-tq.pw-디젤-2-5-4wd.tr-스마트,현대,001,국산,스타렉스,015,더 뉴 그랜드 스타렉스 TQ,TQ,17~21,encar,디젤,2.5,False,4WD,12,,,스마트,2195,False,False
mf-001.md-015.sm-tq.pw-디젤-2-5.tr-스마트,현대,001,국산,스타렉스,015,더 뉴 그랜드 스타렉스 TQ,TQ,17~21,encar,디젤,2.5,False,,11,,,스마트,2195,False,False
mf-001.md-015.sm-tq.pw-디젤-2-5.tr-프리미엄,현대,001,국산,스타렉스,015,더 뉴 그랜드 스타렉스 TQ,TQ,17~21,encar,디젤,2.5,False,,9,,,프리미엄,2700,False,False
mf-001.md-015.sm-tq.pw-디젤-2-5.tr-프리미엄-스페셜,현대,001,국산,스타렉스,015,더 뉴 그랜드 스타렉스 TQ,TQ,17~21,encar,디젤,2.5,False,,9,,,프리미엄 스페셜,2845,False,False
mf-001.md-015.sm-tq.pw-디젤-2-5.tr-익스클루시브,현대,001,국산,스타렉스,015,더 뉴 그랜드 스타렉스 TQ,TQ,17~21,encar,디젤,2.5,False,,9,,,익스클루시브,3015,False,False
mf-001.md-015.sm-tq.pw-디젤-2-5-4wd.tr-프리미엄-스페셜,현대,001,국산,스타렉스,015,더 뉴 그랜드 스타렉스 TQ,TQ,17~21,encar,디젤,2.5,False,4WD,9,,,프리미엄 스페셜,2845,False,False
mf-001.md-015.sm-tq.pw-디젤-2-5-4wd.tr-익스클루시브,현대,001,국산,스타렉스,015,더 뉴 그랜드 스타렉스 TQ,TQ,17~21,encar,디젤,2.5,False,4WD,9,,,익스클루시브,3015,False,False
mf-001.md-015.sm-tq.pw-디젤-2-5-4wd.tr-모던,현대,001,국산,스타렉스,015,더 뉴 그랜드 스타렉스 TQ,TQ,17~21,encar,디젤,2.5,False,4WD,11,,,모던,2495,False,False
mf-001.md-015.sm-tq.pw-디젤-2-5-4wd.tr-캠핑카,현대,001,국산,스타렉스,015,더 뉴 그랜드 스타렉스 TQ,TQ,17~21,encar,디젤,2.5,False,4WD,4,,,캠핑카,4500,False,False
mf-001.md-015.sm-tq.pw-디젤-2-5.tr-스마트,현대,001,국산,스타렉스,015,그랜드 스타렉스 TQ,TQ,07~17,encar,디젤,2.5,False,,11,,,스마트,2195,False,False
mf-001.md-015.sm-tq.pw-디젤-2-5.tr-모던,현대,001,국산,스타렉스,015,그랜드 스타렉스 TQ,TQ,07~17,encar,디젤,2.5,False,,11,,,모던,2495,False,False
mf-001.md-015.sm-tq.pw-디젤-2-5.tr-모던-스페셜,현대,001,국산,스타렉스,015,그랜드 스타렉스 TQ,TQ,07~17,encar,디젤,2.5,False,,11,,,모던 스페셜,2600,False,False
mf-001.md-015.sm-tq.pw-디젤-2-5.tr-vip-pack,현대,001,국산,스타렉스,015,그랜드 스타렉스 TQ,TQ,07~17,encar,디젤,2.5,False,,11,,,VIP PACK,3500,False,False
mf-001.md-015.sm-tq.pw-디젤-2-5.tr-캠핑카,현대,001,국산,스타렉스,015,그랜드 스타렉스 TQ,TQ,07~17,encar,디젤,2.5,False,,11,,,캠핑카,4500,False,False
mf-001.md-015.sm-tq.pw-디젤-2-5.tr-리무진,현대,001,국산,스타렉스,015,그랜드 스타렉스 TQ,TQ,07~17,encar,디젤,2.5,False,,11,,,리무진,6600,False,False
mf-001.md-015.sm-tq.pw-디젤-2-5.tr-cvx-프리미엄-cvx-premium,현대,001,국산,스타렉스,015,그랜드 스타렉스 TQ,TQ,07~17,encar,디젤,2.5,False,,11,,,CVX 프리미엄 (CVX Premium),,False,False
mf-001.md-015.sm-tq.pw-디젤-2-5.tr-어린이보호차,현대,001,국산,스타렉스,015,그랜드 스타렉스 TQ,TQ,07~17,encar,디젤,2.5,False,,12,,,어린이보호차,2300,False,False
mf-001.md-015.sm-tq.pw-디젤-2-5.tr-스마트,현대,001,국산,스타렉스,015,그랜드 스타렉스 TQ,TQ,07~17,encar,디젤,2.5,False,,12,,,스마트,2195,False,False
mf-001.md-015.sm-tq.pw-디젤-2-5.tr-모던,현대,001,국산,스타렉스,015,그랜드 스타렉스 TQ,TQ,07~17,encar,디젤,2.5,False,,12,,,모던,2495,False,False
mf-001.md-015.sm-tq.pw-디젤-2-5.tr-cvx-디럭스-cvx-deluxe,현대,001,국산,스타렉스,015,그랜드 스타렉스 TQ,TQ,07~17,encar,디젤,2.5,False,,12,,,CVX 디럭스 (CVX Deluxe),,False,False
mf-001.md-015.sm-tq.pw-디젤-2-5.tr-cvx-럭셔리-cvx-luxury,현대,001,국산,스타렉스,015,그랜드 스타렉스 TQ,TQ,07~17,encar,디젤,2.5,False,,12,,,CVX 럭셔리 (CVX Luxury),,False,False
mf-001.md-015.sm-tq.pw-디젤-2-5.tr-cvx-프리미엄-cvx-premium,현대,001,국산,스타렉스,015,그랜드 스타렉스 TQ,TQ,07~17,encar,디젤,2.5,False,,12,,,CVX 프리미엄 (CVX Premium),,False,False
mf-001.md-015.sm-tq.pw-디젤-2-5.tr-스마트,현대,001,국산,스타렉스,015,그랜드 스타렉스 TQ,TQ,07~17,encar,디젤,2.5,False,,5,,,스마트,2195,False,False
mf-001.md-015.sm-tq.pw-디젤-2-5.tr-모던,현대,001,국산,스타렉스,015,그랜드 스타렉스 TQ,TQ,07~17,encar,디젤,2.5,False,,5,,,모던,2495,False,False
mf-001.md-015.sm-tq.pw-디젤-2-5.tr-cvx-디럭스-cvx-deluxe,현대,001,국산,스타렉스,015,그랜드 스타렉스 TQ,TQ,07~17,encar,디젤,2.5,False,,5,,,CVX 디럭스 (CVX Deluxe),,False,False
mf-001.md-015.sm-tq.pw-디젤-2-5.tr-cvx-럭셔리-cvx-luxury,현대,001,국산,스타렉스,015,그랜드 스타렉스 TQ,TQ,07~17,encar,디젤,2.5,False,,5,,,CVX 럭셔리 (CVX Luxury),,False,False
mf-001.md-015.sm-tq.pw-디젤-2-5.tr-cvx-프리미엄-cvx-premium,현대,001,국산,스타렉스,015,그랜드 스타렉스 TQ,TQ,07~17,encar,디젤,2.5,False,,5,,,CVX 프리미엄 (CVX Premium),,False,False
mf-001.md-015.sm-tq.pw-디젤-2-5-4wd.tr-어린이보호차,현대,001,국산,스타렉스,015,그랜드 스타렉스 TQ,TQ,07~17,encar,디젤,2.5,False,4WD,15,,,어린이보호차,2300,False,False
mf-001.md-015.sm-tq.pw-디젤-2-5.tr-스마트,현대,001,국산,스타렉스,015,그랜드 스타렉스 TQ,TQ,07~17,encar,디젤,2.5,False,,3,,,스마트,2195,False,False
mf-001.md-015.sm-tq.pw-디젤-2-5.tr-스마트-스페셜,현대,001,국산,스타렉스,015,그랜드 스타렉스 TQ,TQ,07~17,encar,디젤,2.5,False,,3,,,스마트 스페셜,2300,False,False
mf-001.md-015.sm-tq.pw-디젤-2-5.tr-모던,현대,001,국산,스타렉스,015,그랜드 스타렉스 TQ,TQ,07~17,encar,디젤,2.5,False,,3,,,모던,2495,False,False
mf-001.md-015.sm-tq.pw-디젤-2-5.tr-cvx-디럭스-cvx-deluxe,현대,001,국산,스타렉스,015,그랜드 스타렉스 TQ,TQ,07~17,encar,디젤,2.5,False,,3,,,CVX 디럭스 (CVX Deluxe),,False,False
mf-001.md-015.sm-tq.pw-디젤-2-5.tr-cvx-럭셔리-cvx-luxury,현대,001,국산,스타렉스,015,그랜드 스타렉스 TQ,TQ,07~17,encar,디젤,2.5,False,,3,,,CVX 럭셔리 (CVX Luxury),,False,False
mf-001.md-015.sm-tq.pw-디젤-2-5.tr-cvx-밸류-cvx-value,현대,001,국산,스타렉스,015,그랜드 스타렉스 TQ,TQ,07~17,encar,디젤,2.5,False,,3,,,CVX 밸류 (CVX Value),,False,False
mf-001.md-015.sm-tq.pw-디젤-2-5-4wd.tr-스마트,현대,001,국산,스타렉스,015,그랜드 스타렉스 TQ,TQ,07~17,encar,디젤,2.5,False,4WD,12,,,스마트,2195,False,False
mf-001.md-015.sm-tq.pw-디젤-2-5-4wd.tr-모던-스페셜,현대,001,국산,스타렉스,015,그랜드 스타렉스 TQ,TQ,07~17,encar,디젤,2.5,False,4WD,12,,,모던 스페셜,2600,False,False
mf-001.md-015.sm-tq.pw-디젤-2-5-4wd.tr-cvx-디럭스-cvx-deluxe,현대,001,국산,스타렉스,015,그랜드 스타렉스 TQ,TQ,07~17,encar,디젤,2.5,False,4WD,12,,,CVX 디럭스 (CVX Deluxe),,False,False
mf-001.md-015.sm-tq.pw-디젤-2-5-4wd.tr-cvx-럭셔리-cvx-luxury,현대,001,국산,스타렉스,015,그랜드 스타렉스 TQ,TQ,07~17,encar,디젤,2.5,False,4WD,12,,,CVX 럭셔리 (CVX Luxury),,False,False
mf-001.md-015.sm-tq.pw-디젤-2-5-4wd.tr-cvx-프리미엄-cvx-premium,현대,001,국산,스타렉스,015,그랜드 스타렉스 TQ,TQ,07~17,encar,디젤,2.5,False,4WD,12,,,CVX 프리미엄 (CVX Premium),,False,False
mf-001.md-015.sm-tq.pw-디젤-2-5-4wd.tr-모던,현대,001,국산,스타렉스,015,그랜드 스타렉스 TQ,TQ,07~17,encar,디젤,2.5,False,4WD,11,,,모던,2495,False,False
mf-001.md-015.sm-tq.pw-디젤-2-5-4wd.tr-모던-스페셜,현대,001,국산,스타렉스,015,그랜드 스타렉스 TQ,TQ,07~17,encar,디젤,2.5,False,4WD,11,,,모던 스페셜,2600,False,False
mf-001.md-015.sm-tq.pw-디젤-2-5-4wd.tr-리무진,현대,001,국산,스타렉스,015,그랜드 스타렉스 TQ,TQ,07~17,encar,디젤,2.5,False,4WD,11,,,리무진,6600,False,False
mf-001.md-015.sm-tq.pw-디젤-2-5-4wd.tr-cvx-럭셔리-cvx-luxury,현대,001,국산,스타렉스,015,그랜드 스타렉스 TQ,TQ,07~17,encar,디젤,2.5,False,4WD,11,,,CVX 럭셔리 (CVX Luxury),,False,False
mf-001.md-015.sm-tq.pw-lpg-2-4.tr-스마트,현대,001,국산,스타렉스,015,그랜드 스타렉스 TQ,TQ,07~17,encar,LPG,2.4,False,,12,,,스마트,2195,False,False
mf-001.md-015.sm-tq.pw-디젤-2-5-4wd.tr-캠핑카,현대,001,국산,스타렉스,015,그랜드 스타렉스 TQ,TQ,07~17,encar,디젤,2.5,False,4WD,5,,,캠핑카,4500,False,False
mf-001.md-015.sm-tq.pw-lpg-2-4.tr-스마트,현대,001,국산,스타렉스,015,그랜드 스타렉스 TQ,TQ,07~17,encar,LPG,2.4,False,,3,,,스마트,2195,False,False
mf-001.md-015.sm-a1.pw-디젤-2-5.tr-grx-고급형,현대,001,국산,스타렉스,015,스타렉스 점보 A1,A1,97~07,encar,디젤,2.5,False,,11,,,GRX 고급형,2500,False,False
mf-001.md-015.sm-a1.pw-디젤-2-5.tr-grx-고급형,현대,001,국산,스타렉스,015,스타렉스 점보 A1,A1,97~07,encar,디젤,2.5,False,,9,,,GRX 고급형,2500,False,False
mf-001.md-015.sm-a1.pw-디젤-2-9.tr-grx,현대,001,국산,스타렉스,015,스타렉스 점보 A1,A1,97~07,encar,디젤,2.9,False,,3,,,GRX,2300,False,False
mf-001.md-015.sm-a1.pw-lpg-3-0.tr-svx,현대,001,국산,스타렉스,015,스타렉스 점보 A1,A1,97~07,encar,LPG,3.0,False,,6,,,SVX,2200,False,False
mf-001.md-015.sm-a1.pw-디젤-2-9.tr-grx,현대,001,국산,스타렉스,015,스타렉스 점보 A1,A1,97~07,encar,디젤,2.9,False,,12,,,GRX,2300,False,False
mf-001.md-015.sm-a1.pw-디젤-2-9.tr-grx,현대,001,국산,스타렉스,015,스타렉스 점보 A1,A1,97~07,encar,디젤,2.9,False,,6,,,GRX,2300,False,False
mf-001.md-015.sm-a1.pw-디젤-2-5-2wd.tr-grx,현대,001,국산,스타렉스,015,스타렉스 A1,A1,97~07,encar,디젤,2.5,False,2WD,9,,,GRX,2300,False,False
mf-001.md-015.sm-a1.pw-디젤-2-5-2wd.tr-gold,현대,001,국산,스타렉스,015,스타렉스 A1,A1,97~07,encar,디젤,2.5,False,2WD,9,,,GOLD,2500,False,False
mf-001.md-015.sm-a1.pw-디젤-2-9.tr-gx,현대,001,국산,스타렉스,015,스타렉스 A1,A1,97~07,encar,디젤,2.9,False,,6,,,GX,2100,False,False
mf-001.md-015.sm-a1.pw-디젤-2-9.tr-grx,현대,001,국산,스타렉스,015,스타렉스 A1,A1,97~07,encar,디젤,2.9,False,,6,,,GRX,2300,False,False
mf-001.md-055.sm-sx2.pw-가솔린-1-6-2wd.tr-모던,현대,001,국산,코나,055,디 올 뉴 코나 SX2,SX2,23~현재,encar,가솔린,1.6,True,2WD,5,,,모던,2409,False,False
mf-001.md-055.sm-sx2.pw-가솔린-1-6-2wd.tr-모던-플러스,현대,001,국산,코나,055,디 올 뉴 코나 SX2,SX2,23~현재,encar,가솔린,1.6,True,2WD,5,,,모던 플러스,2550,False,False
mf-001.md-055.sm-sx2.pw-가솔린-1-6-2wd.tr-h-pick,현대,001,국산,코나,055,디 올 뉴 코나 SX2,SX2,23~현재,encar,가솔린,1.6,True,2WD,5,,,H-Pick,2499,False,False
mf-001.md-055.sm-sx2.pw-가솔린-1-6-2wd.tr-프리미엄,현대,001,국산,코나,055,디 올 뉴 코나 SX2,SX2,23~현재,encar,가솔린,1.6,True,2WD,5,,,프리미엄,2753,False,False
mf-001.md-055.sm-sx2.pw-가솔린-1-6-2wd.tr-프리미엄-n-line,현대,001,국산,코나,055,디 올 뉴 코나 SX2,SX2,23~현재,encar,가솔린,1.6,True,2WD,5,,,프리미엄 N Line,2900,False,False
mf-001.md-055.sm-sx2.pw-가솔린-1-6-2wd.tr-인스퍼레이션,현대,001,국산,코나,055,디 올 뉴 코나 SX2,SX2,23~현재,encar,가솔린,1.6,True,2WD,5,,,인스퍼레이션,3034,False,False
mf-001.md-055.sm-sx2.pw-가솔린-1-6-4wd.tr-모던,현대,001,국산,코나,055,디 올 뉴 코나 SX2,SX2,23~현재,encar,가솔린,1.6,True,4WD,5,,,모던,2409,False,False
mf-001.md-055.sm-sx2.pw-가솔린-1-6-4wd.tr-프리미엄,현대,001,국산,코나,055,디 올 뉴 코나 SX2,SX2,23~현재,encar,가솔린,1.6,True,4WD,5,,,프리미엄,2753,False,False
mf-001.md-055.sm-sx2.pw-가솔린-1-6-4wd.tr-프리미엄-n-line,현대,001,국산,코나,055,디 올 뉴 코나 SX2,SX2,23~현재,encar,가솔린,1.6,True,4WD,5,,,프리미엄 N Line,2900,False,False
mf-001.md-055.sm-sx2.pw-가솔린-1-6-4wd.tr-인스퍼레이션,현대,001,국산,코나,055,디 올 뉴 코나 SX2,SX2,23~현재,encar,가솔린,1.6,True,4WD,5,,,인스퍼레이션,3034,False,False
mf-001.md-055.sm-sx2.pw-가솔린-1-6-4wd.tr-인스퍼레이션-n-line,현대,001,국산,코나,055,디 올 뉴 코나 SX2,SX2,23~현재,encar,가솔린,1.6,True,4WD,5,,,인스퍼레이션 N Line,3199,False,False
mf-001.md-055.sm-sx2.pw-가솔린-2-0-2wd.tr-모던,현대,001,국산,코나,055,디 올 뉴 코나 SX2,SX2,23~현재,encar,가솔린,2.0,False,2WD,5,,,모던,2409,False,False
mf-001.md-055.sm-sx2.pw-가솔린-2-0-2wd.tr-프리미엄,현대,001,국산,코나,055,디 올 뉴 코나 SX2,SX2,23~현재,encar,가솔린,2.0,False,2WD,5,,,프리미엄,2753,False,False
mf-001.md-055.sm-sx2.pw-가솔린-2-0-2wd.tr-인스퍼레이션,현대,001,국산,코나,055,디 올 뉴 코나 SX2,SX2,23~현재,encar,가솔린,2.0,False,2WD,5,,,인스퍼레이션,3034,False,False
mf-001.md-055.sm-sx2.pw-전기.tr-프리미엄,현대,001,국산,코나,055,디 올 뉴 코나 SX2,SX2,23~현재,encar,전기,,False,,5,,,프리미엄,2753,False,False
mf-001.md-055.sm-sx2.pw-전기.tr-인스퍼레이션,현대,001,국산,코나,055,디 올 뉴 코나 SX2,SX2,23~현재,encar,전기,,False,,5,,,인스퍼레이션,3034,False,False
mf-001.md-055.sm-sx2.pw-하이브리드-1-6.tr-모던,현대,001,국산,코나,055,디 올 뉴 코나 SX2,SX2,23~현재,encar,하이브리드,1.6,False,,5,,,모던,2409,False,False
mf-001.md-055.sm-sx2.pw-하이브리드-1-6.tr-h-pick,현대,001,국산,코나,055,디 올 뉴 코나 SX2,SX2,23~현재,encar,하이브리드,1.6,False,,5,,,H-Pick,2499,False,False
mf-001.md-055.sm-sx2.pw-하이브리드-1-6.tr-프리미엄,현대,001,국산,코나,055,디 올 뉴 코나 SX2,SX2,23~현재,encar,하이브리드,1.6,False,,5,,,프리미엄,2753,False,False
mf-001.md-055.sm-sx2.pw-하이브리드-1-6.tr-프리미엄-n-line,현대,001,국산,코나,055,디 올 뉴 코나 SX2,SX2,23~현재,encar,하이브리드,1.6,False,,5,,,프리미엄 N Line,2900,False,False
mf-001.md-055.sm-sx2.pw-하이브리드-1-6.tr-인스퍼레이션,현대,001,국산,코나,055,디 올 뉴 코나 SX2,SX2,23~현재,encar,하이브리드,1.6,False,,5,,,인스퍼레이션,3034,False,False
mf-001.md-055.sm-sx2.pw-하이브리드-1-6.tr-인스퍼레이션-n-line,현대,001,국산,코나,055,디 올 뉴 코나 SX2,SX2,23~현재,encar,하이브리드,1.6,False,,5,,,인스퍼레이션 N Line,3199,False,False
mf-001.md-055.sm-sx2.pw-하이브리드.tr-모던-플러스,현대,001,국산,코나,055,디 올 뉴 코나 SX2,SX2,23~현재,encar,하이브리드,,False,,,,,모던 플러스,2550,False,False
mf-001.md-055.sm-os.pw-가솔린-2-0-2wd.tr-스마트,현대,001,국산,코나,055,더 뉴 코나 OS,OS,20~23,encar,가솔린,2.0,False,2WD,5,,,스마트,1895,False,False
mf-001.md-055.sm-os.pw-가솔린-2-0-2wd.tr-모던,현대,001,국산,코나,055,더 뉴 코나 OS,OS,20~23,encar,가솔린,2.0,False,2WD,5,,,모던,2409,False,False
mf-001.md-055.sm-os.pw-가솔린-2-0-2wd.tr-모던-초이스,현대,001,국산,코나,055,더 뉴 코나 OS,OS,20~23,encar,가솔린,2.0,False,2WD,5,,,모던 초이스,2225,False,False
mf-001.md-055.sm-os.pw-가솔린-2-0-2wd.tr-인스퍼레이션,현대,001,국산,코나,055,더 뉴 코나 OS,OS,20~23,encar,가솔린,2.0,False,2WD,5,,,인스퍼레이션,3034,False,False
mf-001.md-055.sm-os.pw-가솔린-2-0-2wd.tr-n,현대,001,국산,코나,055,더 뉴 코나 OS,OS,20~23,encar,가솔린,2.0,False,2WD,5,,,N,3800,False,True
mf-001.md-055.sm-os.pw-가솔린-1-6-4wd.tr-모던,현대,001,국산,코나,055,더 뉴 코나 OS,OS,20~23,encar,가솔린,1.6,True,4WD,5,,,모던,2409,False,False
mf-001.md-055.sm-os.pw-가솔린-1-6-4wd.tr-인스퍼레이션,현대,001,국산,코나,055,더 뉴 코나 OS,OS,20~23,encar,가솔린,1.6,True,4WD,5,,,인스퍼레이션,3034,False,False
mf-001.md-055.sm-os.pw-가솔린-1-6-4wd.tr-n-line-인스퍼레이션,현대,001,국산,코나,055,더 뉴 코나 OS,OS,20~23,encar,가솔린,1.6,True,4WD,5,,,N Line 인스퍼레이션,3199,False,False
mf-001.md-055.sm-os.pw-가솔린-1-6-2wd.tr-스마트,현대,001,국산,코나,055,더 뉴 코나 OS,OS,20~23,encar,가솔린,1.6,True,2WD,5,,,스마트,1895,False,False
mf-001.md-055.sm-os.pw-가솔린-1-6-2wd.tr-모던,현대,001,국산,코나,055,더 뉴 코나 OS,OS,20~23,encar,가솔린,1.6,True,2WD,5,,,모던,2409,False,False
mf-001.md-055.sm-os.pw-가솔린-1-6-2wd.tr-모던-초이스,현대,001,국산,코나,055,더 뉴 코나 OS,OS,20~23,encar,가솔린,1.6,True,2WD,5,,,모던 초이스,2225,False,False
mf-001.md-055.sm-os.pw-가솔린-1-6-2wd.tr-인스퍼레이션,현대,001,국산,코나,055,더 뉴 코나 OS,OS,20~23,encar,가솔린,1.6,True,2WD,5,,,인스퍼레이션,3034,False,False
mf-001.md-055.sm-os.pw-가솔린-1-6-2wd.tr-n-line-인스퍼레이션,현대,001,국산,코나,055,더 뉴 코나 OS,OS,20~23,encar,가솔린,1.6,True,2WD,5,,,N Line 인스퍼레이션,3199,False,False
mf-001.md-055.sm-os.pw-하이브리드-1-6.tr-스마트,현대,001,국산,코나,055,더 뉴 코나 OS,OS,20~23,encar,하이브리드,1.6,False,,5,,,스마트,1895,False,False
mf-001.md-055.sm-os.pw-하이브리드-1-6.tr-모던,현대,001,국산,코나,055,더 뉴 코나 OS,OS,20~23,encar,하이브리드,1.6,False,,5,,,모던,2409,False,False
mf-001.md-055.sm-os.pw-하이브리드-1-6.tr-모던-초이스,현대,001,국산,코나,055,더 뉴 코나 OS,OS,20~23,encar,하이브리드,1.6,False,,5,,,모던 초이스,2225,False,False
mf-001.md-055.sm-os.pw-하이브리드-1-6.tr-인스퍼레이션,현대,001,국산,코나,055,더 뉴 코나 OS,OS,20~23,encar,하이브리드,1.6,False,,5,,,인스퍼레이션,3034,False,False
mf-001.md-055.sm-os.pw-가솔린-1-6-2wd.tr-스마트,현대,001,국산,코나,055,코나 OS,OS,17~20,encar,가솔린,1.6,True,2WD,5,,,스마트,1895,False,False
mf-001.md-055.sm-os.pw-가솔린-1-6-2wd.tr-모던,현대,001,국산,코나,055,코나 OS,OS,17~20,encar,가솔린,1.6,True,2WD,5,,,모던,2409,False,False
mf-001.md-055.sm-os.pw-가솔린-1-6-2wd.tr-모던-초이스,현대,001,국산,코나,055,코나 OS,OS,17~20,encar,가솔린,1.6,True,2WD,5,,,모던 초이스,2225,False,False
mf-001.md-055.sm-os.pw-가솔린-1-6-2wd.tr-모던-테크,현대,001,국산,코나,055,코나 OS,OS,17~20,encar,가솔린,1.6,True,2WD,5,,,모던 테크,2225,False,False
mf-001.md-055.sm-os.pw-가솔린-1-6-2wd.tr-모던-팝,현대,001,국산,코나,055,코나 OS,OS,17~20,encar,가솔린,1.6,True,2WD,5,,,모던 팝,2225,False,False
mf-001.md-055.sm-os.pw-가솔린-1-6-2wd.tr-모던-아트,현대,001,국산,코나,055,코나 OS,OS,17~20,encar,가솔린,1.6,True,2WD,5,,,모던 아트,2225,False,False
mf-001.md-055.sm-os.pw-가솔린-1-6-2wd.tr-프리미엄,현대,001,국산,코나,055,코나 OS,OS,17~20,encar,가솔린,1.6,True,2WD,5,,,프리미엄,2753,False,False
mf-001.md-055.sm-os.pw-가솔린-1-6-2wd.tr-프리미엄-스페셜,현대,001,국산,코나,055,코나 OS,OS,17~20,encar,가솔린,1.6,True,2WD,5,,,프리미엄 스페셜,2680,False,False
mf-001.md-055.sm-os.pw-디젤-1-6-2wd.tr-모던,현대,001,국산,코나,055,코나 OS,OS,17~20,encar,디젤,1.6,False,2WD,5,,,모던,2409,False,False
mf-001.md-055.sm-os.pw-디젤-1-6-2wd.tr-모던-초이스,현대,001,국산,코나,055,코나 OS,OS,17~20,encar,디젤,1.6,False,2WD,5,,,모던 초이스,2225,False,False
mf-001.md-055.sm-os.pw-디젤-1-6-2wd.tr-모던-테크,현대,001,국산,코나,055,코나 OS,OS,17~20,encar,디젤,1.6,False,2WD,5,,,모던 테크,2225,False,False
mf-001.md-055.sm-os.pw-디젤-1-6-2wd.tr-모던-팝,현대,001,국산,코나,055,코나 OS,OS,17~20,encar,디젤,1.6,False,2WD,5,,,모던 팝,2225,False,False
mf-001.md-055.sm-os.pw-디젤-1-6-2wd.tr-모던-아트,현대,001,국산,코나,055,코나 OS,OS,17~20,encar,디젤,1.6,False,2WD,5,,,모던 아트,2225,False,False
mf-001.md-055.sm-os.pw-디젤-1-6-2wd.tr-프리미엄,현대,001,국산,코나,055,코나 OS,OS,17~20,encar,디젤,1.6,False,2WD,5,,,프리미엄,2753,False,False
mf-001.md-055.sm-os.pw-디젤-1-6-2wd.tr-프리미엄-스페셜,현대,001,국산,코나,055,코나 OS,OS,17~20,encar,디젤,1.6,False,2WD,5,,,프리미엄 스페셜,2680,False,False
mf-001.md-055.sm-os.pw-가솔린-1-6-4wd.tr-모던-테크,현대,001,국산,코나,055,코나 OS,OS,17~20,encar,가솔린,1.6,True,4WD,5,,,모던 테크,2225,False,False
mf-001.md-055.sm-os.pw-가솔린-1-6-4wd.tr-프리미엄,현대,001,국산,코나,055,코나 OS,OS,17~20,encar,가솔린,1.6,True,4WD,5,,,프리미엄,2753,False,False
mf-001.md-055.sm-os.pw-하이브리드-1-6.tr-스마트-스페셜,현대,001,국산,코나,055,코나 OS,OS,17~20,encar,하이브리드,1.6,False,,5,,,스마트 스페셜,2050,False,False
mf-001.md-055.sm-os.pw-하이브리드-1-6.tr-모던-스페셜,현대,001,국산,코나,055,코나 OS,OS,17~20,encar,하이브리드,1.6,False,,5,,,모던 스페셜,2225,False,False
mf-001.md-055.sm-os.pw-하이브리드-1-6.tr-프리미엄-스페셜,현대,001,국산,코나,055,코나 OS,OS,17~20,encar,하이브리드,1.6,False,,5,,,프리미엄 스페셜,2680,False,False
mf-001.md-055.sm-os.pw-전기.tr-택시형,현대,001,국산,코나,055,코나 OS,OS,17~20,encar,전기,,False,,5,,,택시형,1900,False,False
mf-001.md-055.sm-os.pw-전기.tr-모던,현대,001,국산,코나,055,코나 OS,OS,17~20,encar,전기,,False,,5,,,모던,2409,False,False
mf-001.md-055.sm-os.pw-전기.tr-프리미엄,현대,001,국산,코나,055,코나 OS,OS,17~20,encar,전기,,False,,5,,,프리미엄,2753,False,False
mf-001.md-062.sm-ax1.pw-가솔린-1-0.tr-디-에센셜,현대,001,국산,캐스퍼,062,더 뉴 캐스퍼 AX1,AX1,24~현재,encar,가솔린,1.0,True,,4,,,디 에센셜,1771,False,False
mf-001.md-062.sm-ax1.pw-가솔린-1-0.tr-인스퍼레이션,현대,001,국산,캐스퍼,062,더 뉴 캐스퍼 AX1,AX1,24~현재,encar,가솔린,1.0,True,,4,,,인스퍼레이션,2017,False,False
mf-001.md-062.sm-ax1.pw-가솔린-1-0.tr-스마트,현대,001,국산,캐스퍼,062,더 뉴 캐스퍼 AX1,AX1,24~현재,encar,가솔린,1.0,False,,4,,,스마트,1493,False,False
mf-001.md-062.sm-ax1.pw-가솔린-1-0.tr-디-에센셜,현대,001,국산,캐스퍼,062,더 뉴 캐스퍼 AX1,AX1,24~현재,encar,가솔린,1.0,False,,4,,,디 에센셜,1771,False,False
mf-001.md-062.sm-ax1.pw-가솔린-1-0.tr-인스퍼레이션,현대,001,국산,캐스퍼,062,더 뉴 캐스퍼 AX1,AX1,24~현재,encar,가솔린,1.0,False,,4,,,인스퍼레이션,2017,False,False
mf-001.md-062.sm-ax1.pw-가솔린-1-0.tr-스마트-초이스,현대,001,국산,캐스퍼,062,더 뉴 캐스퍼 AX1,AX1,24~현재,encar,가솔린,1.0,False,,2,,,스마트 초이스,1560,False,False
mf-001.md-062.sm-ax1.pw-가솔린-1-0.tr-스마트-초이스,현대,001,국산,캐스퍼,062,더 뉴 캐스퍼 AX1,AX1,24~현재,encar,가솔린,1.0,True,,2,,,스마트 초이스,1560,False,False
mf-001.md-062.sm-ax1.pw-가솔린-1-0.tr-스마트,현대,001,국산,캐스퍼,062,캐스퍼 AX1,AX1,21~24,encar,가솔린,1.0,False,,4,,,스마트,1493,False,False
mf-001.md-062.sm-ax1.pw-가솔린-1-0.tr-디-에센셜-라이트,현대,001,국산,캐스퍼,062,캐스퍼 AX1,AX1,21~24,encar,가솔린,1.0,False,,4,,,디 에센셜 라이트,1490,False,False
mf-001.md-062.sm-ax1.pw-가솔린-1-0.tr-모던,현대,001,국산,캐스퍼,062,캐스퍼 AX1,AX1,21~24,encar,가솔린,1.0,False,,4,,,모던,1590,False,False
mf-001.md-062.sm-ax1.pw-가솔린-1-0.tr-디-에센셜,현대,001,국산,캐스퍼,062,캐스퍼 AX1,AX1,21~24,encar,가솔린,1.0,False,,4,,,디 에센셜,1771,False,False
mf-001.md-062.sm-ax1.pw-가솔린-1-0.tr-인스퍼레이션,현대,001,국산,캐스퍼,062,캐스퍼 AX1,AX1,21~24,encar,가솔린,1.0,False,,4,,,인스퍼레이션,2017,False,False
mf-001.md-062.sm-ax1.pw-가솔린-1-0.tr-스마트,현대,001,국산,캐스퍼,062,캐스퍼 AX1,AX1,21~24,encar,가솔린,1.0,True,,4,,,스마트,1493,False,False
mf-001.md-062.sm-ax1.pw-가솔린-1-0.tr-디-에센셜-라이트,현대,001,국산,캐스퍼,062,캐스퍼 AX1,AX1,21~24,encar,가솔린,1.0,True,,4,,,디 에센셜 라이트,1490,False,False
mf-001.md-062.sm-ax1.pw-가솔린-1-0.tr-모던,현대,001,국산,캐스퍼,062,캐스퍼 AX1,AX1,21~24,encar,가솔린,1.0,True,,4,,,모던,1590,False,False
mf-001.md-062.sm-ax1.pw-가솔린-1-0.tr-디-에센셜,현대,001,국산,캐스퍼,062,캐스퍼 AX1,AX1,21~24,encar,가솔린,1.0,True,,4,,,디 에센셜,1771,False,False
mf-001.md-062.sm-ax1.pw-가솔린-1-0.tr-인스퍼레이션,현대,001,국산,캐스퍼,062,캐스퍼 AX1,AX1,21~24,encar,가솔린,1.0,True,,4,,,인스퍼레이션,2017,False,False
mf-001.md-062.sm-ax1.pw-가솔린-1-0.tr-스마트,현대,001,국산,캐스퍼,062,캐스퍼 AX1,AX1,21~24,encar,가솔린,1.0,True,,2,,,스마트,1493,False,False
mf-001.md-062.sm-ax1.pw-가솔린-1-0.tr-스마트-초이스,현대,001,국산,캐스퍼,062,캐스퍼 AX1,AX1,21~24,encar,가솔린,1.0,True,,2,,,스마트 초이스,1560,False,False
mf-001.md-062.sm-ax1.pw-전기.tr-프리미엄,현대,001,국산,캐스퍼,062,캐스퍼 AX1,AX1,21~24,encar,전기,,False,,4,,,프리미엄,2787,False,False
mf-001.md-062.sm-ax1.pw-전기.tr-인스퍼레이션,현대,001,국산,캐스퍼,062,캐스퍼 AX1,AX1,21~24,encar,전기,,False,,4,,,인스퍼레이션,2017,False,False
mf-001.md-062.sm-ax1.pw-전기.tr-크로스,현대,001,국산,캐스퍼,062,캐스퍼 AX1,AX1,21~24,encar,전기,,False,,4,,,크로스,3337,False,False
mf-001.md-060.sm-us4.pw-하이브리드-1-6.tr-모던,현대,001,국산,스타리아,060,더 뉴 스타리아 US4,US4,25~현재,encar,하이브리드,1.6,False,,2,,,모던,3412,False,False
mf-001.md-060.sm-us4.pw-lpg-3-5.tr-모던,현대,001,국산,스타리아,060,더 뉴 스타리아 US4,US4,25~현재,encar,LPG,3.5,False,,5,,,모던,3412,False,False
mf-001.md-060.sm-us4.pw-lpg-1-6.tr-인스퍼레이션,현대,001,국산,스타리아,060,더 뉴 스타리아 US4,US4,25~현재,encar,LPG,1.6,False,,7,,,인스퍼레이션,4705,False,False
mf-001.md-060.sm-us4.pw-가솔린-lpg-3-5.tr-스마트,현대,001,국산,스타리아,060,더 뉴 스타리아 US4,US4,25~현재,encar,가솔린+LPG,3.5,False,,3,,,스마트,3259,False,False
mf-001.md-060.sm-us4.pw-가솔린-lpg-3-5.tr-모던,현대,001,국산,스타리아,060,더 뉴 스타리아 US4,US4,25~현재,encar,가솔린+LPG,3.5,False,,3,,,모던,3412,False,False
mf-001.md-060.sm-us4.pw-하이브리드-1-6.tr-인스퍼레이션,현대,001,국산,스타리아,060,더 뉴 스타리아 US4,US4,25~현재,encar,하이브리드,1.6,False,,7,,,인스퍼레이션,4705,False,False
mf-001.md-060.sm-us4.pw-하이브리드-1-6.tr-모던,현대,001,국산,스타리아,060,더 뉴 스타리아 US4,US4,25~현재,encar,하이브리드,1.6,False,,5,,,모던,3412,False,False
mf-001.md-060.sm-us4.pw-lpg-3-5.tr-스마트,현대,001,국산,스타리아,060,더 뉴 스타리아 US4,US4,25~현재,encar,LPG,3.5,False,,11,,,스마트,3259,True,False
mf-001.md-060.sm-us4.pw-하이브리드-1-6.tr-모던,현대,001,국산,스타리아,060,더 뉴 스타리아 US4,US4,25~현재,encar,하이브리드,1.6,False,,9,,,모던,3412,False,False
mf-001.md-060.sm-us4.pw-하이브리드-1-6.tr-인스퍼레이션,현대,001,국산,스타리아,060,더 뉴 스타리아 US4,US4,25~현재,encar,하이브리드,1.6,False,,9,,,인스퍼레이션,4705,False,False
mf-001.md-060.sm-us4.pw-하이브리드-1-6.tr-모던,현대,001,국산,스타리아,060,더 뉴 스타리아 US4,US4,25~현재,encar,하이브리드,1.6,False,,11,,,모던,3412,False,False
mf-001.md-060.sm-us4.pw-디젤-2-2-4wd.tr-모던,현대,001,국산,스타리아,060,스타리아 US4,US4,21~25,encar,디젤,2.2,False,4WD,9,,,모던,3412,False,False
mf-001.md-060.sm-us4.pw-디젤-2-2-4wd.tr-인스퍼레이션,현대,001,국산,스타리아,060,스타리아 US4,US4,21~25,encar,디젤,2.2,False,4WD,9,,,인스퍼레이션,4705,False,False
mf-001.md-060.sm-us4.pw-디젤-2-2-4wd.tr-스마트,현대,001,국산,스타리아,060,스타리아 US4,US4,21~25,encar,디젤,2.2,False,4WD,11,,,스마트,3259,False,False
mf-001.md-060.sm-us4.pw-디젤-2-2-4wd.tr-모던,현대,001,국산,스타리아,060,스타리아 US4,US4,21~25,encar,디젤,2.2,False,4WD,11,,,모던,3412,False,False
mf-001.md-060.sm-us4.pw-디젤-2-2.tr-스마트,현대,001,국산,스타리아,060,스타리아 US4,US4,21~25,encar,디젤,2.2,False,,3,,,스마트,3259,False,False
mf-001.md-060.sm-us4.pw-디젤-2-2.tr-모던,현대,001,국산,스타리아,060,스타리아 US4,US4,21~25,encar,디젤,2.2,False,,3,,,모던,3412,False,False
mf-001.md-060.sm-us4.pw-디젤-2-2.tr-스마트,현대,001,국산,스타리아,060,스타리아 US4,US4,21~25,encar,디젤,2.2,False,,5,,,스마트,3259,False,False
mf-001.md-060.sm-us4.pw-디젤-2-2.tr-모던,현대,001,국산,스타리아,060,스타리아 US4,US4,21~25,encar,디젤,2.2,False,,5,,,모던,3412,False,False
mf-001.md-060.sm-us4.pw-하이브리드-1-6.tr-스타리아-라운지-리무진-모델-바디-구분-트림-등급-아님,현대,001,국산,스타리아,060,스타리아 US4,US4,21~25,encar,하이브리드,1.6,False,,7,,,"스타리아 라운지 리무진 (모델/바디 구분, 트림 등급 아님)",,False,True
mf-001.md-060.sm-us4.pw-하이브리드-1-6.tr-스타리아-모빌리티-특장-모델-구분-트림-등급-아님,현대,001,국산,스타리아,060,스타리아 US4,US4,21~25,encar,하이브리드,1.6,False,,7,,,"스타리아 모빌리티 (특장/모델 구분, 트림 등급 아님)",,True,False
mf-001.md-060.sm-us4.pw-하이브리드-1-6.tr-인스퍼레이션,현대,001,국산,스타리아,060,스타리아 US4,US4,21~25,encar,하이브리드,1.6,False,,7,,,인스퍼레이션,4705,False,False
mf-001.md-060.sm-us4.pw-디젤-2-2.tr-모던,현대,001,국산,스타리아,060,스타리아 US4,US4,21~25,encar,디젤,2.2,False,,9,,,모던,3412,False,False
mf-001.md-060.sm-us4.pw-디젤-2-2.tr-프레스티지,현대,001,국산,스타리아,060,스타리아 US4,US4,21~25,encar,디젤,2.2,False,,9,,,프레스티지,4499,False,False
mf-001.md-060.sm-us4.pw-디젤-2-2.tr-인스퍼레이션,현대,001,국산,스타리아,060,스타리아 US4,US4,21~25,encar,디젤,2.2,False,,9,,,인스퍼레이션,4705,False,False
mf-001.md-060.sm-us4.pw-lpg-3-5.tr-인스퍼레이션,현대,001,국산,스타리아,060,스타리아 US4,US4,21~25,encar,LPG,3.5,False,,7,,,인스퍼레이션,4705,False,False
mf-001.md-060.sm-us4.pw-디젤-2-2.tr-스마트,현대,001,국산,스타리아,060,스타리아 US4,US4,21~25,encar,디젤,2.2,False,,11,,,스마트,3259,False,False
mf-001.md-060.sm-us4.pw-디젤-2-2.tr-모던,현대,001,국산,스타리아,060,스타리아 US4,US4,21~25,encar,디젤,2.2,False,,11,,,모던,3412,False,False
mf-001.md-060.sm-us4.pw-하이브리드-1-6.tr-모던,현대,001,국산,스타리아,060,스타리아 US4,US4,21~25,encar,하이브리드,1.6,False,,3,,,모던,3412,False,False
mf-001.md-060.sm-us4.pw-디젤-2-2.tr-인스퍼레이션,현대,001,국산,스타리아,060,스타리아 US4,US4,21~25,encar,디젤,2.2,False,,7,,,인스퍼레이션,4705,False,False
mf-001.md-060.sm-us4.pw-하이브리드-1-6.tr-인스퍼레이션,현대,001,국산,스타리아,060,스타리아 US4,US4,21~25,encar,하이브리드,1.6,False,,9,,,인스퍼레이션,4705,False,False
mf-001.md-060.sm-us4.pw-디젤-2-2-4wd.tr-스타리아-라운지-리무진-모델-바디-구분-트림-등급-아님,현대,001,국산,스타리아,060,스타리아 US4,US4,21~25,encar,디젤,2.2,False,4WD,7,,,"스타리아 라운지 리무진 (모델/바디 구분, 트림 등급 아님)",,False,True
mf-001.md-060.sm-us4.pw-디젤-2-2-4wd.tr-인스퍼레이션,현대,001,국산,스타리아,060,스타리아 US4,US4,21~25,encar,디젤,2.2,False,4WD,7,,,인스퍼레이션,4705,False,False
mf-001.md-060.sm-us4.pw-lpg-3-5.tr-스타리아-모빌리티-특장-모델-구분-트림-등급-아님,현대,001,국산,스타리아,060,스타리아 US4,US4,21~25,encar,LPG,3.5,False,,9,,,"스타리아 모빌리티 (특장/모델 구분, 트림 등급 아님)",,True,False
mf-001.md-060.sm-us4.pw-lpg-3-5.tr-인스퍼레이션,현대,001,국산,스타리아,060,스타리아 US4,US4,21~25,encar,LPG,3.5,False,,9,,,인스퍼레이션,4705,False,False
mf-001.md-060.sm-us4.pw-lpg-3-5.tr-스마트-또는-별도-등급명-아님-기본형-지칭,현대,001,국산,스타리아,060,스타리아 US4,US4,21~25,encar,LPG,3.5,False,,11,,,스마트 (또는 별도 등급명 아님 — 기본형 지칭),3259,True,False
mf-001.md-060.sm-us4.pw-lpg-3-5.tr-모던,현대,001,국산,스타리아,060,스타리아 US4,US4,21~25,encar,LPG,3.5,False,,11,,,모던,3412,False,False
mf-001.md-060.sm-us4.pw-lpg-3-5.tr-모던,현대,001,국산,스타리아,060,스타리아 US4,US4,21~25,encar,LPG,3.5,False,,5,,,모던,3412,False,False
mf-001.md-060.sm-us4.pw-lpg-3-5.tr-모던,현대,001,국산,스타리아,060,스타리아 US4,US4,21~25,encar,LPG,3.5,False,,3,,,모던,3412,False,False
mf-001.md-025.sm-dh.pw-가솔린-3-3.tr-g330-모던,현대,001,국산,제네시스,025,제네시스 DH,DH,13~16,encar,가솔린,3.3,False,,5,,,G330 모던,5000,False,False
mf-001.md-025.sm-dh.pw-가솔린-3-3.tr-g330-프리미엄,현대,001,국산,제네시스,025,제네시스 DH,DH,13~16,encar,가솔린,3.3,False,,5,,,G330 프리미엄,5600,False,False
mf-001.md-025.sm-dh.pw-가솔린-3-3-awd.tr-g330-모던,현대,001,국산,제네시스,025,제네시스 DH,DH,13~16,encar,가솔린,3.3,False,AWD,5,,,G330 모던,5000,False,False
mf-001.md-025.sm-dh.pw-가솔린-3-3-awd.tr-g330-프리미엄,현대,001,국산,제네시스,025,제네시스 DH,DH,13~16,encar,가솔린,3.3,False,AWD,5,,,G330 프리미엄,5600,False,False
mf-001.md-025.sm-dh.pw-가솔린-3-8.tr-g380-프레스티지,현대,001,국산,제네시스,025,제네시스 DH,DH,13~16,encar,가솔린,3.8,False,,5,,,G380 프레스티지,6500,False,False
mf-001.md-025.sm-dh.pw-가솔린-3-8.tr-g380-익스클루시브,현대,001,국산,제네시스,025,제네시스 DH,DH,13~16,encar,가솔린,3.8,False,,5,,,G380 익스클루시브,7400,False,False
mf-001.md-025.sm-dh.pw-가솔린-3-8-awd.tr-g380-프레스티지,현대,001,국산,제네시스,025,제네시스 DH,DH,13~16,encar,가솔린,3.8,False,AWD,5,,,G380 프레스티지,6500,False,False
mf-001.md-025.sm-dh.pw-가솔린-3-8-awd.tr-g380-익스클루시브,현대,001,국산,제네시스,025,제네시스 DH,DH,13~16,encar,가솔린,3.8,False,AWD,5,,,G380 익스클루시브,7400,False,False
mf-001.md-025.sm-dh.pw-가솔린-3-8-awd.tr-g380-파이니스트에디션,현대,001,국산,제네시스,025,제네시스 DH,DH,13~16,encar,가솔린,3.8,False,AWD,5,,,G380 파이니스트에디션,8200,False,True
mf-001.md-025.sm-dh.pw-가솔린-lpg-3-3-awd.tr-구조변경-바이퓨얼,현대,001,국산,제네시스,025,제네시스 DH,DH,13~16,encar,가솔린+LPG,3.3,False,AWD,5,,,구조변경 (바이퓨얼),,False,True
mf-001.md-025.sm-bk.pw-가솔린-2-0.tr-200-d,현대,001,국산,제네시스,025,더 뉴 제네시스 쿠페 BK,BK,11~16,encar,가솔린,2.0,True,,4,,,200 D,,False,False
mf-001.md-025.sm-bk.pw-가솔린-2-0.tr-200-s,현대,001,국산,제네시스,025,더 뉴 제네시스 쿠페 BK,BK,11~16,encar,가솔린,2.0,True,,4,,,200 S,,False,False
mf-001.md-025.sm-bk.pw-가솔린-3-8.tr-380-gt-p,현대,001,국산,제네시스,025,더 뉴 제네시스 쿠페 BK,BK,11~16,encar,가솔린,3.8,False,,4,,,380 GT-P,,False,False
mf-001.md-025.sm-bk.pw-가솔린-3-8.tr-380-gt-r,현대,001,국산,제네시스,025,더 뉴 제네시스 쿠페 BK,BK,11~16,encar,가솔린,3.8,False,,4,,,380 GT-R,,False,False
mf-001.md-025.sm-bk.pw-가솔린-2-0.tr-200-d,현대,001,국산,제네시스,025,제네시스 쿠페 BK,BK,08~11,encar,가솔린,2.0,True,,4,,,200 D,,False,False
mf-001.md-025.sm-bk.pw-가솔린-2-0.tr-200-r,현대,001,국산,제네시스,025,제네시스 쿠페 BK,BK,08~11,encar,가솔린,2.0,True,,4,,,200 R,,False,False
mf-001.md-025.sm-bk.pw-가솔린-2-0.tr-200-rw,현대,001,국산,제네시스,025,제네시스 쿠페 BK,BK,08~11,encar,가솔린,2.0,True,,4,,,200 RW,,False,False
mf-001.md-025.sm-bk.pw-가솔린-3-8.tr-380-gt-p,현대,001,국산,제네시스,025,제네시스 쿠페 BK,BK,08~11,encar,가솔린,3.8,False,,4,,,380 GT-P,,False,False
mf-001.md-025.sm-bk.pw-가솔린-3-8.tr-380-gt-r,현대,001,국산,제네시스,025,제네시스 쿠페 BK,BK,08~11,encar,가솔린,3.8,False,,4,,,380 GT-R,,False,False
mf-001.md-025.sm-bk.pw-가솔린-3-8.tr-380-gt-rw,현대,001,국산,제네시스,025,제네시스 쿠페 BK,BK,08~11,encar,가솔린,3.8,False,,4,,,380 GT-RW,,False,False
mf-001.md-025.sm-bk.pw-가솔린-2-0.tr-200-p,현대,001,국산,제네시스,025,제네시스 쿠페 BK,BK,08~11,encar,가솔린,2.0,True,,,,,200 P,,False,False
mf-001.md-025.sm-bh.pw-가솔린-3-3.tr-기본형,현대,001,국산,제네시스,025,제네시스 BH,BH,08~13,encar,가솔린,3.3,False,,5,,,기본형,,False,False
mf-001.md-025.sm-bh.pw-가솔린-3-3.tr-다이나믹,현대,001,국산,제네시스,025,제네시스 BH,BH,08~13,encar,가솔린,3.3,False,,5,,,다이나믹,,False,False
mf-001.md-025.sm-bh.pw-가솔린-3-3.tr-스페셜,현대,001,국산,제네시스,025,제네시스 BH,BH,08~13,encar,가솔린,3.3,False,,5,,,스페셜,,False,False
mf-001.md-025.sm-bh.pw-가솔린-3-3.tr-프라임팩,현대,001,국산,제네시스,025,제네시스 BH,BH,08~13,encar,가솔린,3.3,False,,5,,,프라임팩,,False,False
mf-001.md-025.sm-bh.pw-가솔린-3-3.tr-vip팩,현대,001,국산,제네시스,025,제네시스 BH,BH,08~13,encar,가솔린,3.3,False,,5,,,VIP팩,,False,False
mf-001.md-025.sm-bh.pw-가솔린-3-8.tr-기본형,현대,001,국산,제네시스,025,제네시스 BH,BH,08~13,encar,가솔린,3.8,False,,5,,,기본형,,False,False
mf-001.md-025.sm-bh.pw-가솔린-3-8.tr-다이나믹,현대,001,국산,제네시스,025,제네시스 BH,BH,08~13,encar,가솔린,3.8,False,,5,,,다이나믹,,False,False
mf-001.md-025.sm-bh.pw-가솔린-3-8.tr-스페셜,현대,001,국산,제네시스,025,제네시스 BH,BH,08~13,encar,가솔린,3.8,False,,5,,,스페셜,,False,False
mf-001.md-025.sm-bh.pw-가솔린-3-8.tr-bh380-럭셔리,현대,001,국산,제네시스,025,제네시스 BH,BH,08~13,encar,가솔린,3.8,False,,5,,,BH380 럭셔리,5200,False,False
mf-001.md-025.sm-bh.pw-가솔린-3-8.tr-vip팩,현대,001,국산,제네시스,025,제네시스 BH,BH,08~13,encar,가솔린,3.8,False,,5,,,VIP팩,,False,False
mf-001.md-025.sm-bh.pw-가솔린-3-8.tr-프라다-gp380,현대,001,국산,제네시스,025,제네시스 BH,BH,08~13,encar,가솔린,3.8,False,,5,,,프라다 GP380,,False,True
mf-001.md-025.sm-bh.pw-가솔린-5-0.tr-프라다-gp500,현대,001,국산,제네시스,025,제네시스 BH,BH,08~13,encar,가솔린,5.0,False,,5,,,프라다 GP500,,False,True
mf-001.md-061.sm-ne.pw-전기.tr-영업용,현대,001,국산,아이오닉5,061,더 뉴 아이오닉5 NE,NE,24~현재,encar,전기,,False,,5,,,영업용,2200,True,False
mf-001.md-061.sm-ne.pw-전기.tr-e-value-plus,현대,001,국산,아이오닉5,061,더 뉴 아이오닉5 NE,NE,24~현재,encar,전기,,False,,5,,,E-Value Plus,4740,False,False
mf-001.md-061.sm-ne.pw-전기.tr-익스클루시브,현대,001,국산,아이오닉5,061,더 뉴 아이오닉5 NE,NE,24~현재,encar,전기,,False,,5,,,익스클루시브,5450,False,False
mf-001.md-061.sm-ne.pw-전기.tr-프레스티지,현대,001,국산,아이오닉5,061,더 뉴 아이오닉5 NE,NE,24~현재,encar,전기,,False,,5,,,프레스티지,5915,False,False
mf-001.md-061.sm-ne.pw-전기-84-0-awd.tr-영업용,현대,001,국산,아이오닉5,061,더 뉴 아이오닉5 NE,NE,24~현재,encar,전기,,False,AWD,5,84.0,451,영업용,2200,True,False
mf-001.md-061.sm-ne.pw-전기-84-0-awd.tr-익스클루시브,현대,001,국산,아이오닉5,061,더 뉴 아이오닉5 NE,NE,24~현재,encar,전기,,False,AWD,5,84.0,451,익스클루시브,5450,False,False
mf-001.md-061.sm-ne.pw-전기-84-0-awd.tr-n라인,현대,001,국산,아이오닉5,061,더 뉴 아이오닉5 NE,NE,24~현재,encar,전기,,False,AWD,5,84.0,451,N라인,5650,False,False
mf-001.md-061.sm-ne.pw-전기-84-0-awd.tr-프레스티지,현대,001,국산,아이오닉5,061,더 뉴 아이오닉5 NE,NE,24~현재,encar,전기,,False,AWD,5,84.0,451,프레스티지,5915,False,False
mf-001.md-061.sm-ne.pw-전기-84-0-awd.tr-프레스티지-n라인,현대,001,국산,아이오닉5,061,더 뉴 아이오닉5 NE,NE,24~현재,encar,전기,,False,AWD,5,84.0,451,프레스티지 N라인,6025,False,False
mf-001.md-061.sm-ne.pw-전기.tr-영업용,현대,001,국산,아이오닉5,061,아이오닉5 NE,NE,21~현재,encar,전기,,False,,5,,,영업용,2200,True,False
mf-001.md-061.sm-ne.pw-전기.tr-영업용-롱레인지-패키지,현대,001,국산,아이오닉5,061,아이오닉5 NE,NE,21~현재,encar,전기,,False,,5,,,영업용 롱레인지 패키지,2700,True,False
mf-001.md-061.sm-ne.pw-전기.tr-익스클루시브,현대,001,국산,아이오닉5,061,아이오닉5 NE,NE,21~현재,encar,전기,,False,,5,,,익스클루시브,5450,False,False
mf-001.md-061.sm-ne.pw-전기.tr-프레스티지,현대,001,국산,아이오닉5,061,아이오닉5 NE,NE,21~현재,encar,전기,,False,,5,,,프레스티지,5915,False,False
mf-001.md-061.sm-ne.pw-전기.tr-n,현대,001,국산,아이오닉5,061,아이오닉5 NE,NE,21~현재,encar,전기,,False,,5,,,N,7600,False,True
mf-001.md-061.sm-ne.pw-전기-awd.tr-익스클루시브,현대,001,국산,아이오닉5,061,아이오닉5 NE,NE,21~현재,encar,전기,,False,AWD,5,,,익스클루시브,5450,False,False
mf-001.md-061.sm-ne.pw-전기-awd.tr-프레스티지,현대,001,국산,아이오닉5,061,아이오닉5 NE,NE,21~현재,encar,전기,,False,AWD,5,,,프레스티지,5915,False,False
mf-001.md-021.sm-vi.pw-가솔린-3-8.tr-모던,현대,001,국산,에쿠스,021,에쿠스 VI,VI,09~15,encar,가솔린,3.8,False,,5,,,모던,6910,False,False
mf-001.md-021.sm-vi.pw-가솔린-3-8.tr-럭셔리,현대,001,국산,에쿠스,021,에쿠스 VI,VI,09~15,encar,가솔린,3.8,False,,5,,,럭셔리,6900,False,False
mf-001.md-021.sm-vi.pw-가솔린-3-8.tr-프리미엄,현대,001,국산,에쿠스,021,에쿠스 VI,VI,09~15,encar,가솔린,3.8,False,,5,,,프리미엄,7500,False,False
mf-001.md-021.sm-vi.pw-가솔린-3-8.tr-프라임,현대,001,국산,에쿠스,021,에쿠스 VI,VI,09~15,encar,가솔린,3.8,False,,5,,,프라임,7850,False,False
mf-001.md-021.sm-vi.pw-가솔린-3-8.tr-프라임-vip팩,현대,001,국산,에쿠스,021,에쿠스 VI,VI,09~15,encar,가솔린,3.8,False,,5,,,프라임 VIP팩,,False,False
mf-001.md-021.sm-vi.pw-가솔린-3-8.tr-익스클루시브,현대,001,국산,에쿠스,021,에쿠스 VI,VI,09~15,encar,가솔린,3.8,False,,5,,,익스클루시브,8400,False,False
mf-001.md-021.sm-vi.pw-가솔린-3-8.tr-프레스티지,현대,001,국산,에쿠스,021,에쿠스 VI,VI,09~15,encar,가솔린,3.8,False,,5,,,프레스티지,8950,False,False
mf-001.md-021.sm-vi.pw-가솔린-3-8.tr-프레스티지-vip팩-ii,현대,001,국산,에쿠스,021,에쿠스 VI,VI,09~15,encar,가솔린,3.8,False,,5,,,프레스티지 VIP팩 II,,False,False
mf-001.md-021.sm-vi.pw-가솔린-3-8.tr-프레스티지-vvip팩,현대,001,국산,에쿠스,021,에쿠스 VI,VI,09~15,encar,가솔린,3.8,False,,5,,,프레스티지 VVIP팩,10600,False,False
mf-001.md-021.sm-vi.pw-가솔린-5-0.tr-수출형,현대,001,국산,에쿠스,021,에쿠스 VI,VI,09~15,encar,가솔린,5.0,False,,5,,,수출형,,False,True
mf-001.md-021.sm-vi.pw-가솔린-5-0.tr-프레스티지,현대,001,국산,에쿠스,021,에쿠스 VI,VI,09~15,encar,가솔린,5.0,False,,4,,,프레스티지,8950,False,False
mf-001.md-021.sm-vi.pw-가솔린-lpg-3-8.tr-구조변경-바이퓨얼,현대,001,국산,에쿠스,021,에쿠스 VI,VI,09~15,encar,가솔린+LPG,3.8,False,,5,,,구조변경 (바이퓨얼),,False,False
mf-001.md-021.sm-vi.pw-가솔린-4-6.tr-프레스티지,현대,001,국산,에쿠스,021,에쿠스 VI,VI,09~15,encar,가솔린,4.6,False,,4,,,프레스티지,8950,False,False
mf-001.md-021.sm-lz.pw-가솔린-3-3.tr-고급형,현대,001,국산,에쿠스,021,에쿠스 LZ,LZ,99~09,encar,가솔린,3.3,False,,5,,,고급형,,False,False
mf-001.md-021.sm-lz.pw-가솔린-3-3.tr-럭셔리,현대,001,국산,에쿠스,021,에쿠스 LZ,LZ,99~09,encar,가솔린,3.3,False,,5,,,럭셔리,6900,False,False
mf-001.md-021.sm-lz.pw-가솔린-3-5.tr-럭셔리-vip,현대,001,국산,에쿠스,021,에쿠스 LZ,LZ,99~09,encar,가솔린,3.5,False,,5,,,럭셔리 VIP,,False,False
mf-001.md-021.sm-lz.pw-가솔린-3-5.tr-vip,현대,001,국산,에쿠스,021,에쿠스 LZ,LZ,99~09,encar,가솔린,3.5,False,,5,,,VIP,,False,False
mf-001.md-021.sm-lz.pw-가솔린-3-5.tr-밸류-최고급형,현대,001,국산,에쿠스,021,에쿠스 LZ,LZ,99~09,encar,가솔린,3.5,False,,5,,,밸류 최고급형,,False,False
mf-001.md-021.sm-lz.pw-가솔린-4-5.tr-vl450-리무진,현대,001,국산,에쿠스,021,에쿠스 LZ,LZ,99~09,encar,가솔린,4.5,False,,4,,,VL450 리무진,13750,False,True
mf-001.md-021.sm-lz.pw-가솔린-lpg-3-8.tr-구조변경-바이퓨얼,현대,001,국산,에쿠스,021,에쿠스 LZ,LZ,99~09,encar,가솔린+LPG,3.8,False,,5,,,구조변경 (바이퓨얼),,False,False
mf-001.md-021.sm-lz.pw-가솔린-lpg-3-8.tr-럭셔리,현대,001,국산,에쿠스,021,에쿠스 LZ,LZ,99~09,encar,가솔린+LPG,3.8,False,,5,,,럭셔리,6900,False,False
mf-001.md-021.sm-lz.pw-가솔린-lpg-3-8.tr-프리미어,현대,001,국산,에쿠스,021,에쿠스 LZ,LZ,99~09,encar,가솔린+LPG,3.8,False,,5,,,프리미어,,False,False
mf-001.md-021.sm-lz.pw-가솔린-lpg-3-8.tr-프리미어-vip,현대,001,국산,에쿠스,021,에쿠스 LZ,LZ,99~09,encar,가솔린+LPG,3.8,False,,5,,,프리미어 VIP,,False,False
mf-001.md-021.sm-lz.pw-가솔린-lpg-3-5.tr-jl350-리무진,현대,001,국산,에쿠스,021,에쿠스 LZ,LZ,99~09,encar,가솔린+LPG,3.5,False,,5,,,JL350 리무진,6320,False,True
mf-001.md-021.sm-lz.pw-가솔린-lpg-3-0.tr-vip,현대,001,국산,에쿠스,021,에쿠스 LZ,LZ,99~09,encar,가솔린+LPG,3.0,False,,5,,,VIP,,False,False
mf-001.md-059.sm-qx1.pw-가솔린-1-6.tr-스마트,현대,001,국산,베뉴,059,베뉴 QX1,QX1,19~현재,encar,가솔린,1.6,False,,5,,,스마트,1926,False,False
mf-001.md-059.sm-qx1.pw-가솔린-1-6.tr-모던,현대,001,국산,베뉴,059,베뉴 QX1,QX1,19~현재,encar,가솔린,1.6,False,,5,,,모던,1799,False,False
mf-001.md-059.sm-qx1.pw-가솔린-1-6.tr-모던-플러스,현대,001,국산,베뉴,059,베뉴 QX1,QX1,19~현재,encar,가솔린,1.6,False,,5,,,모던 플러스,2042,False,False
mf-001.md-059.sm-qx1.pw-가솔린-1-6.tr-프리미엄,현대,001,국산,베뉴,059,베뉴 QX1,QX1,19~현재,encar,가솔린,1.6,False,,5,,,프리미엄,2212,False,False
mf-001.md-059.sm-qx1.pw-가솔린-1-6.tr-플럭스,현대,001,국산,베뉴,059,베뉴 QX1,QX1,19~현재,encar,가솔린,1.6,False,,5,,,플럭스,2386,False,False
mf-001.md-048.sm-js.pw-가솔린-2-0.tr-n,현대,001,국산,벨로스터,048,벨로스터 JS,JS,18~22,encar,가솔린,2.0,False,,4,,,N,2965,False,False
mf-001.md-048.sm-js.pw-가솔린-1-6.tr-세부등급-없음,현대,001,국산,벨로스터,048,벨로스터 JS,JS,18~22,encar,가솔린,1.6,True,,4,,,(세부등급 없음),,False,False
mf-001.md-048.sm-js.pw-가솔린-1-6.tr-코어,현대,001,국산,벨로스터,048,벨로스터 JS,JS,18~22,encar,가솔린,1.6,True,,4,,,코어,2296,False,False
mf-001.md-048.sm-js.pw-가솔린-1-4.tr-세부등급-없음,현대,001,국산,벨로스터,048,벨로스터 JS,JS,18~22,encar,가솔린,1.4,True,,4,,,(세부등급 없음),,False,False
mf-001.md-048.sm-js.pw-가솔린-1-4.tr-코어,현대,001,국산,벨로스터,048,벨로스터 JS,JS,18~22,encar,가솔린,1.4,True,,4,,,코어,2296,False,False
mf-001.md-048.sm-fs.pw-가솔린-1-6.tr-디-스펙,현대,001,국산,벨로스터,048,더 뉴 벨로스터 FS,FS,15~18,encar,가솔린,1.6,True,,4,,,디 스펙,2395,False,False
mf-001.md-048.sm-fs.pw-가솔린-1-6.tr-유니크,현대,001,국산,벨로스터,048,더 뉴 벨로스터 FS,FS,15~18,encar,가솔린,1.6,False,,4,,,유니크,1940,False,False
mf-001.md-048.sm-fs.pw-가솔린-1-6.tr-pyl,현대,001,국산,벨로스터,048,더 뉴 벨로스터 FS,FS,15~18,encar,가솔린,1.6,False,,4,,,PYL,,False,False
mf-001.md-048.sm-fs.pw-가솔린-1-6.tr-pyl-dct,현대,001,국산,벨로스터,048,더 뉴 벨로스터 FS,FS,15~18,encar,가솔린,1.6,False,,4,,,PYL DCT,,False,False
mf-001.md-048.sm-fs.pw-가솔린-1-6.tr-유니크,현대,001,국산,벨로스터,048,벨로스터 FS,FS,11~14,encar,가솔린,1.6,False,,4,,,유니크,1940,False,False
mf-001.md-048.sm-fs.pw-가솔린-1-6.tr-pyl,현대,001,국산,벨로스터,048,벨로스터 FS,FS,11~14,encar,가솔린,1.6,False,,4,,,PYL,,False,False
mf-001.md-048.sm-fs.pw-가솔린-1-6.tr-익스트림,현대,001,국산,벨로스터,048,벨로스터 FS,FS,11~14,encar,가솔린,1.6,False,,4,,,익스트림,2095,False,False
mf-001.md-048.sm-fs.pw-가솔린-1-6.tr-dct-팩,현대,001,국산,벨로스터,048,벨로스터 FS,FS,11~14,encar,가솔린,1.6,False,,4,,,DCT 팩,2200,False,False
mf-001.md-048.sm-fs.pw-가솔린-1-6.tr-gdi-익스트림,현대,001,국산,벨로스터,048,벨로스터 FS,FS,11~14,encar,가솔린,1.6,True,,4,,,GDi 익스트림,2095,False,False
mf-001.md-048.sm-fs.pw-가솔린-1-6.tr-디-스펙,현대,001,국산,벨로스터,048,벨로스터 FS,FS,11~14,encar,가솔린,1.6,True,,4,,,디 스펙,2395,False,False
mf-001.md-022.sm-엑센트-신형.pw-디젤-1-6.tr-세부등급-없음,현대,001,국산,엑센트,022,엑센트(신형),,10~19,encar,디젤,1.6,False,,5,,,(세부등급 없음),,False,False
mf-001.md-022.sm-엑센트-신형.pw-디젤-1-6.tr-vgt-럭셔리,현대,001,국산,엑센트,022,엑센트(신형),,10~19,encar,디젤,1.6,False,,5,,,VGT 럭셔리,,False,False
mf-001.md-022.sm-엑센트-신형.pw-디젤-1-6.tr-vgt-모던,현대,001,국산,엑센트,022,엑센트(신형),,10~19,encar,디젤,1.6,False,,5,,,VGT 모던,,False,False
mf-001.md-022.sm-엑센트-신형.pw-디젤-1-6.tr-vgt-스마트,현대,001,국산,엑센트,022,엑센트(신형),,10~19,encar,디젤,1.6,False,,5,,,VGT 스마트,,False,False
mf-001.md-022.sm-엑센트-신형.pw-디젤-1-6.tr-vgt-프리미어,현대,001,국산,엑센트,022,엑센트(신형),,10~19,encar,디젤,1.6,False,,5,,,VGT 프리미어,,False,False
mf-001.md-022.sm-엑센트-신형.pw-디젤-1-6.tr-vgt-프리미엄,현대,001,국산,엑센트,022,엑센트(신형),,10~19,encar,디젤,1.6,False,,5,,,VGT 프리미엄,,False,False
mf-001.md-022.sm-엑센트-신형.pw-디젤-1-6.tr-위트-vgt-프리미어,현대,001,국산,엑센트,022,엑센트(신형),,10~19,encar,디젤,1.6,False,,5,,,위트 VGT 프리미어,,False,False
mf-001.md-022.sm-엑센트-신형.pw-가솔린-1-6.tr-세부등급-없음,현대,001,국산,엑센트,022,엑센트(신형),,10~19,encar,가솔린,1.6,False,,5,,,(세부등급 없음),,False,False
mf-001.md-022.sm-엑센트-신형.pw-가솔린-1-6.tr-gdi-탑,현대,001,국산,엑센트,022,엑센트(신형),,10~19,encar,가솔린,1.6,False,,5,,,GDI 탑,,False,False
mf-001.md-022.sm-엑센트-신형.pw-가솔린-1-6.tr-gdi-프리미어,현대,001,국산,엑센트,022,엑센트(신형),,10~19,encar,가솔린,1.6,False,,5,,,GDI 프리미어,,False,False
mf-001.md-022.sm-엑센트-신형.pw-가솔린-1-6.tr-gdi-프리미엄,현대,001,국산,엑센트,022,엑센트(신형),,10~19,encar,가솔린,1.6,False,,5,,,GDI 프리미엄,,False,False
mf-001.md-022.sm-엑센트-신형.pw-가솔린-1-6.tr-위트-gdi-블루세이버,현대,001,국산,엑센트,022,엑센트(신형),,10~19,encar,가솔린,1.6,False,,5,,,위트 GDI 블루세이버,,False,False
mf-001.md-022.sm-엑센트-신형.pw-가솔린-1-6.tr-위트-gdi-탑,현대,001,국산,엑센트,022,엑센트(신형),,10~19,encar,가솔린,1.6,False,,5,,,위트 GDI 탑,,False,False
mf-001.md-022.sm-엑센트-신형.pw-가솔린-1-4.tr-vvt-모던,현대,001,국산,엑센트,022,엑센트(신형),,10~19,encar,가솔린,1.4,False,,5,,,VVT 모던,,False,False
mf-001.md-022.sm-엑센트-신형.pw-가솔린-1-4.tr-vvt-모던-장애인용,현대,001,국산,엑센트,022,엑센트(신형),,10~19,encar,가솔린,1.4,False,,5,,,VVT 모던(장애인용),,False,False
mf-001.md-022.sm-엑센트-신형.pw-가솔린-1-4.tr-vvt-스마트,현대,001,국산,엑센트,022,엑센트(신형),,10~19,encar,가솔린,1.4,False,,5,,,VVT 스마트,,False,False
mf-001.md-022.sm-엑센트-신형.pw-가솔린-1-4.tr-vvt-스마트스페셜,현대,001,국산,엑센트,022,엑센트(신형),,10~19,encar,가솔린,1.4,False,,5,,,VVT 스마트스페셜,,False,False
mf-001.md-022.sm-엑센트-신형.pw-가솔린-1-4.tr-vvt-프리미엄,현대,001,국산,엑센트,022,엑센트(신형),,10~19,encar,가솔린,1.4,False,,5,,,VVT 프리미엄,,False,False
mf-001.md-022.sm-엑센트-신형.pw-가솔린-1-4.tr-vvt-프리미어,현대,001,국산,엑센트,022,엑센트(신형),,10~19,encar,가솔린,1.4,False,,5,,,VVT 프리미어,,False,False
mf-001.md-022.sm-엑센트-신형.pw-가솔린-1-4.tr-위트-vvt-프리미어,현대,001,국산,엑센트,022,엑센트(신형),,10~19,encar,가솔린,1.4,False,,5,,,위트 VVT 프리미어,,False,False
mf-001.md-022.sm-엑센트-신형.pw-가솔린-1-4.tr-세부등급-없음,현대,001,국산,엑센트,022,엑센트(신형),,10~19,encar,가솔린,1.4,False,,5,,,(세부등급 없음),,False,False
mf-001.md-022.sm-엑센트-신형.pw-가솔린-1-4.tr-스페셜,현대,001,국산,엑센트,022,엑센트(신형),,10~19,encar,가솔린,1.4,False,,5,,,스페셜,,False,False
mf-001.md-022.sm-뉴-엑센트.pw-가솔린-2-0.tr-3dr-프로-tgr,현대,001,국산,엑센트,022,뉴 엑센트,,97~99,encar,가솔린,2.0,False,,5,,,3DR 프로 TGR,,False,False
mf-001.md-050.sm-더-뉴-맥스크루즈.pw-디젤-2-2-2wd.tr-익스클루시브,현대,001,국산,맥스크루즈,050,더 뉴 맥스크루즈,,15~19,encar,디젤,2.2,False,2WD,7,,,익스클루시브,,False,False
mf-001.md-050.sm-더-뉴-맥스크루즈.pw-디젤-2-2-2wd.tr-익스클루시브-스페셜,현대,001,국산,맥스크루즈,050,더 뉴 맥스크루즈,,15~19,encar,디젤,2.2,False,2WD,7,,,익스클루시브 스페셜,,False,False
mf-001.md-050.sm-더-뉴-맥스크루즈.pw-디젤-2-2-2wd.tr-파이니스트-에디션,현대,001,국산,맥스크루즈,050,더 뉴 맥스크루즈,,15~19,encar,디젤,2.2,False,2WD,7,,,파이니스트 에디션,,False,False
mf-001.md-050.sm-더-뉴-맥스크루즈.pw-디젤-2-2-2wd.tr-프레스티지,현대,001,국산,맥스크루즈,050,더 뉴 맥스크루즈,,15~19,encar,디젤,2.2,False,2WD,7,,,프레스티지,,False,False
mf-001.md-050.sm-더-뉴-맥스크루즈.pw-디젤-2-2-4wd.tr-익스클루시브,현대,001,국산,맥스크루즈,050,더 뉴 맥스크루즈,,15~19,encar,디젤,2.2,False,4WD,6,,,익스클루시브,,False,False
mf-001.md-050.sm-더-뉴-맥스크루즈.pw-디젤-2-2-4wd.tr-익스클루시브-스페셜,현대,001,국산,맥스크루즈,050,더 뉴 맥스크루즈,,15~19,encar,디젤,2.2,False,4WD,6,,,익스클루시브 스페셜,,False,False
mf-001.md-050.sm-더-뉴-맥스크루즈.pw-디젤-2-2-4wd.tr-파이니스트-에디션,현대,001,국산,맥스크루즈,050,더 뉴 맥스크루즈,,15~19,encar,디젤,2.2,False,4WD,6,,,파이니스트 에디션,,False,False
mf-001.md-050.sm-더-뉴-맥스크루즈.pw-디젤-2-2-4wd.tr-프레스티지,현대,001,국산,맥스크루즈,050,더 뉴 맥스크루즈,,15~19,encar,디젤,2.2,False,4WD,6,,,프레스티지,,False,False
mf-001.md-050.sm-더-뉴-맥스크루즈.pw-가솔린-3-3-4wd.tr-익스클루시브,현대,001,국산,맥스크루즈,050,더 뉴 맥스크루즈,,15~19,encar,가솔린,3.3,False,4WD,7,,,익스클루시브,,False,False
mf-001.md-050.sm-더-뉴-맥스크루즈.pw-가솔린-3-3-4wd.tr-파이니스트-에디션,현대,001,국산,맥스크루즈,050,더 뉴 맥스크루즈,,15~19,encar,가솔린,3.3,False,4WD,7,,,파이니스트 에디션,,False,False
mf-001.md-050.sm-더-뉴-맥스크루즈.pw-가솔린-3-3-4wd.tr-프레스티지,현대,001,국산,맥스크루즈,050,더 뉴 맥스크루즈,,15~19,encar,가솔린,3.3,False,4WD,7,,,프레스티지,,False,False
mf-001.md-050.sm-더-뉴-맥스크루즈.pw-가솔린-3-3-2wd.tr-익스클루시브,현대,001,국산,맥스크루즈,050,더 뉴 맥스크루즈,,15~19,encar,가솔린,3.3,False,2WD,7,,,익스클루시브,,False,False
mf-001.md-050.sm-더-뉴-맥스크루즈.pw-가솔린-3-3-2wd.tr-익스클루시브-스페셜,현대,001,국산,맥스크루즈,050,더 뉴 맥스크루즈,,15~19,encar,가솔린,3.3,False,2WD,7,,,익스클루시브 스페셜,,False,False
mf-001.md-050.sm-더-뉴-맥스크루즈.pw-가솔린-3-3-2wd.tr-프레스티지,현대,001,국산,맥스크루즈,050,더 뉴 맥스크루즈,,15~19,encar,가솔린,3.3,False,2WD,7,,,프레스티지,,False,False
mf-001.md-050.sm-맥스크루즈.pw-디젤-2-2-4wd.tr-기본형,현대,001,국산,맥스크루즈,050,맥스크루즈,,13~15,encar,디젤,2.2,False,4WD,6,,,기본형,,False,False
mf-001.md-050.sm-맥스크루즈.pw-디젤-2-2-4wd.tr-스페셜,현대,001,국산,맥스크루즈,050,맥스크루즈,,13~15,encar,디젤,2.2,False,4WD,6,,,스페셜,,False,False
mf-001.md-050.sm-맥스크루즈.pw-디젤-2-2-2wd.tr-기본형,현대,001,국산,맥스크루즈,050,맥스크루즈,,13~15,encar,디젤,2.2,False,2WD,7,,,기본형,,False,False
mf-001.md-050.sm-맥스크루즈.pw-디젤-2-2-2wd.tr-스페셜,현대,001,국산,맥스크루즈,050,맥스크루즈,,13~15,encar,디젤,2.2,False,2WD,7,,,스페셜,,False,False
mf-001.md-050.sm-맥스크루즈.pw-가솔린-3-3-2wd.tr-스페셜,현대,001,국산,맥스크루즈,050,맥스크루즈,,13~15,encar,가솔린,3.3,False,2WD,7,,,스페셜,,False,False
mf-001.md-050.sm-맥스크루즈.pw-가솔린-3-3-2wd.tr-수출형,현대,001,국산,맥스크루즈,050,맥스크루즈,,13~15,encar,가솔린,3.3,False,2WD,6,,,수출형,,False,False
mf-001.md-001.sm-pd.pw-가솔린-1-6.tr-n-line,현대,001,국산,i30,001,i30 PD,PD,16~20,encar,가솔린,1.6,True,,5,,,N Line,,False,False
mf-001.md-001.sm-pd.pw-가솔린-1-6.tr-스포츠,현대,001,국산,i30,001,i30 PD,PD,16~20,encar,가솔린,1.6,True,,5,,,스포츠,,False,False
mf-001.md-001.sm-pd.pw-가솔린-1-6.tr-스포츠-에센스-에디션,현대,001,국산,i30,001,i30 PD,PD,16~20,encar,가솔린,1.6,True,,5,,,스포츠 에센스 에디션,,False,False
mf-001.md-001.sm-pd.pw-가솔린-1-6.tr-스포츠-프리미엄,현대,001,국산,i30,001,i30 PD,PD,16~20,encar,가솔린,1.6,True,,5,,,스포츠 프리미엄,,False,False
mf-001.md-001.sm-pd.pw-디젤-1-6.tr-스마트,현대,001,국산,i30,001,i30 PD,PD,16~20,encar,디젤,1.6,False,,5,,,스마트,,False,False
mf-001.md-001.sm-pd.pw-디젤-1-6.tr-프리미엄,현대,001,국산,i30,001,i30 PD,PD,16~20,encar,디젤,1.6,False,,5,,,프리미엄,,False,False
mf-001.md-001.sm-pd.pw-가솔린-1-4.tr-모던,현대,001,국산,i30,001,i30 PD,PD,16~20,encar,가솔린,1.4,True,,5,,,모던,,False,False
mf-001.md-001.sm-pd.pw-가솔린-1-4.tr-스마트,현대,001,국산,i30,001,i30 PD,PD,16~20,encar,가솔린,1.4,True,,5,,,스마트,,False,False
mf-001.md-001.sm-pd.pw-가솔린-1-4.tr-스타일,현대,001,국산,i30,001,i30 PD,PD,16~20,encar,가솔린,1.4,True,,5,,,스타일,,False,False
mf-001.md-001.sm-pd.pw-가솔린-1-4.tr-프리미엄,현대,001,국산,i30,001,i30 PD,PD,16~20,encar,가솔린,1.4,True,,5,,,프리미엄,,False,False
mf-001.md-001.sm-더-뉴-i30.pw-가솔린-2-0.tr-pyl,현대,001,국산,i30,001,더 뉴 i30,,15~16,encar,가솔린,2.0,False,,5,,,PYL,,False,False
mf-001.md-001.sm-더-뉴-i30.pw-가솔린-2-0.tr-디-스펙,현대,001,국산,i30,001,더 뉴 i30,,15~16,encar,가솔린,2.0,False,,5,,,디 스펙,,False,False
mf-001.md-001.sm-더-뉴-i30.pw-디젤-1-6.tr-pyl,현대,001,국산,i30,001,더 뉴 i30,,15~16,encar,디젤,1.6,False,,5,,,PYL,,False,False
mf-001.md-001.sm-i30-신형.pw-디젤-1-6.tr-vgt-pyl,현대,001,국산,i30,001,i30(신형),,11~15,encar,디젤,1.6,False,,5,,,VGT PYL,,False,False
mf-001.md-001.sm-i30-신형.pw-디젤-1-6.tr-vgt-유니크,현대,001,국산,i30,001,i30(신형),,11~15,encar,디젤,1.6,False,,5,,,VGT 유니크,,False,False
mf-001.md-001.sm-i30-신형.pw-디젤-1-6.tr-vgt-익스트림,현대,001,국산,i30,001,i30(신형),,11~15,encar,디젤,1.6,False,,5,,,VGT 익스트림,,False,False
mf-001.md-001.sm-i30-신형.pw-가솔린-1-6.tr-gdi-pyl,현대,001,국산,i30,001,i30(신형),,11~15,encar,가솔린,1.6,False,,5,,,GDI PYL,,False,False
mf-001.md-001.sm-i30-신형.pw-가솔린-1-6.tr-gdi-유니크,현대,001,국산,i30,001,i30(신형),,11~15,encar,가솔린,1.6,False,,5,,,GDI 유니크,,False,False
mf-001.md-001.sm-i30-신형.pw-가솔린-1-6.tr-gdi-익스트림,현대,001,국산,i30,001,i30(신형),,11~15,encar,가솔린,1.6,False,,5,,,GDI 익스트림,,False,False
mf-001.md-001.sm-i30-신형.pw-가솔린-2-0.tr-gdi-디스펙,현대,001,국산,i30,001,i30(신형),,11~15,encar,가솔린,2.0,False,,5,,,GDi 디스펙,,False,False
mf-001.md-001.sm-i30-cw.pw-가솔린-1-6.tr-vvt-디럭스,현대,001,국산,i30,001,i30 cw,,08~11,encar,가솔린,1.6,False,,5,,,VVT 디럭스,,False,False
mf-001.md-001.sm-i30-cw.pw-가솔린-1-6.tr-vvt-럭셔리,현대,001,국산,i30,001,i30 cw,,08~11,encar,가솔린,1.6,False,,5,,,VVT 럭셔리,,False,False
mf-001.md-001.sm-i30-cw.pw-가솔린-1-6.tr-vvt-프리미어,현대,001,국산,i30,001,i30 cw,,08~11,encar,가솔린,1.6,False,,5,,,VVT 프리미어,,False,False
mf-001.md-001.sm-i30-cw.pw-디젤-1-6.tr-vgt-럭셔리,현대,001,국산,i30,001,i30 cw,,08~11,encar,디젤,1.6,False,,5,,,VGT 럭셔리,,False,False
mf-001.md-001.sm-i30.pw-가솔린-1-6.tr-vvt-디럭스,현대,001,국산,i30,001,i30,,07~11,encar,가솔린,1.6,False,,5,,,VVT 디럭스,,False,False
mf-001.md-001.sm-i30.pw-가솔린-1-6.tr-vvt-럭셔리,현대,001,국산,i30,001,i30,,07~11,encar,가솔린,1.6,False,,5,,,VVT 럭셔리,,False,False
mf-001.md-001.sm-i30.pw-가솔린-1-6.tr-vvt-트렌디,현대,001,국산,i30,001,i30,,07~11,encar,가솔린,1.6,False,,5,,,VVT 트렌디,,False,False
mf-001.md-001.sm-i30.pw-가솔린-1-6.tr-기본형,현대,001,국산,i30,001,i30,,07~11,encar,가솔린,1.6,False,,5,,,기본형,,False,False
mf-001.md-001.sm-i30.pw-가솔린-2-0.tr-vvt-익스트림,현대,001,국산,i30,001,i30,,07~11,encar,가솔린,2.0,False,,5,,,VVT 익스트림,,False,False
mf-001.md-001.sm-i30.pw-디젤-1-6.tr-vgt-럭셔리,현대,001,국산,i30,001,i30,,07~11,encar,디젤,1.6,False,,5,,,VGT 럭셔리,,False,False
mf-001.md-049.sm-더-뉴-i40.pw-가솔린-2-0.tr-pyl,현대,001,국산,i40,049,더 뉴 i40,,15~19,encar,가솔린,2.0,False,,5,,,PYL,,False,False
mf-001.md-049.sm-더-뉴-i40.pw-가솔린-2-0.tr-디-스펙,현대,001,국산,i40,049,더 뉴 i40,,15~19,encar,가솔린,2.0,False,,5,,,디 스펙,,False,False
mf-001.md-049.sm-더-뉴-i40.pw-가솔린-2-0.tr-스마트,현대,001,국산,i40,049,더 뉴 i40,,15~19,encar,가솔린,2.0,False,,5,,,스마트,,False,False
mf-001.md-049.sm-더-뉴-i40.pw-가솔린-2-0.tr-유니크,현대,001,국산,i40,049,더 뉴 i40,,15~19,encar,가솔린,2.0,False,,5,,,유니크,,False,False
mf-001.md-049.sm-더-뉴-i40.pw-가솔린-2-0.tr-프리미엄,현대,001,국산,i40,049,더 뉴 i40,,15~19,encar,가솔린,2.0,False,,5,,,프리미엄,,False,False
mf-001.md-049.sm-더-뉴-i40.pw-디젤-1-7.tr-vgt-수출형,현대,001,국산,i40,049,더 뉴 i40,,15~19,encar,디젤,1.7,False,,5,,,VGT (수출형),,False,False
mf-001.md-049.sm-더-뉴-i40.pw-디젤-1-7.tr-pyl,현대,001,국산,i40,049,더 뉴 i40,,15~19,encar,디젤,1.7,False,,5,,,PYL,,False,False
mf-001.md-049.sm-더-뉴-i40.pw-디젤-1-7.tr-디-스펙,현대,001,국산,i40,049,더 뉴 i40,,15~19,encar,디젤,1.7,False,,5,,,디 스펙,,False,False
mf-001.md-049.sm-더-뉴-i40.pw-디젤-1-7.tr-스마트,현대,001,국산,i40,049,더 뉴 i40,,15~19,encar,디젤,1.7,False,,5,,,스마트,,False,False
mf-001.md-049.sm-더-뉴-i40.pw-디젤-1-7.tr-유니크,현대,001,국산,i40,049,더 뉴 i40,,15~19,encar,디젤,1.7,False,,5,,,유니크,,False,False
mf-001.md-049.sm-더-뉴-i40-살룬.pw-가솔린-2-0.tr-pyl,현대,001,국산,i40,049,더 뉴 i40 살룬,,15~19,encar,가솔린,2.0,False,,5,,,PYL,,False,False
mf-001.md-049.sm-더-뉴-i40-살룬.pw-가솔린-2-0.tr-디-스펙,현대,001,국산,i40,049,더 뉴 i40 살룬,,15~19,encar,가솔린,2.0,False,,5,,,디 스펙,,False,False
mf-001.md-049.sm-더-뉴-i40-살룬.pw-가솔린-2-0.tr-스마트,현대,001,국산,i40,049,더 뉴 i40 살룬,,15~19,encar,가솔린,2.0,False,,5,,,스마트,,False,False
mf-001.md-049.sm-더-뉴-i40-살룬.pw-디젤-1-7.tr-pyl,현대,001,국산,i40,049,더 뉴 i40 살룬,,15~19,encar,디젤,1.7,False,,5,,,PYL,,False,False
mf-001.md-049.sm-더-뉴-i40-살룬.pw-디젤-1-7.tr-디-스펙,현대,001,국산,i40,049,더 뉴 i40 살룬,,15~19,encar,디젤,1.7,False,,5,,,디 스펙,,False,False
mf-001.md-049.sm-i40-살룬.pw-디젤-1-7.tr-d-스펙,현대,001,국산,i40,049,i40 살룬,,12~15,encar,디젤,1.7,False,,5,,,D 스펙,,False,False
mf-001.md-049.sm-i40-살룬.pw-디젤-1-7.tr-pyl,현대,001,국산,i40,049,i40 살룬,,12~15,encar,디젤,1.7,False,,5,,,PYL,,False,False
mf-001.md-049.sm-i40-살룬.pw-디젤-1-7.tr-모던,현대,001,국산,i40,049,i40 살룬,,12~15,encar,디젤,1.7,False,,5,,,모던,,False,False
mf-001.md-049.sm-i40-살룬.pw-디젤-1-7.tr-스마트,현대,001,국산,i40,049,i40 살룬,,12~15,encar,디젤,1.7,False,,5,,,스마트,,False,False
mf-001.md-049.sm-i40-살룬.pw-디젤-1-7.tr-프리미엄,현대,001,국산,i40,049,i40 살룬,,12~15,encar,디젤,1.7,False,,5,,,프리미엄,,False,False
mf-001.md-049.sm-i40-살룬.pw-가솔린-2-0.tr-d-스펙,현대,001,국산,i40,049,i40 살룬,,12~15,encar,가솔린,2.0,False,,5,,,D 스펙,,False,False
mf-001.md-049.sm-i40-살룬.pw-가솔린-2-0.tr-pyl,현대,001,국산,i40,049,i40 살룬,,12~15,encar,가솔린,2.0,False,,5,,,PYL,,False,False
mf-001.md-049.sm-i40-살룬.pw-가솔린-2-0.tr-모던,현대,001,국산,i40,049,i40 살룬,,12~15,encar,가솔린,2.0,False,,5,,,모던,,False,False
mf-001.md-049.sm-i40-살룬.pw-가솔린-2-0.tr-스마트,현대,001,국산,i40,049,i40 살룬,,12~15,encar,가솔린,2.0,False,,5,,,스마트,,False,False
mf-001.md-049.sm-i40-살룬.pw-가솔린-2-0.tr-프리미엄,현대,001,국산,i40,049,i40 살룬,,12~15,encar,가솔린,2.0,False,,5,,,프리미엄,,False,False
mf-001.md-049.sm-i40.pw-디젤-1-7.tr-d-스펙,현대,001,국산,i40,049,i40,,11~15,encar,디젤,1.7,False,,5,,,D 스펙,,False,False
mf-001.md-049.sm-i40.pw-디젤-1-7.tr-pyl,현대,001,국산,i40,049,i40,,11~15,encar,디젤,1.7,False,,5,,,PYL,,False,False
mf-001.md-049.sm-i40.pw-디젤-1-7.tr-모던,현대,001,국산,i40,049,i40,,11~15,encar,디젤,1.7,False,,5,,,모던,,False,False
mf-001.md-049.sm-i40.pw-디젤-1-7.tr-스마트,현대,001,국산,i40,049,i40,,11~15,encar,디젤,1.7,False,,5,,,스마트,,False,False
mf-001.md-049.sm-i40.pw-디젤-1-7.tr-프리미엄,현대,001,국산,i40,049,i40,,11~15,encar,디젤,1.7,False,,5,,,프리미엄,,False,False
mf-001.md-049.sm-i40.pw-가솔린-2-0.tr-d-스펙,현대,001,국산,i40,049,i40,,11~15,encar,가솔린,2.0,False,,5,,,D 스펙,,False,False
mf-001.md-049.sm-i40.pw-가솔린-2-0.tr-pyl,현대,001,국산,i40,049,i40,,11~15,encar,가솔린,2.0,False,,5,,,PYL,,False,False
mf-001.md-049.sm-i40.pw-가솔린-2-0.tr-모던,현대,001,국산,i40,049,i40,,11~15,encar,가솔린,2.0,False,,5,,,모던,,False,False
mf-001.md-049.sm-i40.pw-가솔린-2-0.tr-스마트,현대,001,국산,i40,049,i40,,11~15,encar,가솔린,2.0,False,,5,,,스마트,,False,False
mf-001.md-049.sm-i40.pw-가솔린-2-0.tr-프리미엄,현대,001,국산,i40,049,i40,,11~15,encar,가솔린,2.0,False,,5,,,프리미엄,,False,False
mf-001.md-011.sm-베라크루즈.pw-디젤-3-0-4wd.tr-세부등급-없음,현대,001,국산,베라크루즈,011,베라크루즈,,06~15,encar,디젤,3.0,False,4WD,7,,,(세부등급 없음),,False,False
mf-001.md-011.sm-베라크루즈.pw-디젤-3-0-4wd.tr-기본형,현대,001,국산,베라크루즈,011,베라크루즈,,06~15,encar,디젤,3.0,False,4WD,7,,,기본형,,False,False
mf-001.md-011.sm-베라크루즈.pw-디젤-3-0-4wd.tr-디럭스,현대,001,국산,베라크루즈,011,베라크루즈,,06~15,encar,디젤,3.0,False,4WD,7,,,디럭스,,False,False
mf-001.md-011.sm-베라크루즈.pw-디젤-3-0-4wd.tr-럭셔리,현대,001,국산,베라크루즈,011,베라크루즈,,06~15,encar,디젤,3.0,False,4WD,7,,,럭셔리,,False,False
mf-001.md-011.sm-베라크루즈.pw-디젤-3-0-4wd.tr-스페셜,현대,001,국산,베라크루즈,011,베라크루즈,,06~15,encar,디젤,3.0,False,4WD,7,,,스페셜,,False,False
mf-001.md-011.sm-베라크루즈.pw-디젤-3-0-4wd.tr-프리미어,현대,001,국산,베라크루즈,011,베라크루즈,,06~15,encar,디젤,3.0,False,4WD,7,,,프리미어,,False,False
mf-001.md-011.sm-베라크루즈.pw-디젤-3-0-4wd.tr-프리미엄,현대,001,국산,베라크루즈,011,베라크루즈,,06~15,encar,디젤,3.0,False,4WD,7,,,프리미엄,,False,False
mf-001.md-011.sm-베라크루즈.pw-가솔린-3-8-2wd.tr-노블팩,현대,001,국산,베라크루즈,011,베라크루즈,,06~15,encar,가솔린,3.8,False,2WD,7,,,노블팩,,False,False
mf-001.md-011.sm-베라크루즈.pw-가솔린-3-8-4wd.tr-노블팩,현대,001,국산,베라크루즈,011,베라크루즈,,06~15,encar,가솔린,3.8,False,4WD,7,,,노블팩,,False,False
mf-001.md-011.sm-베라크루즈.pw-가솔린-3-8-4wd.tr-프리미엄,현대,001,국산,베라크루즈,011,베라크루즈,,06~15,encar,가솔린,3.8,False,4WD,7,,,프리미엄,,False,False
mf-001.md-011.sm-베라크루즈.pw-디젤-3-0-2wd.tr-세부등급-없음,현대,001,국산,베라크루즈,011,베라크루즈,,06~15,encar,디젤,3.0,False,2WD,7,,,(세부등급 없음),,False,False
mf-001.md-011.sm-베라크루즈.pw-디젤-3-0-2wd.tr-기본형,현대,001,국산,베라크루즈,011,베라크루즈,,06~15,encar,디젤,3.0,False,2WD,7,,,기본형,,False,False
mf-001.md-011.sm-베라크루즈.pw-디젤-3-0-2wd.tr-디럭스,현대,001,국산,베라크루즈,011,베라크루즈,,06~15,encar,디젤,3.0,False,2WD,7,,,디럭스,,False,False
mf-001.md-011.sm-베라크루즈.pw-디젤-3-0-2wd.tr-럭셔리,현대,001,국산,베라크루즈,011,베라크루즈,,06~15,encar,디젤,3.0,False,2WD,7,,,럭셔리,,False,False
mf-001.md-011.sm-베라크루즈.pw-디젤-3-0-2wd.tr-밸류,현대,001,국산,베라크루즈,011,베라크루즈,,06~15,encar,디젤,3.0,False,2WD,7,,,밸류,,False,False
mf-001.md-011.sm-베라크루즈.pw-디젤-3-0-2wd.tr-슈프림,현대,001,국산,베라크루즈,011,베라크루즈,,06~15,encar,디젤,3.0,False,2WD,7,,,슈프림,,False,False
mf-001.md-011.sm-베라크루즈.pw-디젤-3-0-2wd.tr-스마트팩,현대,001,국산,베라크루즈,011,베라크루즈,,06~15,encar,디젤,3.0,False,2WD,7,,,스마트팩,,False,False
mf-001.md-011.sm-베라크루즈.pw-디젤-3-0-2wd.tr-스타일팩,현대,001,국산,베라크루즈,011,베라크루즈,,06~15,encar,디젤,3.0,False,2WD,7,,,스타일팩,,False,False
mf-001.md-011.sm-베라크루즈.pw-디젤-3-0-2wd.tr-스페셜,현대,001,국산,베라크루즈,011,베라크루즈,,06~15,encar,디젤,3.0,False,2WD,7,,,스페셜,,False,False
mf-001.md-011.sm-베라크루즈.pw-디젤-3-0-2wd.tr-월드컵-스페셜-에디션,현대,001,국산,베라크루즈,011,베라크루즈,,06~15,encar,디젤,3.0,False,2WD,7,,,월드컵 스페셜 에디션,,False,False
mf-001.md-011.sm-베라크루즈.pw-디젤-3-0-2wd.tr-프리미어,현대,001,국산,베라크루즈,011,베라크루즈,,06~15,encar,디젤,3.0,False,2WD,7,,,프리미어,,False,False
mf-001.md-011.sm-베라크루즈.pw-디젤-3-0-2wd.tr-프리미엄,현대,001,국산,베라크루즈,011,베라크루즈,,06~15,encar,디젤,3.0,False,2WD,7,,,프리미엄,,False,False
mf-001.md-011.sm-베라크루즈.pw-가솔린-3-8.tr-수출형,현대,001,국산,베라크루즈,011,베라크루즈,,06~15,encar,가솔린,3.8,False,,7,,,수출형,,False,False
mf-001.md-063.sm-더-뉴-아이오닉6.pw-전기.tr-n,현대,001,국산,아이오닉6,063,더 뉴 아이오닉6,,25~현재,encar,전기,,False,,5,,,N,,False,False
mf-001.md-063.sm-더-뉴-아이오닉6.pw-전기.tr-익스클루시브,현대,001,국산,아이오닉6,063,더 뉴 아이오닉6,,25~현재,encar,전기,,False,,5,,,익스클루시브,,False,False
mf-001.md-063.sm-더-뉴-아이오닉6.pw-전기-84-0-awd.tr-프레스티지-n-line,현대,001,국산,아이오닉6,063,더 뉴 아이오닉6,,25~현재,encar,전기,,False,AWD,5,84.0,533,프레스티지 N Line,,False,False
mf-001.md-063.sm-아이오닉6.pw-전기.tr-e-lite,현대,001,국산,아이오닉6,063,아이오닉6,,22~25,encar,전기,,False,,5,,,E-Lite,,False,False
mf-001.md-063.sm-아이오닉6.pw-전기.tr-e-value,현대,001,국산,아이오닉6,063,아이오닉6,,22~25,encar,전기,,False,,5,,,E-Value+,,False,False
mf-001.md-063.sm-아이오닉6.pw-전기.tr-익스클루시브,현대,001,국산,아이오닉6,063,아이오닉6,,22~25,encar,전기,,False,,5,,,익스클루시브,,False,False
mf-001.md-063.sm-아이오닉6.pw-전기.tr-익스클루시브-플러스,현대,001,국산,아이오닉6,063,아이오닉6,,22~25,encar,전기,,False,,5,,,익스클루시브 플러스,,False,False
mf-001.md-063.sm-아이오닉6.pw-전기.tr-프레스티지,현대,001,국산,아이오닉6,063,아이오닉6,,22~25,encar,전기,,False,,5,,,프레스티지,,False,False
mf-001.md-063.sm-아이오닉6.pw-전기-77-4-awd.tr-e-lite,현대,001,국산,아이오닉6,063,아이오닉6,,22~25,encar,전기,,False,AWD,5,77.4,484,E-Lite,,False,False
mf-001.md-063.sm-아이오닉6.pw-전기-77-4-awd.tr-익스클루시브,현대,001,국산,아이오닉6,063,아이오닉6,,22~25,encar,전기,,False,AWD,5,77.4,484,익스클루시브,,False,False
mf-001.md-063.sm-아이오닉6.pw-전기-77-4-awd.tr-익스클루시브-플러스,현대,001,국산,아이오닉6,063,아이오닉6,,22~25,encar,전기,,False,AWD,5,77.4,484,익스클루시브 플러스,,False,False
mf-001.md-063.sm-아이오닉6.pw-전기-77-4-awd.tr-프레스티지,현대,001,국산,아이오닉6,063,아이오닉6,,22~25,encar,전기,,False,AWD,5,77.4,484,프레스티지,,False,False
mf-001.md-053.sm-더-뉴-아이오닉-일렉트릭.pw-전기-40-4.tr-n,현대,001,국산,아이오닉,053,더 뉴 아이오닉 일렉트릭,,19~21,encar,전기,,False,,5,40.4,271,N,,False,False
mf-001.md-053.sm-더-뉴-아이오닉-일렉트릭.pw-전기-40-4.tr-q,현대,001,국산,아이오닉,053,더 뉴 아이오닉 일렉트릭,,19~21,encar,전기,,False,,5,40.4,271,Q,,False,False
mf-001.md-053.sm-더-뉴-아이오닉-하이브리드.pw-하이브리드-1-6.tr-i,현대,001,국산,아이오닉,053,더 뉴 아이오닉 하이브리드,,19~21,encar,하이브리드,1.6,False,,5,,,I,,False,False
mf-001.md-053.sm-더-뉴-아이오닉-하이브리드.pw-하이브리드-1-6.tr-n,현대,001,국산,아이오닉,053,더 뉴 아이오닉 하이브리드,,19~21,encar,하이브리드,1.6,False,,5,,,N,,False,False
mf-001.md-053.sm-더-뉴-아이오닉-하이브리드.pw-하이브리드-1-6.tr-q,현대,001,국산,아이오닉,053,더 뉴 아이오닉 하이브리드,,19~21,encar,하이브리드,1.6,False,,5,,,Q,,False,False
mf-001.md-053.sm-아이오닉-일렉트릭.pw-전기-28-0.tr-i,현대,001,국산,아이오닉,053,아이오닉 일렉트릭,,16~19,encar,전기,,False,,5,28.0,191,I,,False,False
mf-001.md-053.sm-아이오닉-일렉트릭.pw-전기-28-0.tr-n,현대,001,국산,아이오닉,053,아이오닉 일렉트릭,,16~19,encar,전기,,False,,5,28.0,191,N,,False,False
mf-001.md-053.sm-아이오닉-일렉트릭.pw-전기-28-0.tr-q,현대,001,국산,아이오닉,053,아이오닉 일렉트릭,,16~19,encar,전기,,False,,5,28.0,191,Q,,False,False
mf-001.md-053.sm-아이오닉-하이브리드.pw-하이브리드-1-6.tr-세부등급-없음,현대,001,국산,아이오닉,053,아이오닉 하이브리드,,16~19,encar,하이브리드,1.6,False,,5,,,(세부등급 없음),,False,False
mf-001.md-053.sm-아이오닉-하이브리드.pw-하이브리드-1-6.tr-q,현대,001,국산,아이오닉,053,아이오닉 하이브리드,,16~19,encar,하이브리드,1.6,False,,5,,,Q,,False,False
mf-001.md-053.sm-아이오닉-하이브리드.pw-하이브리드-1-6.tr-플러스,현대,001,국산,아이오닉,053,아이오닉 하이브리드,,16~19,encar,하이브리드,1.6,False,,5,,,플러스,,False,False
mf-001.md-051.sm-아슬란.pw-가솔린-3-0.tr-g300-모던,현대,001,국산,아슬란,051,아슬란,,14~18,encar,가솔린,3.0,False,,5,,,G300 모던,,False,False
mf-001.md-051.sm-아슬란.pw-가솔린-3-0.tr-g300-모던-베이직,현대,001,국산,아슬란,051,아슬란,,14~18,encar,가솔린,3.0,False,,5,,,G300 모던 베이직,,False,False
mf-001.md-051.sm-아슬란.pw-가솔린-3-0.tr-g300-모던-스페셜,현대,001,국산,아슬란,051,아슬란,,14~18,encar,가솔린,3.0,False,,5,,,G300 모던 스페셜,,False,False
mf-001.md-051.sm-아슬란.pw-가솔린-3-0.tr-g300-익스클루시브,현대,001,국산,아슬란,051,아슬란,,14~18,encar,가솔린,3.0,False,,5,,,G300 익스클루시브,,False,False
mf-001.md-051.sm-아슬란.pw-가솔린-3-3.tr-g330-모던,현대,001,국산,아슬란,051,아슬란,,14~18,encar,가솔린,3.3,False,,5,,,G330 모던,,False,False
mf-001.md-051.sm-아슬란.pw-가솔린-3-3.tr-g330-익스클루시브,현대,001,국산,아슬란,051,아슬란,,14~18,encar,가솔린,3.3,False,,5,,,G330 익스클루시브,,False,False
mf-001.md-051.sm-아슬란.pw-가솔린-3-3.tr-g330-프리미엄,현대,001,국산,아슬란,051,아슬란,,14~18,encar,가솔린,3.3,False,,5,,,G330 프리미엄,,False,False
mf-001.md-056.sm-nh2.pw-수소.tr-익스클루시브-스페셜,현대,001,국산,넥쏘,056,넥쏘 NH2,NH2,25~현재,encar,수소,,False,,5,,,익스클루시브 스페셜,,False,False
mf-001.md-056.sm-넥쏘.pw-수소.tr-모던,현대,001,국산,넥쏘,056,넥쏘,,18~현재,encar,수소,,False,,5,,,모던,,False,False
mf-001.md-056.sm-넥쏘.pw-수소.tr-프리미엄,현대,001,국산,넥쏘,056,넥쏘,,18~현재,encar,수소,,False,,5,,,프리미엄,,False,False
mf-001.md-052.sm-쏠라티.pw-디젤-2-5.tr-기본,현대,001,국산,쏠라티,052,쏠라티,,15~현재,encar,디젤,2.5,False,,15,,,기본,,False,False
mf-001.md-052.sm-쏠라티.pw-디젤-2-5.tr-디럭스,현대,001,국산,쏠라티,052,쏠라티,,15~현재,encar,디젤,2.5,False,,15,,,디럭스,,False,False
mf-001.md-052.sm-쏠라티.pw-디젤-2-5.tr-럭셔리,현대,001,국산,쏠라티,052,쏠라티,,15~현재,encar,디젤,2.5,False,,15,,,럭셔리,,False,False
mf-001.md-052.sm-쏠라티.pw-디젤-2-5.tr-스탠다드,현대,001,국산,쏠라티,052,쏠라티,,15~현재,encar,디젤,2.5,False,,15,,,스탠다드,,False,False
mf-001.md-052.sm-쏠라티.pw-디젤-2-5.tr-럭셔리,현대,001,국산,쏠라티,052,쏠라티,,15~현재,encar,디젤,2.5,False,,11,,,럭셔리,,False,False
mf-001.md-052.sm-쏠라티.pw-디젤-2-5.tr-리무진,현대,001,국산,쏠라티,052,쏠라티,,15~현재,encar,디젤,2.5,False,,11,,,리무진,,False,False
mf-001.md-052.sm-쏠라티.pw-디젤-2-5.tr-투어,현대,001,국산,쏠라티,052,쏠라티,,15~현재,encar,디젤,2.5,False,,11,,,투어,,False,False
mf-001.md-052.sm-쏠라티.pw-디젤-2-5.tr-럭셔리,현대,001,국산,쏠라티,052,쏠라티,,15~현재,encar,디젤,2.5,False,,14,,,럭셔리,,False,False
mf-001.md-052.sm-쏠라티.pw-디젤-2-5.tr-캠핑카,현대,001,국산,쏠라티,052,쏠라티,,15~현재,encar,디젤,2.5,False,,14,,,캠핑카,,False,False
mf-001.md-052.sm-쏠라티.pw-디젤-2-5.tr-디럭스,현대,001,국산,쏠라티,052,쏠라티,,15~현재,encar,디젤,2.5,False,,16,,,디럭스,,False,False
mf-001.md-052.sm-쏠라티.pw-디젤-2-5.tr-장애인버스,현대,001,국산,쏠라티,052,쏠라티,,15~현재,encar,디젤,2.5,False,,16,,,장애인버스,,False,False
mf-001.md-052.sm-쏠라티.pw-디젤-2-5.tr-앰뷸런스,현대,001,국산,쏠라티,052,쏠라티,,15~현재,encar,디젤,2.5,False,,5,,,앰뷸런스,,False,False
mf-001.md-066.sm-아이오닉9.pw-전기-110-3-awd.tr-익스클루시브,현대,001,국산,아이오닉9,066,아이오닉9,,25~현재,encar,전기,,False,AWD,7,110.3,503,익스클루시브,,False,False
mf-001.md-066.sm-아이오닉9.pw-전기-110-3-awd.tr-캘리그래피,현대,001,국산,아이오닉9,066,아이오닉9,,25~현재,encar,전기,,False,AWD,7,110.3,503,캘리그래피,,False,False
mf-001.md-066.sm-아이오닉9.pw-전기-110-3-awd.tr-프레스티지,현대,001,국산,아이오닉9,066,아이오닉9,,25~현재,encar,전기,,False,AWD,7,110.3,503,프레스티지,,False,False
mf-001.md-066.sm-아이오닉9.pw-전기-110-3-2wd.tr-익스클루시브,현대,001,국산,아이오닉9,066,아이오닉9,,25~현재,encar,전기,,False,2WD,7,110.3,532,익스클루시브,,False,False
mf-001.md-066.sm-아이오닉9.pw-전기-110-3-2wd.tr-프레스티지,현대,001,국산,아이오닉9,066,아이오닉9,,25~현재,encar,전기,,False,2WD,7,110.3,532,프레스티지,,False,False
mf-001.md-002.sm-갤로퍼-2.pw-lpg-3-0.tr-v6,현대,001,국산,갤로퍼,002,갤로퍼 2,,97~03,encar,LPG,3.0,False,,9,,,V6,,False,False
mf-001.md-002.sm-갤로퍼-2.pw-디젤-2-5.tr-밴-숏보디,현대,001,국산,갤로퍼,002,갤로퍼 2,,97~03,encar,디젤,2.5,True,,2,,,밴 (숏보디),,False,False
mf-001.md-002.sm-갤로퍼-2.pw-디젤-2-5.tr-숏보디-이노베이션,현대,001,국산,갤로퍼,002,갤로퍼 2,,97~03,encar,디젤,2.5,True,,2,,,숏보디 이노베이션,,False,False
mf-001.md-002.sm-갤로퍼-2.pw-디젤-2-5.tr-기본형,현대,001,국산,갤로퍼,002,갤로퍼 2,,97~03,encar,디젤,2.5,False,,7,,,기본형,,False,False
mf-001.md-002.sm-갤로퍼-2.pw-디젤-2-5.tr-숏보디-인터쿨러슈퍼,현대,001,국산,갤로퍼,002,갤로퍼 2,,97~03,encar,디젤,2.5,False,,7,,,숏보디 인터쿨러슈퍼,,False,False
mf-001.md-002.sm-갤로퍼-2.pw-디젤-2-5.tr-최고급형,현대,001,국산,갤로퍼,002,갤로퍼 2,,97~03,encar,디젤,2.5,False,,7,,,최고급형,,False,False
mf-001.md-002.sm-갤로퍼-2.pw-가솔린-3-0.tr-골드,현대,001,국산,갤로퍼,002,갤로퍼 2,,97~03,encar,가솔린,3.0,False,,6,,,골드,,False,False
mf-001.md-002.sm-갤로퍼-2.pw-lpg-3-0.tr-v6-엑시드,현대,001,국산,갤로퍼,002,갤로퍼 2,,97~03,encar,LPG,3.0,False,,7,,,V6 엑시드,,False,False
mf-001.md-002.sm-갤로퍼-2.pw-디젤-2-5.tr-밴-엑시드-숏보디,현대,001,국산,갤로퍼,002,갤로퍼 2,,97~03,encar,디젤,2.5,False,,2,,,밴 엑시드 (숏보디),,False,False
mf-001.md-002.sm-갤로퍼-2.pw-디젤-2-5.tr-엑시드,현대,001,국산,갤로퍼,002,갤로퍼 2,,97~03,encar,디젤,2.5,True,,9,,,엑시드,,False,False
mf-001.md-002.sm-갤로퍼.pw-디젤-2-5.tr-지프-인터쿨러엑시드,현대,001,국산,갤로퍼,002,갤로퍼,,91~97,encar,디젤,2.5,False,,6,,,지프 인터쿨러엑시드,,False,False
mf-001.md-002.sm-갤로퍼.pw-가솔린-3-0.tr-s-v6-3000,현대,001,국산,갤로퍼,002,갤로퍼,,91~97,encar,가솔린,3.0,False,,,,,S V6-3000,,False,False
mf-001.md-002.sm-갤로퍼.pw-가솔린-3-0.tr-지프-v6-골드,현대,001,국산,갤로퍼,002,갤로퍼,,91~97,encar,가솔린,3.0,False,,,,,지프 V6 골드,,False,False
mf-001.md-002.sm-갤로퍼.pw-디젤-2-5.tr-지프-엑시드,현대,001,국산,갤로퍼,002,갤로퍼,,91~97,encar,디젤,2.5,True,,6,,,지프 엑시드,,False,False
mf-001.md-002.sm-갤로퍼.pw-디젤-2-5.tr-지프-엑시드,현대,001,국산,갤로퍼,002,갤로퍼,,91~97,encar,디젤,2.5,False,,5,,,지프 엑시드,,False,False
mf-001.md-030.sm-테라칸.pw-디젤-2-9-4wd.tr-고급형,현대,001,국산,테라칸,030,테라칸,,01~07,encar,디젤,2.9,False,4WD,7,,,고급형,,False,False
mf-001.md-030.sm-테라칸.pw-디젤-2-9-4wd.tr-기본형,현대,001,국산,테라칸,030,테라칸,,01~07,encar,디젤,2.9,False,4WD,7,,,기본형,,False,False
mf-001.md-030.sm-테라칸.pw-디젤-2-9-4wd.tr-최고급형,현대,001,국산,테라칸,030,테라칸,,01~07,encar,디젤,2.9,False,4WD,7,,,최고급형,,False,False
mf-001.md-030.sm-테라칸.pw-디젤-2-9-4wd.tr-최고급형-블랙-스페셜,현대,001,국산,테라칸,030,테라칸,,01~07,encar,디젤,2.9,False,4WD,7,,,최고급형 블랙 스페셜,,False,False
mf-001.md-030.sm-테라칸.pw-가솔린-3-5-4wd.tr-최고급형,현대,001,국산,테라칸,030,테라칸,,01~07,encar,가솔린,3.5,False,4WD,7,,,최고급형,,False,False
mf-001.md-031.sm-투스카니-신형.pw-가솔린-2-0.tr-고급형,현대,001,국산,투스카니,031,투스카니(신형),,06~08,encar,가솔린,2.0,False,,4,,,고급형,,False,False
mf-001.md-031.sm-투스카니-신형.pw-가솔린-2-0.tr-기본형,현대,001,국산,투스카니,031,투스카니(신형),,06~08,encar,가솔린,2.0,False,,4,,,기본형,,False,False
mf-001.md-031.sm-투스카니-신형.pw-가솔린-2-0.tr-레드팩,현대,001,국산,투스카니,031,투스카니(신형),,06~08,encar,가솔린,2.0,False,,4,,,레드팩,,False,False
mf-001.md-031.sm-투스카니-신형.pw-가솔린-2-0.tr-프리미엄-사운드팩,현대,001,국산,투스카니,031,투스카니(신형),,06~08,encar,가솔린,2.0,False,,4,,,프리미엄 사운드팩,,False,False
mf-001.md-031.sm-투스카니-신형.pw-가솔린-2-7.tr-고급형,현대,001,국산,투스카니,031,투스카니(신형),,06~08,encar,가솔린,2.7,False,,4,,,고급형,,False,False
mf-001.md-031.sm-투스카니-신형.pw-가솔린-2-7.tr-레드팩,현대,001,국산,투스카니,031,투스카니(신형),,06~08,encar,가솔린,2.7,False,,4,,,레드팩,,False,False
mf-001.md-031.sm-투스카니.pw-가솔린-2-0.tr-기본형,현대,001,국산,투스카니,031,투스카니,,01~06,encar,가솔린,2.0,False,,4,,,기본형,,False,False
mf-001.md-031.sm-투스카니.pw-가솔린-2-0.tr-고급형,현대,001,국산,투스카니,031,투스카니,,01~06,encar,가솔린,2.0,False,,4,,,고급형,,False,False
mf-001.md-031.sm-투스카니.pw-가솔린-2-7.tr-고급형,현대,001,국산,투스카니,031,투스카니,,01~06,encar,가솔린,2.7,False,,4,,,고급형,,False,False
mf-001.md-012.sm-베르나-트랜스폼.pw-가솔린-1-6.tr-vvt-프리미어,현대,001,국산,베르나,012,베르나 트랜스폼,,09~10,encar,가솔린,1.6,False,,5,,,VVT 프리미어,,False,False
mf-001.md-012.sm-베르나-트랜스폼.pw-가솔린-1-4.tr-dohc-탑,현대,001,국산,베르나,012,베르나 트랜스폼,,09~10,encar,가솔린,1.4,False,,5,,,DOHC 탑,,False,False
mf-001.md-012.sm-베르나-트랜스폼.pw-가솔린-1-4.tr-dohc-프리미어,현대,001,국산,베르나,012,베르나 트랜스폼,,09~10,encar,가솔린,1.4,False,,5,,,DOHC 프리미어,,False,False
mf-001.md-012.sm-베르나-신형.pw-하이브리드-1-4.tr-기본,현대,001,국산,베르나,012,베르나(신형),,05~09,encar,하이브리드,1.4,False,,5,,,기본,,False,False
mf-001.md-012.sm-베르나-신형.pw-디젤-1-5.tr-vgt-엘레강스,현대,001,국산,베르나,012,베르나(신형),,05~09,encar,디젤,1.5,False,,5,,,VGT 엘레강스,,False,False
mf-001.md-012.sm-베르나-신형.pw-가솔린-1-4.tr-dohc-엘레강스,현대,001,국산,베르나,012,베르나(신형),,05~09,encar,가솔린,1.4,False,,5,,,DOHC 엘레강스,,False,False
mf-001.md-012.sm-베르나.pw-가솔린-1-3.tr-기본형,현대,001,국산,베르나,012,베르나,,99~02,encar,가솔린,1.3,False,,5,,,기본형,,False,False
mf-001.md-012.sm-베르나.pw-가솔린-1-5.tr-고급형,현대,001,국산,베르나,012,베르나,,99~02,encar,가솔린,1.5,False,,5,,,고급형,,False,False
mf-001.md-006.sm-다이너스티.pw-가솔린-2-5.tr-시그니쳐,현대,001,국산,다이너스티,006,다이너스티,,96~05,encar,가솔린,2.5,False,,5,,,시그니쳐,,False,False
mf-001.md-006.sm-다이너스티.pw-가솔린-2-5.tr-시그니쳐-sv,현대,001,국산,다이너스티,006,다이너스티,,96~05,encar,가솔린,2.5,False,,5,,,시그니쳐 SV,,False,False
mf-001.md-006.sm-다이너스티.pw-가솔린-3-0.tr-v6,현대,001,국산,다이너스티,006,다이너스티,,96~05,encar,가솔린,3.0,False,,5,,,V6,,False,False
mf-001.md-065.sm-st1.pw-전기-76-1.tr-스마트,현대,001,국산,ST1,065,ST1,,24~현재,encar,전기,,False,,2,76.1,317,스마트,,False,False
mf-001.md-065.sm-st1.pw-전기-76-1.tr-프리미엄,현대,001,국산,ST1,065,ST1,,24~현재,encar,전기,,False,,2,76.1,317,프리미엄,,False,False
mf-001.md-065.sm-st1.pw-전기-76-1.tr-스마트,현대,001,국산,ST1,065,ST1,,24~현재,encar,전기,,False,,,76.1,317,스마트,,False,False
mf-001.md-009.sm-마르샤.pw-가솔린-2-0.tr-vl,현대,001,국산,마르샤,009,마르샤,,95~98,encar,가솔린,2.0,False,,5,,,VL,,False,False
mf-001.md-009.sm-마르샤.pw-가솔린-2-0.tr-vls,현대,001,국산,마르샤,009,마르샤,,95~98,encar,가솔린,2.0,False,,5,,,VLS,,False,False
mf-001.md-034.sm-트라제-xg.pw-디젤-2-0.tr-고급형,현대,001,국산,트라제 XG,034,트라제 XG,,99~07,encar,디젤,2.0,False,,9,,,고급형,,False,False
mf-001.md-034.sm-트라제-xg.pw-디젤-2-0.tr-기본형,현대,001,국산,트라제 XG,034,트라제 XG,,99~07,encar,디젤,2.0,False,,9,,,기본형,,False,False
mf-001.md-034.sm-트라제-xg.pw-디젤-2-0.tr-고급형,현대,001,국산,트라제 XG,034,트라제 XG,,99~07,encar,디젤,2.0,False,,7,,,고급형,,False,False
mf-001.md-035.sm-티뷰론.pw-가솔린-2-0.tr-tgx,현대,001,국산,티뷰론,035,티뷰론,,96~01,encar,가솔린,2.0,False,,4,,,TGX,,False,False
mf-001.md-035.sm-티뷰론.pw-가솔린-2-0.tr-고급형,현대,001,국산,티뷰론,035,티뷰론,,96~01,encar,가솔린,2.0,False,,4,,,고급형,,False,False
mf-001.md-035.sm-티뷰론.pw-가솔린-2-0.tr-최고급형,현대,001,국산,티뷰론,035,티뷰론,,96~01,encar,가솔린,2.0,False,,4,,,최고급형,,False,False
mf-001.md-035.sm-티뷰론.pw-가솔린-2-0.tr-기본,현대,001,국산,티뷰론,035,티뷰론,,96~01,encar,가솔린,2.0,False,,,,,기본,,False,False
mf-001.md-013.sm-산타모.pw-lpg-2-0-2wd.tr-기본형,현대,001,국산,산타모,013,산타모,,95~02,encar,LPG,2.0,False,2WD,7,,,기본형,,False,False
mf-001.md-013.sm-산타모.pw-가솔린-2-0-2wd.tr-기본형,현대,001,국산,산타모,013,산타모,,95~02,encar,가솔린,2.0,False,2WD,,,,기본형,,False,False
mf-001.md-036.sm-포니투.pw-가솔린-1-5.tr-픽업,현대,001,국산,포니,036,포니투,,82~90,encar,가솔린,1.5,False,,,,,픽업,,False,False
mf-001.md-023.sm-엑셀.pw-가솔린-1-5.tr-5dr-gsd,현대,001,국산,엑셀,023,엑셀,,89~94,encar,가솔린,1.5,False,,5,,,5DR GSD,,False,False
mf-001.md-023.sm-엑셀.pw-가솔린-1-5.tr-4dr-glsi,현대,001,국산,엑셀,023,엑셀,,89~94,encar,가솔린,1.5,False,,5,,,4DR GLSi,,False,False
mf-001.md-024.sm-뉴엘란트라.pw-가솔린-1-5.tr-gls,현대,001,국산,엘란트라,024,뉴엘란트라,,93~95,encar,가솔린,1.5,False,,5,,,GLS,,False,False
mf-001.md-038.sm-프레스토.pw-가솔린-1-5.tr-고급형,현대,001,국산,프레스토,038,프레스토,,85~86,encar,가솔린,1.5,False,,,,,고급형,,False,False
mf-001.md-038.sm-프레스토.pw-가솔린-1-5.tr-슈퍼형,현대,001,국산,프레스토,038,프레스토,,85~86,encar,가솔린,1.5,False,,,,,슈퍼형,,False,False
mf-001.md-057.sm-블루온.pw-전기-16-4.tr-ev,현대,001,국산,블루온,057,블루온,,10~11,encar,전기,,False,,,16.4,140,EV,,False,False
mf-001.md-014.sm-스쿠프.pw-가솔린-1-5.tr-기본형,현대,001,국산,스쿠프,014,스쿠프,,90~95,encar,가솔린,1.5,False,,4,,,기본형,,False,False
mf-001.md-029.sm-뉴-클릭.pw-가솔린-1-4.tr-팬시팩-i,현대,001,국산,클릭,029,뉴 클릭,,05~10,encar,가솔린,1.4,False,,5,,,팬시팩 I,,False,False
mf-001.md-포터.sm-포터-ii.pw-디젤-2-5-2wd.tr-스마트,현대,001,국산,포터,포터,포터 II,,04~현재,supplemental,디젤,2.5,False,2WD,,,,스마트,,False,False
mf-001.md-포터.sm-포터-ii.pw-디젤-2-5-2wd.tr-모던,현대,001,국산,포터,포터,포터 II,,04~현재,supplemental,디젤,2.5,False,2WD,,,,모던,,False,False
mf-001.md-포터.sm-포터-ii.pw-디젤-2-5-2wd.tr-프리미엄,현대,001,국산,포터,포터,포터 II,,04~현재,supplemental,디젤,2.5,False,2WD,,,,프리미엄,,False,False
mf-001.md-포터.sm-포터-ii.pw-디젤-2-5-4wd.tr-스마트,현대,001,국산,포터,포터,포터 II,,04~현재,supplemental,디젤,2.5,False,4WD,,,,스마트,,False,False
mf-001.md-포터.sm-포터-ii.pw-디젤-2-5-4wd.tr-모던,현대,001,국산,포터,포터,포터 II,,04~현재,supplemental,디젤,2.5,False,4WD,,,,모던,,False,False
mf-001.md-포터.sm-포터-ii.pw-디젤-2-5-4wd.tr-프리미엄,현대,001,국산,포터,포터,포터 II,,04~현재,supplemental,디젤,2.5,False,4WD,,,,프리미엄,,False,False
mf-001.md-포터.sm-포터-ii.pw-lpg-2-5-2wd.tr-스마트,현대,001,국산,포터,포터,포터 II,,04~현재,supplemental,LPG,2.5,False,2WD,,,,스마트,,False,False
mf-001.md-포터.sm-포터-ii.pw-lpg-2-5-2wd.tr-모던,현대,001,국산,포터,포터,포터 II,,04~현재,supplemental,LPG,2.5,False,2WD,,,,모던,,False,False
mf-001.md-포터.sm-포터-ii.pw-lpg-2-5-2wd.tr-프리미엄,현대,001,국산,포터,포터,포터 II,,04~현재,supplemental,LPG,2.5,False,2WD,,,,프리미엄,,False,False
mf-001.md-포터.sm-포터-ii.pw-lpg-2-5-4wd.tr-스마트,현대,001,국산,포터,포터,포터 II,,04~현재,supplemental,LPG,2.5,False,4WD,,,,스마트,,False,False
mf-001.md-포터.sm-포터-ii.pw-lpg-2-5-4wd.tr-모던,현대,001,국산,포터,포터,포터 II,,04~현재,supplemental,LPG,2.5,False,4WD,,,,모던,,False,False
mf-001.md-포터.sm-포터-ii.pw-lpg-2-5-4wd.tr-프리미엄,현대,001,국산,포터,포터,포터 II,,04~현재,supplemental,LPG,2.5,False,4WD,,,,프리미엄,,False,False
mf-001.md-포터.sm-포터-ii.pw-전기-2wd.tr-스마트,현대,001,국산,포터,포터,포터 II,,04~현재,supplemental,전기,,False,2WD,,,,스마트,,False,False
mf-001.md-포터.sm-포터-ii.pw-전기-2wd.tr-모던,현대,001,국산,포터,포터,포터 II,,04~현재,supplemental,전기,,False,2WD,,,,모던,,False,False
mf-001.md-포터.sm-포터-ii.pw-전기-2wd.tr-프리미엄,현대,001,국산,포터,포터,포터 II,,04~현재,supplemental,전기,,False,2WD,,,,프리미엄,,False,False
mf-007.md-002.sm-rg3.pw-전기-awd.tr-e,제네시스,007,국산,G80,002,일렉트리파이드 G80 RG3,RG3,21~현재,encar,전기,,False,AWD,5,,,e,,False,False
mf-007.md-002.sm-rg3.pw-가솔린-2-5-awd.tr-세부등급-없음,제네시스,007,국산,G80,002,G80 RG3,RG3,20~현재,encar,가솔린,2.5,True,AWD,5,,,(세부등급 없음),,False,False
mf-007.md-002.sm-rg3.pw-가솔린-3-5-awd.tr-세부등급-없음,제네시스,007,국산,G80,002,G80 RG3,RG3,20~현재,encar,가솔린,3.5,True,AWD,5,,,(세부등급 없음),,False,False
mf-007.md-002.sm-rg3.pw-가솔린-2-5-2wd.tr-세부등급-없음,제네시스,007,국산,G80,002,G80 RG3,RG3,20~현재,encar,가솔린,2.5,True,2WD,5,,,(세부등급 없음),,False,False
mf-007.md-002.sm-rg3.pw-가솔린-3-5-2wd.tr-세부등급-없음,제네시스,007,국산,G80,002,G80 RG3,RG3,20~현재,encar,가솔린,3.5,True,2WD,5,,,(세부등급 없음),,False,False
mf-007.md-002.sm-rg3.pw-디젤-2-2-awd.tr-세부등급-없음,제네시스,007,국산,G80,002,G80 RG3,RG3,20~현재,encar,디젤,2.2,False,AWD,5,,,(세부등급 없음),,False,False
mf-007.md-002.sm-dh.pw-가솔린-3-3-awd.tr-럭셔리,제네시스,007,국산,G80,002,G80 DH,DH,16~20,encar,가솔린,3.3,False,AWD,5,,,럭셔리,5500,False,False
mf-007.md-002.sm-dh.pw-가솔린-3-3-awd.tr-프리미엄-럭셔리,제네시스,007,국산,G80,002,G80 DH,DH,16~20,encar,가솔린,3.3,False,AWD,5,,,프리미엄 럭셔리,6100,False,False
mf-007.md-002.sm-dh.pw-가솔린-3-3-awd.tr-럭셔리-스페셜,제네시스,007,국산,G80,002,G80 DH,DH,16~20,encar,가솔린,3.3,False,AWD,5,,,럭셔리 스페셜,,False,True
mf-007.md-002.sm-dh.pw-가솔린-3-3-awd.tr-프레스티지,제네시스,007,국산,G80,002,G80 DH,DH,16~20,encar,가솔린,3.3,False,AWD,5,,,프레스티지,6800,False,False
mf-007.md-002.sm-dh.pw-디젤-2-2-awd.tr-럭셔리,제네시스,007,국산,G80,002,G80 DH,DH,16~20,encar,디젤,2.2,False,AWD,5,,,럭셔리,5500,False,False
mf-007.md-002.sm-dh.pw-디젤-2-2-awd.tr-프리미엄-럭셔리,제네시스,007,국산,G80,002,G80 DH,DH,16~20,encar,디젤,2.2,False,AWD,5,,,프리미엄 럭셔리,6100,False,False
mf-007.md-002.sm-dh.pw-디젤-2-2.tr-럭셔리,제네시스,007,국산,G80,002,G80 DH,DH,16~20,encar,디젤,2.2,False,,5,,,럭셔리,5500,False,False
mf-007.md-002.sm-dh.pw-디젤-2-2.tr-프리미엄-럭셔리,제네시스,007,국산,G80,002,G80 DH,DH,16~20,encar,디젤,2.2,False,,5,,,프리미엄 럭셔리,6100,False,False
mf-007.md-002.sm-dh.pw-가솔린-3-3-awd.tr-스포츠,제네시스,007,국산,G80,002,G80 DH,DH,16~20,encar,가솔린,3.3,True,AWD,5,,,스포츠,7200,False,False
mf-007.md-002.sm-dh.pw-가솔린-3-8-awd.tr-프레스티지,제네시스,007,국산,G80,002,G80 DH,DH,16~20,encar,가솔린,3.8,False,AWD,5,,,프레스티지,6800,False,False
mf-007.md-002.sm-dh.pw-가솔린-3-8-awd.tr-파이니스트,제네시스,007,국산,G80,002,G80 DH,DH,16~20,encar,가솔린,3.8,False,AWD,5,,,파이니스트,8500,False,False
mf-007.md-002.sm-dh.pw-가솔린-3-3.tr-럭셔리,제네시스,007,국산,G80,002,G80 DH,DH,16~20,encar,가솔린,3.3,False,,5,,,럭셔리,5500,False,False
mf-007.md-002.sm-dh.pw-가솔린-3-3.tr-프리미엄-럭셔리,제네시스,007,국산,G80,002,G80 DH,DH,16~20,encar,가솔린,3.3,False,,5,,,프리미엄 럭셔리,6100,False,False
mf-007.md-002.sm-dh.pw-가솔린-3-3.tr-프레스티지,제네시스,007,국산,G80,002,G80 DH,DH,16~20,encar,가솔린,3.3,False,,5,,,프레스티지,6800,False,False
mf-007.md-002.sm-dh.pw-가솔린-lpg-3-8.tr-삭제-권장-트림명이-아님-lpg-구조변경-메모-잔재로-보임,제네시스,007,국산,G80,002,G80 DH,DH,16~20,encar,가솔린+LPG,3.8,False,,5,,,(삭제 권장: 트림명이 아님 — LPG/구조변경 메모 잔재로 보임),,False,False
mf-007.md-002.sm-dh.pw-가솔린-3-8.tr-프레스티지,제네시스,007,국산,G80,002,G80 DH,DH,16~20,encar,가솔린,3.8,False,,5,,,프레스티지,6800,False,False
mf-007.md-005.sm-jx1c.pw-가솔린-2-5-awd.tr-세부등급-없음,제네시스,007,국산,GV80,005,GV80 쿠페 JX1C,JX1C,23~현재,encar,가솔린,2.5,False,AWD,5,,,(세부등급 없음),,False,False
mf-007.md-005.sm-jx1c.pw-가솔린-2-5-awd.tr-블랙,제네시스,007,국산,GV80,005,GV80 쿠페 JX1C,JX1C,23~현재,encar,가솔린,2.5,False,AWD,5,,,블랙,8500,False,True
mf-007.md-005.sm-jx1c.pw-가솔린-3-5-awd.tr-세부등급-없음,제네시스,007,국산,GV80,005,GV80 쿠페 JX1C,JX1C,23~현재,encar,가솔린,3.5,False,AWD,5,,,(세부등급 없음),,False,False
mf-007.md-005.sm-jx1c.pw-가솔린-3-5-awd.tr-블랙,제네시스,007,국산,GV80,005,GV80 쿠페 JX1C,JX1C,23~현재,encar,가솔린,3.5,False,AWD,5,,,블랙,8500,False,True
mf-007.md-005.sm-jx1.pw-가솔린-2-5-awd.tr-세부등급-없음,제네시스,007,국산,GV80,005,GV80 JX1,JX1,20~현재,encar,가솔린,2.5,False,AWD,7,,,(세부등급 없음),,False,False
mf-007.md-005.sm-jx1.pw-가솔린-2-5-2wd.tr-가솔린-2-5-터보,제네시스,007,국산,GV80,005,GV80 JX1,JX1,20~현재,encar,가솔린,2.5,False,2WD,5,,,가솔린 2.5 터보,6700,False,False
mf-007.md-005.sm-jx1.pw-가솔린-3-5-awd.tr-세부등급-없음,제네시스,007,국산,GV80,005,GV80 JX1,JX1,20~현재,encar,가솔린,3.5,False,AWD,6,,,(세부등급 없음),,False,False
mf-007.md-005.sm-jx1.pw-디젤-3-0-awd.tr-기본,제네시스,007,국산,GV80,005,GV80 JX1,JX1,20~현재,encar,디젤,3.0,False,AWD,5,,,기본,,False,False
mf-007.md-005.sm-jx1.pw-가솔린-3-5-2wd.tr-가솔린-3-5-터보,제네시스,007,국산,GV80,005,GV80 JX1,JX1,20~현재,encar,가솔린,3.5,False,2WD,7,,,가솔린 3.5 터보,7500,False,False
mf-007.md-006.sm-jk1.pw-전기-awd.tr-e,제네시스,007,국산,GV70,006,일렉트리파이드 GV70 JK1,JK1,22~현재,encar,전기,,False,AWD,5,,,e,7220,False,False
mf-007.md-006.sm-jk1.pw-가솔린-2-5-2wd.tr-세부등급-없음,제네시스,007,국산,GV70,006,GV70 JK1,JK1,21~현재,encar,가솔린,2.5,False,2WD,5,,,(세부등급 없음),5380,False,False
mf-007.md-006.sm-jk1.pw-가솔린-2-5-awd.tr-세부등급-없음,제네시스,007,국산,GV70,006,GV70 JK1,JK1,21~현재,encar,가솔린,2.5,False,AWD,5,,,(세부등급 없음),5380,False,False
mf-007.md-006.sm-jk1.pw-디젤-2-2-2wd.tr-세부등급-없음,제네시스,007,국산,GV70,006,GV70 JK1,JK1,21~현재,encar,디젤,2.2,False,2WD,5,,,(세부등급 없음),5380,False,False
mf-007.md-006.sm-jk1.pw-디젤-2-2-awd.tr-세부등급-없음,제네시스,007,국산,GV70,006,GV70 JK1,JK1,21~현재,encar,디젤,2.2,False,AWD,5,,,(세부등급 없음),5380,False,False
mf-007.md-006.sm-jk1.pw-가솔린-3-5-awd.tr-세부등급-없음,제네시스,007,국산,GV70,006,GV70 JK1,JK1,21~현재,encar,가솔린,3.5,False,AWD,5,,,(세부등급 없음),5380,False,False
mf-007.md-004.sm-rs4.pw-가솔린-3-5-awd.tr-블랙,제네시스,007,국산,G90,004,G90 RS4,RS4,21~현재,encar,가솔린,3.5,True,AWD,5,,,블랙,12410,False,True
mf-007.md-004.sm-rs4.pw-가솔린-3-5-awd.tr-세부등급-없음,제네시스,007,국산,G90,004,G90 RS4,RS4,21~현재,encar,가솔린,3.5,True,AWD,5,,,(세부등급 없음),,False,False
mf-007.md-004.sm-rs4.pw-가솔린-3-5-2wd.tr-세부등급-없음,제네시스,007,국산,G90,004,G90 RS4,RS4,21~현재,encar,가솔린,3.5,True,2WD,5,,,(세부등급 없음),,False,False
mf-007.md-004.sm-hi.pw-가솔린-3-8-awd.tr-럭셔리,제네시스,007,국산,G90,004,G90 HI,HI,18~21,encar,가솔린,3.8,False,AWD,5,,,럭셔리,7907,False,False
mf-007.md-004.sm-hi.pw-가솔린-3-8-awd.tr-프리미엄-럭셔리,제네시스,007,국산,G90,004,G90 HI,HI,18~21,encar,가솔린,3.8,False,AWD,5,,,프리미엄 럭셔리,9407,False,False
mf-007.md-004.sm-hi.pw-가솔린-3-8-awd.tr-프레스티지,제네시스,007,국산,G90,004,G90 HI,HI,18~21,encar,가솔린,3.8,False,AWD,5,,,프레스티지,11257,False,False
mf-007.md-004.sm-hi.pw-가솔린-5-0-awd.tr-프레스티지,제네시스,007,국산,G90,004,G90 HI,HI,18~21,encar,가솔린,5.0,False,AWD,4,,,프레스티지,11257,False,False
mf-007.md-004.sm-hi.pw-가솔린-5-0-awd.tr-리무진-프레스티지,제네시스,007,국산,G90,004,G90 HI,HI,18~21,encar,가솔린,5.0,False,AWD,4,,,리무진 프레스티지,15511,False,False
mf-007.md-004.sm-hi.pw-가솔린-3-3-awd.tr-럭셔리,제네시스,007,국산,G90,004,G90 HI,HI,18~21,encar,가솔린,3.3,False,AWD,5,,,럭셔리,7907,False,False
mf-007.md-004.sm-hi.pw-가솔린-3-3-awd.tr-프리미엄-럭셔리,제네시스,007,국산,G90,004,G90 HI,HI,18~21,encar,가솔린,3.3,False,AWD,5,,,프리미엄 럭셔리,9407,False,False
mf-007.md-004.sm-hi.pw-가솔린-3-3-awd.tr-프레스티지,제네시스,007,국산,G90,004,G90 HI,HI,18~21,encar,가솔린,3.3,False,AWD,5,,,프레스티지,11257,False,False
mf-007.md-004.sm-hi.pw-가솔린-3-8.tr-럭셔리,제네시스,007,국산,G90,004,G90 HI,HI,18~21,encar,가솔린,3.8,False,,5,,,럭셔리,7907,False,False
mf-007.md-004.sm-hi.pw-가솔린-lpg-5-0-awd.tr-구조변경-바이퓨얼,제네시스,007,국산,G90,004,G90 HI,HI,18~21,encar,가솔린+LPG,5.0,False,AWD,4,,,구조변경 (바이퓨얼),7900,False,True
mf-007.md-004.sm-hi.pw-가솔린-3-3.tr-럭셔리,제네시스,007,국산,G90,004,G90 HI,HI,18~21,encar,가솔린,3.3,False,,5,,,럭셔리,7907,False,False
mf-007.md-003.sm-ik.pw-가솔린-2-0-4wd.tr-세부등급-없음,제네시스,007,국산,G70,003,더 뉴 G70 슈팅브레이크 IK,IK,22~현재,encar,가솔린,2.0,False,4WD,5,,,(세부등급 없음),,False,False
mf-007.md-003.sm-ik.pw-가솔린-2-5-4wd.tr-세부등급-없음,제네시스,007,국산,G70,003,더 뉴 G70 슈팅브레이크 IK,IK,22~현재,encar,가솔린,2.5,False,4WD,5,,,(세부등급 없음),,False,False
mf-007.md-003.sm-ik.pw-가솔린-2-0-2wd.tr-세부등급-없음,제네시스,007,국산,G70,003,더 뉴 G70 슈팅브레이크 IK,IK,22~현재,encar,가솔린,2.0,False,2WD,5,,,(세부등급 없음),,False,False
mf-007.md-003.sm-ik.pw-가솔린-2-5-2wd.tr-세부등급-없음,제네시스,007,국산,G70,003,더 뉴 G70 슈팅브레이크 IK,IK,22~현재,encar,가솔린,2.5,False,2WD,5,,,(세부등급 없음),,False,False
mf-007.md-003.sm-ik.pw-가솔린-2-0-2wd.tr-세부등급-없음,제네시스,007,국산,G70,003,더 뉴 G70 IK,IK,20~현재,encar,가솔린,2.0,False,2WD,5,,,(세부등급 없음),,False,False
mf-007.md-003.sm-ik.pw-가솔린-2-0-4wd.tr-세부등급-없음,제네시스,007,국산,G70,003,더 뉴 G70 IK,IK,20~현재,encar,가솔린,2.0,False,4WD,5,,,(세부등급 없음),,False,False
mf-007.md-003.sm-ik.pw-가솔린-2-5-2wd.tr-세부등급-없음,제네시스,007,국산,G70,003,더 뉴 G70 IK,IK,20~현재,encar,가솔린,2.5,False,2WD,5,,,(세부등급 없음),,False,False
mf-007.md-003.sm-ik.pw-가솔린-2-5-4wd.tr-세부등급-없음,제네시스,007,국산,G70,003,더 뉴 G70 IK,IK,20~현재,encar,가솔린,2.5,False,4WD,5,,,(세부등급 없음),,False,False
mf-007.md-003.sm-ik.pw-가솔린-3-3-4wd.tr-세부등급-없음,제네시스,007,국산,G70,003,더 뉴 G70 IK,IK,20~현재,encar,가솔린,3.3,False,4WD,5,,,(세부등급 없음),,False,False
mf-007.md-003.sm-ik.pw-디젤-2-2-4wd.tr-세부등급-없음,제네시스,007,국산,G70,003,더 뉴 G70 IK,IK,20~현재,encar,디젤,2.2,False,4WD,5,,,(세부등급 없음),,False,False
mf-007.md-003.sm-ik.pw-디젤-2-2-2wd.tr-세부등급-없음,제네시스,007,국산,G70,003,더 뉴 G70 IK,IK,20~현재,encar,디젤,2.2,False,2WD,5,,,(세부등급 없음),,False,False
mf-007.md-003.sm-ik.pw-가솔린-3-3-2wd.tr-세부등급-없음,제네시스,007,국산,G70,003,더 뉴 G70 IK,IK,20~현재,encar,가솔린,3.3,False,2WD,5,,,(세부등급 없음),,False,False
mf-007.md-003.sm-ik.pw-디젤-2-2-awd.tr-어드밴스드,제네시스,007,국산,G70,003,G70 IK,IK,17~20,encar,디젤,2.2,False,AWD,5,,,어드밴스드,3750,False,False
mf-007.md-003.sm-ik.pw-디젤-2-2-awd.tr-슈프림,제네시스,007,국산,G70,003,G70 IK,IK,17~20,encar,디젤,2.2,False,AWD,5,,,슈프림,3995,False,False
mf-007.md-003.sm-ik.pw-디젤-2-2-awd.tr-엘리트,제네시스,007,국산,G70,003,G70 IK,IK,17~20,encar,디젤,2.2,False,AWD,5,,,엘리트,3995,False,False
mf-007.md-003.sm-ik.pw-가솔린-3-3-awd.tr-어드밴스드,제네시스,007,국산,G70,003,G70 IK,IK,17~20,encar,가솔린,3.3,False,AWD,5,,,어드밴스드,3750,False,False
mf-007.md-003.sm-ik.pw-가솔린-3-3-awd.tr-슈프림,제네시스,007,국산,G70,003,G70 IK,IK,17~20,encar,가솔린,3.3,False,AWD,5,,,슈프림,3995,False,False
mf-007.md-003.sm-ik.pw-가솔린-3-3-awd.tr-엘리트,제네시스,007,국산,G70,003,G70 IK,IK,17~20,encar,가솔린,3.3,False,AWD,5,,,엘리트,3995,False,False
mf-007.md-003.sm-ik.pw-가솔린-3-3-awd.tr-프레스티지,제네시스,007,국산,G70,003,G70 IK,IK,17~20,encar,가솔린,3.3,False,AWD,5,,,프레스티지,,False,False
mf-007.md-003.sm-ik.pw-가솔린-3-3.tr-슈프림,제네시스,007,국산,G70,003,G70 IK,IK,17~20,encar,가솔린,3.3,False,,5,,,슈프림,3995,False,False
mf-007.md-003.sm-ik.pw-가솔린-3-3.tr-엘리트,제네시스,007,국산,G70,003,G70 IK,IK,17~20,encar,가솔린,3.3,False,,5,,,엘리트,3995,False,False
mf-007.md-003.sm-ik.pw-가솔린-3-3.tr-프레스티지,제네시스,007,국산,G70,003,G70 IK,IK,17~20,encar,가솔린,3.3,False,,5,,,프레스티지,,False,False
mf-007.md-003.sm-ik.pw-디젤-2-2.tr-어드밴스드,제네시스,007,국산,G70,003,G70 IK,IK,17~20,encar,디젤,2.2,False,,5,,,어드밴스드,3750,False,False
mf-007.md-003.sm-ik.pw-디젤-2-2.tr-슈프림,제네시스,007,국산,G70,003,G70 IK,IK,17~20,encar,디젤,2.2,False,,5,,,슈프림,3995,False,False
mf-007.md-003.sm-ik.pw-디젤-2-2.tr-엘리트,제네시스,007,국산,G70,003,G70 IK,IK,17~20,encar,디젤,2.2,False,,5,,,엘리트,3995,False,False
mf-007.md-003.sm-ik.pw-가솔린-2-0.tr-어드밴스드,제네시스,007,국산,G70,003,G70 IK,IK,17~20,encar,가솔린,2.0,False,,5,,,어드밴스드,3750,False,False
mf-007.md-003.sm-ik.pw-가솔린-2-0.tr-슈프림,제네시스,007,국산,G70,003,G70 IK,IK,17~20,encar,가솔린,2.0,False,,5,,,슈프림,3995,False,False
mf-007.md-003.sm-ik.pw-가솔린-2-0.tr-엘리트,제네시스,007,국산,G70,003,G70 IK,IK,17~20,encar,가솔린,2.0,False,,5,,,엘리트,3995,False,False
mf-007.md-003.sm-ik.pw-가솔린-2-0.tr-스포츠-패키지,제네시스,007,국산,G70,003,G70 IK,IK,17~20,encar,가솔린,2.0,False,,5,,,스포츠 패키지,4295,False,False
mf-007.md-003.sm-ik.pw-가솔린-2-0-awd.tr-어드밴스드,제네시스,007,국산,G70,003,G70 IK,IK,17~20,encar,가솔린,2.0,False,AWD,5,,,어드밴스드,3750,False,False
mf-007.md-003.sm-ik.pw-가솔린-2-0-awd.tr-슈프림,제네시스,007,국산,G70,003,G70 IK,IK,17~20,encar,가솔린,2.0,False,AWD,5,,,슈프림,3995,False,False
mf-007.md-003.sm-ik.pw-가솔린-2-0-awd.tr-엘리트,제네시스,007,국산,G70,003,G70 IK,IK,17~20,encar,가솔린,2.0,False,AWD,5,,,엘리트,3995,False,False
mf-007.md-003.sm-ik.pw-가솔린-2-0-awd.tr-스포츠-패키지,제네시스,007,국산,G70,003,G70 IK,IK,17~20,encar,가솔린,2.0,False,AWD,5,,,스포츠 패키지,4295,False,False
mf-007.md-001.sm-hi.pw-가솔린-3-3-awd.tr-럭셔리-luxury,제네시스,007,국산,EQ900,001,EQ900 HI,HI,15~18,encar,가솔린,3.3,True,AWD,5,,,럭셔리(Luxury),7560,False,False
mf-007.md-001.sm-hi.pw-가솔린-3-3-awd.tr-프리미엄-럭셔리-premium-luxury,제네시스,007,국산,EQ900,001,EQ900 HI,HI,15~18,encar,가솔린,3.3,True,AWD,5,,,프리미엄 럭셔리(Premium Luxury),9130,False,False
mf-007.md-001.sm-hi.pw-가솔린-3-3-awd.tr-프레스티지-prestige,제네시스,007,국산,EQ900,001,EQ900 HI,HI,15~18,encar,가솔린,3.3,True,AWD,5,,,프레스티지(Prestige),10500,False,False
mf-007.md-001.sm-hi.pw-가솔린-3-8-awd.tr-럭셔리-luxury,제네시스,007,국산,EQ900,001,EQ900 HI,HI,15~18,encar,가솔린,3.8,False,AWD,5,,,럭셔리(Luxury),7560,False,False
mf-007.md-001.sm-hi.pw-가솔린-3-8-awd.tr-프리미엄-럭셔리-premium-luxury,제네시스,007,국산,EQ900,001,EQ900 HI,HI,15~18,encar,가솔린,3.8,False,AWD,5,,,프리미엄 럭셔리(Premium Luxury),9130,False,False
mf-007.md-001.sm-hi.pw-가솔린-3-8-awd.tr-프레스티지-prestige,제네시스,007,국산,EQ900,001,EQ900 HI,HI,15~18,encar,가솔린,3.8,False,AWD,5,,,프레스티지(Prestige),10500,False,False
mf-007.md-001.sm-hi.pw-가솔린-5-0-awd.tr-프레스티지-prestige,제네시스,007,국산,EQ900,001,EQ900 HI,HI,15~18,encar,가솔린,5.0,False,AWD,5,,,프레스티지(Prestige),10500,False,False
mf-007.md-001.sm-hi.pw-가솔린-3-8.tr-럭셔리-luxury,제네시스,007,국산,EQ900,001,EQ900 HI,HI,15~18,encar,가솔린,3.8,False,,5,,,럭셔리(Luxury),7560,False,False
mf-007.md-001.sm-hi.pw-가솔린-5-0-awd.tr-프레스티지-prestige,제네시스,007,국산,EQ900,001,EQ900 HI,HI,15~18,encar,가솔린,5.0,False,AWD,4,,,프레스티지(Prestige),10500,False,False
mf-007.md-001.sm-hi.pw-가솔린-3-3.tr-3-3t-수출형,제네시스,007,국산,EQ900,001,EQ900 HI,HI,15~18,encar,가솔린,3.3,False,,5,,,3.3T 수출형,9130,False,False
mf-007.md-001.sm-hi.pw-가솔린-lpg-5-0-awd.tr-구조변경-lpg-바이퓨얼-개조-정식-트림-아님,제네시스,007,국산,EQ900,001,EQ900 HI,HI,15~18,encar,가솔린+LPG,5.0,False,AWD,5,,,구조변경(LPG 바이퓨얼 개조) - 정식 트림 아님,,False,False
mf-007.md-001.sm-hi.pw-가솔린-3-3.tr-럭셔리-luxury,제네시스,007,국산,EQ900,001,EQ900 HI,HI,15~18,encar,가솔린,3.3,True,,5,,,럭셔리(Luxury),7560,False,False
mf-007.md-007.sm-gv60.pw-전기.tr-세부등급-없음,제네시스,007,국산,GV60,007,GV60,,21~현재,encar,전기,,False,,5,,,(세부등급 없음),,False,False
mf-007.md-007.sm-gv60.pw-전기-awd.tr-세부등급-없음,제네시스,007,국산,GV60,007,GV60,,21~현재,encar,전기,,False,AWD,5,,,(세부등급 없음),,False,False
mf-004.md-003.sm-y461.pw-디젤-2-2-4wd.tr-프리미엄,KG모빌리티(쌍용),004,국산,렉스턴,003,렉스턴 뉴 아레나 Y461,Y461,23~현재,encar,디젤,2.2,False,4WD,5,,,프리미엄,,False,False
mf-004.md-003.sm-y461.pw-디젤-2-2-4wd.tr-노블레스,KG모빌리티(쌍용),004,국산,렉스턴,003,렉스턴 뉴 아레나 Y461,Y461,23~현재,encar,디젤,2.2,False,4WD,5,,,노블레스,3743,False,False
mf-004.md-003.sm-y461.pw-디젤-2-2-4wd.tr-써밋,KG모빌리티(쌍용),004,국산,렉스턴,003,렉스턴 뉴 아레나 Y461,Y461,23~현재,encar,디젤,2.2,False,4WD,5,,,써밋,,False,False
mf-004.md-003.sm-y461.pw-디젤-2-2-4wd.tr-더-블랙,KG모빌리티(쌍용),004,국산,렉스턴,003,렉스턴 뉴 아레나 Y461,Y461,23~현재,encar,디젤,2.2,False,4WD,5,,,더 블랙,5173,False,False
mf-004.md-003.sm-y461.pw-디젤-2-2-2wd.tr-프리미엄,KG모빌리티(쌍용),004,국산,렉스턴,003,렉스턴 뉴 아레나 Y461,Y461,23~현재,encar,디젤,2.2,False,2WD,5,,,프리미엄,,False,False
mf-004.md-003.sm-q215-q250-q260.pw-디젤-2-2-4wd.tr-와일드,KG모빌리티(쌍용),004,국산,렉스턴,003,더 뉴 렉스턴 스포츠 Q215/Q250/Q260,Q215/Q250/Q260,21~25,encar,디젤,2.2,False,4WD,5,,,와일드,,False,False
mf-004.md-003.sm-q215-q250-q260.pw-디젤-2-2-4wd.tr-쿨멘-와일드,KG모빌리티(쌍용),004,국산,렉스턴,003,더 뉴 렉스턴 스포츠 Q215/Q250/Q260,Q215/Q250/Q260,21~25,encar,디젤,2.2,False,4WD,5,,,쿨멘 와일드,,False,False
mf-004.md-003.sm-q215-q250-q260.pw-디젤-2-2-4wd.tr-익스페디션,KG모빌리티(쌍용),004,국산,렉스턴,003,더 뉴 렉스턴 스포츠 Q215/Q250/Q260,Q215/Q250/Q260,21~25,encar,디젤,2.2,False,4WD,5,,,익스페디션,,False,False
mf-004.md-003.sm-q215-q250-q260.pw-디젤-2-2-4wd.tr-쿨멘-프레스티지,KG모빌리티(쌍용),004,국산,렉스턴,003,더 뉴 렉스턴 스포츠 Q215/Q250/Q260,Q215/Q250/Q260,21~25,encar,디젤,2.2,False,4WD,5,,,쿨멘 프레스티지,,False,False
mf-004.md-003.sm-q215-q250-q260.pw-디젤-2-2-4wd.tr-프레스티지,KG모빌리티(쌍용),004,국산,렉스턴,003,더 뉴 렉스턴 스포츠 Q215/Q250/Q260,Q215/Q250/Q260,21~25,encar,디젤,2.2,False,4WD,5,,,프레스티지,4700,False,False
mf-004.md-003.sm-q215-q250-q260.pw-디젤-2-2-4wd.tr-노블레스,KG모빌리티(쌍용),004,국산,렉스턴,003,더 뉴 렉스턴 스포츠 Q215/Q250/Q260,Q215/Q250/Q260,21~25,encar,디젤,2.2,False,4WD,5,,,노블레스,3743,False,False
mf-004.md-003.sm-q215-q250-q260.pw-디젤-2-2-4wd.tr-쿨멘-노블레스,KG모빌리티(쌍용),004,국산,렉스턴,003,더 뉴 렉스턴 스포츠 Q215/Q250/Q260,Q215/Q250/Q260,21~25,encar,디젤,2.2,False,4WD,5,,,쿨멘 노블레스,,False,False
mf-004.md-003.sm-q215-q250-q260.pw-디젤-2-2-2wd.tr-와일드,KG모빌리티(쌍용),004,국산,렉스턴,003,더 뉴 렉스턴 스포츠 Q215/Q250/Q260,Q215/Q250/Q260,21~25,encar,디젤,2.2,False,2WD,5,,,와일드,,False,False
mf-004.md-003.sm-q215-q250-q260.pw-디젤-2-2-2wd.tr-쿨멘-와일드,KG모빌리티(쌍용),004,국산,렉스턴,003,더 뉴 렉스턴 스포츠 Q215/Q250/Q260,Q215/Q250/Q260,21~25,encar,디젤,2.2,False,2WD,5,,,쿨멘 와일드,,False,False
mf-004.md-003.sm-q215-q250-q260.pw-디젤-2-2-2wd.tr-쿨멘-와일드-플러스,KG모빌리티(쌍용),004,국산,렉스턴,003,더 뉴 렉스턴 스포츠 Q215/Q250/Q260,Q215/Q250/Q260,21~25,encar,디젤,2.2,False,2WD,5,,,쿨멘 와일드 플러스,,False,False
mf-004.md-003.sm-q215-q250-q260.pw-디젤-2-2-2wd.tr-프레스티지,KG모빌리티(쌍용),004,국산,렉스턴,003,더 뉴 렉스턴 스포츠 Q215/Q250/Q260,Q215/Q250/Q260,21~25,encar,디젤,2.2,False,2WD,5,,,프레스티지,4700,False,False
mf-004.md-003.sm-q215-q250-q260.pw-디젤-2-2-2wd.tr-쿨멘-노블레스,KG모빌리티(쌍용),004,국산,렉스턴,003,더 뉴 렉스턴 스포츠 Q215/Q250/Q260,Q215/Q250/Q260,21~25,encar,디젤,2.2,False,2WD,5,,,쿨멘 노블레스,,False,False
mf-004.md-003.sm-q251-q261.pw-디젤-2-2-4wd.tr-어드밴스,KG모빌리티(쌍용),004,국산,렉스턴,003,더 뉴 렉스턴 스포츠 칸 Q251/Q261,Q251/Q261,21~25,encar,디젤,2.2,False,4WD,5,,,어드밴스,,False,False
mf-004.md-003.sm-q251-q261.pw-디젤-2-2-4wd.tr-와일드,KG모빌리티(쌍용),004,국산,렉스턴,003,더 뉴 렉스턴 스포츠 칸 Q251/Q261,Q251/Q261,21~25,encar,디젤,2.2,False,4WD,5,,,와일드,,False,False
mf-004.md-003.sm-q251-q261.pw-디젤-2-2-4wd.tr-쿨멘-와일드,KG모빌리티(쌍용),004,국산,렉스턴,003,더 뉴 렉스턴 스포츠 칸 Q251/Q261,Q251/Q261,21~25,encar,디젤,2.2,False,4WD,5,,,쿨멘 와일드,,False,False
mf-004.md-003.sm-q251-q261.pw-디젤-2-2-4wd.tr-익스페디션,KG모빌리티(쌍용),004,국산,렉스턴,003,더 뉴 렉스턴 스포츠 칸 Q251/Q261,Q251/Q261,21~25,encar,디젤,2.2,False,4WD,5,,,익스페디션,,False,False
mf-004.md-003.sm-q251-q261.pw-디젤-2-2-4wd.tr-쿨멘-와일드-플러스,KG모빌리티(쌍용),004,국산,렉스턴,003,더 뉴 렉스턴 스포츠 칸 Q251/Q261,Q251/Q261,21~25,encar,디젤,2.2,False,4WD,5,,,쿨멘 와일드 플러스,,False,False
mf-004.md-003.sm-q251-q261.pw-디젤-2-2-4wd.tr-쿨멘-프레스티지,KG모빌리티(쌍용),004,국산,렉스턴,003,더 뉴 렉스턴 스포츠 칸 Q251/Q261,Q251/Q261,21~25,encar,디젤,2.2,False,4WD,5,,,쿨멘 프레스티지,,False,False
mf-004.md-003.sm-q251-q261.pw-디젤-2-2-4wd.tr-프레스티지,KG모빌리티(쌍용),004,국산,렉스턴,003,더 뉴 렉스턴 스포츠 칸 Q251/Q261,Q251/Q261,21~25,encar,디젤,2.2,False,4WD,5,,,프레스티지,4700,False,False
mf-004.md-003.sm-q251-q261.pw-디젤-2-2-4wd.tr-노블레스,KG모빌리티(쌍용),004,국산,렉스턴,003,더 뉴 렉스턴 스포츠 칸 Q251/Q261,Q251/Q261,21~25,encar,디젤,2.2,False,4WD,5,,,노블레스,3743,False,False
mf-004.md-003.sm-q251-q261.pw-디젤-2-2-4wd.tr-쿨멘-노블레스,KG모빌리티(쌍용),004,국산,렉스턴,003,더 뉴 렉스턴 스포츠 칸 Q251/Q261,Q251/Q261,21~25,encar,디젤,2.2,False,4WD,5,,,쿨멘 노블레스,,False,False
mf-004.md-003.sm-q251-q261.pw-디젤-2-2-2wd.tr-쿨멘-프레스티지,KG모빌리티(쌍용),004,국산,렉스턴,003,더 뉴 렉스턴 스포츠 칸 Q251/Q261,Q251/Q261,21~25,encar,디젤,2.2,False,2WD,5,,,쿨멘 프레스티지,,False,False
mf-004.md-003.sm-q251-q261.pw-디젤-2-2-2wd.tr-프레스티지,KG모빌리티(쌍용),004,국산,렉스턴,003,더 뉴 렉스턴 스포츠 칸 Q251/Q261,Q251/Q261,21~25,encar,디젤,2.2,False,2WD,5,,,프레스티지,4700,False,False
mf-004.md-003.sm-q251-q261.pw-디젤-2-2-2wd.tr-노블레스,KG모빌리티(쌍용),004,국산,렉스턴,003,더 뉴 렉스턴 스포츠 칸 Q251/Q261,Q251/Q261,21~25,encar,디젤,2.2,False,2WD,5,,,노블레스,3743,False,False
mf-004.md-003.sm-y450.pw-디젤-2-2-4wd.tr-럭셔리,KG모빌리티(쌍용),004,국산,렉스턴,003,올 뉴 렉스턴 Y450,Y450,20~23,encar,디젤,2.2,False,4WD,5,,,럭셔리,3979,False,False
mf-004.md-003.sm-y450.pw-디젤-2-2-4wd.tr-프레스티지,KG모빌리티(쌍용),004,국산,렉스턴,003,올 뉴 렉스턴 Y450,Y450,20~23,encar,디젤,2.2,False,4WD,5,,,프레스티지,4700,False,False
mf-004.md-003.sm-y450.pw-디젤-2-2-4wd.tr-마스터,KG모빌리티(쌍용),004,국산,렉스턴,003,올 뉴 렉스턴 Y450,Y450,20~23,encar,디젤,2.2,False,4WD,5,,,마스터,,False,False
mf-004.md-003.sm-y450.pw-디젤-2-2-4wd.tr-시그니처,KG모빌리티(쌍용),004,국산,렉스턴,003,올 뉴 렉스턴 Y450,Y450,20~23,encar,디젤,2.2,False,4WD,5,,,시그니처,,False,False
mf-004.md-003.sm-y450.pw-디젤-2-2-4wd.tr-더-블랙,KG모빌리티(쌍용),004,국산,렉스턴,003,올 뉴 렉스턴 Y450,Y450,20~23,encar,디젤,2.2,False,4WD,5,,,더 블랙,5173,False,False
mf-004.md-003.sm-y450.pw-디젤-2-2-2wd.tr-럭셔리,KG모빌리티(쌍용),004,국산,렉스턴,003,올 뉴 렉스턴 Y450,Y450,20~23,encar,디젤,2.2,False,2WD,5,,,럭셔리,3979,False,False
mf-004.md-003.sm-y450.pw-디젤-2-2-2wd.tr-프레스티지,KG모빌리티(쌍용),004,국산,렉스턴,003,올 뉴 렉스턴 Y450,Y450,20~23,encar,디젤,2.2,False,2WD,5,,,프레스티지,4700,False,False
mf-004.md-003.sm-q201.pw-디젤-2-2-4wd.tr-파이오니어-s-리프,KG모빌리티(쌍용),004,국산,렉스턴,003,렉스턴 스포츠 칸 Q201,Q201,19~21,encar,디젤,2.2,False,4WD,5,,,파이오니어 S (리프),,False,False
mf-004.md-003.sm-q201.pw-디젤-2-2-4wd.tr-프로페셔널-s-5링크,KG모빌리티(쌍용),004,국산,렉스턴,003,렉스턴 스포츠 칸 Q201,Q201,19~21,encar,디젤,2.2,False,4WD,5,,,프로페셔널 S (5링크),,False,False
mf-004.md-003.sm-q201.pw-디젤-2-2-4wd.tr-파이오니어-x-리프,KG모빌리티(쌍용),004,국산,렉스턴,003,렉스턴 스포츠 칸 Q201,Q201,19~21,encar,디젤,2.2,False,4WD,5,,,파이오니어 X (리프),,False,False
mf-004.md-003.sm-q201.pw-디젤-2-2-4wd.tr-프로페셔널-x-5링크,KG모빌리티(쌍용),004,국산,렉스턴,003,렉스턴 스포츠 칸 Q201,Q201,19~21,encar,디젤,2.2,False,4WD,5,,,프로페셔널 X (5링크),,False,False
mf-004.md-003.sm-q201.pw-디젤-2-2-4wd.tr-다이내믹-에디션-5링크,KG모빌리티(쌍용),004,국산,렉스턴,003,렉스턴 스포츠 칸 Q201,Q201,19~21,encar,디젤,2.2,False,4WD,5,,,다이내믹 에디션 (5링크),,False,False
mf-004.md-003.sm-q201.pw-디젤-2-2-4wd.tr-프레스티지-5링크,KG모빌리티(쌍용),004,국산,렉스턴,003,렉스턴 스포츠 칸 Q201,Q201,19~21,encar,디젤,2.2,False,4WD,5,,,프레스티지 (5링크),,False,False
mf-004.md-003.sm-q201.pw-디젤-2-2-4wd.tr-프레스티지-리프,KG모빌리티(쌍용),004,국산,렉스턴,003,렉스턴 스포츠 칸 Q201,Q201,19~21,encar,디젤,2.2,False,4WD,5,,,프레스티지 (리프),,False,False
mf-004.md-003.sm-q201.pw-디젤-2-2-4wd.tr-프레스티지-스페셜-5링크,KG모빌리티(쌍용),004,국산,렉스턴,003,렉스턴 스포츠 칸 Q201,Q201,19~21,encar,디젤,2.2,False,4WD,5,,,프레스티지 스페셜 (5링크),,False,False
mf-004.md-003.sm-q201.pw-디젤-2-2-4wd.tr-노블레스-5링크,KG모빌리티(쌍용),004,국산,렉스턴,003,렉스턴 스포츠 칸 Q201,Q201,19~21,encar,디젤,2.2,False,4WD,5,,,노블레스 (5링크),,False,False
mf-004.md-003.sm-q201.pw-디젤-2-2-4wd.tr-노블레스-리프,KG모빌리티(쌍용),004,국산,렉스턴,003,렉스턴 스포츠 칸 Q201,Q201,19~21,encar,디젤,2.2,False,4WD,5,,,노블레스 (리프),,False,False
mf-004.md-003.sm-q201.pw-디젤-2-2-2wd.tr-프로페셔널-s-5링크,KG모빌리티(쌍용),004,국산,렉스턴,003,렉스턴 스포츠 칸 Q201,Q201,19~21,encar,디젤,2.2,False,2WD,5,,,프로페셔널 S (5링크),,False,False
mf-004.md-003.sm-q201.pw-디젤-2-2-2wd.tr-프레스티지-5링크,KG모빌리티(쌍용),004,국산,렉스턴,003,렉스턴 스포츠 칸 Q201,Q201,19~21,encar,디젤,2.2,False,2WD,5,,,프레스티지 (5링크),,False,False
mf-004.md-003.sm-q201.pw-디젤-2-2-2wd.tr-프레스티지-스페셜-5링크,KG모빌리티(쌍용),004,국산,렉스턴,003,렉스턴 스포츠 칸 Q201,Q201,19~21,encar,디젤,2.2,False,2WD,5,,,프레스티지 스페셜 (5링크),,False,False
mf-004.md-003.sm-q200.pw-디젤-2-2-4wd.tr-와일드,KG모빌리티(쌍용),004,국산,렉스턴,003,렉스턴 스포츠 Q200,Q200,18~21,encar,디젤,2.2,False,4WD,5,,,와일드,,False,False
mf-004.md-003.sm-q200.pw-디젤-2-2-4wd.tr-다이내믹-에디션,KG모빌리티(쌍용),004,국산,렉스턴,003,렉스턴 스포츠 Q200,Q200,18~21,encar,디젤,2.2,False,4WD,5,,,다이내믹 에디션,,False,False
mf-004.md-003.sm-q200.pw-디젤-2-2-4wd.tr-어드벤처,KG모빌리티(쌍용),004,국산,렉스턴,003,렉스턴 스포츠 Q200,Q200,18~21,encar,디젤,2.2,False,4WD,5,,,어드벤처,,False,False
mf-004.md-003.sm-q200.pw-디젤-2-2-4wd.tr-프레스티지,KG모빌리티(쌍용),004,국산,렉스턴,003,렉스턴 스포츠 Q200,Q200,18~21,encar,디젤,2.2,False,4WD,5,,,프레스티지,4700,False,False
mf-004.md-003.sm-q200.pw-디젤-2-2-4wd.tr-프레스티지-스페셜,KG모빌리티(쌍용),004,국산,렉스턴,003,렉스턴 스포츠 Q200,Q200,18~21,encar,디젤,2.2,False,4WD,5,,,프레스티지 스페셜,,False,False
mf-004.md-003.sm-q200.pw-디젤-2-2-4wd.tr-노블레스,KG모빌리티(쌍용),004,국산,렉스턴,003,렉스턴 스포츠 Q200,Q200,18~21,encar,디젤,2.2,False,4WD,5,,,노블레스,3743,False,False
mf-004.md-003.sm-q200.pw-디젤-2-2-2wd.tr-와일드,KG모빌리티(쌍용),004,국산,렉스턴,003,렉스턴 스포츠 Q200,Q200,18~21,encar,디젤,2.2,False,2WD,5,,,와일드,,False,False
mf-004.md-003.sm-q200.pw-디젤-2-2-2wd.tr-어드벤처,KG모빌리티(쌍용),004,국산,렉스턴,003,렉스턴 스포츠 Q200,Q200,18~21,encar,디젤,2.2,False,2WD,5,,,어드벤처,,False,False
mf-004.md-003.sm-q200.pw-디젤-2-2-2wd.tr-프레스티지,KG모빌리티(쌍용),004,국산,렉스턴,003,렉스턴 스포츠 Q200,Q200,18~21,encar,디젤,2.2,False,2WD,5,,,프레스티지,4700,False,False
mf-004.md-003.sm-q200.pw-디젤-2-2-2wd.tr-프레스티지-스페셜,KG모빌리티(쌍용),004,국산,렉스턴,003,렉스턴 스포츠 Q200,Q200,18~21,encar,디젤,2.2,False,2WD,5,,,프레스티지 스페셜,,False,False
mf-004.md-003.sm-y400.pw-디젤-2-2-4wd.tr-프라임,KG모빌리티(쌍용),004,국산,렉스턴,003,G4 렉스턴 Y400,Y400,17~20,encar,디젤,2.2,False,4WD,5,,,프라임,4489,False,False
mf-004.md-003.sm-y400.pw-디젤-2-2-4wd.tr-럭셔리,KG모빌리티(쌍용),004,국산,렉스턴,003,G4 렉스턴 Y400,Y400,17~20,encar,디젤,2.2,False,4WD,5,,,럭셔리,3979,False,False
mf-004.md-003.sm-y400.pw-디젤-2-2-4wd.tr-유라시아-에디션,KG모빌리티(쌍용),004,국산,렉스턴,003,G4 렉스턴 Y400,Y400,17~20,encar,디젤,2.2,False,4WD,5,,,유라시아 에디션,,False,False
mf-004.md-003.sm-y400.pw-디젤-2-2-4wd.tr-화이트-에디션,KG모빌리티(쌍용),004,국산,렉스턴,003,G4 렉스턴 Y400,Y400,17~20,encar,디젤,2.2,False,4WD,5,,,화이트 에디션,,False,False
mf-004.md-003.sm-y400.pw-디젤-2-2-4wd.tr-마제스티,KG모빌리티(쌍용),004,국산,렉스턴,003,G4 렉스턴 Y400,Y400,17~20,encar,디젤,2.2,False,4WD,5,,,마제스티,3950,False,False
mf-004.md-003.sm-y400.pw-디젤-2-2-4wd.tr-마제스티-스페셜,KG모빌리티(쌍용),004,국산,렉스턴,003,G4 렉스턴 Y400,Y400,17~20,encar,디젤,2.2,False,4WD,5,,,마제스티 스페셜,,False,False
mf-004.md-003.sm-y400.pw-디젤-2-2-4wd.tr-헤리티지,KG모빌리티(쌍용),004,국산,렉스턴,003,G4 렉스턴 Y400,Y400,17~20,encar,디젤,2.2,False,4WD,5,,,헤리티지,4510,False,False
mf-004.md-003.sm-y400.pw-디젤-2-2-4wd.tr-헤리티지-스페셜,KG모빌리티(쌍용),004,국산,렉스턴,003,G4 렉스턴 Y400,Y400,17~20,encar,디젤,2.2,False,4WD,5,,,헤리티지 스페셜,,False,False
mf-004.md-003.sm-y400.pw-디젤-2-2-2wd.tr-프라임,KG모빌리티(쌍용),004,국산,렉스턴,003,G4 렉스턴 Y400,Y400,17~20,encar,디젤,2.2,False,2WD,5,,,프라임,4489,False,False
mf-004.md-003.sm-y400.pw-디젤-2-2-2wd.tr-럭셔리,KG모빌리티(쌍용),004,국산,렉스턴,003,G4 렉스턴 Y400,Y400,17~20,encar,디젤,2.2,False,2WD,5,,,럭셔리,3979,False,False
mf-004.md-003.sm-y400.pw-디젤-2-2-2wd.tr-유라시아-에디션,KG모빌리티(쌍용),004,국산,렉스턴,003,G4 렉스턴 Y400,Y400,17~20,encar,디젤,2.2,False,2WD,5,,,유라시아 에디션,,False,False
mf-004.md-003.sm-y400.pw-디젤-2-2-2wd.tr-마제스티,KG모빌리티(쌍용),004,국산,렉스턴,003,G4 렉스턴 Y400,Y400,17~20,encar,디젤,2.2,False,2WD,5,,,마제스티,3950,False,False
mf-004.md-003.sm-y400.pw-디젤-2-2-2wd.tr-마제스티-스페셜,KG모빌리티(쌍용),004,국산,렉스턴,003,G4 렉스턴 Y400,Y400,17~20,encar,디젤,2.2,False,2WD,5,,,마제스티 스페셜,,False,False
mf-004.md-003.sm-y400.pw-디젤-2-2-2wd.tr-헤리티지,KG모빌리티(쌍용),004,국산,렉스턴,003,G4 렉스턴 Y400,Y400,17~20,encar,디젤,2.2,False,2WD,5,,,헤리티지,4510,False,False
mf-004.md-003.sm-y290-y295.pw-디젤-2-2-4wd.tr-디럭스,KG모빌리티(쌍용),004,국산,렉스턴,003,렉스턴 W Y290/Y295,Y290/Y295,12~17,encar,디젤,2.2,False,4WD,7,,,디럭스,2700,False,False
mf-004.md-003.sm-y290-y295.pw-디젤-2-2-4wd.tr-럭셔리,KG모빌리티(쌍용),004,국산,렉스턴,003,렉스턴 W Y290/Y295,Y290/Y295,12~17,encar,디젤,2.2,False,4WD,7,,,럭셔리,3979,False,False
mf-004.md-003.sm-y290-y295.pw-디젤-2-2-4wd.tr-프레스티지,KG모빌리티(쌍용),004,국산,렉스턴,003,렉스턴 W Y290/Y295,Y290/Y295,12~17,encar,디젤,2.2,False,4WD,7,,,프레스티지,4700,False,False
mf-004.md-003.sm-y290-y295.pw-디젤-2-0-4wd.tr-럭셔리,KG모빌리티(쌍용),004,국산,렉스턴,003,렉스턴 W Y290/Y295,Y290/Y295,12~17,encar,디젤,2.0,False,4WD,7,,,럭셔리,3979,False,False
mf-004.md-003.sm-y290-y295.pw-디젤-2-0-4wd.tr-어드벤처-60th-에디션,KG모빌리티(쌍용),004,국산,렉스턴,003,렉스턴 W Y290/Y295,Y290/Y295,12~17,encar,디젤,2.0,False,4WD,7,,,어드벤처 60th 에디션,,False,False
mf-004.md-003.sm-y290-y295.pw-디젤-2-0-4wd.tr-프레스티지,KG모빌리티(쌍용),004,국산,렉스턴,003,렉스턴 W Y290/Y295,Y290/Y295,12~17,encar,디젤,2.0,False,4WD,7,,,프레스티지,4700,False,False
mf-004.md-003.sm-y290-y295.pw-디젤-2-0-4wd.tr-브라운-스페셜,KG모빌리티(쌍용),004,국산,렉스턴,003,렉스턴 W Y290/Y295,Y290/Y295,12~17,encar,디젤,2.0,False,4WD,7,,,브라운 스페셜,,False,False
mf-004.md-003.sm-y290-y295.pw-디젤-2-0-4wd.tr-노블레스,KG모빌리티(쌍용),004,국산,렉스턴,003,렉스턴 W Y290/Y295,Y290/Y295,12~17,encar,디젤,2.0,False,4WD,7,,,노블레스,3743,False,False
mf-004.md-003.sm-y290-y295.pw-디젤-2-2-4wd.tr-노블레스,KG모빌리티(쌍용),004,국산,렉스턴,003,렉스턴 W Y290/Y295,Y290/Y295,12~17,encar,디젤,2.2,False,4WD,5,,,노블레스,3743,False,False
mf-004.md-003.sm-y290-y295.pw-디젤-2-0-2wd.tr-디럭스,KG모빌리티(쌍용),004,국산,렉스턴,003,렉스턴 W Y290/Y295,Y290/Y295,12~17,encar,디젤,2.0,False,2WD,7,,,디럭스,2700,False,False
mf-004.md-003.sm-y290-y295.pw-디젤-2-0-2wd.tr-럭셔리,KG모빌리티(쌍용),004,국산,렉스턴,003,렉스턴 W Y290/Y295,Y290/Y295,12~17,encar,디젤,2.0,False,2WD,7,,,럭셔리,3979,False,False
mf-004.md-003.sm-y290-y295.pw-디젤-2-0-2wd.tr-프레스티지,KG모빌리티(쌍용),004,국산,렉스턴,003,렉스턴 W Y290/Y295,Y290/Y295,12~17,encar,디젤,2.0,False,2WD,7,,,프레스티지,4700,False,False
mf-004.md-003.sm-y290-y295.pw-디젤-2-2-2wd.tr-럭셔리,KG모빌리티(쌍용),004,국산,렉스턴,003,렉스턴 W Y290/Y295,Y290/Y295,12~17,encar,디젤,2.2,False,2WD,5,,,럭셔리,3979,False,False
mf-004.md-003.sm-y290-y295.pw-디젤-2-2-2wd.tr-프레스티지,KG모빌리티(쌍용),004,국산,렉스턴,003,렉스턴 W Y290/Y295,Y290/Y295,12~17,encar,디젤,2.2,False,2WD,5,,,프레스티지,4700,False,False
mf-004.md-003.sm-y285-y289.pw-디젤-2-7-awd.tr-고급형,KG모빌리티(쌍용),004,국산,렉스턴,003,슈퍼 렉스턴 Y285~Y289,Y285~Y289,08~12,encar,디젤,2.7,False,AWD,7,,,고급형,,False,False
mf-004.md-003.sm-y285-y289.pw-디젤-2-7-awd.tr-노블레스,KG모빌리티(쌍용),004,국산,렉스턴,003,슈퍼 렉스턴 Y285~Y289,Y285~Y289,08~12,encar,디젤,2.7,False,AWD,7,,,노블레스,3743,False,False
mf-004.md-003.sm-y285-y289.pw-디젤-2-7-awd.tr-최고급형,KG모빌리티(쌍용),004,국산,렉스턴,003,슈퍼 렉스턴 Y285~Y289,Y285~Y289,08~12,encar,디젤,2.7,False,AWD,7,,,최고급형,,False,False
mf-004.md-003.sm-y285-y289.pw-디젤-2-7-4wd.tr-고급형,KG모빌리티(쌍용),004,국산,렉스턴,003,슈퍼 렉스턴 Y285~Y289,Y285~Y289,08~12,encar,디젤,2.7,False,4WD,7,,,고급형,,False,False
mf-004.md-003.sm-y285-y289.pw-디젤-2-7-4wd.tr-브라운스페셜,KG모빌리티(쌍용),004,국산,렉스턴,003,슈퍼 렉스턴 Y285~Y289,Y285~Y289,08~12,encar,디젤,2.7,False,4WD,7,,,브라운스페셜,,False,False
mf-004.md-003.sm-y285-y289.pw-디젤-2-7-4wd.tr-브라운에디션,KG모빌리티(쌍용),004,국산,렉스턴,003,슈퍼 렉스턴 Y285~Y289,Y285~Y289,08~12,encar,디젤,2.7,False,4WD,7,,,브라운에디션,,False,False
mf-004.md-003.sm-y285-y289.pw-디젤-2-7-4wd.tr-최고급형,KG모빌리티(쌍용),004,국산,렉스턴,003,슈퍼 렉스턴 Y285~Y289,Y285~Y289,08~12,encar,디젤,2.7,False,4WD,7,,,최고급형,,False,False
mf-004.md-003.sm-y285-y289.pw-디젤-2-0-4wd.tr-브라운에디션,KG모빌리티(쌍용),004,국산,렉스턴,003,슈퍼 렉스턴 Y285~Y289,Y285~Y289,08~12,encar,디젤,2.0,False,4WD,7,,,브라운에디션,,False,False
mf-004.md-003.sm-y285-y289.pw-디젤-2-0-4wd.tr-최고급형,KG모빌리티(쌍용),004,국산,렉스턴,003,슈퍼 렉스턴 Y285~Y289,Y285~Y289,08~12,encar,디젤,2.0,False,4WD,7,,,최고급형,,False,False
mf-004.md-003.sm-y285-y289.pw-디젤-2-0-2wd.tr-브라운에디션,KG모빌리티(쌍용),004,국산,렉스턴,003,슈퍼 렉스턴 Y285~Y289,Y285~Y289,08~12,encar,디젤,2.0,False,2WD,7,,,브라운에디션,,False,False
mf-004.md-003.sm-y285-y289.pw-디젤-2-0-2wd.tr-최고급형,KG모빌리티(쌍용),004,국산,렉스턴,003,슈퍼 렉스턴 Y285~Y289,Y285~Y289,08~12,encar,디젤,2.0,False,2WD,7,,,최고급형,,False,False
mf-004.md-003.sm-y200.pw-디젤-2-7-4wd.tr-고급형,KG모빌리티(쌍용),004,국산,렉스턴,003,렉스턴 II Y200,Y200,06~08,encar,디젤,2.7,False,4WD,7,,,고급형,,False,False
mf-004.md-003.sm-y200.pw-디젤-2-7-4wd.tr-최고급형,KG모빌리티(쌍용),004,국산,렉스턴,003,렉스턴 II Y200,Y200,06~08,encar,디젤,2.7,False,4WD,7,,,최고급형,,False,False
mf-004.md-003.sm-y200.pw-디젤-2-7-awd.tr-고급형,KG모빌리티(쌍용),004,국산,렉스턴,003,렉스턴 II Y200,Y200,06~08,encar,디젤,2.7,False,AWD,7,,,고급형,,False,False
mf-004.md-003.sm-y200.pw-디젤-2-7-awd.tr-최고급형,KG모빌리티(쌍용),004,국산,렉스턴,003,렉스턴 II Y200,Y200,06~08,encar,디젤,2.7,False,AWD,7,,,최고급형,,False,False
mf-004.md-012.sm-x100.pw-가솔린-1-6-2wd.tr-v1,KG모빌리티(쌍용),004,국산,티볼리,012,더 뉴 티볼리 X100,X100,23~현재,encar,가솔린,1.6,False,2WD,5,,,V1,1700,False,False
mf-004.md-012.sm-x100.pw-가솔린-1-6-2wd.tr-v3,KG모빌리티(쌍용),004,국산,티볼리,012,더 뉴 티볼리 X100,X100,23~현재,encar,가솔린,1.6,False,2WD,5,,,V3,1900,False,False
mf-004.md-012.sm-x100.pw-가솔린-1-5-2wd.tr-v5,KG모빌리티(쌍용),004,국산,티볼리,012,더 뉴 티볼리 X100,X100,23~현재,encar,가솔린,1.5,False,2WD,5,,,V5,2150,False,False
mf-004.md-012.sm-x100.pw-가솔린-1-5-2wd.tr-v7,KG모빌리티(쌍용),004,국산,티볼리,012,더 뉴 티볼리 X100,X100,23~현재,encar,가솔린,1.5,False,2WD,5,,,V7,2350,False,False
mf-004.md-012.sm-x100.pw-가솔린-1-5-4wd.tr-v7,KG모빌리티(쌍용),004,국산,티볼리,012,더 뉴 티볼리 X100,X100,23~현재,encar,가솔린,1.5,False,4WD,5,,,V7,2350,False,False
mf-004.md-012.sm-x173.pw-가솔린-1-5-2wd.tr-a5,KG모빌리티(쌍용),004,국산,티볼리,012,더 뉴 티볼리 에어 X173,X173,23~현재,encar,가솔린,1.5,False,2WD,5,,,A5,2000,False,False
mf-004.md-012.sm-x173.pw-가솔린-1-5-2wd.tr-a7,KG모빌리티(쌍용),004,국산,티볼리,012,더 뉴 티볼리 에어 X173,X173,23~현재,encar,가솔린,1.5,False,2WD,5,,,A7,2200,False,False
mf-004.md-012.sm-x150.pw-가솔린-1-5-2wd.tr-v1,KG모빌리티(쌍용),004,국산,티볼리,012,베리 뉴 티볼리 X150,X150,19~23,encar,가솔린,1.5,False,2WD,5,,,V1,1700,False,False
mf-004.md-012.sm-x150.pw-가솔린-1-5-2wd.tr-v3,KG모빌리티(쌍용),004,국산,티볼리,012,베리 뉴 티볼리 X150,X150,19~23,encar,가솔린,1.5,False,2WD,5,,,V3,1900,False,False
mf-004.md-012.sm-x150.pw-가솔린-1-5-2wd.tr-r-플러스-화이트-r-plus-white,KG모빌리티(쌍용),004,국산,티볼리,012,베리 뉴 티볼리 X150,X150,19~23,encar,가솔린,1.5,False,2WD,5,,,R 플러스 화이트 (R-Plus White),2050,False,False
mf-004.md-012.sm-x150.pw-가솔린-1-5-2wd.tr-v3-스페셜,KG모빌리티(쌍용),004,국산,티볼리,012,베리 뉴 티볼리 X150,X150,19~23,encar,가솔린,1.5,False,2WD,5,,,V3 스페셜,2000,False,False
mf-004.md-012.sm-x150.pw-가솔린-1-5-2wd.tr-v5,KG모빌리티(쌍용),004,국산,티볼리,012,베리 뉴 티볼리 X150,X150,19~23,encar,가솔린,1.5,False,2WD,5,,,V5,2150,False,False
mf-004.md-012.sm-x150.pw-가솔린-1-5-2wd.tr-v7,KG모빌리티(쌍용),004,국산,티볼리,012,베리 뉴 티볼리 X150,X150,19~23,encar,가솔린,1.5,False,2WD,5,,,V7,2350,False,False
mf-004.md-012.sm-x150.pw-가솔린-1-5-2wd.tr-리미티드-에디션,KG모빌리티(쌍용),004,국산,티볼리,012,베리 뉴 티볼리 X150,X150,19~23,encar,가솔린,1.5,False,2WD,5,,,리미티드 에디션,2400,False,False
mf-004.md-012.sm-x150.pw-디젤-1-6-2wd.tr-v1,KG모빌리티(쌍용),004,국산,티볼리,012,베리 뉴 티볼리 X150,X150,19~23,encar,디젤,1.6,False,2WD,5,,,V1,1700,False,False
mf-004.md-012.sm-x150.pw-디젤-1-6-2wd.tr-v3,KG모빌리티(쌍용),004,국산,티볼리,012,베리 뉴 티볼리 X150,X150,19~23,encar,디젤,1.6,False,2WD,5,,,V3,1900,False,False
mf-004.md-012.sm-x150.pw-디젤-1-6-2wd.tr-v5,KG모빌리티(쌍용),004,국산,티볼리,012,베리 뉴 티볼리 X150,X150,19~23,encar,디젤,1.6,False,2WD,5,,,V5,2150,False,False
mf-004.md-012.sm-x150.pw-디젤-1-6-2wd.tr-v7,KG모빌리티(쌍용),004,국산,티볼리,012,베리 뉴 티볼리 X150,X150,19~23,encar,디젤,1.6,False,2WD,5,,,V7,2350,False,False
mf-004.md-012.sm-x150.pw-가솔린-1-5-4wd.tr-v3,KG모빌리티(쌍용),004,국산,티볼리,012,베리 뉴 티볼리 X150,X150,19~23,encar,가솔린,1.5,False,4WD,5,,,V3,1900,False,False
mf-004.md-012.sm-x150.pw-디젤-1-6-4wd.tr-v5,KG모빌리티(쌍용),004,국산,티볼리,012,베리 뉴 티볼리 X150,X150,19~23,encar,디젤,1.6,False,4WD,5,,,V5,2150,False,False
mf-004.md-012.sm-x100.pw-가솔린-1-6-2wd.tr-tx,KG모빌리티(쌍용),004,국산,티볼리,012,티볼리 아머 X100,X100,17~19,encar,가솔린,1.6,False,2WD,5,,,TX,1700,False,False
mf-004.md-012.sm-x100.pw-가솔린-1-6-2wd.tr-드라이빙-기어,KG모빌리티(쌍용),004,국산,티볼리,012,티볼리 아머 X100,X100,17~19,encar,가솔린,1.6,False,2WD,5,,,드라이빙 기어,1900,False,False
mf-004.md-012.sm-x100.pw-가솔린-1-6-2wd.tr-기어-에디션,KG모빌리티(쌍용),004,국산,티볼리,012,티볼리 아머 X100,X100,17~19,encar,가솔린,1.6,False,2WD,5,,,기어 에디션,2000,False,False
mf-004.md-012.sm-x100.pw-가솔린-1-6-2wd.tr-기어-플러스,KG모빌리티(쌍용),004,국산,티볼리,012,티볼리 아머 X100,X100,17~19,encar,가솔린,1.6,False,2WD,5,,,기어 플러스,2150,False,False
mf-004.md-012.sm-x100.pw-가솔린-1-6-2wd.tr-lx,KG모빌리티(쌍용),004,국산,티볼리,012,티볼리 아머 X100,X100,17~19,encar,가솔린,1.6,False,2WD,5,,,LX,2450,False,False
mf-004.md-012.sm-x100.pw-가솔린-1-6-2wd.tr-기어-플러스-ii-기어ⅱ,KG모빌리티(쌍용),004,국산,티볼리,012,티볼리 아머 X100,X100,17~19,encar,가솔린,1.6,False,2WD,5,,,기어 플러스 II (기어Ⅱ),2250,False,False
mf-004.md-012.sm-x100.pw-가솔린-1-6-2wd.tr-vx,KG모빌리티(쌍용),004,국산,티볼리,012,티볼리 아머 X100,X100,17~19,encar,가솔린,1.6,False,2WD,5,,,VX,2500,False,False
mf-004.md-012.sm-x100.pw-디젤-1-6-2wd.tr-tx,KG모빌리티(쌍용),004,국산,티볼리,012,티볼리 아머 X100,X100,17~19,encar,디젤,1.6,False,2WD,5,,,TX,1700,False,False
mf-004.md-012.sm-x100.pw-디젤-1-6-2wd.tr-기어-에디션,KG모빌리티(쌍용),004,국산,티볼리,012,티볼리 아머 X100,X100,17~19,encar,디젤,1.6,False,2WD,5,,,기어 에디션,2000,False,False
mf-004.md-012.sm-x100.pw-디젤-1-6-2wd.tr-기어-플러스,KG모빌리티(쌍용),004,국산,티볼리,012,티볼리 아머 X100,X100,17~19,encar,디젤,1.6,False,2WD,5,,,기어 플러스,2150,False,False
mf-004.md-012.sm-x100.pw-디젤-1-6-2wd.tr-lx,KG모빌리티(쌍용),004,국산,티볼리,012,티볼리 아머 X100,X100,17~19,encar,디젤,1.6,False,2WD,5,,,LX,2450,False,False
mf-004.md-012.sm-x100.pw-디젤-1-6-2wd.tr-기어-플러스-ii-기어ⅱ,KG모빌리티(쌍용),004,국산,티볼리,012,티볼리 아머 X100,X100,17~19,encar,디젤,1.6,False,2WD,5,,,기어 플러스 II (기어Ⅱ),2250,False,False
mf-004.md-012.sm-x100.pw-디젤-1-6-2wd.tr-vx,KG모빌리티(쌍용),004,국산,티볼리,012,티볼리 아머 X100,X100,17~19,encar,디젤,1.6,False,2WD,5,,,VX,2500,False,False
mf-004.md-012.sm-x100.pw-디젤-1-6-4wd.tr-기어-플러스,KG모빌리티(쌍용),004,국산,티볼리,012,티볼리 아머 X100,X100,17~19,encar,디젤,1.6,False,4WD,5,,,기어 플러스,2150,False,False
mf-004.md-012.sm-x100.pw-디젤-1-6-4wd.tr-lx,KG모빌리티(쌍용),004,국산,티볼리,012,티볼리 아머 X100,X100,17~19,encar,디젤,1.6,False,4WD,5,,,LX,2450,False,False
mf-004.md-012.sm-x100.pw-디젤-1-6-4wd.tr-vx,KG모빌리티(쌍용),004,국산,티볼리,012,티볼리 아머 X100,X100,17~19,encar,디젤,1.6,False,4WD,5,,,VX,2500,False,False
mf-004.md-012.sm-x100.pw-가솔린-1-6-4wd.tr-드라이빙-기어,KG모빌리티(쌍용),004,국산,티볼리,012,티볼리 아머 X100,X100,17~19,encar,가솔린,1.6,False,4WD,5,,,드라이빙 기어,1900,False,False
mf-004.md-012.sm-x100.pw-가솔린-1-6-4wd.tr-기어-에디션,KG모빌리티(쌍용),004,국산,티볼리,012,티볼리 아머 X100,X100,17~19,encar,가솔린,1.6,False,4WD,5,,,기어 에디션,2000,False,False
mf-004.md-012.sm-x100.pw-가솔린-1-6-4wd.tr-기어-플러스,KG모빌리티(쌍용),004,국산,티볼리,012,티볼리 아머 X100,X100,17~19,encar,가솔린,1.6,False,4WD,5,,,기어 플러스,2150,False,False
mf-004.md-012.sm-x100.pw-가솔린-1-6-4wd.tr-lx,KG모빌리티(쌍용),004,국산,티볼리,012,티볼리 아머 X100,X100,17~19,encar,가솔린,1.6,False,4WD,5,,,LX,2450,False,False
mf-004.md-012.sm-x100l.pw-가솔린-1-6-2wd.tr-ix,KG모빌리티(쌍용),004,국산,티볼리,012,티볼리 에어 X100L,X100L,16~23,encar,가솔린,1.6,False,2WD,5,,,IX,1900,False,False
mf-004.md-012.sm-x100l.pw-가솔린-1-6-2wd.tr-rx,KG모빌리티(쌍용),004,국산,티볼리,012,티볼리 에어 X100L,X100L,16~23,encar,가솔린,1.6,False,2WD,5,,,RX,2050,False,False
mf-004.md-012.sm-x100l.pw-가솔린-1-5-2wd.tr-a1,KG모빌리티(쌍용),004,국산,티볼리,012,티볼리 에어 X100L,X100L,16~23,encar,가솔린,1.5,False,2WD,5,,,A1,1700,False,False
mf-004.md-012.sm-x100l.pw-가솔린-1-5-2wd.tr-업비트,KG모빌리티(쌍용),004,국산,티볼리,012,티볼리 에어 X100L,X100L,16~23,encar,가솔린,1.5,False,2WD,5,,,업비트,1750,False,False
mf-004.md-012.sm-x100l.pw-가솔린-1-5-2wd.tr-a3,KG모빌리티(쌍용),004,국산,티볼리,012,티볼리 에어 X100L,X100L,16~23,encar,가솔린,1.5,False,2WD,5,,,A3,1850,False,False
mf-004.md-012.sm-x100l.pw-가솔린-1-5-2wd.tr-a7,KG모빌리티(쌍용),004,국산,티볼리,012,티볼리 에어 X100L,X100L,16~23,encar,가솔린,1.5,False,2WD,5,,,A7,2200,False,False
mf-004.md-012.sm-x100l.pw-디젤-1-6-2wd.tr-ix,KG모빌리티(쌍용),004,국산,티볼리,012,티볼리 에어 X100L,X100L,16~23,encar,디젤,1.6,False,2WD,5,,,IX,1900,False,False
mf-004.md-012.sm-x100l.pw-디젤-1-6-2wd.tr-rx,KG모빌리티(쌍용),004,국산,티볼리,012,티볼리 에어 X100L,X100L,16~23,encar,디젤,1.6,False,2WD,5,,,RX,2050,False,False
mf-004.md-012.sm-x100l.pw-디젤-1-6-2wd.tr-ax,KG모빌리티(쌍용),004,국산,티볼리,012,티볼리 에어 X100L,X100L,16~23,encar,디젤,1.6,False,2WD,5,,,AX,2200,False,False
mf-004.md-012.sm-x100l.pw-디젤-1-6-4wd.tr-ix,KG모빌리티(쌍용),004,국산,티볼리,012,티볼리 에어 X100L,X100L,16~23,encar,디젤,1.6,False,4WD,5,,,IX,1900,False,False
mf-004.md-012.sm-x100l.pw-디젤-1-6-4wd.tr-rx,KG모빌리티(쌍용),004,국산,티볼리,012,티볼리 에어 X100L,X100L,16~23,encar,디젤,1.6,False,4WD,5,,,RX,2050,False,False
mf-004.md-012.sm-x100l.pw-디젤-1-6-4wd.tr-ax,KG모빌리티(쌍용),004,국산,티볼리,012,티볼리 에어 X100L,X100L,16~23,encar,디젤,1.6,False,4WD,5,,,AX,2200,False,False
mf-004.md-012.sm-x100l.pw-가솔린-1-6-4wd.tr-rx,KG모빌리티(쌍용),004,국산,티볼리,012,티볼리 에어 X100L,X100L,16~23,encar,가솔린,1.6,False,4WD,5,,,RX,2050,False,False
mf-004.md-012.sm-x100.pw-가솔린-1-6-2wd.tr-세부등급-없음,KG모빌리티(쌍용),004,국산,티볼리,012,티볼리 X100,X100,15~17,encar,가솔린,1.6,False,2WD,5,,,(세부등급 없음),,False,False
mf-004.md-012.sm-x100.pw-가솔린-1-6-2wd.tr-고급형,KG모빌리티(쌍용),004,국산,티볼리,012,티볼리 X100,X100,15~17,encar,가솔린,1.6,False,2WD,5,,,고급형,,False,False
mf-004.md-012.sm-x100.pw-가솔린-1-6-2wd.tr-최고급형,KG모빌리티(쌍용),004,국산,티볼리,012,티볼리 X100,X100,15~17,encar,가솔린,1.6,False,2WD,5,,,최고급형,,False,False
mf-004.md-012.sm-x100.pw-가솔린-1-6-2wd.tr-삼바-에디션,KG모빌리티(쌍용),004,국산,티볼리,012,티볼리 X100,X100,15~17,encar,가솔린,1.6,False,2WD,5,,,삼바 에디션,2050,False,False
mf-004.md-012.sm-x100.pw-가솔린-1-6-2wd.tr-엣지-에디션,KG모빌리티(쌍용),004,국산,티볼리,012,티볼리 X100,X100,15~17,encar,가솔린,1.6,False,2WD,5,,,엣지 에디션,2050,False,False
mf-004.md-012.sm-x100.pw-가솔린-1-6-2wd.tr-vx,KG모빌리티(쌍용),004,국산,티볼리,012,티볼리 X100,X100,15~17,encar,가솔린,1.6,False,2WD,5,,,VX,2500,False,False
mf-004.md-012.sm-x100.pw-디젤-1-6-2wd.tr-tx,KG모빌리티(쌍용),004,국산,티볼리,012,티볼리 X100,X100,15~17,encar,디젤,1.6,False,2WD,5,,,TX,1700,False,False
mf-004.md-012.sm-x100.pw-디젤-1-6-2wd.tr-lx,KG모빌리티(쌍용),004,국산,티볼리,012,티볼리 X100,X100,15~17,encar,디젤,1.6,False,2WD,5,,,LX,2450,False,False
mf-004.md-012.sm-x100.pw-디젤-1-6-2wd.tr-vx,KG모빌리티(쌍용),004,국산,티볼리,012,티볼리 X100,X100,15~17,encar,디젤,1.6,False,2WD,5,,,VX,2500,False,False
mf-004.md-012.sm-x100.pw-가솔린-1-6-4wd.tr-세부등급-없음,KG모빌리티(쌍용),004,국산,티볼리,012,티볼리 X100,X100,15~17,encar,가솔린,1.6,False,4WD,5,,,(세부등급 없음),,False,False
mf-004.md-012.sm-x100.pw-가솔린-1-6-4wd.tr-최고급형,KG모빌리티(쌍용),004,국산,티볼리,012,티볼리 X100,X100,15~17,encar,가솔린,1.6,False,4WD,5,,,최고급형,,False,False
mf-004.md-012.sm-x100.pw-디젤-1-6-4wd.tr-lx,KG모빌리티(쌍용),004,국산,티볼리,012,티볼리 X100,X100,15~17,encar,디젤,1.6,False,4WD,5,,,LX,2450,False,False
mf-004.md-011.sm-e100.pw-전기.tr-e5,KG모빌리티(쌍용),004,국산,코란도,011,코란도 EV E100,E100,22~현재,encar,전기,,False,,5,,,E5,,False,False
mf-004.md-011.sm-c300.pw-디젤-1-6-4wd.tr-플러스,KG모빌리티(쌍용),004,국산,코란도,011,뷰티풀 코란도 C300,C300,19~현재,encar,디젤,1.6,False,4WD,5,,,플러스,2570,False,False
mf-004.md-011.sm-c300.pw-디젤-1-6-4wd.tr-c7,KG모빌리티(쌍용),004,국산,코란도,011,뷰티풀 코란도 C300,C300,19~현재,encar,디젤,1.6,False,4WD,5,,,C7,2755,False,False
mf-004.md-011.sm-c300.pw-디젤-1-6-4wd.tr-r,KG모빌리티(쌍용),004,국산,코란도,011,뷰티풀 코란도 C300,C300,19~현재,encar,디젤,1.6,False,4WD,5,,,R+,,False,False
mf-004.md-011.sm-c300.pw-디젤-1-6-2wd.tr-세부등급-없음,KG모빌리티(쌍용),004,국산,코란도,011,뷰티풀 코란도 C300,C300,19~현재,encar,디젤,1.6,False,2WD,5,,,(세부등급 없음),,False,False
mf-004.md-011.sm-c300.pw-디젤-1-6-2wd.tr-c3,KG모빌리티(쌍용),004,국산,코란도,011,뷰티풀 코란도 C300,C300,19~현재,encar,디젤,1.6,False,2WD,5,,,C3+,2256,False,False
mf-004.md-011.sm-c300.pw-디젤-1-6-2wd.tr-딜라이트,KG모빌리티(쌍용),004,국산,코란도,011,뷰티풀 코란도 C300,C300,19~현재,encar,디젤,1.6,False,2WD,5,,,딜라이트,2523,False,False
mf-004.md-011.sm-c300.pw-디젤-1-6-2wd.tr-딜라이트,KG모빌리티(쌍용),004,국산,코란도,011,뷰티풀 코란도 C300,C300,19~현재,encar,디젤,1.6,False,2WD,5,,,딜라이트+,2570,False,False
mf-004.md-011.sm-c300.pw-디젤-1-6-2wd.tr-플러스,KG모빌리티(쌍용),004,국산,코란도,011,뷰티풀 코란도 C300,C300,19~현재,encar,디젤,1.6,False,2WD,5,,,플러스,2570,False,False
mf-004.md-011.sm-c300.pw-디젤-1-6-2wd.tr-판타스틱,KG모빌리티(쌍용),004,국산,코란도,011,뷰티풀 코란도 C300,C300,19~현재,encar,디젤,1.6,False,2WD,5,,,판타스틱,2793,False,False
mf-004.md-011.sm-c300.pw-가솔린-1-5-2wd.tr-세부등급-없음,KG모빌리티(쌍용),004,국산,코란도,011,뷰티풀 코란도 C300,C300,19~현재,encar,가솔린,1.5,False,2WD,5,,,(세부등급 없음),,False,False
mf-004.md-011.sm-c300.pw-가솔린-1-5-2wd.tr-c3,KG모빌리티(쌍용),004,국산,코란도,011,뷰티풀 코란도 C300,C300,19~현재,encar,가솔린,1.5,False,2WD,5,,,C3+,2256,False,False
mf-004.md-011.sm-c300.pw-가솔린-1-5-2wd.tr-프라임,KG모빌리티(쌍용),004,국산,코란도,011,뷰티풀 코란도 C300,C300,19~현재,encar,가솔린,1.5,False,2WD,5,,,프라임,,False,False
mf-004.md-011.sm-c300.pw-가솔린-1-5-2wd.tr-플러스,KG모빌리티(쌍용),004,국산,코란도,011,뷰티풀 코란도 C300,C300,19~현재,encar,가솔린,1.5,False,2WD,5,,,플러스,2570,False,False
mf-004.md-011.sm-c300.pw-가솔린-1-5-2wd.tr-c7,KG모빌리티(쌍용),004,국산,코란도,011,뷰티풀 코란도 C300,C300,19~현재,encar,가솔린,1.5,False,2WD,5,,,C7,2755,False,False
mf-004.md-011.sm-c300.pw-가솔린-1-5-2wd.tr-r,KG모빌리티(쌍용),004,국산,코란도,011,뷰티풀 코란도 C300,C300,19~현재,encar,가솔린,1.5,False,2WD,5,,,R+,,False,False
mf-004.md-011.sm-c300.pw-가솔린-1-5-4wd.tr-플러스,KG모빌리티(쌍용),004,국산,코란도,011,뷰티풀 코란도 C300,C300,19~현재,encar,가솔린,1.5,False,4WD,5,,,플러스,2570,False,False
mf-004.md-011.sm-c300.pw-가솔린-1-5-4wd.tr-c7,KG모빌리티(쌍용),004,국산,코란도,011,뷰티풀 코란도 C300,C300,19~현재,encar,가솔린,1.5,False,4WD,5,,,C7,2755,False,False
mf-004.md-011.sm-c300.pw-가솔린-1-5-4wd.tr-r,KG모빌리티(쌍용),004,국산,코란도,011,뷰티풀 코란도 C300,C300,19~현재,encar,가솔린,1.5,False,4WD,5,,,R+,,False,False
mf-004.md-011.sm-c200.pw-디젤-2-2-2wd.tr-세부등급-없음,KG모빌리티(쌍용),004,국산,코란도,011,뉴 스타일 코란도 C C200,C200,17~18,encar,디젤,2.2,False,2WD,5,,,(세부등급 없음),,False,False
mf-004.md-011.sm-c200.pw-디젤-2-2-2wd.tr-kx,KG모빌리티(쌍용),004,국산,코란도,011,뉴 스타일 코란도 C C200,C200,17~18,encar,디젤,2.2,False,2WD,5,,,KX,2243,False,False
mf-004.md-011.sm-c200.pw-디젤-2-2-2wd.tr-고급형,KG모빌리티(쌍용),004,국산,코란도,011,뉴 스타일 코란도 C C200,C200,17~18,encar,디젤,2.2,False,2WD,5,,,고급형,2565,False,False
mf-004.md-011.sm-c200.pw-디젤-2-2-2wd.tr-익스트림,KG모빌리티(쌍용),004,국산,코란도,011,뉴 스타일 코란도 C C200,C200,17~18,encar,디젤,2.2,False,2WD,5,,,익스트림,2649,False,False
mf-004.md-011.sm-c200.pw-디젤-2-2-2wd.tr-익스트림-스포츠,KG모빌리티(쌍용),004,국산,코란도,011,뉴 스타일 코란도 C C200,C200,17~18,encar,디젤,2.2,False,2WD,5,,,익스트림 스포츠,2700,False,False
mf-004.md-011.sm-c200.pw-디젤-2-2-2wd.tr-dx,KG모빌리티(쌍용),004,국산,코란도,011,뉴 스타일 코란도 C C200,C200,17~18,encar,디젤,2.2,False,2WD,5,,,DX,2877,False,False
mf-004.md-011.sm-c200.pw-디젤-2-2-2wd.tr-최고급형,KG모빌리티(쌍용),004,국산,코란도,011,뉴 스타일 코란도 C C200,C200,17~18,encar,디젤,2.2,False,2WD,5,,,최고급형,2877,False,False
mf-004.md-011.sm-c200.pw-디젤-2-2-4wd.tr-고급형,KG모빌리티(쌍용),004,국산,코란도,011,뉴 스타일 코란도 C C200,C200,17~18,encar,디젤,2.2,False,4WD,5,,,고급형,2565,False,False
mf-004.md-011.sm-c200.pw-디젤-2-2-4wd.tr-익스트림,KG모빌리티(쌍용),004,국산,코란도,011,뉴 스타일 코란도 C C200,C200,17~18,encar,디젤,2.2,False,4WD,5,,,익스트림,2649,False,False
mf-004.md-011.sm-c200.pw-디젤-2-2-4wd.tr-익스트림-스포츠,KG모빌리티(쌍용),004,국산,코란도,011,뉴 스타일 코란도 C C200,C200,17~18,encar,디젤,2.2,False,4WD,5,,,익스트림 스포츠,2700,False,False
mf-004.md-011.sm-c200.pw-디젤-2-2-4wd.tr-dx,KG모빌리티(쌍용),004,국산,코란도,011,뉴 스타일 코란도 C C200,C200,17~18,encar,디젤,2.2,False,4WD,5,,,DX,2877,False,False
mf-004.md-011.sm-c200.pw-디젤-2-2-4wd.tr-최고급형,KG모빌리티(쌍용),004,국산,코란도,011,뉴 스타일 코란도 C C200,C200,17~18,encar,디젤,2.2,False,4WD,5,,,최고급형,2877,False,False
mf-004.md-011.sm-더-뉴-코란도-스포츠.pw-디젤-2-2-2wd.tr-에코,KG모빌리티(쌍용),004,국산,코란도,011,더 뉴 코란도 스포츠,,16~18,encar,디젤,2.2,False,2WD,5,,,에코,,False,False
mf-004.md-011.sm-더-뉴-코란도-스포츠.pw-디젤-2-2-2wd.tr-클럽,KG모빌리티(쌍용),004,국산,코란도,011,더 뉴 코란도 스포츠,,16~18,encar,디젤,2.2,False,2WD,5,,,클럽,,False,False
mf-004.md-011.sm-더-뉴-코란도-스포츠.pw-디젤-2-2-2wd.tr-패션,KG모빌리티(쌍용),004,국산,코란도,011,더 뉴 코란도 스포츠,,16~18,encar,디젤,2.2,False,2WD,5,,,패션,,False,False
mf-004.md-011.sm-더-뉴-코란도-스포츠.pw-디젤-2-2-4wd.tr-비전,KG모빌리티(쌍용),004,국산,코란도,011,더 뉴 코란도 스포츠,,16~18,encar,디젤,2.2,False,4WD,5,,,비전,,False,False
mf-004.md-011.sm-더-뉴-코란도-스포츠.pw-디젤-2-2-4wd.tr-클럽,KG모빌리티(쌍용),004,국산,코란도,011,더 뉴 코란도 스포츠,,16~18,encar,디젤,2.2,False,4WD,5,,,클럽,,False,False
mf-004.md-011.sm-더-뉴-코란도-스포츠.pw-디젤-2-2-4wd.tr-패션,KG모빌리티(쌍용),004,국산,코란도,011,더 뉴 코란도 스포츠,,16~18,encar,디젤,2.2,False,4WD,5,,,패션,,False,False
mf-004.md-011.sm-더-뉴-코란도-스포츠.pw-디젤-2-2-4wd.tr-삼바-에디션,KG모빌리티(쌍용),004,국산,코란도,011,더 뉴 코란도 스포츠,,16~18,encar,디젤,2.2,False,4WD,5,,,삼바 에디션,,False,False
mf-004.md-011.sm-더-뉴-코란도-스포츠.pw-디젤-2-2-4wd.tr-매니아,KG모빌리티(쌍용),004,국산,코란도,011,더 뉴 코란도 스포츠,,16~18,encar,디젤,2.2,False,4WD,5,,,매니아,,False,False
mf-004.md-011.sm-더-뉴-코란도-스포츠.pw-디젤-2-2-4wd.tr-익스트림,KG모빌리티(쌍용),004,국산,코란도,011,더 뉴 코란도 스포츠,,16~18,encar,디젤,2.2,False,4WD,5,,,익스트림,2649,False,False
mf-004.md-011.sm-c200.pw-디젤-2-0-2wd.tr-고급형,KG모빌리티(쌍용),004,국산,코란도,011,뉴코란도 C C200,C200,13~17,encar,디젤,2.0,False,2WD,5,,,고급형,2565,False,False
mf-004.md-011.sm-c200.pw-디젤-2-0-2wd.tr-어드벤처-60주년-에디션,KG모빌리티(쌍용),004,국산,코란도,011,뉴코란도 C C200,C200,13~17,encar,디젤,2.0,False,2WD,5,,,어드벤처 60주년 에디션,,False,False
mf-004.md-011.sm-c200.pw-디젤-2-0-2wd.tr-익스트림,KG모빌리티(쌍용),004,국산,코란도,011,뉴코란도 C C200,C200,13~17,encar,디젤,2.0,False,2WD,5,,,익스트림,2649,False,False
mf-004.md-011.sm-c200.pw-디젤-2-0-2wd.tr-최고급형,KG모빌리티(쌍용),004,국산,코란도,011,뉴코란도 C C200,C200,13~17,encar,디젤,2.0,False,2WD,5,,,최고급형,2877,False,False
mf-004.md-011.sm-c200.pw-디젤-2-0-4wd.tr-고급형,KG모빌리티(쌍용),004,국산,코란도,011,뉴코란도 C C200,C200,13~17,encar,디젤,2.0,False,4WD,5,,,고급형,2565,False,False
mf-004.md-011.sm-c200.pw-디젤-2-0-4wd.tr-어드벤처-60주년-에디션,KG모빌리티(쌍용),004,국산,코란도,011,뉴코란도 C C200,C200,13~17,encar,디젤,2.0,False,4WD,5,,,어드벤처 60주년 에디션,,False,False
mf-004.md-011.sm-c200.pw-디젤-2-0-4wd.tr-익스트림,KG모빌리티(쌍용),004,국산,코란도,011,뉴코란도 C C200,C200,13~17,encar,디젤,2.0,False,4WD,5,,,익스트림,2649,False,False
mf-004.md-011.sm-c200.pw-디젤-2-0-4wd.tr-dx,KG모빌리티(쌍용),004,국산,코란도,011,뉴코란도 C C200,C200,13~17,encar,디젤,2.0,False,4WD,5,,,DX,2877,False,False
mf-004.md-011.sm-c200.pw-디젤-2-0-4wd.tr-최고급형,KG모빌리티(쌍용),004,국산,코란도,011,뉴코란도 C C200,C200,13~17,encar,디젤,2.0,False,4WD,5,,,최고급형,2877,False,False
mf-004.md-011.sm-c200.pw-디젤-2-2-2wd.tr-세부등급-없음,KG모빌리티(쌍용),004,국산,코란도,011,뉴코란도 C C200,C200,13~17,encar,디젤,2.2,False,2WD,5,,,(세부등급 없음),,False,False
mf-004.md-011.sm-c200.pw-디젤-2-2-2wd.tr-고급형,KG모빌리티(쌍용),004,국산,코란도,011,뉴코란도 C C200,C200,13~17,encar,디젤,2.2,False,2WD,5,,,고급형,2565,False,False
mf-004.md-011.sm-c200.pw-디젤-2-2-2wd.tr-스페셜,KG모빌리티(쌍용),004,국산,코란도,011,뉴코란도 C C200,C200,13~17,encar,디젤,2.2,False,2WD,5,,,스페셜,,False,False
mf-004.md-011.sm-c200.pw-디젤-2-2-2wd.tr-익스트림,KG모빌리티(쌍용),004,국산,코란도,011,뉴코란도 C C200,C200,13~17,encar,디젤,2.2,False,2WD,5,,,익스트림,2649,False,False
mf-004.md-011.sm-c200.pw-디젤-2-2-2wd.tr-dx,KG모빌리티(쌍용),004,국산,코란도,011,뉴코란도 C C200,C200,13~17,encar,디젤,2.2,False,2WD,5,,,DX,2877,False,False
mf-004.md-011.sm-c200.pw-디젤-2-2-2wd.tr-최고급형,KG모빌리티(쌍용),004,국산,코란도,011,뉴코란도 C C200,C200,13~17,encar,디젤,2.2,False,2WD,5,,,최고급형,2877,False,False
mf-004.md-011.sm-c200.pw-디젤-2-2-4wd.tr-세부등급-없음,KG모빌리티(쌍용),004,국산,코란도,011,뉴코란도 C C200,C200,13~17,encar,디젤,2.2,False,4WD,5,,,(세부등급 없음),,False,False
mf-004.md-011.sm-c200.pw-디젤-2-2-4wd.tr-고급형,KG모빌리티(쌍용),004,국산,코란도,011,뉴코란도 C C200,C200,13~17,encar,디젤,2.2,False,4WD,5,,,고급형,2565,False,False
mf-004.md-011.sm-c200.pw-디젤-2-2-4wd.tr-익스트림,KG모빌리티(쌍용),004,국산,코란도,011,뉴코란도 C C200,C200,13~17,encar,디젤,2.2,False,4WD,5,,,익스트림,2649,False,False
mf-004.md-011.sm-코란도-투리스모.pw-디젤-2-0-4wd.tr-세부등급-없음,KG모빌리티(쌍용),004,국산,코란도,011,코란도 투리스모,,13~19,encar,디젤,2.0,False,4WD,11,,,(세부등급 없음),,False,False
mf-004.md-011.sm-코란도-투리스모.pw-디젤-2-0-4wd.tr-lt,KG모빌리티(쌍용),004,국산,코란도,011,코란도 투리스모,,13~19,encar,디젤,2.0,False,4WD,11,,,LT,2480,False,False
mf-004.md-011.sm-코란도-투리스모.pw-디젤-2-0-4wd.tr-하이-루프,KG모빌리티(쌍용),004,국산,코란도,011,코란도 투리스모,,13~19,encar,디젤,2.0,False,4WD,11,,,하이 루프,,False,False
mf-004.md-011.sm-코란도-투리스모.pw-디젤-2-0-4wd.tr-gt,KG모빌리티(쌍용),004,국산,코란도,011,코란도 투리스모,,13~19,encar,디젤,2.0,False,4WD,11,,,GT,2948,False,False
mf-004.md-011.sm-코란도-투리스모.pw-디젤-2-0-4wd.tr-익스트림,KG모빌리티(쌍용),004,국산,코란도,011,코란도 투리스모,,13~19,encar,디젤,2.0,False,4WD,11,,,익스트림,2649,False,False
mf-004.md-011.sm-코란도-투리스모.pw-디젤-2-0-4wd.tr-rt,KG모빌리티(쌍용),004,국산,코란도,011,코란도 투리스모,,13~19,encar,디젤,2.0,False,4WD,11,,,RT,3394,False,False
mf-004.md-011.sm-코란도-투리스모.pw-디젤-2-2-4wd.tr-세부등급-없음,KG모빌리티(쌍용),004,국산,코란도,011,코란도 투리스모,,13~19,encar,디젤,2.2,False,4WD,9,,,(세부등급 없음),,False,False
mf-004.md-011.sm-코란도-투리스모.pw-디젤-2-2-4wd.tr-하이-루프,KG모빌리티(쌍용),004,국산,코란도,011,코란도 투리스모,,13~19,encar,디젤,2.2,False,4WD,9,,,하이 루프,,False,False
mf-004.md-011.sm-코란도-투리스모.pw-디젤-2-2-4wd.tr-tx,KG모빌리티(쌍용),004,국산,코란도,011,코란도 투리스모,,13~19,encar,디젤,2.2,False,4WD,9,,,TX,,False,False
mf-004.md-011.sm-코란도-투리스모.pw-디젤-2-2-4wd.tr-아웃도어-에디션,KG모빌리티(쌍용),004,국산,코란도,011,코란도 투리스모,,13~19,encar,디젤,2.2,False,4WD,9,,,아웃도어 에디션,,False,False
mf-004.md-011.sm-코란도-투리스모.pw-디젤-2-2-4wd.tr-익스트림-스포츠,KG모빌리티(쌍용),004,국산,코란도,011,코란도 투리스모,,13~19,encar,디젤,2.2,False,4WD,9,,,익스트림 스포츠,2700,False,False
mf-004.md-011.sm-코란도-투리스모.pw-디젤-2-2-4wd.tr-rx,KG모빌리티(쌍용),004,국산,코란도,011,코란도 투리스모,,13~19,encar,디젤,2.2,False,4WD,9,,,RX,2713,False,False
mf-004.md-011.sm-코란도-투리스모.pw-디젤-2-2-4wd.tr-하이-리무진,KG모빌리티(쌍용),004,국산,코란도,011,코란도 투리스모,,13~19,encar,디젤,2.2,False,4WD,9,,,하이 리무진,,False,False
mf-004.md-011.sm-코란도-투리스모.pw-디젤-2-2-4wd.tr-tx,KG모빌리티(쌍용),004,국산,코란도,011,코란도 투리스모,,13~19,encar,디젤,2.2,False,4WD,11,,,TX,,False,False
mf-004.md-011.sm-코란도-투리스모.pw-디젤-2-2-4wd.tr-rx,KG모빌리티(쌍용),004,국산,코란도,011,코란도 투리스모,,13~19,encar,디젤,2.2,False,4WD,11,,,RX,2713,False,False
mf-004.md-011.sm-코란도-투리스모.pw-디젤-2-0-2wd.tr-lt,KG모빌리티(쌍용),004,국산,코란도,011,코란도 투리스모,,13~19,encar,디젤,2.0,False,2WD,9,,,LT,2480,False,False
mf-004.md-011.sm-코란도-투리스모.pw-디젤-2-0-2wd.tr-익스트림,KG모빌리티(쌍용),004,국산,코란도,011,코란도 투리스모,,13~19,encar,디젤,2.0,False,2WD,9,,,익스트림,2649,False,False
mf-004.md-011.sm-코란도-투리스모.pw-디젤-2-0-4wd.tr-lt,KG모빌리티(쌍용),004,국산,코란도,011,코란도 투리스모,,13~19,encar,디젤,2.0,False,4WD,9,,,LT,2480,False,False
mf-004.md-011.sm-코란도-투리스모.pw-디젤-2-0-4wd.tr-어드벤처-60주년-에디션,KG모빌리티(쌍용),004,국산,코란도,011,코란도 투리스모,,13~19,encar,디젤,2.0,False,4WD,9,,,어드벤처 60주년 에디션,,False,False
mf-004.md-011.sm-코란도-투리스모.pw-디젤-2-0-4wd.tr-gt,KG모빌리티(쌍용),004,국산,코란도,011,코란도 투리스모,,13~19,encar,디젤,2.0,False,4WD,9,,,GT,2948,False,False
mf-004.md-011.sm-코란도-투리스모.pw-디젤-2-0-4wd.tr-익스트림,KG모빌리티(쌍용),004,국산,코란도,011,코란도 투리스모,,13~19,encar,디젤,2.0,False,4WD,9,,,익스트림,2649,False,False
mf-004.md-011.sm-코란도-투리스모.pw-디젤-2-0-2wd.tr-lt,KG모빌리티(쌍용),004,국산,코란도,011,코란도 투리스모,,13~19,encar,디젤,2.0,False,2WD,11,,,LT,2480,False,False
mf-004.md-011.sm-코란도-투리스모.pw-디젤-2-0-2wd.tr-익스트림,KG모빌리티(쌍용),004,국산,코란도,011,코란도 투리스모,,13~19,encar,디젤,2.0,False,2WD,11,,,익스트림,2649,False,False
mf-004.md-011.sm-코란도-투리스모.pw-디젤-2-0-2wd.tr-rt,KG모빌리티(쌍용),004,국산,코란도,011,코란도 투리스모,,13~19,encar,디젤,2.0,False,2WD,11,,,RT,3394,False,False
mf-004.md-011.sm-코란도-투리스모.pw-디젤-2-0-4wd.tr-rt,KG모빌리티(쌍용),004,국산,코란도,011,코란도 투리스모,,13~19,encar,디젤,2.0,False,4WD,,,,RT,3394,False,False
mf-004.md-011.sm-코란도-투리스모.pw-디젤-2-2-2wd.tr-kx,KG모빌리티(쌍용),004,국산,코란도,011,코란도 투리스모,,13~19,encar,디젤,2.2,False,2WD,11,,,KX,2243,False,False
mf-004.md-011.sm-코란도-스포츠.pw-디젤-2-0-4wd.tr-비전,KG모빌리티(쌍용),004,국산,코란도,011,코란도 스포츠,,12~16,encar,디젤,2.0,False,4WD,5,,,비전,,False,False
mf-004.md-011.sm-코란도-스포츠.pw-디젤-2-0-4wd.tr-클럽,KG모빌리티(쌍용),004,국산,코란도,011,코란도 스포츠,,12~16,encar,디젤,2.0,False,4WD,5,,,클럽,,False,False
mf-004.md-011.sm-코란도-스포츠.pw-디젤-2-0-4wd.tr-패션,KG모빌리티(쌍용),004,국산,코란도,011,코란도 스포츠,,12~16,encar,디젤,2.0,False,4WD,5,,,패션,,False,False
mf-004.md-011.sm-코란도-스포츠.pw-디젤-2-0-4wd.tr-어드벤처-60주년-에디션,KG모빌리티(쌍용),004,국산,코란도,011,코란도 스포츠,,12~16,encar,디젤,2.0,False,4WD,5,,,어드벤처 60주년 에디션,,False,False
mf-004.md-011.sm-코란도-스포츠.pw-디젤-2-0-4wd.tr-익스트림,KG모빌리티(쌍용),004,국산,코란도,011,코란도 스포츠,,12~16,encar,디젤,2.0,False,4WD,5,,,익스트림,2649,False,False
mf-004.md-011.sm-코란도-스포츠.pw-디젤-2-0-2wd.tr-에코,KG모빌리티(쌍용),004,국산,코란도,011,코란도 스포츠,,12~16,encar,디젤,2.0,False,2WD,5,,,에코,,False,False
mf-004.md-011.sm-코란도-스포츠.pw-디젤-2-0-2wd.tr-클럽,KG모빌리티(쌍용),004,국산,코란도,011,코란도 스포츠,,12~16,encar,디젤,2.0,False,2WD,5,,,클럽,,False,False
mf-004.md-011.sm-코란도-스포츠.pw-디젤-2-0-2wd.tr-패션,KG모빌리티(쌍용),004,국산,코란도,011,코란도 스포츠,,12~16,encar,디젤,2.0,False,2WD,5,,,패션,,False,False
mf-004.md-011.sm-c200.pw-디젤-2-0-2wd.tr-세부등급-없음,KG모빌리티(쌍용),004,국산,코란도,011,코란도 C C200,C200,11~13,encar,디젤,2.0,False,2WD,5,,,(세부등급 없음),,False,False
mf-004.md-011.sm-c200.pw-디젤-2-0-2wd.tr-기본형,KG모빌리티(쌍용),004,국산,코란도,011,코란도 C C200,C200,11~13,encar,디젤,2.0,False,2WD,5,,,기본형,2243,False,False
mf-004.md-011.sm-c200.pw-디젤-2-0-2wd.tr-파크,KG모빌리티(쌍용),004,국산,코란도,011,코란도 C C200,C200,11~13,encar,디젤,2.0,False,2WD,5,,,파크,,False,False
mf-004.md-011.sm-c200.pw-디젤-2-0-2wd.tr-럭셔리,KG모빌리티(쌍용),004,국산,코란도,011,코란도 C C200,C200,11~13,encar,디젤,2.0,False,2WD,5,,,럭셔리,,False,False
mf-004.md-011.sm-c200.pw-디젤-2-0-4wd.tr-기본형,KG모빌리티(쌍용),004,국산,코란도,011,코란도 C C200,C200,11~13,encar,디젤,2.0,False,4WD,5,,,기본형,2243,False,False
mf-004.md-011.sm-c200.pw-디젤-2-0-4wd.tr-비트,KG모빌리티(쌍용),004,국산,코란도,011,코란도 C C200,C200,11~13,encar,디젤,2.0,False,4WD,5,,,비트,,False,False
mf-004.md-011.sm-c200.pw-디젤-2-0-4wd.tr-컴포트,KG모빌리티(쌍용),004,국산,코란도,011,코란도 C C200,C200,11~13,encar,디젤,2.0,False,4WD,5,,,컴포트,,False,False
mf-004.md-011.sm-c200.pw-디젤-2-0-4wd.tr-파크,KG모빌리티(쌍용),004,국산,코란도,011,코란도 C C200,C200,11~13,encar,디젤,2.0,False,4WD,5,,,파크,,False,False
mf-004.md-011.sm-c200.pw-디젤-2-0-4wd.tr-리미티드,KG모빌리티(쌍용),004,국산,코란도,011,코란도 C C200,C200,11~13,encar,디젤,2.0,False,4WD,5,,,리미티드,,False,False
mf-004.md-011.sm-뉴코란도.pw-디젤-2-9.tr-고급형,KG모빌리티(쌍용),004,국산,코란도,011,뉴코란도,,96~05,encar,디젤,2.9,False,,4,,,고급형,2565,False,False
mf-004.md-011.sm-뉴코란도.pw-디젤-2-9.tr-일반형,KG모빌리티(쌍용),004,국산,코란도,011,뉴코란도,,96~05,encar,디젤,2.9,False,,2,,,일반형,,False,False
mf-004.md-011.sm-뉴코란도.pw-디젤-2-9.tr-고급형,KG모빌리티(쌍용),004,국산,코란도,011,뉴코란도,,96~05,encar,디젤,2.9,False,,2,,,고급형,2565,False,False
mf-004.md-011.sm-뉴코란도.pw-디젤-2-9.tr-최고급형,KG모빌리티(쌍용),004,국산,코란도,011,뉴코란도,,96~05,encar,디젤,2.9,False,,2,,,최고급형,2877,False,False
mf-004.md-011.sm-코란도-훼미리.pw-디젤-2-2.tr-r,KG모빌리티(쌍용),004,국산,코란도,011,코란도 훼미리,,88~96,encar,디젤,2.2,False,,6,,,R,,False,False
mf-004.md-011.sm-코란도-지프.pw-디젤-1-8.tr-디럭스-rs,KG모빌리티(쌍용),004,국산,코란도,011,코란도 지프,,69~96,encar,디젤,1.8,False,,9,,,디럭스 RS,,False,False
mf-004.md-013.sm-j116-j140.pw-가솔린-lpg-1-5-2wd.tr-택시형,KG모빌리티(쌍용),004,국산,토레스,013,더 뉴 토레스 J116/J140,J116/J140,24~현재,encar,가솔린+LPG,1.5,False,2WD,5,,,택시형,2700,True,False
mf-004.md-013.sm-j116-j140.pw-가솔린-lpg-1-5-2wd.tr-블랙에디션,KG모빌리티(쌍용),004,국산,토레스,013,더 뉴 토레스 J116/J140,J116/J140,24~현재,encar,가솔린+LPG,1.5,False,2WD,5,,,블랙에디션,3550,False,True
mf-004.md-013.sm-j116-j140.pw-가솔린-lpg-1-5-2wd.tr-tl7,KG모빌리티(쌍용),004,국산,토레스,013,더 뉴 토레스 J116/J140,J116/J140,24~현재,encar,가솔린+LPG,1.5,False,2WD,5,,,TL7,3559,False,False
mf-004.md-013.sm-j116-j140.pw-가솔린-1-5-2wd.tr-tv5,KG모빌리티(쌍용),004,국산,토레스,013,더 뉴 토레스 J116/J140,J116/J140,24~현재,encar,가솔린,1.5,False,2WD,2,,,TV5,2666,False,False
mf-004.md-013.sm-j116-j140.pw-가솔린-1-5-2wd.tr-t5,KG모빌리티(쌍용),004,국산,토레스,013,더 뉴 토레스 J116/J140,J116/J140,24~현재,encar,가솔린,1.5,False,2WD,2,,,T5,2838,False,False
mf-004.md-013.sm-j116-j140.pw-가솔린-1-5-2wd.tr-tv7,KG모빌리티(쌍용),004,국산,토레스,013,더 뉴 토레스 J116/J140,J116/J140,24~현재,encar,가솔린,1.5,False,2WD,2,,,TV7,3042,False,False
mf-004.md-013.sm-j116-j140.pw-가솔린-1-5-2wd.tr-t7,KG모빌리티(쌍용),004,국산,토레스,013,더 뉴 토레스 J116/J140,J116/J140,24~현재,encar,가솔린,1.5,False,2WD,2,,,T7,3229,False,False
mf-004.md-013.sm-j116-j140.pw-가솔린-1-5-2wd.tr-블랙엣지,KG모빌리티(쌍용),004,국산,토레스,013,더 뉴 토레스 J116/J140,J116/J140,24~현재,encar,가솔린,1.5,False,2WD,2,,,블랙엣지,3515,False,True
mf-004.md-013.sm-j116-j140.pw-가솔린-1-5-2wd.tr-블랙에디션,KG모빌리티(쌍용),004,국산,토레스,013,더 뉴 토레스 J116/J140,J116/J140,24~현재,encar,가솔린,1.5,False,2WD,2,,,블랙에디션,3550,False,True
mf-004.md-013.sm-j116-j140.pw-가솔린-1-5-4wd.tr-tv7,KG모빌리티(쌍용),004,국산,토레스,013,더 뉴 토레스 J116/J140,J116/J140,24~현재,encar,가솔린,1.5,False,4WD,5,,,TV7,3042,False,False
mf-004.md-013.sm-j116-j140.pw-가솔린-1-5-4wd.tr-t7,KG모빌리티(쌍용),004,국산,토레스,013,더 뉴 토레스 J116/J140,J116/J140,24~현재,encar,가솔린,1.5,False,4WD,5,,,T7,3229,False,False
mf-004.md-013.sm-j116-j140.pw-가솔린-1-5-4wd.tr-블랙에디션,KG모빌리티(쌍용),004,국산,토레스,013,더 뉴 토레스 J116/J140,J116/J140,24~현재,encar,가솔린,1.5,False,4WD,5,,,블랙에디션,3550,False,True
mf-004.md-013.sm-j116-j140.pw-하이브리드-1-5-2wd.tr-t5,KG모빌리티(쌍용),004,국산,토레스,013,더 뉴 토레스 J116/J140,J116/J140,24~현재,encar,하이브리드,1.5,False,2WD,5,,,T5,2838,False,False
mf-004.md-013.sm-j116-j140.pw-하이브리드-1-5-2wd.tr-t7,KG모빌리티(쌍용),004,국산,토레스,013,더 뉴 토레스 J116/J140,J116/J140,24~현재,encar,하이브리드,1.5,False,2WD,5,,,T7,3229,False,False
mf-004.md-013.sm-j116-j140.pw-하이브리드-1-5-2wd.tr-블랙엣지,KG모빌리티(쌍용),004,국산,토레스,013,더 뉴 토레스 J116/J140,J116/J140,24~현재,encar,하이브리드,1.5,False,2WD,5,,,블랙엣지,3515,False,True
mf-004.md-013.sm-j116-j140.pw-가솔린-lpg-1-5-4wd.tr-tl7,KG모빌리티(쌍용),004,국산,토레스,013,더 뉴 토레스 J116/J140,J116/J140,24~현재,encar,가솔린+LPG,1.5,False,4WD,5,,,TL7,3559,False,False
mf-004.md-013.sm-u100.pw-전기.tr-e5,KG모빌리티(쌍용),004,국산,토레스,013,토레스 EVX U100,U100,23~현재,encar,전기,,False,,5,,,E5,4550,False,False
mf-004.md-013.sm-u100.pw-전기.tr-e7,KG모빌리티(쌍용),004,국산,토레스,013,토레스 EVX U100,U100,23~현재,encar,전기,,False,,5,,,E7,4760,False,False
mf-004.md-013.sm-u100.pw-전기.tr-tv7,KG모빌리티(쌍용),004,국산,토레스,013,토레스 EVX U100,U100,23~현재,encar,전기,,False,,2,,,TV7,3042,False,False
mf-004.md-013.sm-j100.pw-가솔린-1-5-2wd.tr-t5,KG모빌리티(쌍용),004,국산,토레스,013,토레스 J100,J100,22~24,encar,가솔린,1.5,False,2WD,5,,,T5,2838,False,False
mf-004.md-013.sm-j100.pw-가솔린-1-5-2wd.tr-t7,KG모빌리티(쌍용),004,국산,토레스,013,토레스 J100,J100,22~24,encar,가솔린,1.5,False,2WD,5,,,T7,3229,False,False
mf-004.md-013.sm-j100.pw-가솔린-1-5-2wd.tr-블랙에디션,KG모빌리티(쌍용),004,국산,토레스,013,토레스 J100,J100,22~24,encar,가솔린,1.5,False,2WD,5,,,블랙에디션,3550,False,True
mf-004.md-013.sm-j100.pw-가솔린-1-5-4wd.tr-tv7,KG모빌리티(쌍용),004,국산,토레스,013,토레스 J100,J100,22~24,encar,가솔린,1.5,False,4WD,5,,,TV7,3042,False,False
mf-004.md-013.sm-j100.pw-가솔린-1-5-4wd.tr-t7,KG모빌리티(쌍용),004,국산,토레스,013,토레스 J100,J100,22~24,encar,가솔린,1.5,False,4WD,5,,,T7,3229,False,False
mf-004.md-013.sm-j100.pw-가솔린-lpg-1-5-2wd.tr-tl7,KG모빌리티(쌍용),004,국산,토레스,013,토레스 J100,J100,22~24,encar,가솔린+LPG,1.5,False,2WD,5,,,TL7,3559,False,False
mf-004.md-013.sm-j100.pw-가솔린-lpg-1-5-4wd.tr-tl7,KG모빌리티(쌍용),004,국산,토레스,013,토레스 J100,J100,22~24,encar,가솔린+LPG,1.5,False,4WD,5,,,TL7,3559,False,False
mf-004.md-006.sm-액티언-2세대.pw-하이브리드-1-5-2wd.tr-s8,KG모빌리티(쌍용),004,국산,액티언,006,액티언 2세대,,24~현재,encar,하이브리드,1.5,False,2WD,5,,,S8,,False,False
mf-004.md-006.sm-액티언-2세대.pw-가솔린-1-5-2wd.tr-s7,KG모빌리티(쌍용),004,국산,액티언,006,액티언 2세대,,24~현재,encar,가솔린,1.5,False,2WD,5,,,S7,,False,False
mf-004.md-006.sm-액티언-2세대.pw-가솔린-1-5-2wd.tr-s8,KG모빌리티(쌍용),004,국산,액티언,006,액티언 2세대,,24~현재,encar,가솔린,1.5,False,2WD,5,,,S8,,False,False
mf-004.md-006.sm-액티언-2세대.pw-가솔린-1-5-2wd.tr-s9,KG모빌리티(쌍용),004,국산,액티언,006,액티언 2세대,,24~현재,encar,가솔린,1.5,False,2WD,5,,,S9,,False,False
mf-004.md-006.sm-액티언-2세대.pw-가솔린-1-5-4wd.tr-s7,KG모빌리티(쌍용),004,국산,액티언,006,액티언 2세대,,24~현재,encar,가솔린,1.5,False,4WD,5,,,S7,,False,False
mf-004.md-006.sm-액티언-2세대.pw-가솔린-1-5-4wd.tr-s9,KG모빌리티(쌍용),004,국산,액티언,006,액티언 2세대,,24~현재,encar,가솔린,1.5,False,4WD,5,,,S9,,False,False
mf-004.md-006.sm-액티언-스포츠.pw-디젤-2-0-2wd.tr-ax5-클럽,KG모빌리티(쌍용),004,국산,액티언,006,액티언 스포츠,,06~11,encar,디젤,2.0,False,2WD,5,,,AX5 클럽,,False,False
mf-004.md-006.sm-액티언-스포츠.pw-디젤-2-0-2wd.tr-ax5-패션,KG모빌리티(쌍용),004,국산,액티언,006,액티언 스포츠,,06~11,encar,디젤,2.0,False,2WD,5,,,AX5 패션,,False,False
mf-004.md-006.sm-액티언-스포츠.pw-디젤-2-0-4wd.tr-ax7-클럽,KG모빌리티(쌍용),004,국산,액티언,006,액티언 스포츠,,06~11,encar,디젤,2.0,False,4WD,5,,,AX7 클럽,,False,False
mf-004.md-006.sm-액티언-스포츠.pw-디젤-2-0-4wd.tr-ax7-패션,KG모빌리티(쌍용),004,국산,액티언,006,액티언 스포츠,,06~11,encar,디젤,2.0,False,4WD,5,,,AX7 패션,,False,False
mf-004.md-006.sm-액티언.pw-디젤-2-0-4wd.tr-고급형,KG모빌리티(쌍용),004,국산,액티언,006,액티언,,05~11,encar,디젤,2.0,False,4WD,5,,,고급형,,False,False
mf-004.md-006.sm-액티언.pw-디젤-2-0-2wd.tr-기본형,KG모빌리티(쌍용),004,국산,액티언,006,액티언,,05~11,encar,디젤,2.0,False,2WD,5,,,기본형,,False,False
mf-004.md-006.sm-액티언.pw-디젤-2-0-2wd.tr-최고급형,KG모빌리티(쌍용),004,국산,액티언,006,액티언,,05~11,encar,디젤,2.0,False,2WD,5,,,최고급형,,False,False
mf-004.md-008.sm-뉴체어맨-w.pw-가솔린-3-2.tr-svip,KG모빌리티(쌍용),004,국산,체어맨,008,뉴체어맨 W,,11~17,encar,가솔린,3.2,False,,5,,,SVIP,,False,False
mf-004.md-008.sm-뉴체어맨-w.pw-가솔린-3-2.tr-vip,KG모빌리티(쌍용),004,국산,체어맨,008,뉴체어맨 W,,11~17,encar,가솔린,3.2,False,,5,,,VIP,,False,False
mf-004.md-008.sm-뉴체어맨-w.pw-가솔린-3-2.tr-럭셔리,KG모빌리티(쌍용),004,국산,체어맨,008,뉴체어맨 W,,11~17,encar,가솔린,3.2,False,,5,,,럭셔리,,False,False
mf-004.md-008.sm-뉴체어맨-w.pw-가솔린-3-2.tr-프레스티지,KG모빌리티(쌍용),004,국산,체어맨,008,뉴체어맨 W,,11~17,encar,가솔린,3.2,False,,5,,,프레스티지,,False,False
mf-004.md-008.sm-뉴체어맨-w.pw-가솔린-3-6.tr-vip,KG모빌리티(쌍용),004,국산,체어맨,008,뉴체어맨 W,,11~17,encar,가솔린,3.6,False,,5,,,VIP,,False,False
mf-004.md-008.sm-뉴체어맨-w.pw-가솔린-3-6.tr-vvip,KG모빌리티(쌍용),004,국산,체어맨,008,뉴체어맨 W,,11~17,encar,가솔린,3.6,False,,5,,,VVIP,,False,False
mf-004.md-008.sm-뉴체어맨-w.pw-가솔린-3-6.tr-럭셔리,KG모빌리티(쌍용),004,국산,체어맨,008,뉴체어맨 W,,11~17,encar,가솔린,3.6,False,,5,,,럭셔리,,False,False
mf-004.md-008.sm-뉴체어맨-w.pw-가솔린-3-6.tr-리무진,KG모빌리티(쌍용),004,국산,체어맨,008,뉴체어맨 W,,11~17,encar,가솔린,3.6,False,,5,,,리무진,,False,False
mf-004.md-008.sm-뉴체어맨-w.pw-가솔린-3-6.tr-익스큐티브,KG모빌리티(쌍용),004,국산,체어맨,008,뉴체어맨 W,,11~17,encar,가솔린,3.6,False,,5,,,익스큐티브,,False,False
mf-004.md-008.sm-뉴체어맨-w.pw-가솔린-3-6.tr-프레스티지,KG모빌리티(쌍용),004,국산,체어맨,008,뉴체어맨 W,,11~17,encar,가솔린,3.6,False,,5,,,프레스티지,,False,False
mf-004.md-008.sm-뉴체어맨-w.pw-가솔린-lpg-5-0.tr-구조변경-바이퓨얼,KG모빌리티(쌍용),004,국산,체어맨,008,뉴체어맨 W,,11~17,encar,가솔린+LPG,5.0,False,,5,,,구조변경 (바이퓨얼),,False,False
mf-004.md-008.sm-뉴체어맨-w.pw-가솔린-5-0.tr-vvip,KG모빌리티(쌍용),004,국산,체어맨,008,뉴체어맨 W,,11~17,encar,가솔린,5.0,False,,5,,,VVIP,,False,False
mf-004.md-008.sm-뉴체어맨-w.pw-가솔린-5-0.tr-리무진,KG모빌리티(쌍용),004,국산,체어맨,008,뉴체어맨 W,,11~17,encar,가솔린,5.0,False,,5,,,리무진,,False,False
mf-004.md-008.sm-뉴체어맨-w.pw-가솔린-5-0.tr-서밋,KG모빌리티(쌍용),004,국산,체어맨,008,뉴체어맨 W,,11~17,encar,가솔린,5.0,False,,4,,,서밋,,False,False
mf-004.md-008.sm-체어맨-h-뉴-클래식.pw-가솔린-2-8.tr-500s-vip,KG모빌리티(쌍용),004,국산,체어맨,008,체어맨 H 뉴 클래식,,11~14,encar,가솔린,2.8,False,,5,,,500S VIP,,False,False
mf-004.md-008.sm-체어맨-h-뉴-클래식.pw-가솔린-2-8.tr-500s-고급형,KG모빌리티(쌍용),004,국산,체어맨,008,체어맨 H 뉴 클래식,,11~14,encar,가솔린,2.8,False,,5,,,500S 고급형,,False,False
mf-004.md-008.sm-체어맨-h-뉴-클래식.pw-가솔린-2-8.tr-500s-최고급형,KG모빌리티(쌍용),004,국산,체어맨,008,체어맨 H 뉴 클래식,,11~14,encar,가솔린,2.8,False,,5,,,500S 최고급형,,False,False
mf-004.md-008.sm-체어맨-h-뉴-클래식.pw-가솔린-3-2.tr-600s-vip,KG모빌리티(쌍용),004,국산,체어맨,008,체어맨 H 뉴 클래식,,11~14,encar,가솔린,3.2,False,,5,,,600S VIP,,False,False
mf-004.md-008.sm-체어맨-h-뉴-클래식.pw-가솔린-3-2.tr-600s-최고급형,KG모빌리티(쌍용),004,국산,체어맨,008,체어맨 H 뉴 클래식,,11~14,encar,가솔린,3.2,False,,5,,,600S 최고급형,,False,False
mf-004.md-008.sm-체어맨-w.pw-가솔린-lpg-3-2.tr-구조변경,KG모빌리티(쌍용),004,국산,체어맨,008,체어맨 W,,08~11,encar,가솔린+LPG,3.2,False,,5,,,구조변경 ( ),,False,False
mf-004.md-008.sm-체어맨-w.pw-가솔린-3-6.tr-vvip,KG모빌리티(쌍용),004,국산,체어맨,008,체어맨 W,,08~11,encar,가솔린,3.6,False,,5,,,VVIP,,False,False
mf-004.md-008.sm-체어맨-w.pw-가솔린-3-6.tr-럭셔리-그레이-에디션,KG모빌리티(쌍용),004,국산,체어맨,008,체어맨 W,,08~11,encar,가솔린,3.6,False,,5,,,럭셔리 그레이 에디션,,False,False
mf-004.md-008.sm-체어맨-w.pw-가솔린-3-6.tr-리무진,KG모빌리티(쌍용),004,국산,체어맨,008,체어맨 W,,08~11,encar,가솔린,3.6,False,,5,,,리무진,,False,False
mf-004.md-008.sm-체어맨-w.pw-가솔린-3-6.tr-프레스티지,KG모빌리티(쌍용),004,국산,체어맨,008,체어맨 W,,08~11,encar,가솔린,3.6,False,,5,,,프레스티지,,False,False
mf-004.md-008.sm-체어맨-w.pw-가솔린-3-2.tr-럭셔리,KG모빌리티(쌍용),004,국산,체어맨,008,체어맨 W,,08~11,encar,가솔린,3.2,False,,5,,,럭셔리,,False,False
mf-004.md-008.sm-체어맨-w.pw-가솔린-3-2.tr-프레스티지,KG모빌리티(쌍용),004,국산,체어맨,008,체어맨 W,,08~11,encar,가솔린,3.2,False,,5,,,프레스티지,,False,False
mf-004.md-008.sm-체어맨-h.pw-가솔린-3-2.tr-600s-최고급형,KG모빌리티(쌍용),004,국산,체어맨,008,체어맨 H,,08~11,encar,가솔린,3.2,False,,5,,,600S 최고급형,,False,False
mf-004.md-008.sm-뉴체어맨.pw-가솔린-2-8.tr-트라이엄,KG모빌리티(쌍용),004,국산,체어맨,008,뉴체어맨,,03~08,encar,가솔린,2.8,False,,5,,,트라이엄,,False,False
mf-004.md-008.sm-뉴체어맨.pw-가솔린-2-3.tr-마제스티,KG모빌리티(쌍용),004,국산,체어맨,008,뉴체어맨,,03~08,encar,가솔린,2.3,False,,5,,,마제스티,,False,False
mf-004.md-008.sm-뉴체어맨.pw-가솔린-2-3.tr-트라이엄,KG모빌리티(쌍용),004,국산,체어맨,008,뉴체어맨,,03~08,encar,가솔린,2.3,False,,5,,,트라이엄,,False,False
mf-004.md-008.sm-뉴체어맨.pw-가솔린-3-2.tr-마제스티,KG모빌리티(쌍용),004,국산,체어맨,008,뉴체어맨,,03~08,encar,가솔린,3.2,False,,5,,,마제스티,,False,False
mf-004.md-008.sm-체어맨.pw-가솔린-3-2.tr-cm600s,KG모빌리티(쌍용),004,국산,체어맨,008,체어맨,,97~03,encar,가솔린,3.2,False,,5,,,CM600S,,False,False
mf-004.md-008.sm-체어맨.pw-가솔린-2-8.tr-cm500s,KG모빌리티(쌍용),004,국산,체어맨,008,체어맨,,97~03,encar,가솔린,2.8,False,,5,,,CM500S,,False,False
mf-004.md-005.sm-q300.pw-디젤-2-2-4wd.tr-m7,KG모빌리티(쌍용),004,국산,무쏘,005,무쏘 Q300,Q300,26~현재,encar,디젤,2.2,False,4WD,5,,,M7,,False,False
mf-004.md-005.sm-q300.pw-디젤-2-2-4wd.tr-m7-그랜드-스타일,KG모빌리티(쌍용),004,국산,무쏘,005,무쏘 Q300,Q300,26~현재,encar,디젤,2.2,False,4WD,5,,,M7 그랜드 스타일,,False,False
mf-004.md-005.sm-q300.pw-디젤-2-2-4wd.tr-m7-롱-데크-그랜드-스타일,KG모빌리티(쌍용),004,국산,무쏘,005,무쏘 Q300,Q300,26~현재,encar,디젤,2.2,False,4WD,5,,,M7 롱 데크 그랜드 스타일,,False,False
mf-004.md-005.sm-q300.pw-디젤-2-2-4wd.tr-m9,KG모빌리티(쌍용),004,국산,무쏘,005,무쏘 Q300,Q300,26~현재,encar,디젤,2.2,False,4WD,5,,,M9,,False,False
mf-004.md-005.sm-q300.pw-디젤-2-2-4wd.tr-m9-그랜드-스타일,KG모빌리티(쌍용),004,국산,무쏘,005,무쏘 Q300,Q300,26~현재,encar,디젤,2.2,False,4WD,5,,,M9 그랜드 스타일,,False,False
mf-004.md-005.sm-q300.pw-디젤-2-2-4wd.tr-m9-롱-데크,KG모빌리티(쌍용),004,국산,무쏘,005,무쏘 Q300,Q300,26~현재,encar,디젤,2.2,False,4WD,5,,,M9 롱 데크,,False,False
mf-004.md-005.sm-q300.pw-디젤-2-2-4wd.tr-m9-롱-데크-그랜드-스타일,KG모빌리티(쌍용),004,국산,무쏘,005,무쏘 Q300,Q300,26~현재,encar,디젤,2.2,False,4WD,5,,,M9 롱 데크 그랜드 스타일,,False,False
mf-004.md-005.sm-q300.pw-가솔린-2-0-4wd.tr-m9,KG모빌리티(쌍용),004,국산,무쏘,005,무쏘 Q300,Q300,26~현재,encar,가솔린,2.0,False,4WD,5,,,M9,,False,False
mf-004.md-005.sm-q300.pw-가솔린-2-0-4wd.tr-m9-그랜드-스타일,KG모빌리티(쌍용),004,국산,무쏘,005,무쏘 Q300,Q300,26~현재,encar,가솔린,2.0,False,4WD,5,,,M9 그랜드 스타일,,False,False
mf-004.md-005.sm-q300.pw-가솔린-2-0-4wd.tr-m9-롱-데크,KG모빌리티(쌍용),004,국산,무쏘,005,무쏘 Q300,Q300,26~현재,encar,가솔린,2.0,False,4WD,5,,,M9 롱 데크,,False,False
mf-004.md-005.sm-q250.pw-디젤-2-2-2wd.tr-프레스티지,KG모빌리티(쌍용),004,국산,무쏘,005,무쏘 스포츠 Q250,Q250,25~26,encar,디젤,2.2,False,2WD,5,,,프레스티지,,False,False
mf-004.md-005.sm-q250.pw-디젤-2-2-4wd.tr-와일드,KG모빌리티(쌍용),004,국산,무쏘,005,무쏘 스포츠 Q250,Q250,25~26,encar,디젤,2.2,False,4WD,5,,,와일드,,False,False
mf-004.md-005.sm-q250.pw-디젤-2-2-4wd.tr-프레스티지,KG모빌리티(쌍용),004,국산,무쏘,005,무쏘 스포츠 Q250,Q250,25~26,encar,디젤,2.2,False,4WD,5,,,프레스티지,,False,False
mf-004.md-005.sm-q250.pw-디젤-2-2-2wd.tr-프레스티지,KG모빌리티(쌍용),004,국산,무쏘,005,무쏘 스포츠 칸 Q250,Q250,25~26,encar,디젤,2.2,False,2WD,5,,,프레스티지,,False,False
mf-004.md-005.sm-q250.pw-디젤-2-2-4wd.tr-와일드,KG모빌리티(쌍용),004,국산,무쏘,005,무쏘 스포츠 칸 Q250,Q250,25~26,encar,디젤,2.2,False,4WD,5,,,와일드,,False,False
mf-004.md-005.sm-q250.pw-디젤-2-2-4wd.tr-프레스티지,KG모빌리티(쌍용),004,국산,무쏘,005,무쏘 스포츠 칸 Q250,Q250,25~26,encar,디젤,2.2,False,4WD,5,,,프레스티지,,False,False
mf-004.md-005.sm-o100.pw-전기-80-6-awd.tr-mx,KG모빌리티(쌍용),004,국산,무쏘,005,무쏘 EV O100,O100,25~현재,encar,전기,,False,AWD,5,80.6,342,MX,,False,False
mf-004.md-005.sm-o100.pw-전기-80-6-awd.tr-블랙엣지,KG모빌리티(쌍용),004,국산,무쏘,005,무쏘 EV O100,O100,25~현재,encar,전기,,False,AWD,5,80.6,342,블랙엣지,,False,False
mf-004.md-005.sm-o100.pw-전기.tr-mx,KG모빌리티(쌍용),004,국산,무쏘,005,무쏘 EV O100,O100,25~현재,encar,전기,,False,,5,,,MX,,False,False
mf-004.md-005.sm-o100.pw-전기.tr-블랙엣지,KG모빌리티(쌍용),004,국산,무쏘,005,무쏘 EV O100,O100,25~현재,encar,전기,,False,,5,,,블랙엣지,,False,False
mf-004.md-005.sm-무쏘-스포츠.pw-디젤-2-9-4wd.tr-고급형,KG모빌리티(쌍용),004,국산,무쏘,005,무쏘 스포츠,,02~06,encar,디젤,2.9,False,4WD,5,,,고급형,,False,False
mf-004.md-005.sm-무쏘-스포츠.pw-디젤-2-9-4wd.tr-최고급형,KG모빌리티(쌍용),004,국산,무쏘,005,무쏘 스포츠,,02~06,encar,디젤,2.9,False,4WD,5,,,최고급형,,False,False
mf-004.md-005.sm-뉴무쏘.pw-가솔린-3-2.tr-320lx,KG모빌리티(쌍용),004,국산,무쏘,005,뉴무쏘,,98~04,encar,가솔린,3.2,False,,5,,,320LX,,False,False
mf-004.md-005.sm-뉴무쏘.pw-디젤-2-3-4wd.tr-세부등급-없음,KG모빌리티(쌍용),004,국산,무쏘,005,뉴무쏘,,98~04,encar,디젤,2.3,False,4WD,7,,,(세부등급 없음),,False,False
mf-004.md-005.sm-무쏘.pw-가솔린-2-3.tr-2300-dohc,KG모빌리티(쌍용),004,국산,무쏘,005,무쏘,,93~98,encar,가솔린,2.3,False,,5,,,2300 DOHC,,False,False
mf-004.md-005.sm-무쏘.pw-가솔린-3-2.tr-3200-il6,KG모빌리티(쌍용),004,국산,무쏘,005,무쏘,,93~98,encar,가솔린,3.2,False,,5,,,3200 IL6,,False,False
mf-004.md-010.sm-뉴카이런.pw-디젤-2-0-4wd.tr-세부등급-없음,KG모빌리티(쌍용),004,국산,카이런,010,뉴카이런,,07~11,encar,디젤,2.0,False,4WD,7,,,(세부등급 없음),,False,False
mf-004.md-010.sm-뉴카이런.pw-디젤-2-0-4wd.tr-기본형,KG모빌리티(쌍용),004,국산,카이런,010,뉴카이런,,07~11,encar,디젤,2.0,False,4WD,5,,,기본형,,False,False
mf-004.md-010.sm-뉴카이런.pw-디젤-2-0-2wd.tr-세부등급-없음,KG모빌리티(쌍용),004,국산,카이런,010,뉴카이런,,07~11,encar,디젤,2.0,False,2WD,7,,,(세부등급 없음),,False,False
mf-004.md-010.sm-뉴카이런.pw-디젤-2-7-awd.tr-하이테크,KG모빌리티(쌍용),004,국산,카이런,010,뉴카이런,,07~11,encar,디젤,2.7,False,AWD,7,,,하이테크,,False,False
mf-004.md-004.sm-로디우스-유로.pw-디젤-2-0-2wd.tr-rd400,KG모빌리티(쌍용),004,국산,로디우스,004,로디우스 유로,,12~13,encar,디젤,2.0,False,2WD,11,,,RD400,,False,False
mf-004.md-004.sm-뉴로디우스.pw-디젤-2-7-2wd.tr-세부등급-없음,KG모빌리티(쌍용),004,국산,로디우스,004,뉴로디우스,,07~12,encar,디젤,2.7,False,2WD,11,,,(세부등급 없음),,False,False
mf-004.md-004.sm-로디우스.pw-디젤-2-7-4wd.tr-ez-스페셜,KG모빌리티(쌍용),004,국산,로디우스,004,로디우스,,04~07,encar,디젤,2.7,False,4WD,11,,,EZ 스페셜,,False,False
mf-004.md-007.sm-이스타나.pw-디젤-2-9.tr-슈퍼프라임,KG모빌리티(쌍용),004,국산,이스타나,007,이스타나,,95~03,encar,디젤,2.9,False,,9,,,슈퍼프라임,,False,False
mf-003.md-043.sm-m400.pw-가솔린-1-0.tr-세부등급-없음,쉐보레(GM대우),003,국산,스파크,043,더 뉴 스파크 M400,M400,18~23,encar,가솔린,1.0,False,,5,,,(세부등급 없음),,False,False
mf-003.md-043.sm-m400.pw-가솔린-1-0.tr-베이직,쉐보레(GM대우),003,국산,스파크,043,더 뉴 스파크 M400,M400,18~23,encar,가솔린,1.0,False,,5,,,베이직,,False,False
mf-003.md-043.sm-m400.pw-가솔린-1-0.tr-lt,쉐보레(GM대우),003,국산,스파크,043,더 뉴 스파크 M400,M400,18~23,encar,가솔린,1.0,False,,5,,,LT,1299,False,False
mf-003.md-043.sm-m400.pw-가솔린-1-0.tr-프리미어,쉐보레(GM대우),003,국산,스파크,043,더 뉴 스파크 M400,M400,18~23,encar,가솔린,1.0,False,,5,,,프리미어,1448,False,False
mf-003.md-043.sm-m400.pw-가솔린-1-0.tr-세부등급-없음,쉐보레(GM대우),003,국산,스파크,043,더 뉴 스파크 M400,M400,18~23,encar,가솔린,1.0,False,,2,,,(세부등급 없음),,False,False
mf-003.md-043.sm-m400.pw-가솔린-1-0.tr-세부등급-없음,쉐보레(GM대우),003,국산,스파크,043,더 넥스트 스파크 M400,M400,15~18,encar,가솔린,1.0,False,,5,,,(세부등급 없음),,False,False
mf-003.md-043.sm-m400.pw-가솔린-1-0.tr-플러스,쉐보레(GM대우),003,국산,스파크,043,더 넥스트 스파크 M400,M400,15~18,encar,가솔린,1.0,False,,5,,,플러스,,False,False
mf-003.md-043.sm-m400.pw-가솔린-1-0.tr-패션,쉐보레(GM대우),003,국산,스파크,043,더 넥스트 스파크 M400,M400,15~18,encar,가솔린,1.0,False,,5,,,패션,,False,True
mf-003.md-043.sm-m400.pw-가솔린-1-0.tr-퍼펙트-블랙-perfect-black,쉐보레(GM대우),003,국산,스파크,043,더 넥스트 스파크 M400,M400,15~18,encar,가솔린,1.0,False,,5,,,퍼펙트 블랙 (Perfect Black),,False,True
mf-003.md-043.sm-m400.pw-가솔린-1-0.tr-ltz,쉐보레(GM대우),003,국산,스파크,043,더 넥스트 스파크 M400,M400,15~18,encar,가솔린,1.0,False,,5,,,LTZ,1472,False,False
mf-003.md-043.sm-m400.pw-가솔린-1-0.tr-에코-ltz,쉐보레(GM대우),003,국산,스파크,043,더 넥스트 스파크 M400,M400,15~18,encar,가솔린,1.0,False,,5,,,에코 LTZ,1499,False,False
mf-003.md-043.sm-m400.pw-가솔린-1-0.tr-세부등급-없음,쉐보레(GM대우),003,국산,스파크,043,더 넥스트 스파크 M400,M400,15~18,encar,가솔린,1.0,False,,2,,,(세부등급 없음),,False,False
mf-003.md-043.sm-m300.pw-가솔린-1-0.tr-l,쉐보레(GM대우),003,국산,스파크,043,스파크 M300,M300,11~15,encar,가솔린,1.0,False,,5,,,L,,False,False
mf-003.md-043.sm-m300.pw-가솔린-1-0.tr-기본형,쉐보레(GM대우),003,국산,스파크,043,스파크 M300,M300,11~15,encar,가솔린,1.0,False,,5,,,기본형,,False,False
mf-003.md-043.sm-m300.pw-가솔린-1-0.tr-씨티런,쉐보레(GM대우),003,국산,스파크,043,스파크 M300,M300,11~15,encar,가솔린,1.0,False,,5,,,씨티런,,False,False
mf-003.md-043.sm-m300.pw-가솔린-1-0.tr-ls-ls-플러스,쉐보레(GM대우),003,국산,스파크,043,스파크 M300,M300,11~15,encar,가솔린,1.0,False,,5,,,LS+ (LS 플러스),1140,False,False
mf-003.md-043.sm-m300.pw-가솔린-1-0.tr-스타,쉐보레(GM대우),003,국산,스파크,043,스파크 M300,M300,11~15,encar,가솔린,1.0,False,,5,,,스타,,False,False
mf-003.md-043.sm-m300.pw-가솔린-1-0.tr-lt,쉐보레(GM대우),003,국산,스파크,043,스파크 M300,M300,11~15,encar,가솔린,1.0,False,,5,,,LT,1299,False,False
mf-003.md-043.sm-m300.pw-가솔린-1-0.tr-스트라이프-에디션,쉐보레(GM대우),003,국산,스파크,043,스파크 M300,M300,11~15,encar,가솔린,1.0,False,,5,,,스트라이프 에디션,,False,True
mf-003.md-043.sm-m300.pw-가솔린-1-0.tr-시티팝-에디션,쉐보레(GM대우),003,국산,스파크,043,스파크 M300,M300,11~15,encar,가솔린,1.0,False,,5,,,시티팝 에디션,,False,True
mf-003.md-043.sm-m300.pw-가솔린-1-0.tr-타투-에디션,쉐보레(GM대우),003,국산,스파크,043,스파크 M300,M300,11~15,encar,가솔린,1.0,False,,5,,,타투 에디션,,False,True
mf-003.md-043.sm-m300.pw-가솔린-1-0.tr-트랜스포머-에디션,쉐보레(GM대우),003,국산,스파크,043,스파크 M300,M300,11~15,encar,가솔린,1.0,False,,5,,,트랜스포머 에디션,,False,True
mf-003.md-043.sm-m300.pw-가솔린-1-0.tr-팝-에디션,쉐보레(GM대우),003,국산,스파크,043,스파크 M300,M300,11~15,encar,가솔린,1.0,False,,5,,,팝 에디션,1350,False,True
mf-003.md-043.sm-m300.pw-lpg-1-0.tr-l,쉐보레(GM대우),003,국산,스파크,043,스파크 M300,M300,11~15,encar,LPG,1.0,False,,5,,,L,,False,False
mf-003.md-043.sm-m300.pw-lpg-1-0.tr-기본형,쉐보레(GM대우),003,국산,스파크,043,스파크 M300,M300,11~15,encar,LPG,1.0,False,,5,,,기본형,,False,False
mf-003.md-043.sm-m300.pw-lpg-1-0.tr-스타,쉐보레(GM대우),003,국산,스파크,043,스파크 M300,M300,11~15,encar,LPG,1.0,False,,5,,,스타,,False,False
mf-003.md-043.sm-m300.pw-가솔린-1-0.tr-밴,쉐보레(GM대우),003,국산,스파크,043,스파크 M300,M300,11~15,encar,가솔린,1.0,False,,2,,,밴,1015,True,False
mf-003.md-046.sm-v400.pw-가솔린-1-3.tr-디럭스,쉐보레(GM대우),003,국산,말리부,046,더 뉴 말리부 V400,V400,18~23,encar,가솔린,1.3,True,,5,,,디럭스,,False,False
mf-003.md-046.sm-v400.pw-가솔린-1-3.tr-세부등급-없음,쉐보레(GM대우),003,국산,말리부,046,더 뉴 말리부 V400,V400,18~23,encar,가솔린,1.3,True,,5,,,(세부등급 없음),,False,False
mf-003.md-046.sm-v400.pw-가솔린-1-3.tr-프라임-세이프티,쉐보레(GM대우),003,국산,말리부,046,더 뉴 말리부 V400,V400,18~23,encar,가솔린,1.3,True,,5,,,프라임 세이프티,2880,False,False
mf-003.md-046.sm-v400.pw-가솔린-1-3.tr-프리미어-premier,쉐보레(GM대우),003,국산,말리부,046,더 뉴 말리부 V400,V400,18~23,encar,가솔린,1.3,True,,5,,,프리미어(Premier),3249,False,False
mf-003.md-046.sm-v400.pw-가솔린-2-0.tr-스페셜,쉐보레(GM대우),003,국산,말리부,046,더 뉴 말리부 V400,V400,18~23,encar,가솔린,2.0,True,,5,,,스페셜,,False,True
mf-003.md-046.sm-v400.pw-가솔린-2-0.tr-세부등급-없음,쉐보레(GM대우),003,국산,말리부,046,더 뉴 말리부 V400,V400,18~23,encar,가솔린,2.0,True,,5,,,(세부등급 없음),,False,False
mf-003.md-046.sm-v400.pw-가솔린-2-0.tr-퍼펙트-블랙,쉐보레(GM대우),003,국산,말리부,046,더 뉴 말리부 V400,V400,18~23,encar,가솔린,2.0,True,,5,,,퍼펙트 블랙,3300,False,True
mf-003.md-046.sm-v400.pw-디젤-1-6.tr-세부등급-없음,쉐보레(GM대우),003,국산,말리부,046,더 뉴 말리부 V400,V400,18~23,encar,디젤,1.6,False,,5,,,(세부등급 없음),,False,False
mf-003.md-046.sm-v400.pw-디젤-1-6.tr-프리미엄,쉐보레(GM대우),003,국산,말리부,046,더 뉴 말리부 V400,V400,18~23,encar,디젤,1.6,False,,5,,,프리미엄,2840,False,False
mf-003.md-046.sm-v400.pw-하이브리드-1-8.tr-디럭스,쉐보레(GM대우),003,국산,말리부,046,더 뉴 말리부 V400,V400,18~23,encar,하이브리드,1.8,False,,5,,,디럭스,,False,False
mf-003.md-046.sm-v400.pw-가솔린-2-0.tr-프리미엄,쉐보레(GM대우),003,국산,말리부,046,올 뉴 말리부 V400,V400,16~18,encar,가솔린,2.0,True,,5,,,프리미엄,2840,False,False
mf-003.md-046.sm-v400.pw-가솔린-2-0.tr-퍼펙트-블랙,쉐보레(GM대우),003,국산,말리부,046,올 뉴 말리부 V400,V400,16~18,encar,가솔린,2.0,True,,5,,,퍼펙트 블랙,3300,False,True
mf-003.md-046.sm-v400.pw-가솔린-1-5.tr-디럭스,쉐보레(GM대우),003,국산,말리부,046,올 뉴 말리부 V400,V400,16~18,encar,가솔린,1.5,True,,5,,,디럭스,,False,False
mf-003.md-046.sm-v400.pw-가솔린-1-5.tr-세부등급-없음,쉐보레(GM대우),003,국산,말리부,046,올 뉴 말리부 V400,V400,16~18,encar,가솔린,1.5,True,,5,,,(세부등급 없음),,False,False
mf-003.md-046.sm-v400.pw-가솔린-1-5.tr-ltz,쉐보레(GM대우),003,국산,말리부,046,올 뉴 말리부 V400,V400,16~18,encar,가솔린,1.5,True,,5,,,LTZ,2901,False,False
mf-003.md-046.sm-v400.pw-가솔린-1-5.tr-프리미엄-세이프티,쉐보레(GM대우),003,국산,말리부,046,올 뉴 말리부 V400,V400,16~18,encar,가솔린,1.5,True,,5,,,프리미엄 세이프티,3100,False,False
mf-003.md-046.sm-v400.pw-가솔린-1-5.tr-ltz-프리미엄-세이프티,쉐보레(GM대우),003,국산,말리부,046,올 뉴 말리부 V400,V400,16~18,encar,가솔린,1.5,True,,5,,,LTZ 프리미엄 세이프티,3181,False,False
mf-003.md-046.sm-v400.pw-하이브리드-1-8.tr-디럭스,쉐보레(GM대우),003,국산,말리부,046,올 뉴 말리부 V400,V400,16~18,encar,하이브리드,1.8,False,,5,,,디럭스,,False,False
mf-003.md-046.sm-v300.pw-가솔린-2-0.tr-ls,쉐보레(GM대우),003,국산,말리부,046,말리부 V300,V300,11~16,encar,가솔린,2.0,False,,5,,,LS,2330,False,False
mf-003.md-046.sm-v300.pw-가솔린-2-0.tr-ls-디럭스팩,쉐보레(GM대우),003,국산,말리부,046,말리부 V300,V300,11~16,encar,가솔린,2.0,False,,5,,,LS 디럭스팩,2440,False,False
mf-003.md-046.sm-v300.pw-가솔린-2-0.tr-lt,쉐보레(GM대우),003,국산,말리부,046,말리부 V300,V300,11~16,encar,가솔린,2.0,False,,5,,,LT,2590,False,False
mf-003.md-046.sm-v300.pw-가솔린-2-0.tr-lt-디럭스팩,쉐보레(GM대우),003,국산,말리부,046,말리부 V300,V300,11~16,encar,가솔린,2.0,False,,5,,,LT 디럭스팩,2750,False,False
mf-003.md-046.sm-v300.pw-가솔린-2-0.tr-ltz,쉐보레(GM대우),003,국산,말리부,046,말리부 V300,V300,11~16,encar,가솔린,2.0,False,,5,,,LTZ,2901,False,False
mf-003.md-046.sm-v300.pw-가솔린-2-0.tr-ltz-디럭스팩-블랙휠,쉐보레(GM대우),003,국산,말리부,046,말리부 V300,V300,11~16,encar,가솔린,2.0,False,,5,,,LTZ 디럭스팩(블랙휠),3050,False,False
mf-003.md-046.sm-v300.pw-디젤-2-0.tr-lt-디럭스팩,쉐보레(GM대우),003,국산,말리부,046,말리부 V300,V300,11~16,encar,디젤,2.0,False,,5,,,LT 디럭스팩,2750,False,False
mf-003.md-046.sm-v300.pw-디젤-2-0.tr-lt-프리미엄팩,쉐보레(GM대우),003,국산,말리부,046,말리부 V300,V300,11~16,encar,디젤,2.0,False,,5,,,LT 프리미엄팩,2957,False,False
mf-003.md-046.sm-v300.pw-가솔린-2-4.tr-ltz,쉐보레(GM대우),003,국산,말리부,046,말리부 V300,V300,11~16,encar,가솔린,2.4,False,,5,,,LTZ,2901,False,False
mf-003.md-046.sm-v300.pw-lpg-2-0.tr-일반형,쉐보레(GM대우),003,국산,말리부,046,말리부 V300,V300,11~16,encar,LPG,2.0,False,,5,,,일반형,,True,False
mf-003.md-046.sm-v300.pw-lpg-2-0.tr-디럭스,쉐보레(GM대우),003,국산,말리부,046,말리부 V300,V300,11~16,encar,LPG,2.0,False,,5,,,디럭스,,False,False
mf-003.md-046.sm-v300.pw-lpg-2-0.tr-디럭스-블랙휠,쉐보레(GM대우),003,국산,말리부,046,말리부 V300,V300,11~16,encar,LPG,2.0,False,,5,,,디럭스(블랙휠),,False,False
mf-003.md-048.sm-9bqc.pw-가솔린-1-2.tr-세부등급-없음,쉐보레(GM대우),003,국산,트랙스,048,트랙스 크로스오버 9BQC,9BQC,23~현재,encar,가솔린,1.2,False,,5,,,(세부등급 없음),,False,False
mf-003.md-048.sm-9bqc.pw-가솔린-1-2.tr-플러스,쉐보레(GM대우),003,국산,트랙스,048,트랙스 크로스오버 9BQC,9BQC,23~현재,encar,가솔린,1.2,False,,5,,,플러스,,False,False
mf-003.md-048.sm-u200.pw-가솔린-1-4.tr-세부등급-없음,쉐보레(GM대우),003,국산,트랙스,048,더 뉴 트랙스 U200,U200,16~22,encar,가솔린,1.4,False,,5,,,(세부등급 없음),,False,False
mf-003.md-048.sm-u200.pw-가솔린-1-4.tr-디럭스,쉐보레(GM대우),003,국산,트랙스,048,더 뉴 트랙스 U200,U200,16~22,encar,가솔린,1.4,False,,5,,,디럭스,1915,False,False
mf-003.md-048.sm-u200.pw-가솔린-1-4.tr-lt-코어,쉐보레(GM대우),003,국산,트랙스,048,더 뉴 트랙스 U200,U200,16~22,encar,가솔린,1.4,False,,5,,,LT 코어,2180,False,False
mf-003.md-048.sm-u200.pw-가솔린-1-4.tr-코어,쉐보레(GM대우),003,국산,트랙스,048,더 뉴 트랙스 U200,U200,16~22,encar,가솔린,1.4,False,,5,,,코어,2180,False,False
mf-003.md-048.sm-u200.pw-가솔린-1-4.tr-프리미어,쉐보레(GM대우),003,국산,트랙스,048,더 뉴 트랙스 U200,U200,16~22,encar,가솔린,1.4,False,,5,,,프리미어,2361,False,False
mf-003.md-048.sm-u200.pw-가솔린-1-4.tr-ltz,쉐보레(GM대우),003,국산,트랙스,048,더 뉴 트랙스 U200,U200,16~22,encar,가솔린,1.4,False,,5,,,LTZ,2400,False,False
mf-003.md-048.sm-u200.pw-가솔린-1-4.tr-퍼펙트-블랙,쉐보레(GM대우),003,국산,트랙스,048,더 뉴 트랙스 U200,U200,16~22,encar,가솔린,1.4,False,,5,,,퍼펙트 블랙,2386,False,True
mf-003.md-048.sm-u200.pw-디젤-1-6.tr-세부등급-없음,쉐보레(GM대우),003,국산,트랙스,048,더 뉴 트랙스 U200,U200,16~22,encar,디젤,1.6,False,,5,,,(세부등급 없음),,False,False
mf-003.md-048.sm-u200.pw-디젤-1-6.tr-디럭스,쉐보레(GM대우),003,국산,트랙스,048,더 뉴 트랙스 U200,U200,16~22,encar,디젤,1.6,False,,5,,,디럭스,1915,False,False
mf-003.md-048.sm-u200.pw-디젤-1-6.tr-lt-코어,쉐보레(GM대우),003,국산,트랙스,048,더 뉴 트랙스 U200,U200,16~22,encar,디젤,1.6,False,,5,,,LT 코어,2180,False,False
mf-003.md-048.sm-u200.pw-디젤-1-6.tr-코어,쉐보레(GM대우),003,국산,트랙스,048,더 뉴 트랙스 U200,U200,16~22,encar,디젤,1.6,False,,5,,,코어,2180,False,False
mf-003.md-048.sm-u200.pw-디젤-1-6.tr-프리미어,쉐보레(GM대우),003,국산,트랙스,048,더 뉴 트랙스 U200,U200,16~22,encar,디젤,1.6,False,,5,,,프리미어,2361,False,False
mf-003.md-048.sm-u200.pw-디젤-1-6.tr-ltz,쉐보레(GM대우),003,국산,트랙스,048,더 뉴 트랙스 U200,U200,16~22,encar,디젤,1.6,False,,5,,,LTZ,2400,False,False
mf-003.md-048.sm-u200.pw-디젤-1-6.tr-퍼펙트-블랙,쉐보레(GM대우),003,국산,트랙스,048,더 뉴 트랙스 U200,U200,16~22,encar,디젤,1.6,False,,5,,,퍼펙트 블랙,2386,False,True
mf-003.md-048.sm-u200.pw-가솔린-1-4.tr-ls,쉐보레(GM대우),003,국산,트랙스,048,트랙스 U200,U200,13~16,encar,가솔린,1.4,False,,5,,,LS,1855,False,False
mf-003.md-048.sm-u200.pw-가솔린-1-4.tr-ls-디럭스,쉐보레(GM대우),003,국산,트랙스,048,트랙스 U200,U200,13~16,encar,가솔린,1.4,False,,5,,,LS 디럭스,1915,False,False
mf-003.md-048.sm-u200.pw-가솔린-1-4.tr-lt,쉐보레(GM대우),003,국산,트랙스,048,트랙스 U200,U200,13~16,encar,가솔린,1.4,False,,5,,,LT,2115,False,False
mf-003.md-048.sm-u200.pw-가솔린-1-4.tr-lt-디럭스,쉐보레(GM대우),003,국산,트랙스,048,트랙스 U200,U200,13~16,encar,가솔린,1.4,False,,5,,,LT 디럭스,2195,False,False
mf-003.md-048.sm-u200.pw-가솔린-1-4.tr-lt-레더-패키지,쉐보레(GM대우),003,국산,트랙스,048,트랙스 U200,U200,13~16,encar,가솔린,1.4,False,,5,,,LT 레더 패키지,2260,False,False
mf-003.md-048.sm-u200.pw-가솔린-1-4.tr-프리미엄,쉐보레(GM대우),003,국산,트랙스,048,트랙스 U200,U200,13~16,encar,가솔린,1.4,False,,5,,,프리미엄,2300,False,False
mf-003.md-048.sm-u200.pw-가솔린-1-4.tr-ltz,쉐보레(GM대우),003,국산,트랙스,048,트랙스 U200,U200,13~16,encar,가솔린,1.4,False,,5,,,LTZ,2400,False,False
mf-003.md-048.sm-u200.pw-가솔린-1-4.tr-퍼펙트-블랙,쉐보레(GM대우),003,국산,트랙스,048,트랙스 U200,U200,13~16,encar,가솔린,1.4,False,,5,,,퍼펙트 블랙,2386,False,True
mf-003.md-048.sm-u200.pw-디젤-1-6.tr-lt,쉐보레(GM대우),003,국산,트랙스,048,트랙스 U200,U200,13~16,encar,디젤,1.6,False,,5,,,LT,2115,False,False
mf-003.md-048.sm-u200.pw-디젤-1-6.tr-lt-레더-패키지,쉐보레(GM대우),003,국산,트랙스,048,트랙스 U200,U200,13~16,encar,디젤,1.6,False,,5,,,LT 레더 패키지,2260,False,False
mf-003.md-048.sm-u200.pw-디젤-1-6.tr-프리미엄,쉐보레(GM대우),003,국산,트랙스,048,트랙스 U200,U200,13~16,encar,디젤,1.6,False,,5,,,프리미엄,2300,False,False
mf-003.md-048.sm-u200.pw-디젤-1-6.tr-ltz,쉐보레(GM대우),003,국산,트랙스,048,트랙스 U200,U200,13~16,encar,디젤,1.6,False,,5,,,LTZ,2400,False,False
mf-003.md-048.sm-u200.pw-디젤-1-6.tr-퍼펙트-블랙,쉐보레(GM대우),003,국산,트랙스,048,트랙스 U200,U200,13~16,encar,디젤,1.6,False,,5,,,퍼펙트 블랙,2386,False,True
mf-003.md-040.sm-j309.pw-디젤-2-0.tr-고급형,쉐보레(GM대우),003,국산,올란도,040,올란도 J309,J309,11~18,encar,디젤,2.0,False,,7,,,고급형,2278,False,False
mf-003.md-040.sm-j309.pw-디젤-2-0.tr-프리미엄,쉐보레(GM대우),003,국산,올란도,040,올란도 J309,J309,11~18,encar,디젤,2.0,False,,7,,,프리미엄,2465,False,False
mf-003.md-040.sm-j309.pw-디젤-2-0.tr-컨비니언스-팩,쉐보레(GM대우),003,국산,올란도,040,올란도 J309,J309,11~18,encar,디젤,2.0,False,,7,,,컨비니언스 팩,2650,False,False
mf-003.md-040.sm-j309.pw-디젤-2-0.tr-스페셜-컬러-에디션,쉐보레(GM대우),003,국산,올란도,040,올란도 J309,J309,11~18,encar,디젤,2.0,False,,7,,,스페셜 컬러 에디션,,False,True
mf-003.md-040.sm-j309.pw-디젤-2-0.tr-세이프티,쉐보레(GM대우),003,국산,올란도,040,올란도 J309,J309,11~18,encar,디젤,2.0,False,,7,,,세이프티,2716,False,False
mf-003.md-040.sm-j309.pw-디젤-2-0.tr-세이프티-팩,쉐보레(GM대우),003,국산,올란도,040,올란도 J309,J309,11~18,encar,디젤,2.0,False,,7,,,세이프티 팩,2819,False,False
mf-003.md-040.sm-j309.pw-디젤-2-0.tr-캠퍼-패키지,쉐보레(GM대우),003,국산,올란도,040,올란도 J309,J309,11~18,encar,디젤,2.0,False,,7,,,캠퍼 패키지,2858,False,True
mf-003.md-040.sm-j309.pw-디젤-2-0.tr-플래티넘-패키지,쉐보레(GM대우),003,국산,올란도,040,올란도 J309,J309,11~18,encar,디젤,2.0,False,,7,,,플래티넘 패키지,,False,True
mf-003.md-040.sm-j309.pw-lpg-2-0.tr-프리미엄,쉐보레(GM대우),003,국산,올란도,040,올란도 J309,J309,11~18,encar,LPG,2.0,False,,7,,,프리미엄,2465,True,False
mf-003.md-040.sm-j309.pw-lpg-2-0.tr-컨비니언스-팩,쉐보레(GM대우),003,국산,올란도,040,올란도 J309,J309,11~18,encar,LPG,2.0,False,,7,,,컨비니언스 팩,2650,True,False
mf-003.md-040.sm-j309.pw-lpg-2-0.tr-퍼펙트-블랙,쉐보레(GM대우),003,국산,올란도,040,올란도 J309,J309,11~18,encar,LPG,2.0,False,,7,,,퍼펙트 블랙,2683,False,True
mf-003.md-040.sm-j309.pw-lpg-2-0.tr-다이나믹,쉐보레(GM대우),003,국산,올란도,040,올란도 J309,J309,11~18,encar,LPG,2.0,False,,7,,,다이나믹,,True,False
mf-003.md-040.sm-j309.pw-lpg-2-0.tr-세이프티,쉐보레(GM대우),003,국산,올란도,040,올란도 J309,J309,11~18,encar,LPG,2.0,False,,7,,,세이프티,2716,True,False
mf-003.md-040.sm-j309.pw-lpg-2-0.tr-세이프티-팩,쉐보레(GM대우),003,국산,올란도,040,올란도 J309,J309,11~18,encar,LPG,2.0,False,,7,,,세이프티 팩,2819,True,False
mf-003.md-040.sm-j309.pw-lpg-2-0.tr-플래티넘-패키지,쉐보레(GM대우),003,국산,올란도,040,올란도 J309,J309,11~18,encar,LPG,2.0,False,,7,,,플래티넘 패키지,,False,True
mf-003.md-040.sm-j309.pw-디젤-1-6.tr-고급형,쉐보레(GM대우),003,국산,올란도,040,올란도 J309,J309,11~18,encar,디젤,1.6,False,,7,,,고급형,2278,False,False
mf-003.md-040.sm-j309.pw-디젤-1-6.tr-프리미엄,쉐보레(GM대우),003,국산,올란도,040,올란도 J309,J309,11~18,encar,디젤,1.6,False,,7,,,프리미엄,2465,False,False
mf-003.md-040.sm-j309.pw-디젤-1-6.tr-컨비니언스,쉐보레(GM대우),003,국산,올란도,040,올란도 J309,J309,11~18,encar,디젤,1.6,False,,7,,,컨비니언스,2578,False,False
mf-003.md-040.sm-j309.pw-디젤-1-6.tr-퍼펙트-블랙,쉐보레(GM대우),003,국산,올란도,040,올란도 J309,J309,11~18,encar,디젤,1.6,False,,7,,,퍼펙트 블랙,2683,False,True
mf-003.md-040.sm-j309.pw-디젤-1-6.tr-다이나믹,쉐보레(GM대우),003,국산,올란도,040,올란도 J309,J309,11~18,encar,디젤,1.6,False,,7,,,다이나믹,,False,True
mf-003.md-040.sm-j309.pw-디젤-1-6.tr-세이프티,쉐보레(GM대우),003,국산,올란도,040,올란도 J309,J309,11~18,encar,디젤,1.6,False,,7,,,세이프티,2716,False,False
mf-003.md-041.sm-d2lc.pw-가솔린-1-4.tr-세부등급-없음,쉐보레(GM대우),003,국산,크루즈,041,올 뉴 크루즈 D2LC,D2LC,17~18,encar,가솔린,1.4,True,,5,,,(세부등급 없음),,False,False
mf-003.md-041.sm-d2lc.pw-가솔린-1-4.tr-ls,쉐보레(GM대우),003,국산,크루즈,041,올 뉴 크루즈 D2LC,D2LC,17~18,encar,가솔린,1.4,True,,5,,,LS,1890,False,False
mf-003.md-041.sm-d2lc.pw-가솔린-1-4.tr-lt-디럭스팩,쉐보레(GM대우),003,국산,크루즈,041,올 뉴 크루즈 D2LC,D2LC,17~18,encar,가솔린,1.4,True,,5,,,LT 디럭스팩,2286,False,False
mf-003.md-041.sm-d2lc.pw-디젤-1-6.tr-lt-디럭스팩,쉐보레(GM대우),003,국산,크루즈,041,올 뉴 크루즈 D2LC,D2LC,17~18,encar,디젤,1.6,False,,5,,,LT 디럭스팩,2286,False,False
mf-003.md-041.sm-d2lc.pw-디젤-1-6.tr-ltz,쉐보레(GM대우),003,국산,크루즈,041,올 뉴 크루즈 D2LC,D2LC,17~18,encar,디젤,1.6,False,,5,,,LTZ,2437,False,False
mf-003.md-041.sm-j300.pw-가솔린-1-4.tr-lt-디럭스팩,쉐보레(GM대우),003,국산,크루즈,041,어메이징 뉴 크루즈 J300,J300,15~17,encar,가솔린,1.4,True,,5,,,LT 디럭스팩,2286,False,False
mf-003.md-041.sm-j300.pw-가솔린-1-4.tr-ltz,쉐보레(GM대우),003,국산,크루즈,041,어메이징 뉴 크루즈 J300,J300,15~17,encar,가솔린,1.4,True,,5,,,LTZ,2437,False,False
mf-003.md-041.sm-j300.pw-가솔린-1-4.tr-스페셜-에디션-퍼펙트-블랙,쉐보레(GM대우),003,국산,크루즈,041,어메이징 뉴 크루즈 J300,J300,15~17,encar,가솔린,1.4,True,,5,,,스페셜 에디션 퍼펙트 블랙,,False,True
mf-003.md-041.sm-j300.pw-가솔린-1-8.tr-ls,쉐보레(GM대우),003,국산,크루즈,041,어메이징 뉴 크루즈 J300,J300,15~17,encar,가솔린,1.8,False,,5,,,LS,1890,False,False
mf-003.md-041.sm-j300.pw-가솔린-1-8.tr-lt,쉐보레(GM대우),003,국산,크루즈,041,어메이징 뉴 크루즈 J300,J300,15~17,encar,가솔린,1.8,False,,5,,,LT,2150,False,False
mf-003.md-041.sm-j300.pw-가솔린-1-8.tr-lt-디럭스팩,쉐보레(GM대우),003,국산,크루즈,041,어메이징 뉴 크루즈 J300,J300,15~17,encar,가솔린,1.8,False,,5,,,LT 디럭스팩,2286,False,False
mf-003.md-041.sm-j300.pw-가솔린-1-8.tr-ltz,쉐보레(GM대우),003,국산,크루즈,041,어메이징 뉴 크루즈 J300,J300,15~17,encar,가솔린,1.8,False,,5,,,LTZ,2437,False,False
mf-003.md-041.sm-j300.pw-가솔린-1-8.tr-스페셜-에디션-퍼펙트-블랙,쉐보레(GM대우),003,국산,크루즈,041,어메이징 뉴 크루즈 J300,J300,15~17,encar,가솔린,1.8,False,,5,,,스페셜 에디션 퍼펙트 블랙,,False,True
mf-003.md-041.sm-j300.pw-디젤-2-0.tr-lt-디럭스팩,쉐보레(GM대우),003,국산,크루즈,041,어메이징 뉴 크루즈 J300,J300,15~17,encar,디젤,2.0,False,,5,,,LT 디럭스팩,2286,False,False
mf-003.md-041.sm-j300.pw-디젤-2-0.tr-ltz,쉐보레(GM대우),003,국산,크루즈,041,어메이징 뉴 크루즈 J300,J300,15~17,encar,디젤,2.0,False,,5,,,LTZ,2437,False,False
mf-003.md-041.sm-j300.pw-디젤-1-6.tr-ltz,쉐보레(GM대우),003,국산,크루즈,041,어메이징 뉴 크루즈 J300,J300,15~17,encar,디젤,1.6,False,,5,,,LTZ,2437,False,False
mf-003.md-041.sm-j300.pw-가솔린-1-4.tr-ltz,쉐보레(GM대우),003,국산,크루즈,041,어메이징 뉴 크루즈5 J300,J300,15~17,encar,가솔린,1.4,True,,5,,,LTZ,2437,False,False
mf-003.md-041.sm-j300.pw-가솔린-1-8.tr-ltz,쉐보레(GM대우),003,국산,크루즈,041,어메이징 뉴 크루즈5 J300,J300,15~17,encar,가솔린,1.8,False,,5,,,LTZ,2437,False,False
mf-003.md-041.sm-j300.pw-디젤-2-0.tr-ltz,쉐보레(GM대우),003,국산,크루즈,041,어메이징 뉴 크루즈5 J300,J300,15~17,encar,디젤,2.0,False,,5,,,LTZ,2437,False,False
mf-003.md-041.sm-j300.pw-가솔린-1-8.tr-lt,쉐보레(GM대우),003,국산,크루즈,041,크루즈5 J300,J300,11~14,encar,가솔린,1.8,False,,5,,,LT,2150,False,False
mf-003.md-041.sm-j300.pw-가솔린-1-8.tr-lt,쉐보레(GM대우),003,국산,크루즈,041,크루즈5 J300,J300,11~14,encar,가솔린,1.8,False,,5,,,LT+,,False,False
mf-003.md-041.sm-j300.pw-가솔린-1-8.tr-ltz,쉐보레(GM대우),003,국산,크루즈,041,크루즈5 J300,J300,11~14,encar,가솔린,1.8,False,,5,,,LTZ+,2478,False,False
mf-003.md-041.sm-j300.pw-가솔린-1-8.tr-ltz-더-퍼펙트-블랙,쉐보레(GM대우),003,국산,크루즈,041,크루즈5 J300,J300,11~14,encar,가솔린,1.8,False,,5,,,LTZ+ 더 퍼펙트 블랙,,False,True
mf-003.md-041.sm-j300.pw-디젤-2-0.tr-ltz,쉐보레(GM대우),003,국산,크루즈,041,크루즈5 J300,J300,11~14,encar,디젤,2.0,False,,5,,,LTZ+,2478,False,False
mf-003.md-041.sm-j300.pw-디젤-2-0.tr-ltz-더-퍼펙트-블랙,쉐보레(GM대우),003,국산,크루즈,041,크루즈5 J300,J300,11~14,encar,디젤,2.0,False,,5,,,LTZ+ 더 퍼펙트 블랙,,False,True
mf-003.md-041.sm-j300.pw-가솔린-1-4.tr-ltz,쉐보레(GM대우),003,국산,크루즈,041,크루즈5 J300,J300,11~14,encar,가솔린,1.4,True,,5,,,LTZ+,2478,False,False
mf-003.md-041.sm-j300.pw-가솔린-1-4.tr-ltz-스타일패키지,쉐보레(GM대우),003,국산,크루즈,041,크루즈5 J300,J300,11~14,encar,가솔린,1.4,True,,5,,,LTZ+ 스타일패키지,,False,False
mf-003.md-041.sm-j300.pw-가솔린-1-8.tr-ls,쉐보레(GM대우),003,국산,크루즈,041,크루즈 J300,J300,11~14,encar,가솔린,1.8,False,,5,,,LS+,,False,False
mf-003.md-041.sm-j300.pw-가솔린-1-8.tr-lt,쉐보레(GM대우),003,국산,크루즈,041,크루즈 J300,J300,11~14,encar,가솔린,1.8,False,,5,,,LT,2150,False,False
mf-003.md-041.sm-j300.pw-가솔린-1-8.tr-lt,쉐보레(GM대우),003,국산,크루즈,041,크루즈 J300,J300,11~14,encar,가솔린,1.8,False,,5,,,LT+,,False,False
mf-003.md-041.sm-j300.pw-가솔린-1-8.tr-lt-레더-패키지,쉐보레(GM대우),003,국산,크루즈,041,크루즈 J300,J300,11~14,encar,가솔린,1.8,False,,5,,,LT+ 레더 패키지,,False,False
mf-003.md-041.sm-j300.pw-가솔린-1-8.tr-ltz,쉐보레(GM대우),003,국산,크루즈,041,크루즈 J300,J300,11~14,encar,가솔린,1.8,False,,5,,,LTZ,2437,False,False
mf-003.md-041.sm-j300.pw-가솔린-1-8.tr-ltz,쉐보레(GM대우),003,국산,크루즈,041,크루즈 J300,J300,11~14,encar,가솔린,1.8,False,,5,,,LTZ+,2478,False,False
mf-003.md-041.sm-j300.pw-가솔린-1-8.tr-ltz-스타일패키지,쉐보레(GM대우),003,국산,크루즈,041,크루즈 J300,J300,11~14,encar,가솔린,1.8,False,,5,,,LTZ+ 스타일패키지,,False,False
mf-003.md-041.sm-j300.pw-가솔린-1-8.tr-ltz-더-퍼펙트-블랙,쉐보레(GM대우),003,국산,크루즈,041,크루즈 J300,J300,11~14,encar,가솔린,1.8,False,,5,,,LTZ+ 더 퍼펙트 블랙,,False,True
mf-003.md-041.sm-j300.pw-디젤-2-0.tr-lt-레더-패키지,쉐보레(GM대우),003,국산,크루즈,041,크루즈 J300,J300,11~14,encar,디젤,2.0,False,,5,,,LT+ 레더 패키지,,False,False
mf-003.md-041.sm-j300.pw-디젤-2-0.tr-ltz,쉐보레(GM대우),003,국산,크루즈,041,크루즈 J300,J300,11~14,encar,디젤,2.0,False,,5,,,LTZ,2437,False,False
mf-003.md-041.sm-j300.pw-디젤-2-0.tr-ltz,쉐보레(GM대우),003,국산,크루즈,041,크루즈 J300,J300,11~14,encar,디젤,2.0,False,,5,,,LTZ+,2478,False,False
mf-003.md-041.sm-j300.pw-디젤-2-0.tr-ltz-더-퍼펙트-블랙,쉐보레(GM대우),003,국산,크루즈,041,크루즈 J300,J300,11~14,encar,디젤,2.0,False,,5,,,LTZ+ 더 퍼펙트 블랙,,False,True
mf-003.md-041.sm-j300.pw-가솔린-1-4.tr-lt-레더-패키지,쉐보레(GM대우),003,국산,크루즈,041,크루즈 J300,J300,11~14,encar,가솔린,1.4,True,,5,,,LT+ 레더 패키지,,False,False
mf-003.md-041.sm-j300.pw-가솔린-1-4.tr-ltz,쉐보레(GM대우),003,국산,크루즈,041,크루즈 J300,J300,11~14,encar,가솔린,1.4,True,,5,,,LTZ+,2478,False,False
mf-003.md-041.sm-j300.pw-가솔린-1-4.tr-ltz-스타일패키지,쉐보레(GM대우),003,국산,크루즈,041,크루즈 J300,J300,11~14,encar,가솔린,1.4,True,,5,,,LTZ+ 스타일패키지,,False,False
mf-003.md-041.sm-j300.pw-가솔린-1-6.tr-lt,쉐보레(GM대우),003,국산,크루즈,041,크루즈 J300,J300,11~14,encar,가솔린,1.6,False,,5,,,LT+,,False,False
mf-003.md-041.sm-j300.pw-가솔린-1-6.tr-ltz,쉐보레(GM대우),003,국산,크루즈,041,크루즈 J300,J300,11~14,encar,가솔린,1.6,False,,5,,,LTZ,2437,False,False
mf-003.md-055.sm-9byc.pw-가솔린-1-3-2wd.tr-lt,쉐보레(GM대우),003,국산,트레일블레이저,055,더 뉴 트레일블레이저 9BYC,9BYC,23~현재,encar,가솔린,1.3,True,2WD,5,,,LT,,False,False
mf-003.md-055.sm-9byc.pw-가솔린-1-3-2wd.tr-프리미어,쉐보레(GM대우),003,국산,트레일블레이저,055,더 뉴 트레일블레이저 9BYC,9BYC,23~현재,encar,가솔린,1.3,True,2WD,5,,,프리미어,2757,False,False
mf-003.md-055.sm-9byc.pw-가솔린-1-3-2wd.tr-rs,쉐보레(GM대우),003,국산,트레일블레이저,055,더 뉴 트레일블레이저 9BYC,9BYC,23~현재,encar,가솔린,1.3,True,2WD,5,,,RS,3052,False,False
mf-003.md-055.sm-9byc.pw-가솔린-1-3-2wd.tr-액티브-activ,쉐보레(GM대우),003,국산,트레일블레이저,055,더 뉴 트레일블레이저 9BYC,9BYC,23~현재,encar,가솔린,1.3,True,2WD,5,,,액티브(ACTIV),3250,False,False
mf-003.md-055.sm-9byc.pw-가솔린-1-3-2wd.tr-액티브-리미티드-에디션-activ-limited-edition,쉐보레(GM대우),003,국산,트레일블레이저,055,더 뉴 트레일블레이저 9BYC,9BYC,23~현재,encar,가솔린,1.3,True,2WD,5,,,액티브 리미티드 에디션(ACTIV Limited Edition),3565,False,True
mf-003.md-055.sm-9byc.pw-가솔린-1-3-4wd.tr-rs,쉐보레(GM대우),003,국산,트레일블레이저,055,더 뉴 트레일블레이저 9BYC,9BYC,23~현재,encar,가솔린,1.3,True,4WD,5,,,RS,3052,False,False
mf-003.md-055.sm-9byc.pw-가솔린-1-3-2wd.tr-ls,쉐보레(GM대우),003,국산,트레일블레이저,055,트레일블레이저 9BYC,9BYC,20~23,encar,가솔린,1.3,True,2WD,5,,,LS,1995,False,False
mf-003.md-055.sm-9byc.pw-가솔린-1-3-2wd.tr-lt,쉐보레(GM대우),003,국산,트레일블레이저,055,트레일블레이저 9BYC,9BYC,20~23,encar,가솔린,1.3,True,2WD,5,,,LT,,False,False
mf-003.md-055.sm-9byc.pw-가솔린-1-3-2wd.tr-프리미어,쉐보레(GM대우),003,국산,트레일블레이저,055,트레일블레이저 9BYC,9BYC,20~23,encar,가솔린,1.3,True,2WD,5,,,프리미어,2757,False,False
mf-003.md-055.sm-9byc.pw-가솔린-1-3-2wd.tr-rs,쉐보레(GM대우),003,국산,트레일블레이저,055,트레일블레이저 9BYC,9BYC,20~23,encar,가솔린,1.3,True,2WD,5,,,RS,3052,False,False
mf-003.md-055.sm-9byc.pw-가솔린-1-3-2wd.tr-액티브-activ,쉐보레(GM대우),003,국산,트레일블레이저,055,트레일블레이저 9BYC,9BYC,20~23,encar,가솔린,1.3,True,2WD,5,,,액티브(ACTIV),3250,False,False
mf-003.md-055.sm-9byc.pw-가솔린-1-3-4wd.tr-프리미어,쉐보레(GM대우),003,국산,트레일블레이저,055,트레일블레이저 9BYC,9BYC,20~23,encar,가솔린,1.3,True,4WD,5,,,프리미어,2757,False,False
mf-003.md-055.sm-9byc.pw-가솔린-1-3-4wd.tr-rs,쉐보레(GM대우),003,국산,트레일블레이저,055,트레일블레이저 9BYC,9BYC,20~23,encar,가솔린,1.3,True,4WD,5,,,RS,3052,False,False
mf-003.md-055.sm-9byc.pw-가솔린-1-2-2wd.tr-ls,쉐보레(GM대우),003,국산,트레일블레이저,055,트레일블레이저 9BYC,9BYC,20~23,encar,가솔린,1.2,True,2WD,5,,,LS,1995,False,False
mf-003.md-055.sm-9byc.pw-가솔린-1-2-2wd.tr-lt,쉐보레(GM대우),003,국산,트레일블레이저,055,트레일블레이저 9BYC,9BYC,20~23,encar,가솔린,1.2,True,2WD,5,,,LT,,False,False
mf-003.md-053.sm-올-뉴-콜로라도.pw-가솔린-2-7-4wd.tr-zl1,쉐보레(GM대우),003,국산,콜로라도,053,올 뉴 콜로라도,,24~현재,encar,가솔린,2.7,False,4WD,5,,,ZL1,,False,False
mf-003.md-053.sm-리얼-뉴-콜로라도.pw-가솔린-3-6-4wd.tr-z71-x,쉐보레(GM대우),003,국산,콜로라도,053,리얼 뉴 콜로라도,,20~24,encar,가솔린,3.6,False,4WD,5,,,Z71-X,,False,False
mf-003.md-053.sm-리얼-뉴-콜로라도.pw-가솔린-3-6-4wd.tr-z71-x-미드나잇,쉐보레(GM대우),003,국산,콜로라도,053,리얼 뉴 콜로라도,,20~24,encar,가솔린,3.6,False,4WD,5,,,Z71-X 미드나잇,,False,False
mf-003.md-053.sm-리얼-뉴-콜로라도.pw-가솔린-3-6-4wd.tr-익스트림,쉐보레(GM대우),003,국산,콜로라도,053,리얼 뉴 콜로라도,,20~24,encar,가솔린,3.6,False,4WD,5,,,익스트림,,False,False
mf-003.md-053.sm-리얼-뉴-콜로라도.pw-가솔린-3-6-4wd.tr-익스트림-x,쉐보레(GM대우),003,국산,콜로라도,053,리얼 뉴 콜로라도,,20~24,encar,가솔린,3.6,False,4WD,5,,,익스트림-X,,False,False
mf-003.md-053.sm-콜로라도.pw-가솔린-3-6-4wd.tr-세부등급-없음,쉐보레(GM대우),003,국산,콜로라도,053,콜로라도,,19~20,encar,가솔린,3.6,False,4WD,5,,,(세부등급 없음),,False,False
mf-003.md-053.sm-콜로라도.pw-가솔린-3-6-4wd.tr-익스트림,쉐보레(GM대우),003,국산,콜로라도,053,콜로라도,,19~20,encar,가솔린,3.6,False,4WD,5,,,익스트림,,False,False
mf-003.md-053.sm-콜로라도.pw-가솔린-3-6-4wd.tr-사이드-레일,쉐보레(GM대우),003,국산,콜로라도,053,콜로라도,,19~20,encar,가솔린,3.6,False,4WD,5,,,사이드 레일,,False,False
mf-003.md-053.sm-콜로라도.pw-가솔린-3-6-4wd.tr-스포츠-바,쉐보레(GM대우),003,국산,콜로라도,053,콜로라도,,19~20,encar,가솔린,3.6,False,4WD,5,,,스포츠 바,,False,False
mf-003.md-053.sm-콜로라도.pw-가솔린-3-6-2wd.tr-익스트림,쉐보레(GM대우),003,국산,콜로라도,053,콜로라도,,19~20,encar,가솔린,3.6,False,2WD,5,,,익스트림,,False,False
mf-003.md-054.sm-트래버스.pw-가솔린-3-6-awd.tr-lt-레더,쉐보레(GM대우),003,국산,트래버스,054,트래버스,,19~현재,encar,가솔린,3.6,False,AWD,7,,,LT 레더,,False,False
mf-003.md-054.sm-트래버스.pw-가솔린-3-6-awd.tr-lt-레더-프리미엄,쉐보레(GM대우),003,국산,트래버스,054,트래버스,,19~현재,encar,가솔린,3.6,False,AWD,7,,,LT 레더 프리미엄,,False,False
mf-003.md-054.sm-트래버스.pw-가솔린-3-6-awd.tr-rs,쉐보레(GM대우),003,국산,트래버스,054,트래버스,,19~현재,encar,가솔린,3.6,False,AWD,7,,,RS,,False,False
mf-003.md-054.sm-트래버스.pw-가솔린-3-6-awd.tr-레드라인,쉐보레(GM대우),003,국산,트래버스,054,트래버스,,19~현재,encar,가솔린,3.6,False,AWD,7,,,레드라인,,False,False
mf-003.md-054.sm-트래버스.pw-가솔린-3-6-awd.tr-프리미어,쉐보레(GM대우),003,국산,트래버스,054,트래버스,,19~현재,encar,가솔린,3.6,False,AWD,7,,,프리미어,,False,False
mf-003.md-054.sm-트래버스.pw-가솔린-3-6-awd.tr-하이컨트리,쉐보레(GM대우),003,국산,트래버스,054,트래버스,,19~현재,encar,가솔린,3.6,False,AWD,7,,,하이컨트리,,False,False
mf-003.md-045.sm-캡티바.pw-디젤-2-0-2wd.tr-lt-디럭스팩,쉐보레(GM대우),003,국산,캡티바,045,캡티바,,11~18,encar,디젤,2.0,False,2WD,5,,,LT 디럭스팩,,False,False
mf-003.md-045.sm-캡티바.pw-디젤-2-0-2wd.tr-ltz,쉐보레(GM대우),003,국산,캡티바,045,캡티바,,11~18,encar,디젤,2.0,False,2WD,5,,,LTZ,,False,False
mf-003.md-045.sm-캡티바.pw-디젤-2-0-2wd.tr-ls,쉐보레(GM대우),003,국산,캡티바,045,캡티바,,11~18,encar,디젤,2.0,False,2WD,7,,,LS,,False,False
mf-003.md-045.sm-캡티바.pw-디젤-2-0-2wd.tr-ls-프리미엄,쉐보레(GM대우),003,국산,캡티바,045,캡티바,,11~18,encar,디젤,2.0,False,2WD,7,,,LS 프리미엄,,False,False
mf-003.md-045.sm-캡티바.pw-디젤-2-0-2wd.tr-lt,쉐보레(GM대우),003,국산,캡티바,045,캡티바,,11~18,encar,디젤,2.0,False,2WD,7,,,LT,,False,False
mf-003.md-045.sm-캡티바.pw-디젤-2-0-2wd.tr-lt-프리미엄,쉐보레(GM대우),003,국산,캡티바,045,캡티바,,11~18,encar,디젤,2.0,False,2WD,7,,,LT 프리미엄,,False,False
mf-003.md-045.sm-캡티바.pw-디젤-2-0-2wd.tr-다이나믹-레드,쉐보레(GM대우),003,국산,캡티바,045,캡티바,,11~18,encar,디젤,2.0,False,2WD,7,,,다이나믹 레드,,False,False
mf-003.md-045.sm-캡티바.pw-디젤-2-0-2wd.tr-어드벤처-패키지,쉐보레(GM대우),003,국산,캡티바,045,캡티바,,11~18,encar,디젤,2.0,False,2WD,7,,,어드벤처 패키지,,False,False
mf-003.md-045.sm-캡티바.pw-디젤-2-0-2wd.tr-퍼펙트-블랙,쉐보레(GM대우),003,국산,캡티바,045,캡티바,,11~18,encar,디젤,2.0,False,2WD,7,,,퍼펙트 블랙,,False,False
mf-003.md-045.sm-캡티바.pw-디젤-2-2-4wd.tr-lt,쉐보레(GM대우),003,국산,캡티바,045,캡티바,,11~18,encar,디젤,2.2,False,4WD,5,,,LT,,False,False
mf-003.md-045.sm-캡티바.pw-디젤-2-2-4wd.tr-lt-프리미엄,쉐보레(GM대우),003,국산,캡티바,045,캡티바,,11~18,encar,디젤,2.2,False,4WD,7,,,LT 프리미엄,,False,False
mf-003.md-045.sm-캡티바.pw-디젤-2-2-4wd.tr-ltz,쉐보레(GM대우),003,국산,캡티바,045,캡티바,,11~18,encar,디젤,2.2,False,4WD,7,,,LTZ,,False,False
mf-003.md-045.sm-캡티바.pw-디젤-2-2-4wd.tr-다이나믹-레드,쉐보레(GM대우),003,국산,캡티바,045,캡티바,,11~18,encar,디젤,2.2,False,4WD,7,,,다이나믹 레드,,False,False
mf-003.md-045.sm-캡티바.pw-디젤-2-2-4wd.tr-어드벤처-패키지,쉐보레(GM대우),003,국산,캡티바,045,캡티바,,11~18,encar,디젤,2.2,False,4WD,7,,,어드벤처 패키지,,False,False
mf-003.md-049.sm-임팔라.pw-가솔린-2-5.tr-lt,쉐보레(GM대우),003,국산,임팔라,049,임팔라,,15~20,encar,가솔린,2.5,False,,5,,,LT,,False,False
mf-003.md-049.sm-임팔라.pw-가솔린-2-5.tr-ltz,쉐보레(GM대우),003,국산,임팔라,049,임팔라,,15~20,encar,가솔린,2.5,False,,5,,,LTZ,,False,False
mf-003.md-049.sm-임팔라.pw-가솔린-2-5.tr-미드나이트-블랙,쉐보레(GM대우),003,국산,임팔라,049,임팔라,,15~20,encar,가솔린,2.5,False,,5,,,미드나이트 블랙,,False,False
mf-003.md-049.sm-임팔라.pw-가솔린-2-5.tr-프리미어,쉐보레(GM대우),003,국산,임팔라,049,임팔라,,15~20,encar,가솔린,2.5,False,,5,,,프리미어,,False,False
mf-003.md-049.sm-임팔라.pw-가솔린-3-6.tr-ltz,쉐보레(GM대우),003,국산,임팔라,049,임팔라,,15~20,encar,가솔린,3.6,False,,5,,,LTZ,,False,False
mf-003.md-042.sm-더-뉴-아베오-세단.pw-가솔린-1-4.tr-l,쉐보레(GM대우),003,국산,아베오,042,더 뉴 아베오 세단,,16~19,encar,가솔린,1.4,True,,5,,,L,,False,False
mf-003.md-042.sm-더-뉴-아베오-세단.pw-가솔린-1-4.tr-ls,쉐보레(GM대우),003,국산,아베오,042,더 뉴 아베오 세단,,16~19,encar,가솔린,1.4,True,,5,,,LS,,False,False
mf-003.md-042.sm-더-뉴-아베오-세단.pw-가솔린-1-4.tr-lt,쉐보레(GM대우),003,국산,아베오,042,더 뉴 아베오 세단,,16~19,encar,가솔린,1.4,True,,5,,,LT,,False,False
mf-003.md-042.sm-더-뉴-아베오-해치백.pw-가솔린-1-4.tr-ls,쉐보레(GM대우),003,국산,아베오,042,더 뉴 아베오 해치백,,16~19,encar,가솔린,1.4,True,,5,,,LS,,False,False
mf-003.md-042.sm-더-뉴-아베오-해치백.pw-가솔린-1-4.tr-lt,쉐보레(GM대우),003,국산,아베오,042,더 뉴 아베오 해치백,,16~19,encar,가솔린,1.4,True,,5,,,LT,,False,False
mf-003.md-042.sm-아베오-세단.pw-가솔린-1-4.tr-스타일,쉐보레(GM대우),003,국산,아베오,042,아베오 세단,,11~16,encar,가솔린,1.4,True,,5,,,스타일,,False,False
mf-003.md-042.sm-아베오-세단.pw-가솔린-1-4.tr-퍼펙트-블랙,쉐보레(GM대우),003,국산,아베오,042,아베오 세단,,11~16,encar,가솔린,1.4,True,,5,,,퍼펙트 블랙,,False,False
mf-003.md-042.sm-아베오-세단.pw-가솔린-1-4.tr-고급형,쉐보레(GM대우),003,국산,아베오,042,아베오 세단,,11~16,encar,가솔린,1.4,True,,5,,,고급형,,False,False
mf-003.md-042.sm-아베오-세단.pw-가솔린-1-4.tr-스타,쉐보레(GM대우),003,국산,아베오,042,아베오 세단,,11~16,encar,가솔린,1.4,True,,5,,,스타,,False,False
mf-003.md-042.sm-아베오-세단.pw-가솔린-1-4.tr-최고급형,쉐보레(GM대우),003,국산,아베오,042,아베오 세단,,11~16,encar,가솔린,1.4,True,,5,,,최고급형,,False,False
mf-003.md-042.sm-아베오-세단.pw-가솔린-1-6.tr-l-스타,쉐보레(GM대우),003,국산,아베오,042,아베오 세단,,11~16,encar,가솔린,1.6,False,,5,,,L 스타,,False,False
mf-003.md-042.sm-아베오-세단.pw-가솔린-1-6.tr-ls-고급형,쉐보레(GM대우),003,국산,아베오,042,아베오 세단,,11~16,encar,가솔린,1.6,False,,5,,,LS 고급형,,False,False
mf-003.md-042.sm-아베오-세단.pw-가솔린-1-6.tr-lt-최고급형,쉐보레(GM대우),003,국산,아베오,042,아베오 세단,,11~16,encar,가솔린,1.6,False,,5,,,LT 최고급형,,False,False
mf-003.md-042.sm-아베오-세단.pw-가솔린-1-6.tr-l-일반형,쉐보레(GM대우),003,국산,아베오,042,아베오 세단,,11~16,encar,가솔린,1.6,False,,,,,L 일반형,,False,False
mf-003.md-042.sm-아베오-해치백.pw-가솔린-1-6.tr-고급형,쉐보레(GM대우),003,국산,아베오,042,아베오 해치백,,11~16,encar,가솔린,1.6,False,,5,,,고급형,,False,False
mf-003.md-042.sm-아베오-해치백.pw-가솔린-1-6.tr-일반형,쉐보레(GM대우),003,국산,아베오,042,아베오 해치백,,11~16,encar,가솔린,1.6,False,,5,,,일반형,,False,False
mf-003.md-042.sm-아베오-해치백.pw-가솔린-1-6.tr-최고급형,쉐보레(GM대우),003,국산,아베오,042,아베오 해치백,,11~16,encar,가솔린,1.6,False,,5,,,최고급형,,False,False
mf-003.md-042.sm-아베오-해치백.pw-가솔린-1-6.tr-펀-에디션,쉐보레(GM대우),003,국산,아베오,042,아베오 해치백,,11~16,encar,가솔린,1.6,False,,5,,,펀 에디션,,False,False
mf-003.md-042.sm-아베오-해치백.pw-가솔린-1-4.tr-rs,쉐보레(GM대우),003,국산,아베오,042,아베오 해치백,,11~16,encar,가솔린,1.4,True,,5,,,RS,,False,False
mf-003.md-042.sm-아베오-해치백.pw-가솔린-1-4.tr-스탠다드,쉐보레(GM대우),003,국산,아베오,042,아베오 해치백,,11~16,encar,가솔린,1.4,True,,5,,,스탠다드,,False,False
mf-003.md-042.sm-아베오-해치백.pw-가솔린-1-4.tr-스포츠,쉐보레(GM대우),003,국산,아베오,042,아베오 해치백,,11~16,encar,가솔린,1.4,True,,5,,,스포츠,,False,False
mf-003.md-038.sm-알페온.pw-가솔린-3-0.tr-디럭스,쉐보레(GM대우),003,국산,알페온,038,알페온,,10~15,encar,가솔린,3.0,False,,5,,,디럭스,,False,False
mf-003.md-038.sm-알페온.pw-가솔린-3-0.tr-슈프림,쉐보레(GM대우),003,국산,알페온,038,알페온,,10~15,encar,가솔린,3.0,False,,5,,,슈프림,,False,False
mf-003.md-038.sm-알페온.pw-가솔린-3-0.tr-슈프림-블랙,쉐보레(GM대우),003,국산,알페온,038,알페온,,10~15,encar,가솔린,3.0,False,,5,,,슈프림 블랙,,False,False
mf-003.md-038.sm-알페온.pw-가솔린-3-0.tr-스페셜,쉐보레(GM대우),003,국산,알페온,038,알페온,,10~15,encar,가솔린,3.0,False,,5,,,스페셜,,False,False
mf-003.md-038.sm-알페온.pw-가솔린-3-0.tr-프리미엄,쉐보레(GM대우),003,국산,알페온,038,알페온,,10~15,encar,가솔린,3.0,False,,5,,,프리미엄,,False,False
mf-003.md-038.sm-알페온.pw-가솔린-2-4.tr-디럭스,쉐보레(GM대우),003,국산,알페온,038,알페온,,10~15,encar,가솔린,2.4,False,,5,,,디럭스,,False,False
mf-003.md-038.sm-알페온.pw-가솔린-2-4.tr-프리미엄,쉐보레(GM대우),003,국산,알페온,038,알페온,,10~15,encar,가솔린,2.4,False,,5,,,프리미엄,,False,False
mf-003.md-038.sm-알페온.pw-하이브리드-2-4.tr-디럭스,쉐보레(GM대우),003,국산,알페온,038,알페온,,10~15,encar,하이브리드,2.4,False,,5,,,디럭스,,False,False
mf-003.md-038.sm-알페온.pw-하이브리드-2-4.tr-프리미엄,쉐보레(GM대우),003,국산,알페온,038,알페온,,10~15,encar,하이브리드,2.4,False,,5,,,프리미엄,,False,False
mf-003.md-052.sm-더-넥스트-이쿼녹스.pw-가솔린-1-5-4wd.tr-lt,쉐보레(GM대우),003,국산,이쿼녹스,052,더 넥스트 이쿼녹스,,22~24,encar,가솔린,1.5,False,4WD,5,,,LT,,False,False
mf-003.md-052.sm-더-넥스트-이쿼녹스.pw-가솔린-1-5-4wd.tr-rs,쉐보레(GM대우),003,국산,이쿼녹스,052,더 넥스트 이쿼녹스,,22~24,encar,가솔린,1.5,False,4WD,5,,,RS,,False,False
mf-003.md-052.sm-더-넥스트-이쿼녹스.pw-가솔린-1-5-4wd.tr-프리미어,쉐보레(GM대우),003,국산,이쿼녹스,052,더 넥스트 이쿼녹스,,22~24,encar,가솔린,1.5,False,4WD,5,,,프리미어,,False,False
mf-003.md-052.sm-더-넥스트-이쿼녹스.pw-가솔린-1-5-2wd.tr-lt,쉐보레(GM대우),003,국산,이쿼녹스,052,더 넥스트 이쿼녹스,,22~24,encar,가솔린,1.5,False,2WD,5,,,LT,,False,False
mf-003.md-052.sm-더-넥스트-이쿼녹스.pw-가솔린-1-5-2wd.tr-rs,쉐보레(GM대우),003,국산,이쿼녹스,052,더 넥스트 이쿼녹스,,22~24,encar,가솔린,1.5,False,2WD,5,,,RS,,False,False
mf-003.md-052.sm-더-넥스트-이쿼녹스.pw-가솔린-1-5-2wd.tr-프리미어,쉐보레(GM대우),003,국산,이쿼녹스,052,더 넥스트 이쿼녹스,,22~24,encar,가솔린,1.5,False,2WD,5,,,프리미어,,False,False
mf-003.md-052.sm-이쿼녹스.pw-디젤-1-6-2wd.tr-세부등급-없음,쉐보레(GM대우),003,국산,이쿼녹스,052,이쿼녹스,,18~20,encar,디젤,1.6,False,2WD,5,,,(세부등급 없음),,False,False
mf-003.md-052.sm-이쿼녹스.pw-디젤-1-6-2wd.tr-ls,쉐보레(GM대우),003,국산,이쿼녹스,052,이쿼녹스,,18~20,encar,디젤,1.6,False,2WD,5,,,LS,,False,False
mf-003.md-052.sm-이쿼녹스.pw-디젤-1-6-2wd.tr-익스클루시브,쉐보레(GM대우),003,국산,이쿼녹스,052,이쿼녹스,,18~20,encar,디젤,1.6,False,2WD,5,,,익스클루시브,,False,False
mf-003.md-052.sm-이쿼녹스.pw-디젤-1-6-4wd.tr-익스클루시브,쉐보레(GM대우),003,국산,이쿼녹스,052,이쿼녹스,,18~20,encar,디젤,1.6,False,4WD,5,,,익스클루시브,,False,False
mf-003.md-013.sm-마티즈-크리에이티브.pw-가솔린-1-0.tr-세부등급-없음,쉐보레(GM대우),003,국산,마티즈,013,마티즈 크리에이티브,,09~11,encar,가솔린,1.0,False,,5,,,(세부등급 없음),,False,False
mf-003.md-013.sm-마티즈-크리에이티브.pw-가솔린-1-0.tr-고급형,쉐보레(GM대우),003,국산,마티즈,013,마티즈 크리에이티브,,09~11,encar,가솔린,1.0,False,,5,,,고급형,,False,False
mf-003.md-013.sm-마티즈-크리에이티브.pw-가솔린-1-0.tr-스타,쉐보레(GM대우),003,국산,마티즈,013,마티즈 크리에이티브,,09~11,encar,가솔린,1.0,False,,5,,,스타,,False,False
mf-003.md-013.sm-마티즈-크리에이티브.pw-가솔린-1-0.tr-일반형,쉐보레(GM대우),003,국산,마티즈,013,마티즈 크리에이티브,,09~11,encar,가솔린,1.0,False,,5,,,일반형,,False,False
mf-003.md-013.sm-마티즈-크리에이티브.pw-lpg-1-0.tr-스타,쉐보레(GM대우),003,국산,마티즈,013,마티즈 크리에이티브,,09~11,encar,LPG,1.0,False,,5,,,스타,,False,False
mf-003.md-013.sm-마티즈-클래식.pw-가솔린-0-8.tr-고급형,쉐보레(GM대우),003,국산,마티즈,013,마티즈 클래식,,09~11,encar,가솔린,0.8,False,,5,,,고급형,,False,False
mf-003.md-013.sm-마티즈-클래식.pw-가솔린-1-0.tr-일반형,쉐보레(GM대우),003,국산,마티즈,013,마티즈 클래식,,09~11,encar,가솔린,1.0,False,,,,,일반형,,False,False
mf-003.md-013.sm-all-new-마티즈.pw-가솔린-0-8.tr-세부등급-없음,쉐보레(GM대우),003,국산,마티즈,013,All New 마티즈,,05~09,encar,가솔린,0.8,False,,5,,,(세부등급 없음),,False,False
mf-003.md-013.sm-all-new-마티즈.pw-가솔린-0-8.tr-se,쉐보레(GM대우),003,국산,마티즈,013,All New 마티즈,,05~09,encar,가솔린,0.8,False,,5,,,SE,,False,False
mf-003.md-013.sm-all-new-마티즈.pw-가솔린-0-8.tr-sx,쉐보레(GM대우),003,국산,마티즈,013,All New 마티즈,,05~09,encar,가솔린,0.8,False,,5,,,SX,,False,False
mf-003.md-013.sm-all-new-마티즈.pw-가솔린-0-8.tr-고급형,쉐보레(GM대우),003,국산,마티즈,013,All New 마티즈,,05~09,encar,가솔린,0.8,False,,5,,,고급형,,False,False
mf-003.md-007.sm-뉴-라보.pw-lpg-0-8.tr-dlx,쉐보레(GM대우),003,국산,라보,007,뉴 라보,,08~21,encar,LPG,0.8,False,,2,,,DLX,,False,False
mf-003.md-007.sm-뉴-라보.pw-lpg-0-8.tr-std,쉐보레(GM대우),003,국산,라보,007,뉴 라보,,08~21,encar,LPG,0.8,False,,2,,,STD,,False,False
mf-003.md-007.sm-뉴-라보.pw-lpg-0-8.tr-내장탑차-롱카고,쉐보레(GM대우),003,국산,라보,007,뉴 라보,,08~21,encar,LPG,0.8,False,,2,,,내장탑차 롱카고,,False,False
mf-003.md-007.sm-뉴-라보.pw-lpg-0-8.tr-냉동탑차,쉐보레(GM대우),003,국산,라보,007,뉴 라보,,08~21,encar,LPG,0.8,False,,2,,,냉동탑차,,False,False
mf-003.md-007.sm-뉴-라보.pw-lpg-0-8.tr-롱카고-dlx,쉐보레(GM대우),003,국산,라보,007,뉴 라보,,08~21,encar,LPG,0.8,False,,2,,,롱카고 DLX,,False,False
mf-003.md-007.sm-뉴-라보.pw-lpg-0-8.tr-롱카고-super,쉐보레(GM대우),003,국산,라보,007,뉴 라보,,08~21,encar,LPG,0.8,False,,2,,,롱카고 SUPER,,False,False
mf-003.md-007.sm-뉴-라보.pw-lpg-0-8.tr-보냉탑차-롱카고,쉐보레(GM대우),003,국산,라보,007,뉴 라보,,08~21,encar,LPG,0.8,False,,2,,,보냉탑차 롱카고,,False,False
mf-003.md-007.sm-뉴-라보.pw-lpg-0-8.tr-보냉탑차-일반형,쉐보레(GM대우),003,국산,라보,007,뉴 라보,,08~21,encar,LPG,0.8,False,,2,,,보냉탑차 일반형,,False,False
mf-003.md-007.sm-뉴-라보.pw-lpg-0-8.tr-이동주유차,쉐보레(GM대우),003,국산,라보,007,뉴 라보,,08~21,encar,LPG,0.8,False,,2,,,이동주유차,,False,False
mf-003.md-007.sm-뉴-라보.pw-lpg-0-8.tr-이동판매차,쉐보레(GM대우),003,국산,라보,007,뉴 라보,,08~21,encar,LPG,0.8,False,,2,,,이동판매차,,False,False
mf-003.md-007.sm-뉴-라보.pw-lpg-0-8.tr-접이식탑차-롱카고,쉐보레(GM대우),003,국산,라보,007,뉴 라보,,08~21,encar,LPG,0.8,False,,2,,,접이식탑차 롱카고,,False,False
mf-003.md-007.sm-뉴-라보.pw-lpg-0-8.tr-접이식탑차-일반형,쉐보레(GM대우),003,국산,라보,007,뉴 라보,,08~21,encar,LPG,0.8,False,,2,,,접이식탑차 일반형,,False,False
mf-003.md-007.sm-뉴-라보.pw-lpg-0-8.tr-캠핑카,쉐보레(GM대우),003,국산,라보,007,뉴 라보,,08~21,encar,LPG,0.8,False,,2,,,캠핑카,,False,False
mf-003.md-007.sm-뉴-라보.pw-lpg-0-8.tr-파워게이트,쉐보레(GM대우),003,국산,라보,007,뉴 라보,,08~21,encar,LPG,0.8,False,,2,,,파워게이트,,False,False
mf-003.md-051.sm-뉴-볼트-ev.pw-전기-66-0.tr-ev-프리미어,쉐보레(GM대우),003,국산,볼트 EV,051,뉴 볼트 EV,,21~23,encar,전기,,False,,5,66.0,414,EV 프리미어,,False,False
mf-003.md-051.sm-볼트-ev.pw-전기.tr-ev-lt-디럭스,쉐보레(GM대우),003,국산,볼트 EV,051,볼트 EV,,17~21,encar,전기,,False,,5,,,EV LT 디럭스,,False,False
mf-003.md-051.sm-볼트-ev.pw-전기.tr-ev-프리미어,쉐보레(GM대우),003,국산,볼트 EV,051,볼트 EV,,17~21,encar,전기,,False,,5,,,EV 프리미어,,False,False
mf-003.md-051.sm-볼트-ev.pw-전기.tr-ev,쉐보레(GM대우),003,국산,볼트 EV,051,볼트 EV,,17~21,encar,전기,,False,,5,,,EV,,False,False
mf-003.md-056.sm-볼트-euv.pw-전기-66-0.tr-레드라인,쉐보레(GM대우),003,국산,볼트 EUV,056,볼트 EUV,,21~23,encar,전기,,False,,5,66.0,403,레드라인,,False,False
mf-003.md-056.sm-볼트-euv.pw-전기-66-0.tr-프리미어,쉐보레(GM대우),003,국산,볼트 EUV,056,볼트 EUV,,21~23,encar,전기,,False,,5,66.0,403,프리미어,,False,False
mf-003.md-004.sm-뉴-다마스.pw-lpg-0-8.tr-dlx,쉐보레(GM대우),003,국산,다마스,004,뉴 다마스,,08~21,encar,LPG,0.8,False,,2,,,DLX,,False,False
mf-003.md-004.sm-뉴-다마스.pw-lpg-0-8.tr-슈퍼,쉐보레(GM대우),003,국산,다마스,004,뉴 다마스,,08~21,encar,LPG,0.8,False,,2,,,슈퍼,,False,False
mf-003.md-004.sm-뉴-다마스.pw-lpg-0-8.tr-리빅,쉐보레(GM대우),003,국산,다마스,004,뉴 다마스,,08~21,encar,LPG,0.8,False,,5,,,리빅,,False,False
mf-003.md-004.sm-뉴-다마스.pw-lpg-0-8.tr-슈퍼,쉐보레(GM대우),003,국산,다마스,004,뉴 다마스,,08~21,encar,LPG,0.8,False,,5,,,슈퍼,,False,False
mf-003.md-044.sm-더-뉴-카마로.pw-가솔린-6-2.tr-ss-v8,쉐보레(GM대우),003,국산,카마로,044,더 뉴 카마로,,18~22,encar,가솔린,6.2,False,,4,,,SS V8,,False,False
mf-003.md-044.sm-더-뉴-카마로.pw-가솔린-6-2.tr-ss-v8-볼케이노-레드,쉐보레(GM대우),003,국산,카마로,044,더 뉴 카마로,,18~22,encar,가솔린,6.2,False,,4,,,SS V8 볼케이노 레드,,False,False
mf-003.md-044.sm-올-뉴-카마로.pw-가솔린-6-2.tr-ss-v8,쉐보레(GM대우),003,국산,카마로,044,올 뉴 카마로,,16~18,encar,가솔린,6.2,False,,4,,,SS V8,,False,False
mf-003.md-044.sm-올-뉴-카마로.pw-가솔린-6-2.tr-ss-v8-볼케이노-레드,쉐보레(GM대우),003,국산,카마로,044,올 뉴 카마로,,16~18,encar,가솔린,6.2,False,,4,,,SS V8 볼케이노 레드,,False,False
mf-003.md-044.sm-카마로.pw-가솔린-3-6.tr-기본,쉐보레(GM대우),003,국산,카마로,044,카마로,,11~15,encar,가솔린,3.6,False,,4,,,기본,,False,False
mf-003.md-008.sm-라세티-프리미어.pw-가솔린-1-6.tr-cdx-블루-블랙-에디션,쉐보레(GM대우),003,국산,라세티,008,라세티 프리미어,,08~11,encar,가솔린,1.6,False,,5,,,CDX 블루&블랙 에디션,,False,False
mf-003.md-008.sm-라세티-프리미어.pw-가솔린-1-6.tr-고급형,쉐보레(GM대우),003,국산,라세티,008,라세티 프리미어,,08~11,encar,가솔린,1.6,False,,5,,,고급형,,False,False
mf-003.md-008.sm-라세티-프리미어.pw-가솔린-1-6.tr-일반형,쉐보레(GM대우),003,국산,라세티,008,라세티 프리미어,,08~11,encar,가솔린,1.6,False,,5,,,일반형,,False,False
mf-003.md-008.sm-라세티-프리미어.pw-가솔린-1-8.tr-고급형,쉐보레(GM대우),003,국산,라세티,008,라세티 프리미어,,08~11,encar,가솔린,1.8,False,,5,,,고급형,,False,False
mf-003.md-008.sm-라세티-프리미어.pw-가솔린-1-8.tr-일반형,쉐보레(GM대우),003,국산,라세티,008,라세티 프리미어,,08~11,encar,가솔린,1.8,False,,5,,,일반형,,False,False
mf-003.md-008.sm-라세티-프리미어.pw-디젤-2-0.tr-cdx-블루-블랙-에디션,쉐보레(GM대우),003,국산,라세티,008,라세티 프리미어,,08~11,encar,디젤,2.0,False,,5,,,CDX 블루&블랙 에디션,,False,False
mf-003.md-008.sm-라세티-프리미어.pw-디젤-2-0.tr-고급형,쉐보레(GM대우),003,국산,라세티,008,라세티 프리미어,,08~11,encar,디젤,2.0,False,,5,,,고급형,,False,False
mf-003.md-050.sm-volt.pw-하이브리드-1-5.tr-기본,쉐보레(GM대우),003,국산,볼트(Volt),050,볼트 Volt,Volt,16~19,encar,하이브리드,1.5,False,,5,,,기본,,False,False
mf-003.md-035.sm-g2x.pw-가솔린-2-0.tr-기본,쉐보레(GM대우),003,국산,G2X,035,G2X,,07~08,encar,가솔린,2.0,True,,2,,,기본,,False,False
mf-003.md-021.sm-아카디아.pw-가솔린-3-2.tr-lx,쉐보레(GM대우),003,국산,아카디아,021,아카디아,,94~99,encar,가솔린,3.2,False,,5,,,LX,,False,False
mf-003.md-021.sm-아카디아.pw-가솔린-3-2.tr-로얄,쉐보레(GM대우),003,국산,아카디아,021,아카디아,,94~99,encar,가솔린,3.2,False,,5,,,로얄,,False,False
mf-003.md-021.sm-아카디아.pw-가솔린-3-2.tr-슈퍼-로얄,쉐보레(GM대우),003,국산,아카디아,021,아카디아,,94~99,encar,가솔린,3.2,False,,,,,슈퍼 로얄,,False,False
mf-003.md-023.sm-윈스톰.pw-디젤-2-0-2wd.tr-고급형,쉐보레(GM대우),003,국산,윈스톰,023,윈스톰,,06~10,encar,디젤,2.0,False,2WD,7,,,고급형,,False,False
mf-003.md-023.sm-윈스톰.pw-디젤-2-0-2wd.tr-고급형,쉐보레(GM대우),003,국산,윈스톰,023,윈스톰,,06~10,encar,디젤,2.0,False,2WD,5,,,고급형,,False,False
mf-003.md-023.sm-윈스톰.pw-디젤-2-0-4wd.tr-고급형,쉐보레(GM대우),003,국산,윈스톰,023,윈스톰,,06~10,encar,디젤,2.0,False,4WD,7,,,고급형,,False,False
mf-003.md-029.sm-티코.pw-가솔린-0-8.tr-sx,쉐보레(GM대우),003,국산,티코,029,티코,,91~01,encar,가솔린,0.8,False,,5,,,SX,,False,False
mf-003.md-029.sm-티코.pw-가솔린-0-8.tr-슈퍼,쉐보레(GM대우),003,국산,티코,029,티코,,91~01,encar,가솔린,0.8,False,,5,,,슈퍼,,False,False
mf-003.md-057.sm-타호.pw-가솔린-6-2-4wd.tr-하이컨트리,쉐보레(GM대우),003,국산,타호,057,타호,,22~현재,encar,가솔린,6.2,False,4WD,7,,,하이컨트리,,False,False
mf-003.md-025.sm-젠트라-x.pw-가솔린-1-2.tr-sx,쉐보레(GM대우),003,국산,젠트라,025,젠트라 X,,07~11,encar,가솔린,1.2,False,,5,,,SX,,False,False
mf-003.md-025.sm-젠트라.pw-가솔린-1-2.tr-sx,쉐보레(GM대우),003,국산,젠트라,025,젠트라,,05~11,encar,가솔린,1.2,False,,5,,,SX,,False,False
mf-003.md-022.sm-에스페로.pw-가솔린-1-5.tr-dohc,쉐보레(GM대우),003,국산,에스페로,022,에스페로,,90~97,encar,가솔린,1.5,False,,,,,DOHC,,False,False
mf-003.md-028.sm-토스카-프리미엄6.pw-가솔린-2-0.tr-l6-cdx,쉐보레(GM대우),003,국산,토스카,028,토스카 프리미엄6,,08~11,encar,가솔린,2.0,False,,5,,,L6 CDX,,False,False
mf-003.md-028.sm-토스카.pw-lpg-2-0.tr-l6-디럭스,쉐보레(GM대우),003,국산,토스카,028,토스카,,06~08,encar,LPG,2.0,False,,5,,,L6 디럭스,,False,False
mf-003.md-028.sm-토스카.pw-가솔린-2-0.tr-딥브라운-고급형,쉐보레(GM대우),003,국산,토스카,028,토스카,,06~08,encar,가솔린,2.0,False,,5,,,딥브라운 고급형,,False,False
mf-003.md-014.sm-매그너스.pw-가솔린-2-0.tr-sohc,쉐보레(GM대우),003,국산,매그너스,014,매그너스,,99~06,encar,가솔린,2.0,False,,5,,,SOHC,,False,False
mf-003.md-014.sm-매그너스.pw-가솔린-2-0.tr-이글-l6-익스클루시브,쉐보레(GM대우),003,국산,매그너스,014,매그너스,,99~06,encar,가솔린,2.0,False,,5,,,이글 L6 익스클루시브,,False,False
mf-003.md-016.sm-베리타스.pw-가솔린-3-6.tr-디럭스,쉐보레(GM대우),003,국산,베리타스,016,베리타스,,08~10,encar,가솔린,3.6,False,,5,,,디럭스,,False,False
mf-003.md-019.sm-스테이츠맨.pw-가솔린-2-8.tr-v6,쉐보레(GM대우),003,국산,스테이츠맨,019,스테이츠맨,,05~07,encar,가솔린,2.8,False,,5,,,V6,,False,False
mf-003.md-019.sm-스테이츠맨.pw-가솔린-3-6.tr-v6,쉐보레(GM대우),003,국산,스테이츠맨,019,스테이츠맨,,05~07,encar,가솔린,3.6,False,,5,,,V6,,False,False
mf-003.md-030.sm-프린스.pw-가솔린-1-8.tr-mpfi,쉐보레(GM대우),003,국산,프린스,030,프린스,,91~96,encar,가솔린,1.8,False,,,,,MPFi,,False,False
mf-003.md-030.sm-프린스.pw-가솔린-1-8.tr-sohc,쉐보레(GM대우),003,국산,프린스,030,프린스,,91~96,encar,가솔린,1.8,False,,5,,,SOHC,,False,False
mf-003.md-006.sm-라노스.pw-가솔린-1-5.tr-기본형,쉐보레(GM대우),003,국산,라노스,006,라노스,,96~00,encar,가솔린,1.5,False,,5,,,기본형,,False,False
mf-003.md-010.sm-레조.pw-lpg-2-0.tr-sl,쉐보레(GM대우),003,국산,레조,010,레조,,00~07,encar,LPG,2.0,False,,7,,,SL,,False,False
mf-003.md-047.sm-콜벳.pw-가솔린-5-5.tr-기본,쉐보레(GM대우),003,국산,콜벳,047,콜벳,,12~13,encar,가솔린,5.5,False,,,,,기본,,False,False
mf-005.md-011.sm-hzg.pw-가솔린-2-0-2wd.tr-gde-le,르노코리아(삼성),005,국산,QM6,011,더 뉴 QM6 HZG,HZG,19~현재,encar,가솔린,2.0,False,2WD,5,,,GDe LE,2887,False,False
mf-005.md-011.sm-hzg.pw-가솔린-2-0-2wd.tr-gde-re,르노코리아(삼성),005,국산,QM6,011,더 뉴 QM6 HZG,HZG,19~현재,encar,가솔린,2.0,False,2WD,5,,,GDe RE,2744,False,False
mf-005.md-011.sm-hzg.pw-가솔린-2-0-2wd.tr-gde-le-시그니처,르노코리아(삼성),005,국산,QM6,011,더 뉴 QM6 HZG,HZG,19~현재,encar,가솔린,2.0,False,2WD,5,,,GDe LE 시그니처,3118,False,False
mf-005.md-011.sm-hzg.pw-가솔린-2-0-2wd.tr-gde-re-시그니처,르노코리아(삼성),005,국산,QM6,011,더 뉴 QM6 HZG,HZG,19~현재,encar,가솔린,2.0,False,2WD,5,,,GDe RE 시그니처,3118,False,False
mf-005.md-011.sm-hzg.pw-가솔린-2-0-2wd.tr-gde-프리미에르-premiere,르노코리아(삼성),005,국산,QM6,011,더 뉴 QM6 HZG,HZG,19~현재,encar,가솔린,2.0,False,2WD,5,,,GDe 프리미에르 (Premiere),3400,False,False
mf-005.md-011.sm-hzg.pw-lpg-2-0-2wd.tr-lpe-le,르노코리아(삼성),005,국산,QM6,011,더 뉴 QM6 HZG,HZG,19~현재,encar,LPG,2.0,False,2WD,5,,,LPe LE,3015,False,False
mf-005.md-011.sm-hzg.pw-lpg-2-0-2wd.tr-lpe-re,르노코리아(삼성),005,국산,QM6,011,더 뉴 QM6 HZG,HZG,19~현재,encar,LPG,2.0,False,2WD,5,,,LPe RE,2872,False,False
mf-005.md-011.sm-hzg.pw-lpg-2-0-2wd.tr-lpe-le-시그니처,르노코리아(삼성),005,국산,QM6,011,더 뉴 QM6 HZG,HZG,19~현재,encar,LPG,2.0,False,2WD,5,,,LPe LE 시그니처,3246,False,False
mf-005.md-011.sm-hzg.pw-lpg-2-0-2wd.tr-lpe-re-시그니처,르노코리아(삼성),005,국산,QM6,011,더 뉴 QM6 HZG,HZG,19~현재,encar,LPG,2.0,False,2WD,5,,,LPe RE 시그니처,3246,False,False
mf-005.md-011.sm-hzg.pw-lpg-2-0-2wd.tr-lpe-프리미에르-premiere,르노코리아(삼성),005,국산,QM6,011,더 뉴 QM6 HZG,HZG,19~현재,encar,LPG,2.0,False,2WD,5,,,LPe 프리미에르 (Premiere),3450,False,False
mf-005.md-011.sm-hzg.pw-디젤-1-7-2wd.tr-dci-re,르노코리아(삼성),005,국산,QM6,011,더 뉴 QM6 HZG,HZG,19~현재,encar,디젤,1.7,False,2WD,5,,,dCi RE,3019,False,False
mf-005.md-011.sm-hzg.pw-디젤-1-7-2wd.tr-dci-re-시그니처,르노코리아(삼성),005,국산,QM6,011,더 뉴 QM6 HZG,HZG,19~현재,encar,디젤,1.7,False,2WD,5,,,dCi RE 시그니처,3319,False,False
mf-005.md-011.sm-hzg.pw-lpg-2-0-2wd.tr-퀘스트-밴-lpe-초기형-트림-le-2023-09-이후-밴-으로-개칭,르노코리아(삼성),005,국산,QM6,011,더 뉴 QM6 HZG,HZG,19~현재,encar,LPG,2.0,False,2WD,2,,,퀘스트(밴) LPe — 초기형 트림 LE (2023.09 이후 '밴'으로 개칭),2495,True,False
mf-005.md-011.sm-hzg.pw-lpg-2-0-2wd.tr-퀘스트-lpe-비즈니스-2023-09-개편명,르노코리아(삼성),005,국산,QM6,011,더 뉴 QM6 HZG,HZG,19~현재,encar,LPG,2.0,False,2WD,2,,,퀘스트 LPe 비즈니스 (2023.09~ 개편명),2690,True,False
mf-005.md-011.sm-hzg.pw-lpg-2-0-2wd.tr-퀘스트-lpe-어드벤처-2023-09-개편명,르노코리아(삼성),005,국산,QM6,011,더 뉴 QM6 HZG,HZG,19~현재,encar,LPG,2.0,False,2WD,2,,,퀘스트 LPe 어드벤처 (2023.09~ 개편명),3020,True,False
mf-005.md-011.sm-hzg.pw-디젤-2-0-4wd.tr-dci-re-시그니처,르노코리아(삼성),005,국산,QM6,011,더 뉴 QM6 HZG,HZG,19~현재,encar,디젤,2.0,False,4WD,5,,,dCi RE 시그니처,3319,False,False
mf-005.md-011.sm-hzg.pw-디젤-2-0-4wd.tr-le,르노코리아(삼성),005,국산,QM6,011,QM6 HZG,HZG,16~19,encar,디젤,2.0,False,4WD,5,,,LE,2887,False,False
mf-005.md-011.sm-hzg.pw-디젤-2-0-4wd.tr-re,르노코리아(삼성),005,국산,QM6,011,QM6 HZG,HZG,16~19,encar,디젤,2.0,False,4WD,5,,,RE,2744,False,False
mf-005.md-011.sm-hzg.pw-디젤-2-0-4wd.tr-re-시그니처,르노코리아(삼성),005,국산,QM6,011,QM6 HZG,HZG,16~19,encar,디젤,2.0,False,4WD,5,,,RE 시그니처,3118,False,False
mf-005.md-011.sm-hzg.pw-가솔린-2-0-2wd.tr-le,르노코리아(삼성),005,국산,QM6,011,QM6 HZG,HZG,16~19,encar,가솔린,2.0,False,2WD,5,,,LE,2887,False,False
mf-005.md-011.sm-hzg.pw-가솔린-2-0-2wd.tr-re,르노코리아(삼성),005,국산,QM6,011,QM6 HZG,HZG,16~19,encar,가솔린,2.0,False,2WD,5,,,RE,2744,False,False
mf-005.md-011.sm-hzg.pw-가솔린-2-0-2wd.tr-re-시그니처,르노코리아(삼성),005,국산,QM6,011,QM6 HZG,HZG,16~19,encar,가솔린,2.0,False,2WD,5,,,RE 시그니처,3118,False,False
mf-005.md-011.sm-hzg.pw-디젤-2-0-2wd.tr-se,르노코리아(삼성),005,국산,QM6,011,QM6 HZG,HZG,16~19,encar,디젤,2.0,False,2WD,5,,,SE,2725,False,False
mf-005.md-011.sm-hzg.pw-디젤-2-0-2wd.tr-le,르노코리아(삼성),005,국산,QM6,011,QM6 HZG,HZG,16~19,encar,디젤,2.0,False,2WD,5,,,LE,2887,False,False
mf-005.md-011.sm-hzg.pw-디젤-2-0-2wd.tr-re,르노코리아(삼성),005,국산,QM6,011,QM6 HZG,HZG,16~19,encar,디젤,2.0,False,2WD,5,,,RE,2744,False,False
mf-005.md-011.sm-hzg.pw-디젤-2-0-2wd.tr-re-플러스,르노코리아(삼성),005,국산,QM6,011,QM6 HZG,HZG,16~19,encar,디젤,2.0,False,2WD,5,,,RE 플러스,2950,False,False
mf-005.md-011.sm-hzg.pw-디젤-2-0-2wd.tr-re-시그니처,르노코리아(삼성),005,국산,QM6,011,QM6 HZG,HZG,16~19,encar,디젤,2.0,False,2WD,5,,,RE 시그니처,3118,False,False
mf-005.md-010.sm-lfd.pw-가솔린-1-8.tr-tce-le,르노코리아(삼성),005,국산,SM6,010,더 뉴 SM6 LFD,LFD,20~현재,encar,가솔린,1.8,False,,5,,,TCe LE,2960,False,False
mf-005.md-010.sm-lfd.pw-가솔린-1-8.tr-tce-인스파이어-inspire,르노코리아(삼성),005,국산,SM6,010,더 뉴 SM6 LFD,LFD,20~현재,encar,가솔린,1.8,False,,5,,,TCe 인스파이어(Inspire),3680,False,False
mf-005.md-010.sm-lfd.pw-가솔린-1-8.tr-tce-프리미에르,르노코리아(삼성),005,국산,SM6,010,더 뉴 SM6 LFD,LFD,20~현재,encar,가솔린,1.8,False,,5,,,TCe 프리미에르,3431,False,False
mf-005.md-010.sm-lfd.pw-lpg-2-0.tr-lpe-필-feel,르노코리아(삼성),005,국산,SM6,010,더 뉴 SM6 LFD,LFD,20~현재,encar,LPG,2.0,False,,5,,,LPe 필(Feel),2900,False,False
mf-005.md-010.sm-lfd.pw-lpg-2-0.tr-lpe-se,르노코리아(삼성),005,국산,SM6,010,더 뉴 SM6 LFD,LFD,20~현재,encar,LPG,2.0,False,,5,,,LPe SE,,False,False
mf-005.md-010.sm-lfd.pw-lpg-2-0.tr-lpe-le,르노코리아(삼성),005,국산,SM6,010,더 뉴 SM6 LFD,LFD,20~현재,encar,LPG,2.0,False,,5,,,LPe LE,,False,False
mf-005.md-010.sm-lfd.pw-lpg-2-0.tr-lpe-re,르노코리아(삼성),005,국산,SM6,010,더 뉴 SM6 LFD,LFD,20~현재,encar,LPG,2.0,False,,5,,,LPe RE,,False,False
mf-005.md-010.sm-lfd.pw-가솔린-1-3.tr-tce-필-feel,르노코리아(삼성),005,국산,SM6,010,더 뉴 SM6 LFD,LFD,20~현재,encar,가솔린,1.3,False,,5,,,TCe 필(Feel),2850,False,False
mf-005.md-010.sm-lfd.pw-가솔린-1-3.tr-tce-se,르노코리아(삼성),005,국산,SM6,010,더 뉴 SM6 LFD,LFD,20~현재,encar,가솔린,1.3,False,,5,,,TCe SE,2386,False,False
mf-005.md-010.sm-lfd.pw-가솔린-1-3.tr-tce-se-plus,르노코리아(삼성),005,국산,SM6,010,더 뉴 SM6 LFD,LFD,20~현재,encar,가솔린,1.3,False,,5,,,TCe SE Plus,,False,False
mf-005.md-010.sm-lfd.pw-가솔린-1-3.tr-tce-le,르노코리아(삼성),005,국산,SM6,010,더 뉴 SM6 LFD,LFD,20~현재,encar,가솔린,1.3,False,,5,,,TCe LE,2960,False,False
mf-005.md-010.sm-lfd.pw-가솔린-1-3.tr-tce-re,르노코리아(삼성),005,국산,SM6,010,더 뉴 SM6 LFD,LFD,20~현재,encar,가솔린,1.3,False,,5,,,TCe RE,3181,False,False
mf-005.md-010.sm-lfd.pw-가솔린-1-3.tr-tce-프리미에르,르노코리아(삼성),005,국산,SM6,010,더 뉴 SM6 LFD,LFD,20~현재,encar,가솔린,1.3,False,,5,,,TCe 프리미에르,3431,False,False
mf-005.md-010.sm-lfd.pw-lpg-2-0.tr-lpe-se-plus,르노코리아(삼성),005,국산,SM6,010,더 뉴 SM6 LFD,LFD,20~현재,encar,LPG,2.0,False,,,,,LPe SE Plus,,False,False
mf-005.md-010.sm-lfd.pw-lpg-2-0.tr-lpe-pe-렌터카,르노코리아(삼성),005,국산,SM6,010,SM6 LFD,LFD,16~20,encar,LPG,2.0,False,,5,,,LPe PE(렌터카),,True,False
mf-005.md-010.sm-lfd.pw-lpg-2-0.tr-lpe-se,르노코리아(삼성),005,국산,SM6,010,SM6 LFD,LFD,16~20,encar,LPG,2.0,False,,5,,,LPe SE,,False,False
mf-005.md-010.sm-lfd.pw-lpg-2-0.tr-lpe-se-렌터카,르노코리아(삼성),005,국산,SM6,010,SM6 LFD,LFD,16~20,encar,LPG,2.0,False,,5,,,LPe SE (렌터카),,True,False
mf-005.md-010.sm-lfd.pw-lpg-2-0.tr-lpe-se-장애인용,르노코리아(삼성),005,국산,SM6,010,SM6 LFD,LFD,16~20,encar,LPG,2.0,False,,5,,,LPe SE (장애인용),,True,False
mf-005.md-010.sm-lfd.pw-lpg-2-0.tr-lpe-le-장애인용,르노코리아(삼성),005,국산,SM6,010,SM6 LFD,LFD,16~20,encar,LPG,2.0,False,,5,,,LPe LE (장애인용),,True,False
mf-005.md-010.sm-lfd.pw-lpg-2-0.tr-lpe-re,르노코리아(삼성),005,국산,SM6,010,SM6 LFD,LFD,16~20,encar,LPG,2.0,False,,5,,,LPe RE,,False,False
mf-005.md-010.sm-lfd.pw-lpg-2-0.tr-lpe-re-장애인용,르노코리아(삼성),005,국산,SM6,010,SM6 LFD,LFD,16~20,encar,LPG,2.0,False,,5,,,LPe RE (장애인용),,True,False
mf-005.md-010.sm-lfd.pw-가솔린-2-0.tr-gde-pe,르노코리아(삼성),005,국산,SM6,010,SM6 LFD,LFD,16~20,encar,가솔린,2.0,False,,5,,,GDe PE,2405,False,False
mf-005.md-010.sm-lfd.pw-가솔린-2-0.tr-gde-se,르노코리아(삼성),005,국산,SM6,010,SM6 LFD,LFD,16~20,encar,가솔린,2.0,False,,5,,,GDe SE,2636,False,False
mf-005.md-010.sm-lfd.pw-가솔린-2-0.tr-gde-le,르노코리아(삼성),005,국산,SM6,010,SM6 LFD,LFD,16~20,encar,가솔린,2.0,False,,5,,,GDe LE,2808,False,False
mf-005.md-010.sm-lfd.pw-가솔린-2-0.tr-gde-re,르노코리아(삼성),005,국산,SM6,010,SM6 LFD,LFD,16~20,encar,가솔린,2.0,False,,5,,,GDe RE,3043,False,False
mf-005.md-010.sm-lfd.pw-가솔린-2-0.tr-gde-프리미에르,르노코리아(삼성),005,국산,SM6,010,SM6 LFD,LFD,16~20,encar,가솔린,2.0,False,,5,,,GDe 프리미에르,3294,False,False
mf-005.md-010.sm-lfd.pw-디젤-1-5.tr-dci-se,르노코리아(삼성),005,국산,SM6,010,SM6 LFD,LFD,16~20,encar,디젤,1.5,False,,5,,,dCi SE,,False,False
mf-005.md-010.sm-lfd.pw-디젤-1-5.tr-dci-le,르노코리아(삼성),005,국산,SM6,010,SM6 LFD,LFD,16~20,encar,디젤,1.5,False,,5,,,dCi LE,,False,False
mf-005.md-010.sm-lfd.pw-가솔린-1-6.tr-tce-le,르노코리아(삼성),005,국산,SM6,010,SM6 LFD,LFD,16~20,encar,가솔린,1.6,False,,5,,,TCe LE,2960,False,False
mf-005.md-010.sm-lfd.pw-가솔린-1-6.tr-tce-re,르노코리아(삼성),005,국산,SM6,010,SM6 LFD,LFD,16~20,encar,가솔린,1.6,False,,5,,,TCe RE,3181,False,False
mf-005.md-015.sm-xm3.pw-가솔린-1-3.tr-tce-le,르노코리아(삼성),005,국산,XM3,015,XM3,,20~24,encar,가솔린,1.3,False,,5,,,TCe LE,2083,False,False
mf-005.md-015.sm-xm3.pw-가솔린-1-3.tr-tce-re,르노코리아(삼성),005,국산,XM3,015,XM3,,20~24,encar,가솔린,1.3,False,,5,,,TCe RE,2293,False,False
mf-005.md-015.sm-xm3.pw-가솔린-1-3.tr-tce-re-signature,르노코리아(삼성),005,국산,XM3,015,XM3,,20~24,encar,가솔린,1.3,False,,5,,,TCe RE Signature,2532,False,False
mf-005.md-015.sm-xm3.pw-가솔린-1-3.tr-tce-re-인스파이어,르노코리아(삼성),005,국산,XM3,015,XM3,,20~24,encar,가솔린,1.3,False,,5,,,TCe RE 인스파이어,2700,False,False
mf-005.md-015.sm-xm3.pw-가솔린-1-6.tr-gte-se,르노코리아(삼성),005,국산,XM3,015,XM3,,20~24,encar,가솔린,1.6,False,,5,,,GTe SE,1865,False,False
mf-005.md-015.sm-xm3.pw-가솔린-1-6.tr-gte-le,르노코리아(삼성),005,국산,XM3,015,XM3,,20~24,encar,가솔린,1.6,False,,5,,,GTe LE,2235,False,False
mf-005.md-015.sm-xm3.pw-가솔린-1-6.tr-gte-le-plus,르노코리아(삼성),005,국산,XM3,015,XM3,,20~24,encar,가솔린,1.6,False,,5,,,GTe LE Plus,2400,False,False
mf-005.md-015.sm-xm3.pw-가솔린-1-6.tr-gte-re,르노코리아(삼성),005,국산,XM3,015,XM3,,20~24,encar,가솔린,1.6,False,,5,,,GTe RE,2550,False,False
mf-005.md-015.sm-xm3.pw-가솔린-1-6.tr-gte-인스파이어,르노코리아(삼성),005,국산,XM3,015,XM3,,20~24,encar,가솔린,1.6,False,,5,,,GTe 인스파이어,2862,False,False
mf-005.md-015.sm-xm3.pw-하이브리드-1-6.tr-e-tech-re,르노코리아(삼성),005,국산,XM3,015,XM3,,20~24,encar,하이브리드,1.6,False,,5,,,E-TECH RE,2795,False,False
mf-005.md-015.sm-xm3.pw-하이브리드-1-6.tr-e-tech-인스파이어-e-시프터,르노코리아(삼성),005,국산,XM3,015,XM3,,20~24,encar,하이브리드,1.6,False,,5,,,E-TECH 인스파이어 e-시프터,3052,False,False
mf-005.md-015.sm-xm3.pw-하이브리드-1-6.tr-e-tech-인스파이어-디자인-패키지,르노코리아(삼성),005,국산,XM3,015,XM3,,20~24,encar,하이브리드,1.6,False,,5,,,E-TECH 인스파이어 디자인 패키지,3117,False,False
mf-005.md-002.sm-l43.pw-lpg-2-0.tr-lpli-택시렌터카-고급형,르노코리아(삼성),005,국산,SM5,002,SM5 노바 L43,L43,15~19,encar,LPG,2.0,False,,5,,,LPLi 택시렌터카 고급형,1825,True,False
mf-005.md-002.sm-l43.pw-lpg-2-0.tr-lpli-택시렌터카-최고급형,르노코리아(삼성),005,국산,SM5,002,SM5 노바 L43,L43,15~19,encar,LPG,2.0,False,,5,,,LPLi 택시렌터카 최고급형,2050,True,False
mf-005.md-002.sm-l43.pw-lpg-2-0.tr-lpli-le,르노코리아(삼성),005,국산,SM5,002,SM5 노바 L43,L43,15~19,encar,LPG,2.0,False,,5,,,LPLi LE,,False,False
mf-005.md-002.sm-l43.pw-lpg-2-0.tr-lpli-re,르노코리아(삼성),005,국산,SM5,002,SM5 노바 L43,L43,15~19,encar,LPG,2.0,False,,5,,,LPLi RE,,False,False
mf-005.md-002.sm-l43.pw-가솔린-2-0.tr-클래식,르노코리아(삼성),005,국산,SM5,002,SM5 노바 L43,L43,15~19,encar,가솔린,2.0,False,,5,,,클래식,2300,False,True
mf-005.md-002.sm-l43.pw-가솔린-2-0.tr-pe,르노코리아(삼성),005,국산,SM5,002,SM5 노바 L43,L43,15~19,encar,가솔린,2.0,False,,5,,,PE,2230,False,False
mf-005.md-002.sm-l43.pw-가솔린-2-0.tr-le,르노코리아(삼성),005,국산,SM5,002,SM5 노바 L43,L43,15~19,encar,가솔린,2.0,False,,5,,,LE,2530,False,False
mf-005.md-002.sm-l43.pw-가솔린-2-0.tr-re,르노코리아(삼성),005,국산,SM5,002,SM5 노바 L43,L43,15~19,encar,가솔린,2.0,False,,5,,,RE,2650,False,False
mf-005.md-002.sm-l43.pw-디젤-1-5.tr-d,르노코리아(삼성),005,국산,SM5,002,SM5 노바 L43,L43,15~19,encar,디젤,1.5,False,,5,,,D,,False,False
mf-005.md-002.sm-l43.pw-디젤-1-5.tr-d-프리미엄,르노코리아(삼성),005,국산,SM5,002,SM5 노바 L43,L43,15~19,encar,디젤,1.5,False,,5,,,D 프리미엄,,False,False
mf-005.md-002.sm-l43.pw-가솔린-1-6.tr-tce,르노코리아(삼성),005,국산,SM5,002,SM5 노바 L43,L43,15~19,encar,가솔린,1.6,False,,5,,,TCe,2764,False,False
mf-005.md-002.sm-l43.pw-가솔린-2-0.tr-se,르노코리아(삼성),005,국산,SM5,002,SM5 노바 L43,L43,15~19,encar,가솔린,2.0,False,,,,,SE,2400,False,False
mf-005.md-002.sm-l43.pw-가솔린-1-6.tr-기본형,르노코리아(삼성),005,국산,SM5,002,뉴SM5 플래티넘 L43,L43,12~15,encar,가솔린,1.6,False,,5,,,기본형,,False,False
mf-005.md-002.sm-l43.pw-가솔린-1-6.tr-s-s-컬렉션,르노코리아(삼성),005,국산,SM5,002,뉴SM5 플래티넘 L43,L43,12~15,encar,가솔린,1.6,False,,5,,,S/S 컬렉션,,False,True
mf-005.md-002.sm-l43.pw-가솔린-2-0.tr-기본형,르노코리아(삼성),005,국산,SM5,002,뉴SM5 플래티넘 L43,L43,12~15,encar,가솔린,2.0,False,,5,,,기본형,,False,False
mf-005.md-002.sm-l43.pw-가솔린-2-0.tr-s-s-컬렉션,르노코리아(삼성),005,국산,SM5,002,뉴SM5 플래티넘 L43,L43,12~15,encar,가솔린,2.0,False,,5,,,S/S 컬렉션,,False,True
mf-005.md-002.sm-l43.pw-가솔린-2-0.tr-pe,르노코리아(삼성),005,국산,SM5,002,뉴SM5 플래티넘 L43,L43,12~15,encar,가솔린,2.0,False,,5,,,PE,2230,False,False
mf-005.md-002.sm-l43.pw-가솔린-2-0.tr-아트,르노코리아(삼성),005,국산,SM5,002,뉴SM5 플래티넘 L43,L43,12~15,encar,가솔린,2.0,False,,5,,,아트,,False,True
mf-005.md-002.sm-l43.pw-가솔린-2-0.tr-파노라마,르노코리아(삼성),005,국산,SM5,002,뉴SM5 플래티넘 L43,L43,12~15,encar,가솔린,2.0,False,,5,,,파노라마,,False,True
mf-005.md-002.sm-l43.pw-가솔린-2-0.tr-se-플러스,르노코리아(삼성),005,국산,SM5,002,뉴SM5 플래티넘 L43,L43,12~15,encar,가솔린,2.0,False,,5,,,SE 플러스,,False,False
mf-005.md-002.sm-l43.pw-lpg-2-0.tr-lpli-택시렌터카-고급형,르노코리아(삼성),005,국산,SM5,002,뉴SM5 플래티넘 L43,L43,12~15,encar,LPG,2.0,False,,5,,,LPLi 택시렌터카 고급형,1825,True,False
mf-005.md-002.sm-l43.pw-lpg-2-0.tr-lpli-택시렌터카-최고급형,르노코리아(삼성),005,국산,SM5,002,뉴SM5 플래티넘 L43,L43,12~15,encar,LPG,2.0,False,,5,,,LPLi 택시렌터카 최고급형,2050,True,False
mf-005.md-002.sm-l43.pw-lpg-2-0.tr-lpli-se-플러스,르노코리아(삼성),005,국산,SM5,002,뉴SM5 플래티넘 L43,L43,12~15,encar,LPG,2.0,False,,5,,,LPLi SE 플러스,,False,False
mf-005.md-002.sm-l43.pw-lpg-2-0.tr-기본형,르노코리아(삼성),005,국산,SM5,002,뉴SM5 플래티넘 L43,L43,12~15,encar,LPG,2.0,False,,5,,,기본형,,False,False
mf-005.md-002.sm-l43.pw-디젤-1-5.tr-d,르노코리아(삼성),005,국산,SM5,002,뉴SM5 플래티넘 L43,L43,12~15,encar,디젤,1.5,False,,5,,,D,,False,False
mf-005.md-002.sm-l43.pw-디젤-1-5.tr-d-스페셜,르노코리아(삼성),005,국산,SM5,002,뉴SM5 플래티넘 L43,L43,12~15,encar,디젤,1.5,False,,5,,,D 스페셜,,False,False
mf-005.md-002.sm-l43.pw-가솔린-2-0.tr-se,르노코리아(삼성),005,국산,SM5,002,뉴SM5 L43,L43,10~12,encar,가솔린,2.0,False,,5,,,SE,2400,False,False
mf-005.md-002.sm-l43.pw-가솔린-2-0.tr-xe,르노코리아(삼성),005,국산,SM5,002,뉴SM5 L43,L43,10~12,encar,가솔린,2.0,False,,5,,,XE,,False,False
mf-005.md-002.sm-l43.pw-가솔린-2-0.tr-se-블랙,르노코리아(삼성),005,국산,SM5,002,뉴SM5 L43,L43,10~12,encar,가솔린,2.0,False,,5,,,SE 블랙,,False,True
mf-005.md-002.sm-l43.pw-가솔린-2-0.tr-se-플러스,르노코리아(삼성),005,국산,SM5,002,뉴SM5 L43,L43,10~12,encar,가솔린,2.0,False,,5,,,SE 플러스,,False,False
mf-005.md-002.sm-l43.pw-가솔린-2-0.tr-le,르노코리아(삼성),005,국산,SM5,002,뉴SM5 L43,L43,10~12,encar,가솔린,2.0,False,,5,,,LE,2530,False,False
mf-005.md-002.sm-l43.pw-가솔린-2-0.tr-le-익스클루시브,르노코리아(삼성),005,국산,SM5,002,뉴SM5 L43,L43,10~12,encar,가솔린,2.0,False,,5,,,LE 익스클루시브,,False,False
mf-005.md-002.sm-l43.pw-가솔린-2-0.tr-re,르노코리아(삼성),005,국산,SM5,002,뉴SM5 L43,L43,10~12,encar,가솔린,2.0,False,,5,,,RE,2650,False,False
mf-005.md-002.sm-l43.pw-lpg-2-0.tr-lpli-택시렌터카-고급형,르노코리아(삼성),005,국산,SM5,002,뉴SM5 L43,L43,10~12,encar,LPG,2.0,False,,5,,,LPLi 택시렌터카 고급형,1825,True,False
mf-005.md-002.sm-l43.pw-lpg-2-0.tr-lpli-le,르노코리아(삼성),005,국산,SM5,002,뉴SM5 L43,L43,10~12,encar,LPG,2.0,False,,5,,,LPLi LE,,False,False
mf-005.md-002.sm-l43.pw-lpg-2-0.tr-lpli-se,르노코리아(삼성),005,국산,SM5,002,뉴SM5 L43,L43,10~12,encar,LPG,2.0,False,,5,,,LPLi SE,,False,False
mf-005.md-002.sm-l43.pw-lpg-2-0.tr-lpli-se-플러스,르노코리아(삼성),005,국산,SM5,002,뉴SM5 L43,L43,10~12,encar,LPG,2.0,False,,5,,,LPLi SE 플러스,,False,False
mf-005.md-002.sm-ex1-df.pw-가솔린-2-0.tr-se,르노코리아(삼성),005,국산,SM5,002,SM5 뉴 임프레션 EX1/DF,EX1/DF,07~10,encar,가솔린,2.0,False,,5,,,SE,2400,False,False
mf-005.md-002.sm-ex1-df.pw-가솔린-2-0.tr-xe,르노코리아(삼성),005,국산,SM5,002,SM5 뉴 임프레션 EX1/DF,EX1/DF,07~10,encar,가솔린,2.0,False,,5,,,XE,,False,False
mf-005.md-002.sm-ex1-df.pw-가솔린-2-0.tr-se-블랙,르노코리아(삼성),005,국산,SM5,002,SM5 뉴 임프레션 EX1/DF,EX1/DF,07~10,encar,가솔린,2.0,False,,5,,,SE 블랙,,False,True
mf-005.md-002.sm-ex1-df.pw-가솔린-2-0.tr-se-플러스,르노코리아(삼성),005,국산,SM5,002,SM5 뉴 임프레션 EX1/DF,EX1/DF,07~10,encar,가솔린,2.0,False,,5,,,SE 플러스,,False,False
mf-005.md-002.sm-ex1-df.pw-가솔린-2-0.tr-le,르노코리아(삼성),005,국산,SM5,002,SM5 뉴 임프레션 EX1/DF,EX1/DF,07~10,encar,가솔린,2.0,False,,5,,,LE,2530,False,False
mf-005.md-002.sm-ex1-df.pw-가솔린-2-0.tr-le-플러스,르노코리아(삼성),005,국산,SM5,002,SM5 뉴 임프레션 EX1/DF,EX1/DF,07~10,encar,가솔린,2.0,False,,5,,,LE 플러스,,False,False
mf-005.md-002.sm-ex1-df.pw-가솔린-2-0.tr-le-익스클루시브,르노코리아(삼성),005,국산,SM5,002,SM5 뉴 임프레션 EX1/DF,EX1/DF,07~10,encar,가솔린,2.0,False,,5,,,LE 익스클루시브,,False,False
mf-005.md-002.sm-ex1-df.pw-lpg-2-0.tr-lpli-le-익스클루시브,르노코리아(삼성),005,국산,SM5,002,SM5 뉴 임프레션 EX1/DF,EX1/DF,07~10,encar,LPG,2.0,False,,5,,,LPLi LE 익스클루시브,,False,False
mf-005.md-002.sm-ex1-df.pw-lpg-2-0.tr-lpli-택시형-고급형,르노코리아(삼성),005,국산,SM5,002,뉴SM5 EX1/DF,EX1/DF,05~07,encar,LPG,2.0,False,,5,,,LPLi 택시형 고급형,1825,True,False
mf-005.md-002.sm-ex1-df.pw-lpg-2-0.tr-lpli-기본형,르노코리아(삼성),005,국산,SM5,002,뉴SM5 EX1/DF,EX1/DF,05~07,encar,LPG,2.0,False,,5,,,LPLi 기본형,2050,False,False
mf-005.md-002.sm-ex1-df.pw-lpg-2-0.tr-lpli-se,르노코리아(삼성),005,국산,SM5,002,뉴SM5 EX1/DF,EX1/DF,05~07,encar,LPG,2.0,False,,5,,,LPLi SE,,False,False
mf-005.md-002.sm-ex1-df.pw-가솔린-2-0.tr-se,르노코리아(삼성),005,국산,SM5,002,뉴SM5 EX1/DF,EX1/DF,05~07,encar,가솔린,2.0,False,,5,,,SE,2400,False,False
mf-005.md-002.sm-ex1-df.pw-가솔린-2-0.tr-se-플러스,르노코리아(삼성),005,국산,SM5,002,뉴SM5 EX1/DF,EX1/DF,05~07,encar,가솔린,2.0,False,,5,,,SE 플러스,,False,False
mf-005.md-002.sm-ex1-df.pw-가솔린-2-0.tr-le,르노코리아(삼성),005,국산,SM5,002,뉴SM5 EX1/DF,EX1/DF,05~07,encar,가솔린,2.0,False,,5,,,LE,2530,False,False
mf-005.md-002.sm-kpq.pw-가솔린-2-5.tr-sm525v,르노코리아(삼성),005,국산,SM5,002,SM5 KPQ,KPQ,98~05,encar,가솔린,2.5,False,,5,,,SM525V,2580,False,False
mf-005.md-002.sm-kpq.pw-가솔린-2-0.tr-sm520le,르노코리아(삼성),005,국산,SM5,002,SM5 KPQ,KPQ,98~05,encar,가솔린,2.0,False,,5,,,SM520LE,1440,False,False
mf-005.md-002.sm-kpq.pw-가솔린-2-0.tr-sm520se,르노코리아(삼성),005,국산,SM5,002,SM5 KPQ,KPQ,98~05,encar,가솔린,2.0,False,,5,,,SM520SE,1551,False,False
mf-005.md-002.sm-kpq.pw-가솔린-2-0.tr-sm520v,르노코리아(삼성),005,국산,SM5,002,SM5 KPQ,KPQ,98~05,encar,가솔린,2.0,False,,5,,,SM520V,2072,False,False
mf-005.md-002.sm-kpq.pw-가솔린-2-0.tr-sm520v-플러스,르노코리아(삼성),005,국산,SM5,002,SM5 KPQ,KPQ,98~05,encar,가솔린,2.0,False,,5,,,SM520V 플러스,2150,False,False
mf-005.md-002.sm-kpq.pw-lpg-2-0.tr-기본,르노코리아(삼성),005,국산,SM5,002,SM5 KPQ,KPQ,98~05,encar,LPG,2.0,False,,5,,,기본,,False,False
mf-005.md-002.sm-kpq.pw-가솔린-1-8.tr-sm518,르노코리아(삼성),005,국산,SM5,002,SM5 KPQ,KPQ,98~05,encar,가솔린,1.8,False,,5,,,SM518,1280,False,False
mf-005.md-001.sm-l38.pw-가솔린-1-6.tr-se,르노코리아(삼성),005,국산,SM3,001,SM3 네오 L38,L38,14~19,encar,가솔린,1.6,False,,5,,,SE,1390,False,False
mf-005.md-001.sm-l38.pw-가솔린-1-6.tr-se-plus,르노코리아(삼성),005,국산,SM3,001,SM3 네오 L38,L38,14~19,encar,가솔린,1.6,False,,5,,,SE Plus,1500,False,False
mf-005.md-001.sm-l38.pw-가솔린-1-6.tr-pe,르노코리아(삼성),005,국산,SM3,001,SM3 네오 L38,L38,14~19,encar,가솔린,1.6,False,,5,,,PE,1550,False,False
mf-005.md-001.sm-l38.pw-가솔린-1-6.tr-le,르노코리아(삼성),005,국산,SM3,001,SM3 네오 L38,L38,14~19,encar,가솔린,1.6,False,,5,,,LE,1650,False,False
mf-005.md-001.sm-l38.pw-가솔린-1-6.tr-r4u-edition,르노코리아(삼성),005,국산,SM3,001,SM3 네오 L38,L38,14~19,encar,가솔린,1.6,False,,5,,,R4U Edition,1780,False,True
mf-005.md-001.sm-l38.pw-가솔린-1-6.tr-re,르노코리아(삼성),005,국산,SM3,001,SM3 네오 L38,L38,14~19,encar,가솔린,1.6,False,,5,,,RE,1850,False,False
mf-005.md-001.sm-l38.pw-디젤-1-5.tr-le,르노코리아(삼성),005,국산,SM3,001,SM3 네오 L38,L38,14~19,encar,디젤,1.5,False,,5,,,LE,1650,False,False
mf-005.md-001.sm-l38.pw-전기.tr-se,르노코리아(삼성),005,국산,SM3,001,SM3 Z.E. L38,L38,13~20,encar,전기,,False,,5,,,SE,1390,False,False
mf-005.md-001.sm-l38.pw-전기.tr-se-plus,르노코리아(삼성),005,국산,SM3,001,SM3 Z.E. L38,L38,13~20,encar,전기,,False,,5,,,SE Plus,1500,False,False
mf-005.md-001.sm-l38.pw-전기.tr-re,르노코리아(삼성),005,국산,SM3,001,SM3 Z.E. L38,L38,13~20,encar,전기,,False,,5,,,RE,1850,False,False
mf-005.md-001.sm-l38.pw-가솔린-1-6.tr-se,르노코리아(삼성),005,국산,SM3,001,뉴SM3 L38,L38,09~14,encar,가솔린,1.6,False,,5,,,SE,1390,False,False
mf-005.md-001.sm-l38.pw-가솔린-1-6.tr-se-black,르노코리아(삼성),005,국산,SM3,001,뉴SM3 L38,L38,09~14,encar,가솔린,1.6,False,,5,,,SE Black,1450,False,True
mf-005.md-001.sm-l38.pw-가솔린-1-6.tr-se-plus,르노코리아(삼성),005,국산,SM3,001,뉴SM3 L38,L38,09~14,encar,가솔린,1.6,False,,5,,,SE Plus,1500,False,False
mf-005.md-001.sm-l38.pw-가솔린-1-6.tr-pe,르노코리아(삼성),005,국산,SM3,001,뉴SM3 L38,L38,09~14,encar,가솔린,1.6,False,,5,,,PE,1550,False,False
mf-005.md-001.sm-l38.pw-가솔린-1-6.tr-le,르노코리아(삼성),005,국산,SM3,001,뉴SM3 L38,L38,09~14,encar,가솔린,1.6,False,,5,,,LE,1650,False,False
mf-005.md-001.sm-l38.pw-가솔린-1-6.tr-xe,르노코리아(삼성),005,국산,SM3,001,뉴SM3 L38,L38,09~14,encar,가솔린,1.6,False,,5,,,XE,1700,False,False
mf-005.md-001.sm-l38.pw-가솔린-1-6.tr-le-plus,르노코리아(삼성),005,국산,SM3,001,뉴SM3 L38,L38,09~14,encar,가솔린,1.6,False,,5,,,LE Plus,1750,False,False
mf-005.md-001.sm-l38.pw-가솔린-1-6.tr-re,르노코리아(삼성),005,국산,SM3,001,뉴SM3 L38,L38,09~14,encar,가솔린,1.6,False,,5,,,RE,1850,False,False
mf-005.md-001.sm-l38.pw-가솔린-1-6.tr-le-exclusive,르노코리아(삼성),005,국산,SM3,001,뉴SM3 L38,L38,09~14,encar,가솔린,1.6,False,,5,,,LE Exclusive,1980,False,False
mf-005.md-001.sm-l38.pw-가솔린-1-6.tr-le-exclusive-bose-edition,르노코리아(삼성),005,국산,SM3,001,뉴SM3 L38,L38,09~14,encar,가솔린,1.6,False,,5,,,LE Exclusive BOSE Edition,2150,False,True
mf-005.md-001.sm-l38.pw-가솔린-2-0.tr-se20,르노코리아(삼성),005,국산,SM3,001,뉴SM3 L38,L38,09~14,encar,가솔린,2.0,False,,5,,,SE20,1600,False,False
mf-005.md-001.sm-l38.pw-가솔린-2-0.tr-le20,르노코리아(삼성),005,국산,SM3,001,뉴SM3 L38,L38,09~14,encar,가솔린,2.0,False,,5,,,LE20,1900,False,False
mf-005.md-001.sm-l38.pw-가솔린-2-0.tr-le20-exclusive,르노코리아(삼성),005,국산,SM3,001,뉴SM3 L38,L38,09~14,encar,가솔린,2.0,False,,5,,,LE20 Exclusive,2050,False,False
mf-005.md-001.sm-n17.pw-가솔린-1-6.tr-ce16-플러스,르노코리아(삼성),005,국산,SM3,001,SM3 뉴 제너레이션 N17,N17,05~11,encar,가솔린,1.6,False,,5,,,CE16 플러스,1300,False,False
mf-005.md-001.sm-n17.pw-가솔린-1-6.tr-se16,르노코리아(삼성),005,국산,SM3,001,SM3 뉴 제너레이션 N17,N17,05~11,encar,가솔린,1.6,False,,5,,,SE16,1390,False,False
mf-005.md-001.sm-n17.pw-가솔린-1-6.tr-le16,르노코리아(삼성),005,국산,SM3,001,SM3 뉴 제너레이션 N17,N17,05~11,encar,가솔린,1.6,False,,5,,,LE16,1650,False,False
mf-005.md-001.sm-n17.pw-가솔린-1-6.tr-xe16,르노코리아(삼성),005,국산,SM3,001,SM3 뉴 제너레이션 N17,N17,05~11,encar,가솔린,1.6,False,,5,,,XE16,1700,False,False
mf-005.md-009.sm-j87.pw-디젤-1-5.tr-세부등급-없음,르노코리아(삼성),005,국산,QM3,009,뉴QM3 J87,J87,17~19,encar,디젤,1.5,False,,5,,,(세부등급 없음),,False,False
mf-005.md-009.sm-j87.pw-디젤-1-5.tr-le,르노코리아(삼성),005,국산,QM3,009,뉴QM3 J87,J87,17~19,encar,디젤,1.5,False,,5,,,LE,2288,False,False
mf-005.md-009.sm-j87.pw-디젤-1-5.tr-re-파노라믹,르노코리아(삼성),005,국산,QM3,009,뉴QM3 J87,J87,17~19,encar,디젤,1.5,False,,5,,,RE 파노라믹,2450,False,False
mf-005.md-009.sm-j87.pw-디젤-1-5.tr-시그니처,르노코리아(삼성),005,국산,QM3,009,뉴QM3 J87,J87,17~19,encar,디젤,1.5,False,,5,,,시그니처,2523,False,False
mf-005.md-009.sm-j87.pw-디젤-1-5.tr-le,르노코리아(삼성),005,국산,QM3,009,QM3 J87,J87,13~17,encar,디젤,1.5,False,,5,,,LE,2288,False,False
mf-005.md-009.sm-j87.pw-디젤-1-5.tr-re,르노코리아(삼성),005,국산,QM3,009,QM3 J87,J87,13~17,encar,디젤,1.5,False,,5,,,RE,2406,False,False
mf-005.md-009.sm-j87.pw-디젤-1-5.tr-re-시그니처,르노코리아(삼성),005,국산,QM3,009,QM3 J87,J87,13~17,encar,디젤,1.5,False,,5,,,RE 시그니처,2523,False,False
mf-005.md-003.sm-sm7-노바.pw-lpg-2-0.tr-lpli-lpe,르노코리아(삼성),005,국산,SM7,003,SM7 노바,,14~19,encar,LPG,2.0,False,,5,,,LPLI LPe,,False,False
mf-005.md-003.sm-sm7-노바.pw-lpg-2-0.tr-lpli-lpe-장애인용,르노코리아(삼성),005,국산,SM7,003,SM7 노바,,14~19,encar,LPG,2.0,False,,5,,,LPLI LPe 장애인용,,False,False
mf-005.md-003.sm-sm7-노바.pw-lpg-2-0.tr-lpli-lpe-택시렌터카,르노코리아(삼성),005,국산,SM7,003,SM7 노바,,14~19,encar,LPG,2.0,False,,5,,,LPLI LPe 택시렌터카,,False,False
mf-005.md-003.sm-sm7-노바.pw-가솔린-3-5.tr-v6,르노코리아(삼성),005,국산,SM7,003,SM7 노바,,14~19,encar,가솔린,3.5,False,,5,,,V6,,False,False
mf-005.md-003.sm-sm7-노바.pw-가솔린-3-5.tr-le35,르노코리아(삼성),005,국산,SM7,003,SM7 노바,,14~19,encar,가솔린,3.5,False,,5,,,LE35,,False,False
mf-005.md-003.sm-sm7-노바.pw-가솔린-3-5.tr-re35,르노코리아(삼성),005,국산,SM7,003,SM7 노바,,14~19,encar,가솔린,3.5,False,,5,,,RE35,,False,False
mf-005.md-003.sm-sm7-노바.pw-가솔린-2-5.tr-v6,르노코리아(삼성),005,국산,SM7,003,SM7 노바,,14~19,encar,가솔린,2.5,False,,5,,,V6,,False,False
mf-005.md-003.sm-sm7-노바.pw-가솔린-2-5.tr-le,르노코리아(삼성),005,국산,SM7,003,SM7 노바,,14~19,encar,가솔린,2.5,False,,5,,,LE,,False,False
mf-005.md-003.sm-sm7-노바.pw-가솔린-2-5.tr-re,르노코리아(삼성),005,국산,SM7,003,SM7 노바,,14~19,encar,가솔린,2.5,False,,5,,,RE,,False,False
mf-005.md-003.sm-sm7-노바.pw-가솔린-2-5.tr-se,르노코리아(삼성),005,국산,SM7,003,SM7 노바,,14~19,encar,가솔린,2.5,False,,5,,,SE,,False,False
mf-005.md-003.sm-all-new-sm7.pw-가솔린-2-5.tr-s-s-컬렉션,르노코리아(삼성),005,국산,SM7,003,All New SM7,,11~14,encar,가솔린,2.5,False,,5,,,S/S 컬렉션,,False,False
mf-005.md-003.sm-all-new-sm7.pw-가솔린-2-5.tr-se,르노코리아(삼성),005,국산,SM7,003,All New SM7,,11~14,encar,가솔린,2.5,False,,5,,,SE,,False,False
mf-005.md-003.sm-all-new-sm7.pw-가솔린-2-5.tr-기본형,르노코리아(삼성),005,국산,SM7,003,All New SM7,,11~14,encar,가솔린,2.5,False,,5,,,기본형,,False,False
mf-005.md-003.sm-all-new-sm7.pw-가솔린-2-5.tr-파노라마,르노코리아(삼성),005,국산,SM7,003,All New SM7,,11~14,encar,가솔린,2.5,False,,5,,,파노라마,,False,False
mf-005.md-003.sm-all-new-sm7.pw-가솔린-3-5.tr-le35,르노코리아(삼성),005,국산,SM7,003,All New SM7,,11~14,encar,가솔린,3.5,False,,5,,,LE35,,False,False
mf-005.md-003.sm-all-new-sm7.pw-가솔린-3-5.tr-re35,르노코리아(삼성),005,국산,SM7,003,All New SM7,,11~14,encar,가솔린,3.5,False,,5,,,RE35,,False,False
mf-005.md-003.sm-all-new-sm7.pw-가솔린-3-5.tr-se35,르노코리아(삼성),005,국산,SM7,003,All New SM7,,11~14,encar,가솔린,3.5,False,,5,,,SE35,,False,False
mf-005.md-003.sm-sm7-new-art.pw-가솔린-3-5.tr-re35,르노코리아(삼성),005,국산,SM7,003,SM7 New Art,,08~11,encar,가솔린,3.5,False,,5,,,RE35,,False,False
mf-005.md-003.sm-sm7-new-art.pw-가솔린-3-5.tr-le35,르노코리아(삼성),005,국산,SM7,003,SM7 New Art,,08~11,encar,가솔린,3.5,False,,5,,,LE35,,False,False
mf-005.md-003.sm-sm7-new-art.pw-가솔린-2-3.tr-le,르노코리아(삼성),005,국산,SM7,003,SM7 New Art,,08~11,encar,가솔린,2.3,False,,5,,,LE,,False,False
mf-005.md-003.sm-sm7-new-art.pw-가솔린-2-3.tr-re,르노코리아(삼성),005,국산,SM7,003,SM7 New Art,,08~11,encar,가솔린,2.3,False,,5,,,RE,,False,False
mf-005.md-003.sm-sm7-new-art.pw-가솔린-2-3.tr-se,르노코리아(삼성),005,국산,SM7,003,SM7 New Art,,08~11,encar,가솔린,2.3,False,,5,,,SE,,False,False
mf-005.md-003.sm-sm7-new-art.pw-가솔린-2-3.tr-se-플러스,르노코리아(삼성),005,국산,SM7,003,SM7 New Art,,08~11,encar,가솔린,2.3,False,,5,,,SE 플러스,,False,False
mf-005.md-003.sm-sm7-new-art.pw-가솔린-2-3.tr-se-플레져,르노코리아(삼성),005,국산,SM7,003,SM7 New Art,,08~11,encar,가솔린,2.3,False,,5,,,SE 플레져,,False,False
mf-005.md-003.sm-sm7-new-art.pw-가솔린-2-3.tr-프레스티지,르노코리아(삼성),005,국산,SM7,003,SM7 New Art,,08~11,encar,가솔린,2.3,False,,5,,,프레스티지,,False,False
mf-005.md-003.sm-sm7.pw-가솔린-2-3.tr-le,르노코리아(삼성),005,국산,SM7,003,SM7,,04~08,encar,가솔린,2.3,False,,5,,,LE,,False,False
mf-005.md-003.sm-sm7.pw-가솔린-2-3.tr-se,르노코리아(삼성),005,국산,SM7,003,SM7,,04~08,encar,가솔린,2.3,False,,5,,,SE,,False,False
mf-005.md-003.sm-sm7.pw-가솔린-3-5.tr-re35,르노코리아(삼성),005,국산,SM7,003,SM7,,04~08,encar,가솔린,3.5,False,,5,,,RE35,,False,False
mf-005.md-003.sm-sm7.pw-가솔린-3-5.tr-re35-블랙,르노코리아(삼성),005,국산,SM7,003,SM7,,04~08,encar,가솔린,3.5,False,,5,,,RE35 블랙,,False,False
mf-005.md-019.sm-그랑-콜레오스.pw-하이브리드-1-5-2wd.tr-e-tech-아이코닉,르노코리아(삼성),005,국산,그랑 콜레오스,019,그랑 콜레오스,,24~현재,encar,하이브리드,1.5,False,2WD,5,,,E-TECH 아이코닉,,False,False
mf-005.md-019.sm-그랑-콜레오스.pw-하이브리드-1-5-2wd.tr-e-tech-에스카파드,르노코리아(삼성),005,국산,그랑 콜레오스,019,그랑 콜레오스,,24~현재,encar,하이브리드,1.5,False,2WD,5,,,E-TECH 에스카파드,,False,False
mf-005.md-019.sm-그랑-콜레오스.pw-하이브리드-1-5-2wd.tr-e-tech-에스프리-알핀,르노코리아(삼성),005,국산,그랑 콜레오스,019,그랑 콜레오스,,24~현재,encar,하이브리드,1.5,False,2WD,5,,,E-TECH 에스프리 알핀,,False,False
mf-005.md-019.sm-그랑-콜레오스.pw-하이브리드-1-5-2wd.tr-e-tech-에스프리-알핀-누아르,르노코리아(삼성),005,국산,그랑 콜레오스,019,그랑 콜레오스,,24~현재,encar,하이브리드,1.5,False,2WD,5,,,E-TECH 에스프리 알핀 누아르,,False,False
mf-005.md-019.sm-그랑-콜레오스.pw-가솔린-2-0-4wd.tr-에스프리-알핀,르노코리아(삼성),005,국산,그랑 콜레오스,019,그랑 콜레오스,,24~현재,encar,가솔린,2.0,False,4WD,5,,,에스프리 알핀,,False,False
mf-005.md-019.sm-그랑-콜레오스.pw-가솔린-2-0-2wd.tr-아이코닉,르노코리아(삼성),005,국산,그랑 콜레오스,019,그랑 콜레오스,,24~현재,encar,가솔린,2.0,False,2WD,5,,,아이코닉,,False,False
mf-005.md-019.sm-그랑-콜레오스.pw-가솔린-2-0-2wd.tr-에스프리-알핀,르노코리아(삼성),005,국산,그랑 콜레오스,019,그랑 콜레오스,,24~현재,encar,가솔린,2.0,False,2WD,5,,,에스프리 알핀,,False,False
mf-005.md-019.sm-그랑-콜레오스.pw-가솔린-2-0-2wd.tr-테크노,르노코리아(삼성),005,국산,그랑 콜레오스,019,그랑 콜레오스,,24~현재,encar,가솔린,2.0,False,2WD,5,,,테크노,,False,False
mf-005.md-004.sm-qm5-네오.pw-디젤-2-0-4wd.tr-le,르노코리아(삼성),005,국산,QM5,004,QM5 네오,,14~16,encar,디젤,2.0,False,4WD,5,,,LE,,False,False
mf-005.md-004.sm-qm5-네오.pw-디젤-2-0-4wd.tr-re,르노코리아(삼성),005,국산,QM5,004,QM5 네오,,14~16,encar,디젤,2.0,False,4WD,5,,,RE,,False,False
mf-005.md-004.sm-qm5-네오.pw-디젤-2-0-4wd.tr-se,르노코리아(삼성),005,국산,QM5,004,QM5 네오,,14~16,encar,디젤,2.0,False,4WD,5,,,SE,,False,False
mf-005.md-004.sm-qm5-네오.pw-가솔린-2-0-2wd.tr-le,르노코리아(삼성),005,국산,QM5,004,QM5 네오,,14~16,encar,가솔린,2.0,False,2WD,5,,,LE,,False,False
mf-005.md-004.sm-qm5-네오.pw-가솔린-2-0-2wd.tr-r4u-에디션,르노코리아(삼성),005,국산,QM5,004,QM5 네오,,14~16,encar,가솔린,2.0,False,2WD,5,,,R4U 에디션,,False,False
mf-005.md-004.sm-qm5-네오.pw-가솔린-2-0-2wd.tr-re,르노코리아(삼성),005,국산,QM5,004,QM5 네오,,14~16,encar,가솔린,2.0,False,2WD,5,,,RE,,False,False
mf-005.md-004.sm-qm5-네오.pw-디젤-2-0-2wd.tr-le,르노코리아(삼성),005,국산,QM5,004,QM5 네오,,14~16,encar,디젤,2.0,False,2WD,5,,,LE,,False,False
mf-005.md-004.sm-qm5-네오.pw-디젤-2-0-2wd.tr-re,르노코리아(삼성),005,국산,QM5,004,QM5 네오,,14~16,encar,디젤,2.0,False,2WD,5,,,RE,,False,False
mf-005.md-004.sm-qm5-네오.pw-디젤-2-0-2wd.tr-se,르노코리아(삼성),005,국산,QM5,004,QM5 네오,,14~16,encar,디젤,2.0,False,2WD,5,,,SE,,False,False
mf-005.md-004.sm-뉴qm5.pw-디젤-2-0-2wd.tr-le,르노코리아(삼성),005,국산,QM5,004,뉴QM5,,11~14,encar,디젤,2.0,False,2WD,5,,,LE,,False,False
mf-005.md-004.sm-뉴qm5.pw-디젤-2-0-2wd.tr-le-플러스,르노코리아(삼성),005,국산,QM5,004,뉴QM5,,11~14,encar,디젤,2.0,False,2WD,5,,,LE 플러스,,False,False
mf-005.md-004.sm-뉴qm5.pw-디젤-2-0-2wd.tr-re,르노코리아(삼성),005,국산,QM5,004,뉴QM5,,11~14,encar,디젤,2.0,False,2WD,5,,,RE,,False,False
mf-005.md-004.sm-뉴qm5.pw-디젤-2-0-2wd.tr-se,르노코리아(삼성),005,국산,QM5,004,뉴QM5,,11~14,encar,디젤,2.0,False,2WD,5,,,SE,,False,False
mf-005.md-004.sm-뉴qm5.pw-디젤-2-0-2wd.tr-살로몬-에디션,르노코리아(삼성),005,국산,QM5,004,뉴QM5,,11~14,encar,디젤,2.0,False,2WD,5,,,살로몬 에디션,,False,False
mf-005.md-004.sm-뉴qm5.pw-가솔린-2-0-2wd.tr-le,르노코리아(삼성),005,국산,QM5,004,뉴QM5,,11~14,encar,가솔린,2.0,False,2WD,5,,,LE,,False,False
mf-005.md-004.sm-뉴qm5.pw-가솔린-2-0-2wd.tr-se,르노코리아(삼성),005,국산,QM5,004,뉴QM5,,11~14,encar,가솔린,2.0,False,2WD,5,,,SE,,False,False
mf-005.md-004.sm-뉴qm5.pw-가솔린-2-5-2wd.tr-씨티-le25,르노코리아(삼성),005,국산,QM5,004,뉴QM5,,11~14,encar,가솔린,2.5,False,2WD,5,,,씨티 LE25,,False,False
mf-005.md-004.sm-뉴qm5.pw-가솔린-2-5-2wd.tr-씨티-le25-플러스,르노코리아(삼성),005,국산,QM5,004,뉴QM5,,11~14,encar,가솔린,2.5,False,2WD,5,,,씨티 LE25 플러스,,False,False
mf-005.md-004.sm-뉴qm5.pw-가솔린-2-5-2wd.tr-씨티-re25,르노코리아(삼성),005,국산,QM5,004,뉴QM5,,11~14,encar,가솔린,2.5,False,2WD,5,,,씨티 RE25,,False,False
mf-005.md-004.sm-뉴qm5.pw-가솔린-2-5-2wd.tr-씨티-se25,르노코리아(삼성),005,국산,QM5,004,뉴QM5,,11~14,encar,가솔린,2.5,False,2WD,5,,,씨티 SE25,,False,False
mf-005.md-004.sm-뉴qm5.pw-디젤-2-0-4wd.tr-le,르노코리아(삼성),005,국산,QM5,004,뉴QM5,,11~14,encar,디젤,2.0,False,4WD,5,,,LE,,False,False
mf-005.md-004.sm-뉴qm5.pw-디젤-2-0-4wd.tr-re,르노코리아(삼성),005,국산,QM5,004,뉴QM5,,11~14,encar,디젤,2.0,False,4WD,5,,,RE,,False,False
mf-005.md-004.sm-뉴qm5.pw-디젤-2-0-4wd.tr-re-art,르노코리아(삼성),005,국산,QM5,004,뉴QM5,,11~14,encar,디젤,2.0,False,4WD,5,,,RE Art,,False,False
mf-005.md-004.sm-뉴qm5.pw-디젤-2-0-4wd.tr-se,르노코리아(삼성),005,국산,QM5,004,뉴QM5,,11~14,encar,디젤,2.0,False,4WD,5,,,SE,,False,False
mf-005.md-004.sm-뉴qm5.pw-디젤-2-0-4wd.tr-살로몬-에디션,르노코리아(삼성),005,국산,QM5,004,뉴QM5,,11~14,encar,디젤,2.0,False,4WD,5,,,살로몬 에디션,,False,False
mf-005.md-004.sm-qm5.pw-디젤-2-0-4wd.tr-기본형,르노코리아(삼성),005,국산,QM5,004,QM5,,07~11,encar,디젤,2.0,False,4WD,5,,,기본형,,False,False
mf-005.md-004.sm-qm5.pw-가솔린-2-5-2wd.tr-씨티-re25,르노코리아(삼성),005,국산,QM5,004,QM5,,07~11,encar,가솔린,2.5,False,2WD,5,,,씨티 RE25,,False,False
mf-005.md-004.sm-qm5.pw-가솔린-2-5-2wd.tr-씨티-페어웨이,르노코리아(삼성),005,국산,QM5,004,QM5,,07~11,encar,가솔린,2.5,False,2WD,5,,,씨티 페어웨이,,False,False
mf-005.md-004.sm-qm5.pw-가솔린-2-5-2wd.tr-기본형,르노코리아(삼성),005,국산,QM5,004,QM5,,07~11,encar,가솔린,2.5,False,2WD,5,,,기본형,,False,False
mf-005.md-004.sm-qm5.pw-디젤-2-0-2wd.tr-기본형,르노코리아(삼성),005,국산,QM5,004,QM5,,07~11,encar,디젤,2.0,False,2WD,5,,,기본형,,False,False
mf-005.md-004.sm-qm5.pw-디젤-2-0-2wd.tr-보스,르노코리아(삼성),005,국산,QM5,004,QM5,,07~11,encar,디젤,2.0,False,2WD,5,,,보스,,False,False
mf-005.md-004.sm-qm5.pw-디젤-2-0-2wd.tr-어드벤쳐,르노코리아(삼성),005,국산,QM5,004,QM5,,07~11,encar,디젤,2.0,False,2WD,5,,,어드벤쳐,,False,False
mf-005.md-004.sm-qm5.pw-디젤-2-0-2wd.tr-프리미엄,르노코리아(삼성),005,국산,QM5,004,QM5,,07~11,encar,디젤,2.0,False,2WD,5,,,프리미엄,,False,False
mf-005.md-004.sm-qm5.pw-디젤-2-0-2wd.tr-플러스,르노코리아(삼성),005,국산,QM5,004,QM5,,07~11,encar,디젤,2.0,False,2WD,5,,,플러스,,False,False
mf-005.md-018.sm-아르카나.pw-가솔린-1-6.tr-gte-아이코닉,르노코리아(삼성),005,국산,아르카나,018,아르카나,,24~현재,encar,가솔린,1.6,False,,5,,,GTe 아이코닉,,False,False
mf-005.md-018.sm-아르카나.pw-가솔린-1-6.tr-gte-에볼루션,르노코리아(삼성),005,국산,아르카나,018,아르카나,,24~현재,encar,가솔린,1.6,False,,5,,,GTe 에볼루션,,False,False
mf-005.md-018.sm-아르카나.pw-가솔린-1-6.tr-gte-테크노,르노코리아(삼성),005,국산,아르카나,018,아르카나,,24~현재,encar,가솔린,1.6,False,,5,,,GTe 테크노,,False,False
mf-005.md-018.sm-아르카나.pw-하이브리드-1-6.tr-e-tech-아이코닉,르노코리아(삼성),005,국산,아르카나,018,아르카나,,24~현재,encar,하이브리드,1.6,False,,5,,,E-TECH 아이코닉,,False,False
mf-005.md-018.sm-아르카나.pw-하이브리드-1-6.tr-e-tech-아이코닉-디자인-패키지,르노코리아(삼성),005,국산,아르카나,018,아르카나,,24~현재,encar,하이브리드,1.6,False,,5,,,E-TECH 아이코닉 디자인 패키지,,False,False
mf-005.md-018.sm-아르카나.pw-하이브리드-1-6.tr-e-tech-테크노,르노코리아(삼성),005,국산,아르카나,018,아르카나,,24~현재,encar,하이브리드,1.6,False,,5,,,E-TECH 테크노,,False,False
mf-005.md-018.sm-아르카나.pw-가솔린-1-3.tr-tce-아이코닉,르노코리아(삼성),005,국산,아르카나,018,아르카나,,24~현재,encar,가솔린,1.3,False,,5,,,TCe 아이코닉,,False,False
mf-005.md-014.sm-마스터.pw-디젤-2-3.tr-밴-l,르노코리아(삼성),005,국산,마스터,014,마스터,,18~현재,encar,디젤,2.3,False,,3,,,밴 L,,False,False
mf-005.md-014.sm-마스터.pw-디젤-2-3.tr-밴-s,르노코리아(삼성),005,국산,마스터,014,마스터,,18~현재,encar,디젤,2.3,False,,3,,,밴 S,,False,False
mf-005.md-014.sm-마스터.pw-디젤-2-3.tr-캠핑카-이동사무차,르노코리아(삼성),005,국산,마스터,014,마스터,,18~현재,encar,디젤,2.3,False,,3,,,캠핑카/이동사무차,,False,False
mf-005.md-014.sm-마스터.pw-디젤-2-3.tr-기본,르노코리아(삼성),005,국산,마스터,014,마스터,,18~현재,encar,디젤,2.3,False,,15,,,기본,,False,False
mf-005.md-014.sm-마스터.pw-디젤-2-3.tr-기본,르노코리아(삼성),005,국산,마스터,014,마스터,,18~현재,encar,디젤,2.3,False,,13,,,기본,,False,False
mf-005.md-013.sm-클리오.pw-디젤-1-5.tr-스틸,르노코리아(삼성),005,국산,클리오,013,클리오,,18~19,encar,디젤,1.5,False,,5,,,스틸,,False,False
mf-005.md-013.sm-클리오.pw-디젤-1-5.tr-아이코닉,르노코리아(삼성),005,국산,클리오,013,클리오,,18~19,encar,디젤,1.5,False,,5,,,아이코닉,,False,False
mf-005.md-013.sm-클리오.pw-디젤-1-5.tr-인텐스,르노코리아(삼성),005,국산,클리오,013,클리오,,18~19,encar,디젤,1.5,False,,5,,,인텐스,,False,False
mf-005.md-013.sm-클리오.pw-디젤-1-5.tr-인텐스-파노라믹,르노코리아(삼성),005,국산,클리오,013,클리오,,18~19,encar,디젤,1.5,False,,5,,,인텐스 파노라믹,,False,False
mf-005.md-013.sm-클리오.pw-디젤-1-5.tr-젠,르노코리아(삼성),005,국산,클리오,013,클리오,,18~19,encar,디젤,1.5,False,,5,,,젠,,False,False
mf-005.md-016.sm-캡처.pw-가솔린-1-3.tr-tce-에디션-파리,르노코리아(삼성),005,국산,캡처,016,캡처,,20~21,encar,가솔린,1.3,False,,5,,,TCe 에디션 파리,,False,False
mf-005.md-016.sm-캡처.pw-가솔린-1-3.tr-tce-인텐스,르노코리아(삼성),005,국산,캡처,016,캡처,,20~21,encar,가솔린,1.3,False,,5,,,TCe 인텐스,,False,False
mf-005.md-016.sm-캡처.pw-디젤-1-5.tr-dci-젠,르노코리아(삼성),005,국산,캡처,016,캡처,,20~21,encar,디젤,1.5,False,,5,,,dCi 젠,,False,False
mf-005.md-012.sm-트위지.pw-전기-6-1.tr-카고-트렁크,르노코리아(삼성),005,국산,트위지,012,트위지,,17~22,encar,전기,,False,,1,6.1,55,카고( +트렁크),,False,False
mf-005.md-012.sm-트위지.pw-전기-6-1.tr-라이프,르노코리아(삼성),005,국산,트위지,012,트위지,,17~22,encar,전기,,False,,2,6.1,55,라이프( ),,False,False
mf-005.md-012.sm-트위지.pw-전기-6-1.tr-인텐스,르노코리아(삼성),005,국산,트위지,012,트위지,,17~22,encar,전기,,False,,2,6.1,55,인텐스( ),,False,False
mf-005.md-021.sm-필랑트.pw-하이브리드-1-5-2wd.tr-e-tech-아이코닉,르노코리아(삼성),005,국산,필랑트,021,필랑트,,26~현재,encar,하이브리드,1.5,False,2WD,5,,,E-TECH 아이코닉,,False,False
mf-005.md-021.sm-필랑트.pw-하이브리드-1-5-2wd.tr-e-tech-에스프리-알핀-1955,르노코리아(삼성),005,국산,필랑트,021,필랑트,,26~현재,encar,하이브리드,1.5,False,2WD,5,,,E-TECH 에스프리 알핀 1955,,False,False
mf-005.md-021.sm-필랑트.pw-하이브리드-1-5-2wd.tr-e-tech-에스프리-알핀,르노코리아(삼성),005,국산,필랑트,021,필랑트,,26~현재,encar,하이브리드,1.5,False,2WD,5,,,E-TECH 에스프리 알핀,,False,False
mf-005.md-017.sm-조에.pw-전기-54-5.tr-인텐스,르노코리아(삼성),005,국산,조에,017,조에,,20~22,encar,전기,,False,,5,54.5,309,인텐스,,False,False
mf-005.md-017.sm-조에.pw-전기-54-5.tr-인텐스-에코,르노코리아(삼성),005,국산,조에,017,조에,,20~22,encar,전기,,False,,5,54.5,309,인텐스 에코,,False,False
mf-005.md-017.sm-조에.pw-전기-54-5.tr-젠,르노코리아(삼성),005,국산,조에,017,조에,,20~22,encar,전기,,False,,5,54.5,309,젠,,False,False
mf-005.md-020.sm-세닉.pw-전기-87-0.tr-아이코닉,르노코리아(삼성),005,국산,세닉,020,세닉,,25~현재,encar,전기,,False,,5,87.0,460,아이코닉,,False,False
mf-005.md-020.sm-세닉.pw-전기-87-0.tr-테크노-플러스,르노코리아(삼성),005,국산,세닉,020,세닉,,25~현재,encar,전기,,False,,5,87.0,460,테크노 플러스,,False,False
mf-005.md-020.sm-세닉.pw-전기-87-0.tr-테크노,르노코리아(삼성),005,국산,세닉,020,세닉,,25~현재,encar,전기,,False,,5,87.0,460,테크노,,False,False
mf-006.md-011.sm-기타.pw-전기.tr-기타-차,기타 제조사,006,국산,기타 승용차,011,기타,,80~현재,encar,전기,,False,,2,,,기타 차,,False,False
mf-006.md-011.sm-기타.pw-기타.tr-기타,기타 제조사,006,국산,기타 승용차,011,기타,,80~현재,encar,기타,0.0,False,,2,,,기타,,False,False
mf-006.md-010.sm-어울림모터스-스피라.pw-가솔린-2-7.tr-s,기타 제조사,006,국산,어울림모터스,010,어울림모터스-스피라,,10~현재,encar,가솔린,2.7,False,,2,,,S,,False,False
mf-012.md-003.sm-g60.pw-가솔린-2-0-xdrive.tr-530i,BMW,012,수입,5시리즈,003,5시리즈 G60,G60,23~현재,encar,가솔린,2.0,False,xDrive,5,,,530i,8200,False,False
mf-012.md-003.sm-g60.pw-가솔린-2-0-xdrive.tr-530i-m-스포츠,BMW,012,수입,5시리즈,003,5시리즈 G60,G60,23~현재,encar,가솔린,2.0,False,xDrive,5,,,530i M 스포츠,8870,False,False
mf-012.md-003.sm-g60.pw-가솔린-2-0-xdrive.tr-530i-m-스포츠-프로-스페셜-에디션,BMW,012,수입,5시리즈,003,5시리즈 G60,G60,23~현재,encar,가솔린,2.0,False,xDrive,5,,,530i M 스포츠 프로 스페셜 에디션,9300,False,True
mf-012.md-003.sm-g60.pw-가솔린-2-0.tr-520i,BMW,012,수입,5시리즈,003,5시리즈 G60,G60,23~현재,encar,가솔린,2.0,False,,5,,,520i,6880,False,False
mf-012.md-003.sm-g60.pw-가솔린-2-0.tr-520i-스페셜-에디션,BMW,012,수입,5시리즈,003,5시리즈 G60,G60,23~현재,encar,가솔린,2.0,False,,5,,,520i 스페셜 에디션,7250,False,True
mf-012.md-003.sm-g60.pw-가솔린-2-0.tr-520i-m-스포츠,BMW,012,수입,5시리즈,003,5시리즈 G60,G60,23~현재,encar,가솔린,2.0,False,,5,,,520i M 스포츠,7330,False,False
mf-012.md-003.sm-g60.pw-하이브리드-2-0-xdrive.tr-530e-m-스포츠,BMW,012,수입,5시리즈,003,5시리즈 G60,G60,23~현재,encar,하이브리드,2.0,False,xDrive,5,,,530e M 스포츠,9740,False,False
mf-012.md-003.sm-g60.pw-하이브리드-2-0.tr-530e-m-스포츠,BMW,012,수입,5시리즈,003,5시리즈 G60,G60,23~현재,encar,하이브리드,2.0,False,,5,,,530e M 스포츠,9740,False,False
mf-012.md-003.sm-g60.pw-디젤-2-0.tr-523d,BMW,012,수입,5시리즈,003,5시리즈 G60,G60,23~현재,encar,디젤,2.0,False,,5,,,523d,7580,False,False
mf-012.md-003.sm-g60.pw-디젤-2-0.tr-523d-m-스포츠,BMW,012,수입,5시리즈,003,5시리즈 G60,G60,23~현재,encar,디젤,2.0,False,,5,,,523d M 스포츠,8330,False,False
mf-012.md-003.sm-g60.pw-디젤-2-0-xdrive.tr-523d,BMW,012,수입,5시리즈,003,5시리즈 G60,G60,23~현재,encar,디젤,2.0,False,xDrive,5,,,523d,7580,False,False
mf-012.md-003.sm-g60.pw-하이브리드-3-0-xdrive.tr-550e-m-스포츠-프로,BMW,012,수입,5시리즈,003,5시리즈 G60,G60,23~현재,encar,하이브리드,3.0,False,xDrive,5,,,550e M 스포츠 프로,11490,False,False
mf-012.md-003.sm-g30.pw-가솔린-2-0.tr-520i-럭셔리,BMW,012,수입,5시리즈,003,5시리즈 G30,G30,17~23,encar,가솔린,2.0,False,,5,,,520i 럭셔리,7100,False,False
mf-012.md-003.sm-g30.pw-가솔린-2-0.tr-520i-m-스포츠,BMW,012,수입,5시리즈,003,5시리즈 G30,G30,17~23,encar,가솔린,2.0,False,,5,,,520i M 스포츠,7330,False,False
mf-012.md-003.sm-g30.pw-가솔린-2-0.tr-530i-럭셔리,BMW,012,수입,5시리즈,003,5시리즈 G30,G30,17~23,encar,가솔린,2.0,False,,5,,,530i 럭셔리,8500,False,False
mf-012.md-003.sm-g30.pw-가솔린-2-0.tr-530i-럭셔리-플러스,BMW,012,수입,5시리즈,003,5시리즈 G30,G30,17~23,encar,가솔린,2.0,False,,5,,,530i 럭셔리 플러스,8700,False,False
mf-012.md-003.sm-g30.pw-가솔린-2-0.tr-530i-m-스포츠,BMW,012,수입,5시리즈,003,5시리즈 G30,G30,17~23,encar,가솔린,2.0,False,,5,,,530i M 스포츠,8870,False,False
mf-012.md-003.sm-g30.pw-가솔린-2-0.tr-530i-m-스포츠-플러스,BMW,012,수입,5시리즈,003,5시리즈 G30,G30,17~23,encar,가솔린,2.0,False,,5,,,530i M 스포츠 플러스,9100,False,False
mf-012.md-003.sm-g30.pw-디젤-2-0.tr-520d-럭셔리-플러스,BMW,012,수입,5시리즈,003,5시리즈 G30,G30,17~23,encar,디젤,2.0,False,,5,,,520d 럭셔리 플러스,7550,False,False
mf-012.md-003.sm-g30.pw-디젤-2-0.tr-520d-럭셔리-스페셜-에디션,BMW,012,수입,5시리즈,003,5시리즈 G30,G30,17~23,encar,디젤,2.0,False,,5,,,520d 럭셔리 스페셜 에디션,7650,False,True
mf-012.md-003.sm-g30.pw-디젤-2-0.tr-520d-m-스포츠,BMW,012,수입,5시리즈,003,5시리즈 G30,G30,17~23,encar,디젤,2.0,False,,5,,,520d M 스포츠,7600,False,False
mf-012.md-003.sm-g30.pw-디젤-2-0.tr-520d-m-스포츠-플러스,BMW,012,수입,5시리즈,003,5시리즈 G30,G30,17~23,encar,디젤,2.0,False,,5,,,520d M 스포츠 플러스,7850,False,False
mf-012.md-003.sm-g30.pw-디젤-2-0.tr-520d-m-스포츠-스페셜-에디션,BMW,012,수입,5시리즈,003,5시리즈 G30,G30,17~23,encar,디젤,2.0,False,,5,,,520d M 스포츠 스페셜 에디션,7950,False,True
mf-012.md-003.sm-g30.pw-디젤-2-0.tr-523d-m-스포츠,BMW,012,수입,5시리즈,003,5시리즈 G30,G30,17~23,encar,디젤,2.0,False,,5,,,523d M 스포츠,8330,False,False
mf-012.md-003.sm-g30.pw-가솔린-2-0-xdrive.tr-530i-럭셔리-플러스,BMW,012,수입,5시리즈,003,5시리즈 G30,G30,17~23,encar,가솔린,2.0,False,xDrive,5,,,530i 럭셔리 플러스,8700,False,False
mf-012.md-003.sm-g30.pw-가솔린-2-0-xdrive.tr-530i-m-스포츠,BMW,012,수입,5시리즈,003,5시리즈 G30,G30,17~23,encar,가솔린,2.0,False,xDrive,5,,,530i M 스포츠,8870,False,False
mf-012.md-003.sm-g30.pw-가솔린-2-0-xdrive.tr-530i-m-스포츠-플러스,BMW,012,수입,5시리즈,003,5시리즈 G30,G30,17~23,encar,가솔린,2.0,False,xDrive,5,,,530i M 스포츠 플러스,9100,False,False
mf-012.md-003.sm-g30.pw-디젤-3-0.tr-530d-럭셔리-플러스,BMW,012,수입,5시리즈,003,5시리즈 G30,G30,17~23,encar,디젤,3.0,False,,5,,,530d 럭셔리 플러스,9300,False,False
mf-012.md-003.sm-g30.pw-하이브리드-2-0.tr-530e-럭셔리,BMW,012,수입,5시리즈,003,5시리즈 G30,G30,17~23,encar,하이브리드,2.0,False,,5,,,530e 럭셔리,8920,False,False
mf-012.md-003.sm-g30.pw-하이브리드-2-0.tr-530e-m-스포츠,BMW,012,수입,5시리즈,003,5시리즈 G30,G30,17~23,encar,하이브리드,2.0,False,,5,,,530e M 스포츠,9740,False,False
mf-012.md-003.sm-g30.pw-디젤-2-0-xdrive.tr-520d-럭셔리-플러스,BMW,012,수입,5시리즈,003,5시리즈 G30,G30,17~23,encar,디젤,2.0,False,xDrive,5,,,520d 럭셔리 플러스,7550,False,False
mf-012.md-003.sm-g30.pw-디젤-2-0-xdrive.tr-520d-m-스포츠-플러스,BMW,012,수입,5시리즈,003,5시리즈 G30,G30,17~23,encar,디젤,2.0,False,xDrive,5,,,520d M 스포츠 플러스,7850,False,False
mf-012.md-003.sm-g30.pw-디젤-2-0-xdrive.tr-523d-럭셔리,BMW,012,수입,5시리즈,003,5시리즈 G30,G30,17~23,encar,디젤,2.0,False,xDrive,5,,,523d 럭셔리,7900,False,False
mf-012.md-003.sm-g30.pw-디젤-2-0-xdrive.tr-523d-m-스포츠,BMW,012,수입,5시리즈,003,5시리즈 G30,G30,17~23,encar,디젤,2.0,False,xDrive,5,,,523d M 스포츠,8330,False,False
mf-012.md-003.sm-g30.pw-가솔린-3-0-xdrive.tr-540i-m-스포츠-플러스,BMW,012,수입,5시리즈,003,5시리즈 G30,G30,17~23,encar,가솔린,3.0,False,xDrive,5,,,540i M 스포츠 플러스,10500,False,False
mf-012.md-003.sm-g30.pw-디젤-3-0-xdrive.tr-m550d,BMW,012,수입,5시리즈,003,5시리즈 G30,G30,17~23,encar,디젤,3.0,False,xDrive,5,,,M550d,11000,False,False
mf-012.md-003.sm-f10.pw-가솔린-2-0.tr-528i,BMW,012,수입,5시리즈,003,5시리즈 F10,F10,10~16,encar,가솔린,2.0,False,,5,,,528i,7600,False,False
mf-012.md-003.sm-f10.pw-가솔린-2-0.tr-528i-럭셔리,BMW,012,수입,5시리즈,003,5시리즈 F10,F10,10~16,encar,가솔린,2.0,False,,5,,,528i 럭셔리,7900,False,False
mf-012.md-003.sm-f10.pw-가솔린-2-0.tr-528i-럭셔리-플러스,BMW,012,수입,5시리즈,003,5시리즈 F10,F10,10~16,encar,가솔린,2.0,False,,5,,,528i 럭셔리 플러스,8100,False,False
mf-012.md-003.sm-f10.pw-가솔린-2-0.tr-528i-m-스포츠,BMW,012,수입,5시리즈,003,5시리즈 F10,F10,10~16,encar,가솔린,2.0,False,,5,,,528i M 스포츠,8200,False,False
mf-012.md-003.sm-f10.pw-가솔린-2-0.tr-528i-m-에어로-다이나믹,BMW,012,수입,5시리즈,003,5시리즈 F10,F10,10~16,encar,가솔린,2.0,False,,5,,,528i M 에어로 다이나믹,8350,False,False
mf-012.md-003.sm-f10.pw-디젤-2-0.tr-520d,BMW,012,수입,5시리즈,003,5시리즈 F10,F10,10~16,encar,디젤,2.0,False,,5,,,520d,7050,False,False
mf-012.md-003.sm-f10.pw-디젤-2-0.tr-520d-럭셔리,BMW,012,수입,5시리즈,003,5시리즈 F10,F10,10~16,encar,디젤,2.0,False,,5,,,520d 럭셔리,7350,False,False
mf-012.md-003.sm-f10.pw-디젤-2-0.tr-520d-럭셔리-플러스,BMW,012,수입,5시리즈,003,5시리즈 F10,F10,10~16,encar,디젤,2.0,False,,5,,,520d 럭셔리 플러스,7550,False,False
mf-012.md-003.sm-f10.pw-디젤-2-0.tr-520d-m-스포츠,BMW,012,수입,5시리즈,003,5시리즈 F10,F10,10~16,encar,디젤,2.0,False,,5,,,520d M 스포츠,7600,False,False
mf-012.md-003.sm-f10.pw-디젤-2-0.tr-520d-m-에어로-다이나믹,BMW,012,수입,5시리즈,003,5시리즈 F10,F10,10~16,encar,디젤,2.0,False,,5,,,520d M 에어로 다이나믹,7750,False,False
mf-012.md-003.sm-f10.pw-디젤-2-0.tr-525d,BMW,012,수입,5시리즈,003,5시리즈 F10,F10,10~16,encar,디젤,2.0,False,,5,,,525d,8000,False,False
mf-012.md-003.sm-f10.pw-가솔린-2-0-xdrive.tr-528i,BMW,012,수입,5시리즈,003,5시리즈 F10,F10,10~16,encar,가솔린,2.0,False,xDrive,5,,,528i,7600,False,False
mf-012.md-003.sm-f10.pw-가솔린-2-0-xdrive.tr-528i-럭셔리,BMW,012,수입,5시리즈,003,5시리즈 F10,F10,10~16,encar,가솔린,2.0,False,xDrive,5,,,528i 럭셔리,7900,False,False
mf-012.md-003.sm-f10.pw-가솔린-2-0-xdrive.tr-528i-럭셔리-플러스,BMW,012,수입,5시리즈,003,5시리즈 F10,F10,10~16,encar,가솔린,2.0,False,xDrive,5,,,528i 럭셔리 플러스,8100,False,False
mf-012.md-003.sm-f10.pw-가솔린-2-0-xdrive.tr-528i-m-에어로-다이나믹,BMW,012,수입,5시리즈,003,5시리즈 F10,F10,10~16,encar,가솔린,2.0,False,xDrive,5,,,528i M 에어로 다이나믹,8350,False,False
mf-012.md-003.sm-f10.pw-가솔린-2-0-xdrive.tr-528i-m-에어로다이나믹-스페셜-에디션,BMW,012,수입,5시리즈,003,5시리즈 F10,F10,10~16,encar,가솔린,2.0,False,xDrive,5,,,528i M 에어로다이나믹 스페셜 에디션,8500,False,True
mf-012.md-003.sm-f10.pw-디젤-2-0-xdrive.tr-520d,BMW,012,수입,5시리즈,003,5시리즈 F10,F10,10~16,encar,디젤,2.0,False,xDrive,5,,,520d,7050,False,False
mf-012.md-003.sm-f10.pw-디젤-2-0-xdrive.tr-520d-럭셔리,BMW,012,수입,5시리즈,003,5시리즈 F10,F10,10~16,encar,디젤,2.0,False,xDrive,5,,,520d 럭셔리,7350,False,False
mf-012.md-003.sm-f10.pw-디젤-2-0-xdrive.tr-520d-럭셔리-플러스,BMW,012,수입,5시리즈,003,5시리즈 F10,F10,10~16,encar,디젤,2.0,False,xDrive,5,,,520d 럭셔리 플러스,7550,False,False
mf-012.md-003.sm-f10.pw-디젤-2-0-xdrive.tr-520d-m-에어로-다이나믹,BMW,012,수입,5시리즈,003,5시리즈 F10,F10,10~16,encar,디젤,2.0,False,xDrive,5,,,520d M 에어로 다이나믹,7750,False,False
mf-012.md-003.sm-f10.pw-디젤-2-0-xdrive.tr-525d,BMW,012,수입,5시리즈,003,5시리즈 F10,F10,10~16,encar,디젤,2.0,False,xDrive,5,,,525d,8000,False,False
mf-012.md-003.sm-f10.pw-디젤-3-0-xdrive.tr-530d-m-에어로-다이나믹,BMW,012,수입,5시리즈,003,5시리즈 F10,F10,10~16,encar,디젤,3.0,False,xDrive,5,,,530d M 에어로 다이나믹,9600,False,False
mf-012.md-003.sm-f10.pw-디젤-3-0-xdrive.tr-m550d-에어로-다이나믹,BMW,012,수입,5시리즈,003,5시리즈 F10,F10,10~16,encar,디젤,3.0,False,xDrive,5,,,M550d 에어로 다이나믹,11000,False,False
mf-012.md-003.sm-f10.pw-디젤-3-0-xdrive.tr-m550d,BMW,012,수입,5시리즈,003,5시리즈 F10,F10,10~16,encar,디젤,3.0,False,xDrive,5,,,M550d,11000,False,False
mf-012.md-003.sm-f10.pw-가솔린-3-0.tr-535i,BMW,012,수입,5시리즈,003,5시리즈 F10,F10,10~16,encar,가솔린,3.0,False,,5,,,535i,9000,False,False
mf-012.md-003.sm-f10.pw-가솔린-4-4-xdrive.tr-550i,BMW,012,수입,5시리즈,003,5시리즈 F10,F10,10~16,encar,가솔린,4.4,False,xDrive,5,,,550i,11200,False,False
mf-012.md-003.sm-f10.pw-디젤-3-0.tr-535d,BMW,012,수입,5시리즈,003,5시리즈 F10,F10,10~16,encar,디젤,3.0,False,,5,,,535d,9300,False,False
mf-012.md-003.sm-f10.pw-가솔린-2-5.tr-523i,BMW,012,수입,5시리즈,003,5시리즈 F10,F10,10~16,encar,가솔린,2.5,False,,5,,,523i,7200,False,False
mf-012.md-003.sm-e60.pw-가솔린-3-0.tr-528i-세단,BMW,012,수입,5시리즈,003,5시리즈 E60,E60,03~10,encar,가솔린,3.0,False,,5,,,528i 세단,7600,False,False
mf-012.md-003.sm-e60.pw-가솔린-3-0.tr-528i-세단-se-e60-한정-정식-트림,BMW,012,수입,5시리즈,003,5시리즈 E60,E60,03~10,encar,가솔린,3.0,False,,5,,,528i 세단 SE (E60 한정 정식 트림),7700,False,False
mf-012.md-003.sm-e60.pw-가솔린-3-0.tr-528i-세단-스포츠,BMW,012,수입,5시리즈,003,5시리즈 E60,E60,03~10,encar,가솔린,3.0,False,,5,,,528i 세단 스포츠,8000,False,False
mf-012.md-003.sm-e60.pw-가솔린-3-0.tr-530i-세단,BMW,012,수입,5시리즈,003,5시리즈 E60,E60,03~10,encar,가솔린,3.0,False,,5,,,530i 세단,8200,False,False
mf-012.md-003.sm-e60.pw-가솔린-2-5.tr-523i-세단,BMW,012,수입,5시리즈,003,5시리즈 E60,E60,03~10,encar,가솔린,2.5,False,,5,,,523i 세단,7200,False,False
mf-012.md-003.sm-e60.pw-디젤-2-0.tr-520d-세단,BMW,012,수입,5시리즈,003,5시리즈 E60,E60,03~10,encar,디젤,2.0,False,,5,,,520d 세단,7050,False,False
mf-012.md-003.sm-e60.pw-가솔린-2-0.tr-520i-세단,BMW,012,수입,5시리즈,003,5시리즈 E60,E60,03~10,encar,가솔린,2.0,False,,5,,,520i 세단,6880,False,False
mf-012.md-003.sm-e60.pw-가솔린-4-8.tr-550i-세단,BMW,012,수입,5시리즈,003,5시리즈 E60,E60,03~10,encar,가솔린,4.8,False,,5,,,550i 세단,11200,False,False
mf-012.md-003.sm-e12-e28-e34-e39.pw-가솔린-2-0.tr-e34,BMW,012,수입,5시리즈,003,5시리즈 E12/E28/E34/E39,E12/E28/E34/E39,72~03,encar,가솔린,2.0,False,,5,,,E34,0,False,False
mf-012.md-003.sm-e12-e28-e34-e39.pw-가솔린-2-0.tr-e39,BMW,012,수입,5시리즈,003,5시리즈 E12/E28/E34/E39,E12/E28/E34/E39,72~03,encar,가솔린,2.0,False,,5,,,E39,0,False,False
mf-012.md-003.sm-e12-e28-e34-e39.pw-가솔린-3-0.tr-e34,BMW,012,수입,5시리즈,003,5시리즈 E12/E28/E34/E39,E12/E28/E34/E39,72~03,encar,가솔린,3.0,False,,5,,,E34,0,False,False
mf-012.md-003.sm-e12-e28-e34-e39.pw-가솔린-3-0.tr-e39,BMW,012,수입,5시리즈,003,5시리즈 E12/E28/E34/E39,E12/E28/E34/E39,72~03,encar,가솔린,3.0,False,,5,,,E39,0,False,False
mf-012.md-003.sm-e12-e28-e34-e39.pw-가솔린-4-4.tr-e39,BMW,012,수입,5시리즈,003,5시리즈 E12/E28/E34/E39,E12/E28/E34/E39,72~03,encar,가솔린,4.4,False,,5,,,E39,0,False,False
mf-012.md-003.sm-e12-e28-e34-e39.pw-가솔린-2-5.tr-e39,BMW,012,수입,5시리즈,003,5시리즈 E12/E28/E34/E39,E12/E28/E34/E39,72~03,encar,가솔린,2.5,False,,5,,,E39,0,False,False
mf-012.md-003.sm-e12-e28-e34-e39.pw-가솔린-2-8.tr-e39,BMW,012,수입,5시리즈,003,5시리즈 E12/E28/E34/E39,E12/E28/E34/E39,72~03,encar,가솔린,2.8,False,,5,,,E39,0,False,False
mf-012.md-002.sm-g20.pw-가솔린-2-0.tr-320i,BMW,012,수입,3시리즈,002,3시리즈 G20,G20,19~현재,encar,가솔린,2.0,False,,5,,,320i,5860,False,False
mf-012.md-002.sm-g20.pw-가솔린-2-0.tr-320i-투어링,BMW,012,수입,3시리즈,002,3시리즈 G20,G20,19~현재,encar,가솔린,2.0,False,,5,,,320i 투어링,6060,False,False
mf-012.md-002.sm-g20.pw-가솔린-2-0.tr-320i-럭셔리,BMW,012,수입,3시리즈,002,3시리즈 G20,G20,19~현재,encar,가솔린,2.0,False,,5,,,320i 럭셔리,6000,False,False
mf-012.md-002.sm-g20.pw-가솔린-2-0.tr-320i-투어링-럭셔리,BMW,012,수입,3시리즈,002,3시리즈 G20,G20,19~현재,encar,가솔린,2.0,False,,5,,,320i 투어링 럭셔리,6200,False,False
mf-012.md-002.sm-g20.pw-가솔린-2-0.tr-320i-m-스포츠,BMW,012,수입,3시리즈,002,3시리즈 G20,G20,19~현재,encar,가솔린,2.0,False,,5,,,320i M 스포츠,6180,False,False
mf-012.md-002.sm-g20.pw-가솔린-2-0.tr-320i-투어링-m-스포츠,BMW,012,수입,3시리즈,002,3시리즈 G20,G20,19~현재,encar,가솔린,2.0,False,,5,,,320i 투어링 M 스포츠,6380,False,False
mf-012.md-002.sm-g20.pw-가솔린-2-0.tr-330i-m-스포츠,BMW,012,수입,3시리즈,002,3시리즈 G20,G20,19~현재,encar,가솔린,2.0,False,,5,,,330i M 스포츠,7300,False,False
mf-012.md-002.sm-g20.pw-디젤-2-0.tr-320d,BMW,012,수입,3시리즈,002,3시리즈 G20,G20,19~현재,encar,디젤,2.0,False,,5,,,320d,5800,False,False
mf-012.md-002.sm-g20.pw-디젤-2-0.tr-320d-럭셔리,BMW,012,수입,3시리즈,002,3시리즈 G20,G20,19~현재,encar,디젤,2.0,False,,5,,,320d 럭셔리,6000,False,False
mf-012.md-002.sm-g20.pw-디젤-2-0.tr-320d-투어링-럭셔리,BMW,012,수입,3시리즈,002,3시리즈 G20,G20,19~현재,encar,디젤,2.0,False,,5,,,320d 투어링 럭셔리,6250,False,False
mf-012.md-002.sm-g20.pw-디젤-2-0.tr-320d-m-스포츠,BMW,012,수입,3시리즈,002,3시리즈 G20,G20,19~현재,encar,디젤,2.0,False,,5,,,320d M 스포츠,6200,False,False
mf-012.md-002.sm-g20.pw-디젤-2-0.tr-320d-투어링-m-스포츠,BMW,012,수입,3시리즈,002,3시리즈 G20,G20,19~현재,encar,디젤,2.0,False,,5,,,320d 투어링 M 스포츠,6450,False,False
mf-012.md-002.sm-g20.pw-가솔린-3-0.tr-m340i,BMW,012,수입,3시리즈,002,3시리즈 G20,G20,19~현재,encar,가솔린,3.0,False,,5,,,M340i,8490,False,False
mf-012.md-002.sm-g20.pw-가솔린-3-0.tr-m340i-퍼스트-에디션,BMW,012,수입,3시리즈,002,3시리즈 G20,G20,19~현재,encar,가솔린,3.0,False,,5,,,M340i 퍼스트 에디션,8900,False,True
mf-012.md-002.sm-g20.pw-가솔린-3-0.tr-m340i-프로,BMW,012,수입,3시리즈,002,3시리즈 G20,G20,19~현재,encar,가솔린,3.0,False,,5,,,M340i 프로,8800,False,False
mf-012.md-002.sm-g20.pw-하이브리드-2-0.tr-330e,BMW,012,수입,3시리즈,002,3시리즈 G20,G20,19~현재,encar,하이브리드,2.0,False,,5,,,330e,6320,False,False
mf-012.md-002.sm-g20.pw-하이브리드-2-0.tr-330e-럭셔리,BMW,012,수입,3시리즈,002,3시리즈 G20,G20,19~현재,encar,하이브리드,2.0,False,,5,,,330e 럭셔리,6450,False,False
mf-012.md-002.sm-g20.pw-하이브리드-2-0.tr-330e-m-스포츠,BMW,012,수입,3시리즈,002,3시리즈 G20,G20,19~현재,encar,하이브리드,2.0,False,,5,,,330e M 스포츠,6520,False,False
mf-012.md-002.sm-g20.pw-하이브리드-2-0.tr-330e-m-스포츠-프로-퍼스트-에디션,BMW,012,수입,3시리즈,002,3시리즈 G20,G20,19~현재,encar,하이브리드,2.0,False,,5,,,330e M 스포츠 프로 퍼스트 에디션,6800,False,True
mf-012.md-002.sm-g20.pw-가솔린-3-0-xdrive.tr-m340i-투어링,BMW,012,수입,3시리즈,002,3시리즈 G20,G20,19~현재,encar,가솔린,3.0,False,xDrive,5,,,M340i 투어링,8790,False,False
mf-012.md-002.sm-g20.pw-가솔린-3-0-xdrive.tr-m340i-투어링-프로,BMW,012,수입,3시리즈,002,3시리즈 G20,G20,19~현재,encar,가솔린,3.0,False,xDrive,5,,,M340i 투어링 프로,9100,False,False
mf-012.md-002.sm-g20.pw-디젤-2-0-xdrive.tr-320d-럭셔리,BMW,012,수입,3시리즈,002,3시리즈 G20,G20,19~현재,encar,디젤,2.0,False,xDrive,5,,,320d 럭셔리,6000,False,False
mf-012.md-002.sm-g20.pw-디젤-2-0-xdrive.tr-320d-m-스포츠,BMW,012,수입,3시리즈,002,3시리즈 G20,G20,19~현재,encar,디젤,2.0,False,xDrive,5,,,320d M 스포츠,6200,False,False
mf-012.md-002.sm-g20.pw-가솔린-2-0-xdrive.tr-330i-m-스포츠,BMW,012,수입,3시리즈,002,3시리즈 G20,G20,19~현재,encar,가솔린,2.0,False,xDrive,5,,,330i M 스포츠,7300,False,False
mf-012.md-002.sm-f30.pw-가솔린-2-0.tr-320i,BMW,012,수입,3시리즈,002,3시리즈 F30,F30,12~18,encar,가솔린,2.0,False,,5,,,320i,5860,False,False
mf-012.md-002.sm-f30.pw-가솔린-2-0.tr-320i-스포츠,BMW,012,수입,3시리즈,002,3시리즈 F30,F30,12~18,encar,가솔린,2.0,False,,5,,,320i 스포츠,5950,False,False
mf-012.md-002.sm-f30.pw-가솔린-2-0.tr-320i-럭셔리,BMW,012,수입,3시리즈,002,3시리즈 F30,F30,12~18,encar,가솔린,2.0,False,,5,,,320i 럭셔리,6000,False,False
mf-012.md-002.sm-f30.pw-가솔린-2-0.tr-320i-m-스포츠,BMW,012,수입,3시리즈,002,3시리즈 F30,F30,12~18,encar,가솔린,2.0,False,,5,,,320i M 스포츠,6180,False,False
mf-012.md-002.sm-f30.pw-가솔린-2-0.tr-320i-m-스포츠-쉐도우,BMW,012,수입,3시리즈,002,3시리즈 F30,F30,12~18,encar,가솔린,2.0,False,,5,,,320i M 스포츠 쉐도우,6280,False,True
mf-012.md-002.sm-f30.pw-가솔린-2-0.tr-328i,BMW,012,수입,3시리즈,002,3시리즈 F30,F30,12~18,encar,가솔린,2.0,False,,5,,,328i,6700,False,False
mf-012.md-002.sm-f30.pw-가솔린-2-0.tr-328i-스포츠,BMW,012,수입,3시리즈,002,3시리즈 F30,F30,12~18,encar,가솔린,2.0,False,,5,,,328i 스포츠,6900,False,False
mf-012.md-002.sm-f30.pw-가솔린-2-0.tr-328i-m-스포츠,BMW,012,수입,3시리즈,002,3시리즈 F30,F30,12~18,encar,가솔린,2.0,False,,5,,,328i M 스포츠,7100,False,False
mf-012.md-002.sm-f30.pw-가솔린-2-0.tr-330i-m-스포츠,BMW,012,수입,3시리즈,002,3시리즈 F30,F30,12~18,encar,가솔린,2.0,False,,5,,,330i M 스포츠,7300,False,False
mf-012.md-002.sm-f30.pw-가솔린-2-0.tr-330i-m-스포츠-쉐도우,BMW,012,수입,3시리즈,002,3시리즈 F30,F30,12~18,encar,가솔린,2.0,False,,5,,,330i M 스포츠 쉐도우,7400,False,True
mf-012.md-002.sm-f30.pw-디젤-2-0.tr-320d-efficientdynamics-edition-ed-에디션,BMW,012,수입,3시리즈,002,3시리즈 F30,F30,12~18,encar,디젤,2.0,False,,5,,,320d EfficientDynamics Edition (ED 에디션),5600,False,True
mf-012.md-002.sm-f30.pw-디젤-2-0.tr-320d,BMW,012,수입,3시리즈,002,3시리즈 F30,F30,12~18,encar,디젤,2.0,False,,5,,,320d,5800,False,False
mf-012.md-002.sm-f30.pw-디젤-2-0.tr-320d-스포츠,BMW,012,수입,3시리즈,002,3시리즈 F30,F30,12~18,encar,디젤,2.0,False,,5,,,320d 스포츠,5950,False,False
mf-012.md-002.sm-f30.pw-디젤-2-0.tr-320d-럭셔리,BMW,012,수입,3시리즈,002,3시리즈 F30,F30,12~18,encar,디젤,2.0,False,,5,,,320d 럭셔리,6000,False,False
mf-012.md-002.sm-f30.pw-디젤-2-0.tr-320d-투어링,BMW,012,수입,3시리즈,002,3시리즈 F30,F30,12~18,encar,디젤,2.0,False,,5,,,320d 투어링,6050,False,False
mf-012.md-002.sm-f30.pw-디젤-2-0.tr-320d-m-스포츠,BMW,012,수입,3시리즈,002,3시리즈 F30,F30,12~18,encar,디젤,2.0,False,,5,,,320d M 스포츠,6200,False,False
mf-012.md-002.sm-f30.pw-디젤-2-0.tr-320d-m-스포츠-쉐도우,BMW,012,수입,3시리즈,002,3시리즈 F30,F30,12~18,encar,디젤,2.0,False,,5,,,320d M 스포츠 쉐도우,6300,False,True
mf-012.md-002.sm-f30.pw-디젤-2-0.tr-320d-m-퍼포먼스-에디션,BMW,012,수입,3시리즈,002,3시리즈 F30,F30,12~18,encar,디젤,2.0,False,,5,,,320d M 퍼포먼스 에디션,6500,False,True
mf-012.md-002.sm-f30.pw-디젤-2-0.tr-320d-투어링-m-퍼포먼스-에디션,BMW,012,수입,3시리즈,002,3시리즈 F30,F30,12~18,encar,디젤,2.0,False,,5,,,320d 투어링 M 퍼포먼스 에디션,6750,False,True
mf-012.md-002.sm-f30.pw-디젤-2-0.tr-325d-스포츠,BMW,012,수입,3시리즈,002,3시리즈 F30,F30,12~18,encar,디젤,2.0,False,,5,,,325d 스포츠,6500,False,False
mf-012.md-002.sm-f30.pw-디젤-2-0-xdrive.tr-320d,BMW,012,수입,3시리즈,002,3시리즈 F30,F30,12~18,encar,디젤,2.0,False,xDrive,5,,,320d,5800,False,False
mf-012.md-002.sm-f30.pw-디젤-2-0-xdrive.tr-320d-투어링,BMW,012,수입,3시리즈,002,3시리즈 F30,F30,12~18,encar,디젤,2.0,False,xDrive,5,,,320d 투어링,6050,False,False
mf-012.md-002.sm-f30.pw-디젤-2-0-xdrive.tr-320d-투어링-m-스포츠,BMW,012,수입,3시리즈,002,3시리즈 F30,F30,12~18,encar,디젤,2.0,False,xDrive,5,,,320d 투어링 M 스포츠,6450,False,False
mf-012.md-002.sm-e90.pw-디젤-2-0.tr-320d-세단,BMW,012,수입,3시리즈,002,3시리즈 E90,E90,05~13,encar,디젤,2.0,False,,5,,,320d 세단,5800,False,False
mf-012.md-002.sm-e90.pw-디젤-2-0.tr-320d-세단-블랙-앤-화이트,BMW,012,수입,3시리즈,002,3시리즈 E90,E90,05~13,encar,디젤,2.0,False,,5,,,320d 세단 블랙 앤 화이트,6100,False,True
mf-012.md-002.sm-e90.pw-디젤-2-0.tr-320d-세단-m-스포츠,BMW,012,수입,3시리즈,002,3시리즈 E90,E90,05~13,encar,디젤,2.0,False,,5,,,320d 세단 M 스포츠,6200,False,False
mf-012.md-002.sm-e90.pw-가솔린-2-0.tr-320i-세단-cp,BMW,012,수입,3시리즈,002,3시리즈 E90,E90,05~13,encar,가솔린,2.0,False,,5,,,320i 세단 CP,5500,False,True
mf-012.md-002.sm-e90.pw-가솔린-2-0.tr-320i-세단,BMW,012,수입,3시리즈,002,3시리즈 E90,E90,05~13,encar,가솔린,2.0,False,,5,,,320i 세단,5860,False,False
mf-012.md-002.sm-e90.pw-가솔린-2-0.tr-320i-세단-m-스포츠,BMW,012,수입,3시리즈,002,3시리즈 E90,E90,05~13,encar,가솔린,2.0,False,,5,,,320i 세단 M 스포츠,6180,False,False
mf-012.md-002.sm-e90.pw-가솔린-3-0.tr-328i-쿠페,BMW,012,수입,3시리즈,002,3시리즈 E90,E90,05~13,encar,가솔린,3.0,False,,4,,,328i 쿠페,7000,False,False
mf-012.md-002.sm-e90.pw-가솔린-3-0.tr-328xi-쿠페-xi-소문자-xdrive-사양,BMW,012,수입,3시리즈,002,3시리즈 E90,E90,05~13,encar,가솔린,3.0,False,,4,,,328xi 쿠페 (xi=소문자 xDrive 사양),7300,False,False
mf-012.md-002.sm-e90.pw-가솔린-3-0.tr-328i-컨버터블,BMW,012,수입,3시리즈,002,3시리즈 E90,E90,05~13,encar,가솔린,3.0,False,,4,,,328i 컨버터블,7800,False,False
mf-012.md-002.sm-e90.pw-가솔린-3-0.tr-335i-컨버터블,BMW,012,수입,3시리즈,002,3시리즈 E90,E90,05~13,encar,가솔린,3.0,False,,4,,,335i 컨버터블,8500,False,False
mf-012.md-002.sm-e90.pw-가솔린-3-0.tr-328i-세단,BMW,012,수입,3시리즈,002,3시리즈 E90,E90,05~13,encar,가솔린,3.0,False,,5,,,328i 세단,6700,False,False
mf-012.md-002.sm-e90.pw-가솔린-3-0.tr-328i-세단-스포츠,BMW,012,수입,3시리즈,002,3시리즈 E90,E90,05~13,encar,가솔린,3.0,False,,5,,,328i 세단 스포츠,6900,False,False
mf-012.md-002.sm-e90.pw-가솔린-3-0.tr-335i-세단,BMW,012,수입,3시리즈,002,3시리즈 E90,E90,05~13,encar,가솔린,3.0,False,,5,,,335i 세단,7800,False,False
mf-012.md-002.sm-e90.pw-가솔린-3-0.tr-335i-세단-스포츠,BMW,012,수입,3시리즈,002,3시리즈 E90,E90,05~13,encar,가솔린,3.0,False,,5,,,335i 세단 스포츠,8000,False,False
mf-012.md-002.sm-e90.pw-가솔린-3-0.tr-330xi-세단-xi-소문자,BMW,012,수입,3시리즈,002,3시리즈 E90,E90,05~13,encar,가솔린,3.0,False,,,,,330xi 세단 (xi=소문자),7000,False,False
mf-012.md-002.sm-e90.pw-가솔린-3-0.tr-335i-쿠페,BMW,012,수입,3시리즈,002,3시리즈 E90,E90,05~13,encar,가솔린,3.0,False,,,,,335i 쿠페,8100,False,False
mf-012.md-002.sm-e21-e30-e36-e46.pw-가솔린-2-2.tr-e36,BMW,012,수입,3시리즈,002,3시리즈 E21/E30/E36/E46,E21/E30/E36/E46,75~06,encar,가솔린,2.2,False,,5,,,E36,3000,False,False
mf-012.md-002.sm-e21-e30-e36-e46.pw-가솔린-2-2.tr-e46,BMW,012,수입,3시리즈,002,3시리즈 E21/E30/E36/E46,E21/E30/E36/E46,75~06,encar,가솔린,2.2,False,,5,,,E46,3500,False,False
mf-012.md-002.sm-e21-e30-e36-e46.pw-가솔린-2-5.tr-e36,BMW,012,수입,3시리즈,002,3시리즈 E21/E30/E36/E46,E21/E30/E36/E46,75~06,encar,가솔린,2.5,False,,5,,,E36,3000,False,False
mf-012.md-002.sm-e21-e30-e36-e46.pw-가솔린-2-5.tr-e46,BMW,012,수입,3시리즈,002,3시리즈 E21/E30/E36/E46,E21/E30/E36/E46,75~06,encar,가솔린,2.5,False,,5,,,E46,3500,False,False
mf-012.md-002.sm-e21-e30-e36-e46.pw-가솔린-2-5.tr-세대-섀시코드-e30-쿠페-카브리올레-포함-트림-아님,BMW,012,수입,3시리즈,002,3시리즈 E21/E30/E36/E46,E21/E30/E36/E46,75~06,encar,가솔린,2.5,False,,,,,세대 섀시코드 E30 (쿠페/카브리올레 포함) — 트림 아님,2500,False,False
mf-012.md-002.sm-e21-e30-e36-e46.pw-가솔린-2-5.tr-세대-섀시코드-e46-쿠페-카브리올레-트림-아님,BMW,012,수입,3시리즈,002,3시리즈 E21/E30/E36/E46,E21/E30/E36/E46,75~06,encar,가솔린,2.5,False,,,,,세대 섀시코드 E46 (쿠페/카브리올레) — 트림 아님,3500,False,False
mf-012.md-002.sm-e21-e30-e36-e46.pw-가솔린-2-5.tr-e46,BMW,012,수입,3시리즈,002,3시리즈 E21/E30/E36/E46,E21/E30/E36/E46,75~06,encar,가솔린,2.5,False,,4,,,E46,3500,False,False
mf-012.md-002.sm-e21-e30-e36-e46.pw-가솔린-3-0.tr-e46,BMW,012,수입,3시리즈,002,3시리즈 E21/E30/E36/E46,E21/E30/E36/E46,75~06,encar,가솔린,3.0,False,,5,,,E46,3500,False,False
mf-012.md-002.sm-e21-e30-e36-e46.pw-가솔린-2-0.tr-e36,BMW,012,수입,3시리즈,002,3시리즈 E21/E30/E36/E46,E21/E30/E36/E46,75~06,encar,가솔린,2.0,False,,,,,E36,3000,False,False
mf-012.md-005.sm-g70.pw-가솔린-3-0-xdrive.tr-740i-m-스포츠-리미티드,BMW,012,수입,7시리즈,005,7시리즈 G70,G70,22~현재,encar,가솔린,3.0,False,xDrive,5,,,740i M 스포츠 리미티드,15990,False,True
mf-012.md-005.sm-g70.pw-가솔린-3-0-xdrive.tr-740i-m-스포츠,BMW,012,수입,7시리즈,005,7시리즈 G70,G70,22~현재,encar,가솔린,3.0,False,xDrive,5,,,740i M 스포츠,17490,False,False
mf-012.md-005.sm-g70.pw-디젤-3-0-xdrive.tr-740d-m-스포츠,BMW,012,수입,7시리즈,005,7시리즈 G70,G70,22~현재,encar,디젤,3.0,False,xDrive,5,,,740d M 스포츠,14990,False,False
mf-012.md-005.sm-g70.pw-디젤-3-0-xdrive.tr-740d-디자인-퓨어-엑셀런스,BMW,012,수입,7시리즈,005,7시리즈 G70,G70,22~현재,encar,디젤,3.0,False,xDrive,5,,,740d 디자인 퓨어 엑셀런스,15720,False,False
mf-012.md-005.sm-g70.pw-가솔린-3-0.tr-740i-sdrive-디자인-퓨어-엑셀런스,BMW,012,수입,7시리즈,005,7시리즈 G70,G70,22~현재,encar,가솔린,3.0,False,,5,,,740i sDrive 디자인 퓨어 엑셀런스,15900,False,False
mf-012.md-005.sm-g70.pw-가솔린-3-0.tr-740i-sdrive-m-스포츠,BMW,012,수입,7시리즈,005,7시리즈 G70,G70,22~현재,encar,가솔린,3.0,False,,5,,,740i sDrive M 스포츠,17490,False,False
mf-012.md-005.sm-g70.pw-가솔린-3-0.tr-740i-sdrive-m-스포츠-인디비주얼,BMW,012,수입,7시리즈,005,7시리즈 G70,G70,22~현재,encar,가솔린,3.0,False,,5,,,740i sDrive M 스포츠 인디비주얼,18500,False,False
mf-012.md-005.sm-g70.pw-하이브리드-3-0-xdrive.tr-750e-m-스포츠,BMW,012,수입,7시리즈,005,7시리즈 G70,G70,22~현재,encar,하이브리드,3.0,False,xDrive,5,,,750e M 스포츠,20280,False,False
mf-012.md-005.sm-g70.pw-하이브리드-3-0-xdrive.tr-750e-디자인-퓨어-엑셀런스,BMW,012,수입,7시리즈,005,7시리즈 G70,G70,22~현재,encar,하이브리드,3.0,False,xDrive,5,,,750e 디자인 퓨어 엑셀런스,19980,False,False
mf-012.md-005.sm-g11-g12.pw-가솔린-3-0.tr-740i-디자인-퓨어-엑셀런스,BMW,012,수입,7시리즈,005,7시리즈 G11/G12,G11/G12,15~22,encar,가솔린,3.0,False,,5,,,740i 디자인 퓨어 엑셀런스,15900,False,False
mf-012.md-005.sm-g11-g12.pw-가솔린-3-0.tr-740i-m-스포츠,BMW,012,수입,7시리즈,005,7시리즈 G11/G12,G11/G12,15~22,encar,가솔린,3.0,False,,5,,,740i M 스포츠,17490,False,False
mf-012.md-005.sm-g11-g12.pw-디젤-3-0-xdrive.tr-730d,BMW,012,수입,7시리즈,005,7시리즈 G11/G12,G11/G12,15~22,encar,디젤,3.0,False,xDrive,5,,,730d,12000,False,False
mf-012.md-005.sm-g11-g12.pw-디젤-3-0-xdrive.tr-730d-m-스포츠,BMW,012,수입,7시리즈,005,7시리즈 G11/G12,G11/G12,15~22,encar,디젤,3.0,False,xDrive,5,,,730d M 스포츠,12700,False,False
mf-012.md-005.sm-g11-g12.pw-디젤-3-0-xdrive.tr-730ld,BMW,012,수입,7시리즈,005,7시리즈 G11/G12,G11/G12,15~22,encar,디젤,3.0,False,xDrive,5,,,730Ld,13500,False,False
mf-012.md-005.sm-g11-g12.pw-디젤-3-0-xdrive.tr-730ld-프리미엄,BMW,012,수입,7시리즈,005,7시리즈 G11/G12,G11/G12,15~22,encar,디젤,3.0,False,xDrive,5,,,730Ld 프리미엄,14000,False,False
mf-012.md-005.sm-g11-g12.pw-디젤-3-0-xdrive.tr-730ld-디자인-퓨어-엑셀런스,BMW,012,수입,7시리즈,005,7시리즈 G11/G12,G11/G12,15~22,encar,디젤,3.0,False,xDrive,5,,,730Ld 디자인 퓨어 엑셀런스,14800,False,False
mf-012.md-005.sm-g11-g12.pw-디젤-3-0-xdrive.tr-730ld-m-스포츠,BMW,012,수입,7시리즈,005,7시리즈 G11/G12,G11/G12,15~22,encar,디젤,3.0,False,xDrive,5,,,730Ld M 스포츠,15050,False,False
mf-012.md-005.sm-g11-g12.pw-디젤-3-0-xdrive.tr-740d-m-스포츠,BMW,012,수입,7시리즈,005,7시리즈 G11/G12,G11/G12,15~22,encar,디젤,3.0,False,xDrive,5,,,740d M 스포츠,14990,False,False
mf-012.md-005.sm-g11-g12.pw-디젤-3-0-xdrive.tr-740d-디자인-퓨어-엑셀런스,BMW,012,수입,7시리즈,005,7시리즈 G11/G12,G11/G12,15~22,encar,디젤,3.0,False,xDrive,5,,,740d 디자인 퓨어 엑셀런스,15720,False,False
mf-012.md-005.sm-g11-g12.pw-디젤-3-0-xdrive.tr-740ld,BMW,012,수입,7시리즈,005,7시리즈 G11/G12,G11/G12,15~22,encar,디젤,3.0,False,xDrive,5,,,740Ld,16000,False,False
mf-012.md-005.sm-g11-g12.pw-디젤-3-0-xdrive.tr-740ld-디자인-퓨어-엑셀런스,BMW,012,수입,7시리즈,005,7시리즈 G11/G12,G11/G12,15~22,encar,디젤,3.0,False,xDrive,5,,,740Ld 디자인 퓨어 엑셀런스,16800,False,False
mf-012.md-005.sm-g11-g12.pw-가솔린-3-0-xdrive.tr-740li,BMW,012,수입,7시리즈,005,7시리즈 G11/G12,G11/G12,15~22,encar,가솔린,3.0,False,xDrive,5,,,740Li,15500,False,False
mf-012.md-005.sm-g11-g12.pw-가솔린-3-0-xdrive.tr-740li-디자인-퓨어-엑셀런스,BMW,012,수입,7시리즈,005,7시리즈 G11/G12,G11/G12,15~22,encar,가솔린,3.0,False,xDrive,5,,,740Li 디자인 퓨어 엑셀런스,16000,False,False
mf-012.md-005.sm-g11-g12.pw-가솔린-3-0-xdrive.tr-740li-m-스포츠,BMW,012,수입,7시리즈,005,7시리즈 G11/G12,G11/G12,15~22,encar,가솔린,3.0,False,xDrive,5,,,740Li M 스포츠,16450,False,False
mf-012.md-005.sm-g11-g12.pw-디젤-3-0-xdrive.tr-730d-디자인-퓨어-엑셀런스,BMW,012,수입,7시리즈,005,7시리즈 G11/G12,G11/G12,15~22,encar,디젤,3.0,False,xDrive,,,,730d 디자인 퓨어 엑셀런스,12700,False,False
mf-012.md-005.sm-g11-g12.pw-가솔린-4-4-xdrive.tr-750li,BMW,012,수입,7시리즈,005,7시리즈 G11/G12,G11/G12,15~22,encar,가솔린,4.4,False,xDrive,5,,,750Li,19500,False,False
mf-012.md-005.sm-g11-g12.pw-가솔린-4-4-xdrive.tr-750li-프리미엄,BMW,012,수입,7시리즈,005,7시리즈 G11/G12,G11/G12,15~22,encar,가솔린,4.4,False,xDrive,5,,,750Li 프리미엄,19700,False,False
mf-012.md-005.sm-g11-g12.pw-가솔린-4-4-xdrive.tr-750li-비전-100-에디션,BMW,012,수입,7시리즈,005,7시리즈 G11/G12,G11/G12,15~22,encar,가솔린,4.4,False,xDrive,5,,,750Li 비전 100 에디션,20000,False,True
mf-012.md-005.sm-g11-g12.pw-하이브리드-3-0.tr-745e-iperformance-m-스포츠,BMW,012,수입,7시리즈,005,7시리즈 G11/G12,G11/G12,15~22,encar,하이브리드,3.0,False,,5,,,745e iPerformance M 스포츠,14500,False,False
mf-012.md-005.sm-g11-g12.pw-하이브리드-3-0.tr-745e-iperformance-디자인-퓨어-엑셀런스,BMW,012,수입,7시리즈,005,7시리즈 G11/G12,G11/G12,15~22,encar,하이브리드,3.0,False,,5,,,745e iPerformance 디자인 퓨어 엑셀런스,15000,False,False
mf-012.md-005.sm-g11-g12.pw-하이브리드-3-0.tr-745le-iperformance-디자인-퓨어-엑셀런스,BMW,012,수입,7시리즈,005,7시리즈 G11/G12,G11/G12,15~22,encar,하이브리드,3.0,False,,5,,,745Le iPerformance 디자인 퓨어 엑셀런스,16000,False,False
mf-012.md-005.sm-g11-g12.pw-가솔린-4-4-xdrive.tr-750li-프레스티지,BMW,012,수입,7시리즈,005,7시리즈 G11/G12,G11/G12,15~22,encar,가솔린,4.4,False,xDrive,4,,,750Li 프레스티지,19850,False,False
mf-012.md-005.sm-g11-g12.pw-가솔린-6-6-xdrive.tr-m760li,BMW,012,수입,7시리즈,005,7시리즈 G11/G12,G11/G12,15~22,encar,가솔린,6.6,False,xDrive,5,,,M760Li,23220,False,False
mf-012.md-005.sm-g11-g12.pw-가솔린-6-6-xdrive.tr-m760li-xdrive-v12-excellence,BMW,012,수입,7시리즈,005,7시리즈 G11/G12,G11/G12,15~22,encar,가솔린,6.6,False,xDrive,5,,,M760Li xDrive V12 Excellence,25000,False,False
mf-012.md-005.sm-g11-g12.pw-하이브리드-2-0.tr-740e-iperformance-m-스포츠,BMW,012,수입,7시리즈,005,7시리즈 G11/G12,G11/G12,15~22,encar,하이브리드,2.0,False,,5,,,740e iPerformance M 스포츠,13500,False,False
mf-012.md-005.sm-f01-f02.pw-디젤-3-0-xdrive.tr-730d,BMW,012,수입,7시리즈,005,7시리즈 F01/F02,F01/F02,08~15,encar,디젤,3.0,False,xDrive,5,,,730d,12000,False,False
mf-012.md-005.sm-f01-f02.pw-디젤-3-0-xdrive.tr-740d,BMW,012,수입,7시리즈,005,7시리즈 F01/F02,F01/F02,08~15,encar,디젤,3.0,False,xDrive,5,,,740d,14990,False,False
mf-012.md-005.sm-f01-f02.pw-디젤-3-0-xdrive.tr-740d-인디비주얼,BMW,012,수입,7시리즈,005,7시리즈 F01/F02,F01/F02,08~15,encar,디젤,3.0,False,xDrive,5,,,740d 인디비주얼,16500,False,False
mf-012.md-005.sm-f01-f02.pw-디젤-3-0-xdrive.tr-750ld-인디비주얼,BMW,012,수입,7시리즈,005,7시리즈 F01/F02,F01/F02,08~15,encar,디젤,3.0,False,xDrive,5,,,750Ld 인디비주얼,21500,False,False
mf-012.md-005.sm-f01-f02.pw-디젤-3-0.tr-730d,BMW,012,수입,7시리즈,005,7시리즈 F01/F02,F01/F02,08~15,encar,디젤,3.0,False,,5,,,730d,12000,False,False
mf-012.md-005.sm-f01-f02.pw-디젤-3-0.tr-730ld,BMW,012,수입,7시리즈,005,7시리즈 F01/F02,F01/F02,08~15,encar,디젤,3.0,False,,5,,,730Ld,13500,False,False
mf-012.md-005.sm-f01-f02.pw-디젤-3-0.tr-730ld-인디비주얼,BMW,012,수입,7시리즈,005,7시리즈 F01/F02,F01/F02,08~15,encar,디젤,3.0,False,,5,,,730Ld 인디비주얼,16000,False,False
mf-012.md-005.sm-f01-f02.pw-가솔린-4-4.tr-750li,BMW,012,수입,7시리즈,005,7시리즈 F01/F02,F01/F02,08~15,encar,가솔린,4.4,False,,4,,,750Li,19500,False,False
mf-012.md-005.sm-f01-f02.pw-가솔린-4-4.tr-750li-m-스포츠,BMW,012,수입,7시리즈,005,7시리즈 F01/F02,F01/F02,08~15,encar,가솔린,4.4,False,,4,,,750Li M 스포츠,19800,False,False
mf-012.md-005.sm-f01-f02.pw-가솔린-3-0.tr-740i,BMW,012,수입,7시리즈,005,7시리즈 F01/F02,F01/F02,08~15,encar,가솔린,3.0,False,,5,,,740i,14990,False,False
mf-012.md-005.sm-f01-f02.pw-가솔린-3-0.tr-740i-m-스포츠,BMW,012,수입,7시리즈,005,7시리즈 F01/F02,F01/F02,08~15,encar,가솔린,3.0,False,,5,,,740i M 스포츠,17490,False,False
mf-012.md-005.sm-f01-f02.pw-가솔린-3-0.tr-740li-m-스포츠,BMW,012,수입,7시리즈,005,7시리즈 F01/F02,F01/F02,08~15,encar,가솔린,3.0,False,,5,,,740Li M 스포츠,16450,False,False
mf-012.md-005.sm-f01-f02.pw-가솔린-3-0.tr-740li-인디비주얼,BMW,012,수입,7시리즈,005,7시리즈 F01/F02,F01/F02,08~15,encar,가솔린,3.0,False,,5,,,740Li 인디비주얼,17500,False,False
mf-012.md-005.sm-f01-f02.pw-가솔린-3-0.tr-740li,BMW,012,수입,7시리즈,005,7시리즈 F01/F02,F01/F02,08~15,encar,가솔린,3.0,False,,4,,,740Li,15500,False,False
mf-012.md-005.sm-f01-f02.pw-가솔린-4-4-xdrive.tr-750li,BMW,012,수입,7시리즈,005,7시리즈 F01/F02,F01/F02,08~15,encar,가솔린,4.4,False,xDrive,5,,,750Li,19500,False,False
mf-012.md-005.sm-f01-f02.pw-가솔린-4-4-xdrive.tr-750li-인디비주얼,BMW,012,수입,7시리즈,005,7시리즈 F01/F02,F01/F02,08~15,encar,가솔린,4.4,False,xDrive,5,,,750Li 인디비주얼,21000,False,False
mf-012.md-005.sm-f01-f02.pw-가솔린-6-0.tr-760li-인디비주얼,BMW,012,수입,7시리즈,005,7시리즈 F01/F02,F01/F02,08~15,encar,가솔린,6.0,False,,4,,,760Li 인디비주얼,23500,False,False
mf-012.md-005.sm-e65-e66.pw-가솔린-6-0.tr-760li,BMW,012,수입,7시리즈,005,7시리즈 E65/E66,E65/E66,02~08,encar,가솔린,6.0,False,,5,,,760Li,22000,False,False
mf-012.md-005.sm-e65-e66.pw-가솔린-3-6.tr-735i,BMW,012,수입,7시리즈,005,7시리즈 E65/E66,E65/E66,02~08,encar,가솔린,3.6,False,,5,,,735i,13800,False,False
mf-012.md-005.sm-e65-e66.pw-가솔린-4-4.tr-745li,BMW,012,수입,7시리즈,005,7시리즈 E65/E66,E65/E66,02~08,encar,가솔린,4.4,False,,5,,,745Li,16500,False,False
mf-012.md-005.sm-e65-e66.pw-가솔린-4-4.tr-alpina-b7,BMW,012,수입,7시리즈,005,7시리즈 E65/E66,E65/E66,02~08,encar,가솔린,4.4,False,,5,,,ALPINA B7,24000,False,True
mf-012.md-005.sm-e65-e66.pw-가솔린-3-6.tr-735li,BMW,012,수입,7시리즈,005,7시리즈 E65/E66,E65/E66,02~08,encar,가솔린,3.6,False,,,,,735Li,14500,False,False
mf-012.md-005.sm-e65-e66.pw-가솔린-4-0.tr-740i,BMW,012,수입,7시리즈,005,7시리즈 E65/E66,E65/E66,02~08,encar,가솔린,4.0,False,,5,,,740i,14990,False,False
mf-012.md-005.sm-e65-e66.pw-가솔린-4-0.tr-740li,BMW,012,수입,7시리즈,005,7시리즈 E65/E66,E65/E66,02~08,encar,가솔린,4.0,False,,5,,,740Li,15500,False,False
mf-012.md-005.sm-e65-e66.pw-가솔린-4-8.tr-750li,BMW,012,수입,7시리즈,005,7시리즈 E65/E66,E65/E66,02~08,encar,가솔린,4.8,False,,5,,,750Li,19500,False,False
mf-012.md-005.sm-e65-e66.pw-가솔린-3-0.tr-730li,BMW,012,수입,7시리즈,005,7시리즈 E65/E66,E65/E66,02~08,encar,가솔린,3.0,False,,5,,,730Li,11500,False,False
mf-012.md-005.sm-e23-e32-e38.pw-가솔린-2-8.tr-세대코드-트림명-아님-삭제-권장,BMW,012,수입,7시리즈,005,7시리즈 E23/E32/E38,E23/E32/E38,77~01,encar,가솔린,2.8,False,,5,,,"(세대코드 - 트림명 아님, 삭제 권장)",0,False,False
mf-012.md-005.sm-e23-e32-e38.pw-가솔린-4-4.tr-세대코드-트림명-아님-삭제-권장,BMW,012,수입,7시리즈,005,7시리즈 E23/E32/E38,E23/E32/E38,77~01,encar,가솔린,4.4,False,,5,,,"(세대코드 - 트림명 아님, 삭제 권장)",0,False,False
mf-012.md-005.sm-e23-e32-e38.pw-가솔린-4-4.tr-세대코드-트림명-아님-삭제-권장,BMW,012,수입,7시리즈,005,7시리즈 E23/E32/E38,E23/E32/E38,77~01,encar,가솔린,4.4,False,,5,,,"(세대코드 - 트림명 아님, 삭제 권장)",0,False,False
mf-012.md-005.sm-e23-e32-e38.pw-가솔린-3-5.tr-세대코드-트림명-아님-삭제-권장,BMW,012,수입,7시리즈,005,7시리즈 E23/E32/E38,E23/E32/E38,77~01,encar,가솔린,3.5,False,,5,,,"(세대코드 - 트림명 아님, 삭제 권장)",0,False,False
mf-012.md-005.sm-e23-e32-e38.pw-가솔린-5-4.tr-세대코드-트림명-아님-삭제-권장,BMW,012,수입,7시리즈,005,7시리즈 E23/E32/E38,E23/E32/E38,77~01,encar,가솔린,5.4,False,,5,,,"(세대코드 - 트림명 아님, 삭제 권장)",0,False,False
mf-012.md-008.sm-g05.pw-가솔린-3-0-xdrive.tr-40i-m-스포츠,BMW,012,수입,X5,008,X5 G05,G05,19~현재,encar,가솔린,3.0,False,xDrive,5,,,40i M 스포츠,13050,False,False
mf-012.md-008.sm-g05.pw-가솔린-3-0-xdrive.tr-40i-m-sport-pro-special-edition,BMW,012,수입,X5,008,X5 G05,G05,19~현재,encar,가솔린,3.0,False,xDrive,5,,,40i M Sport Pro Special Edition,13400,False,True
mf-012.md-008.sm-g05.pw-디젤-3-0-xdrive.tr-30d-xline,BMW,012,수입,X5,008,X5 G05,G05,19~현재,encar,디젤,3.0,False,xDrive,7,,,30d xLine,11110,False,False
mf-012.md-008.sm-g05.pw-디젤-3-0-xdrive.tr-30d-m-스포츠,BMW,012,수입,X5,008,X5 G05,G05,19~현재,encar,디젤,3.0,False,xDrive,5,,,30d M 스포츠,12540,False,False
mf-012.md-008.sm-g05.pw-하이브리드-3-0-xdrive.tr-45e-xline,BMW,012,수입,X5,008,X5 G05,G05,19~현재,encar,하이브리드,3.0,False,xDrive,5,,,45e xLine,11800,False,False
mf-012.md-008.sm-g05.pw-하이브리드-3-0-xdrive.tr-45e-m-스포츠,BMW,012,수입,X5,008,X5 G05,G05,19~현재,encar,하이브리드,3.0,False,xDrive,5,,,45e M 스포츠,12500,False,False
mf-012.md-008.sm-g05.pw-하이브리드-3-0-xdrive.tr-50e-xline,BMW,012,수입,X5,008,X5 G05,G05,19~현재,encar,하이브리드,3.0,False,xDrive,5,,,50e xLine,12820,False,False
mf-012.md-008.sm-g05.pw-하이브리드-3-0-xdrive.tr-50e-m-스포츠,BMW,012,수입,X5,008,X5 G05,G05,19~현재,encar,하이브리드,3.0,False,xDrive,5,,,50e M 스포츠,13520,False,False
mf-012.md-008.sm-g05.pw-가솔린-3-0-xdrive.tr-40i-xline,BMW,012,수입,X5,008,X5 G05,G05,19~현재,encar,가솔린,3.0,False,xDrive,7,,,40i xLine,12380,False,False
mf-012.md-008.sm-g05.pw-가솔린-4-4.tr-m50i,BMW,012,수입,X5,008,X5 G05,G05,19~현재,encar,가솔린,4.4,False,,5,,,M50i,15660,False,False
mf-012.md-008.sm-g05.pw-디젤-3-0-xdrive.tr-40d-m-sport-online-exclusive-edition,BMW,012,수입,X5,008,X5 G05,G05,19~현재,encar,디젤,3.0,False,xDrive,,,,40d M Sport Online Exclusive Edition,13500,False,True
mf-012.md-008.sm-g05.pw-디젤-3-0.tr-m50d-first-edition,BMW,012,수입,X5,008,X5 G05,G05,19~현재,encar,디젤,3.0,False,,5,,,M50d First Edition,15000,False,True
mf-012.md-008.sm-f15.pw-디젤-3-0-xdrive.tr-30d,BMW,012,수입,X5,008,X5 F15,F15,13~18,encar,디젤,3.0,False,xDrive,5,,,30d,11000,False,False
mf-012.md-008.sm-f15.pw-디젤-3-0-xdrive.tr-30d-m-스포츠,BMW,012,수입,X5,008,X5 F15,F15,13~18,encar,디젤,3.0,False,xDrive,5,,,30d M 스포츠,12540,False,False
mf-012.md-008.sm-f15.pw-디젤-3-0-xdrive.tr-30d-vision-100-edition,BMW,012,수입,X5,008,X5 F15,F15,13~18,encar,디젤,3.0,False,xDrive,5,,,30d Vision 100 Edition,12800,False,True
mf-012.md-008.sm-f15.pw-디젤-3-0-xdrive.tr-40d,BMW,012,수입,X5,008,X5 F15,F15,13~18,encar,디젤,3.0,False,xDrive,5,,,40d,13000,False,False
mf-012.md-008.sm-f15.pw-디젤-3-0-xdrive.tr-40d-black-white,BMW,012,수입,X5,008,X5 F15,F15,13~18,encar,디젤,3.0,False,xDrive,5,,,40d Black & White,13300,False,True
mf-012.md-008.sm-f15.pw-디젤-3-0-xdrive.tr-m50d,BMW,012,수입,X5,008,X5 F15,F15,13~18,encar,디젤,3.0,False,xDrive,5,,,M50d,14500,False,False
mf-012.md-008.sm-f15.pw-하이브리드-2-0-xdrive.tr-xdrive40e-iperformance,BMW,012,수입,X5,008,X5 F15,F15,13~18,encar,하이브리드,2.0,False,xDrive,5,,,xDrive40e iPerformance,10500,False,False
mf-012.md-008.sm-f15.pw-가솔린-3-0-xdrive.tr-35i,BMW,012,수입,X5,008,X5 F15,F15,13~18,encar,가솔린,3.0,False,xDrive,,,,35i,9500,False,False
mf-012.md-008.sm-f15.pw-가솔린-4-4-xdrive.tr-50i,BMW,012,수입,X5,008,X5 F15,F15,13~18,encar,가솔린,4.4,False,xDrive,,,,50i,12000,False,False
mf-012.md-008.sm-e70.pw-디젤-3-0-xdrive.tr-30d,BMW,012,수입,X5,008,X5 E70,E70,07~13,encar,디젤,3.0,False,xDrive,5,,,30d,11000,False,False
mf-012.md-008.sm-e70.pw-디젤-3-0-xdrive.tr-40d,BMW,012,수입,X5,008,X5 E70,E70,07~13,encar,디젤,3.0,False,xDrive,5,,,40d,13000,False,False
mf-012.md-008.sm-e70.pw-가솔린-3-0-xdrive.tr-30i,BMW,012,수입,X5,008,X5 E70,E70,07~13,encar,가솔린,3.0,False,xDrive,7,,,30i,7500,False,False
mf-012.md-008.sm-e70.pw-가솔린-3-0-xdrive.tr-30si,BMW,012,수입,X5,008,X5 E70,E70,07~13,encar,가솔린,3.0,False,xDrive,5,,,30si,8000,False,False
mf-012.md-008.sm-e70.pw-가솔린-3-0-xdrive.tr-35i,BMW,012,수입,X5,008,X5 E70,E70,07~13,encar,가솔린,3.0,False,xDrive,5,,,35i,9500,False,False
mf-012.md-008.sm-e70.pw-가솔린-4-8-xdrive.tr-48i,BMW,012,수입,X5,008,X5 E70,E70,07~13,encar,가솔린,4.8,False,xDrive,5,,,48i,11500,False,False
mf-012.md-008.sm-e70.pw-가솔린-4-4-xdrive.tr-50i,BMW,012,수입,X5,008,X5 E70,E70,07~13,encar,가솔린,4.4,False,xDrive,5,,,50i,12000,False,False
mf-012.md-008.sm-e53.pw-가솔린-3-0.tr-3-0i,BMW,012,수입,X5,008,X5 E53,E53,00~06,encar,가솔린,3.0,False,,5,,,3.0i,7500,False,False
mf-012.md-008.sm-e53.pw-가솔린-4-4.tr-4-4i,BMW,012,수입,X5,008,X5 E53,E53,00~06,encar,가솔린,4.4,False,,5,,,4.4i,11000,False,False
mf-012.md-015.sm-g32.pw-디젤-2-0.tr-620d-럭셔리,BMW,012,수입,그란투리스모 (GT),015,6시리즈 GT G32,G32,17~현재,encar,디젤,2.0,False,,5,,,620d 럭셔리,8650,False,False
mf-012.md-015.sm-g32.pw-디젤-2-0.tr-620d-m-스포츠,BMW,012,수입,그란투리스모 (GT),015,6시리즈 GT G32,G32,17~현재,encar,디젤,2.0,False,,5,,,620d M 스포츠,8960,False,False
mf-012.md-015.sm-g32.pw-가솔린-3-0-xdrive.tr-630i-럭셔리,BMW,012,수입,그란투리스모 (GT),015,6시리즈 GT G32,G32,17~현재,encar,가솔린,3.0,False,xDrive,5,,,630i 럭셔리,9550,False,False
mf-012.md-015.sm-g32.pw-가솔린-3-0-xdrive.tr-630i-월드-프리미어-에디션,BMW,012,수입,그란투리스모 (GT),015,6시리즈 GT G32,G32,17~현재,encar,가솔린,3.0,False,xDrive,5,,,630i 월드 프리미어 에디션,9800,False,True
mf-012.md-015.sm-g32.pw-가솔린-3-0-xdrive.tr-630i-m-스포츠,BMW,012,수입,그란투리스모 (GT),015,6시리즈 GT G32,G32,17~현재,encar,가솔린,3.0,False,xDrive,5,,,630i M 스포츠,10050,False,False
mf-012.md-015.sm-g32.pw-가솔린-3-0-xdrive.tr-640i-럭셔리,BMW,012,수입,그란투리스모 (GT),015,6시리즈 GT G32,G32,17~현재,encar,가솔린,3.0,False,xDrive,5,,,640i 럭셔리,11050,False,False
mf-012.md-015.sm-g32.pw-가솔린-3-0-xdrive.tr-640i-m-스포츠,BMW,012,수입,그란투리스모 (GT),015,6시리즈 GT G32,G32,17~현재,encar,가솔린,3.0,False,xDrive,5,,,640i M 스포츠,11550,False,False
mf-012.md-015.sm-g32.pw-디젤-2-0-xdrive.tr-620d-럭셔리,BMW,012,수입,그란투리스모 (GT),015,6시리즈 GT G32,G32,17~현재,encar,디젤,2.0,False,xDrive,5,,,620d 럭셔리,8650,False,False
mf-012.md-015.sm-g32.pw-디젤-2-0-xdrive.tr-620d-m-스포츠,BMW,012,수입,그란투리스모 (GT),015,6시리즈 GT G32,G32,17~현재,encar,디젤,2.0,False,xDrive,5,,,620d M 스포츠,8960,False,False
mf-012.md-015.sm-g32.pw-디젤-3-0-xdrive.tr-630d-럭셔리,BMW,012,수입,그란투리스모 (GT),015,6시리즈 GT G32,G32,17~현재,encar,디젤,3.0,False,xDrive,5,,,630d 럭셔리,9200,False,False
mf-012.md-015.sm-g32.pw-디젤-3-0-xdrive.tr-630d-m-스포츠,BMW,012,수입,그란투리스모 (GT),015,6시리즈 GT G32,G32,17~현재,encar,디젤,3.0,False,xDrive,5,,,630d M 스포츠,9500,False,False
mf-012.md-015.sm-f34.pw-디젤-2-0-xdrive.tr-gt-320d,BMW,012,수입,그란투리스모 (GT),015,3시리즈 GT F34,F34,13~21,encar,디젤,2.0,False,xDrive,5,,,GT 320d,4790,False,False
mf-012.md-015.sm-f34.pw-디젤-2-0-xdrive.tr-320d-gt-m-스포츠-프리미엄,BMW,012,수입,그란투리스모 (GT),015,3시리즈 GT F34,F34,13~21,encar,디젤,2.0,False,xDrive,5,,,320d GT M 스포츠 프리미엄,5200,False,False
mf-012.md-015.sm-f34.pw-디젤-2-0-xdrive.tr-gt-320d-스포츠,BMW,012,수입,그란투리스모 (GT),015,3시리즈 GT F34,F34,13~21,encar,디젤,2.0,False,xDrive,5,,,GT 320d 스포츠,5000,False,False
mf-012.md-015.sm-f34.pw-디젤-2-0-xdrive.tr-gt-320d-프리미엄,BMW,012,수입,그란투리스모 (GT),015,3시리즈 GT F34,F34,13~21,encar,디젤,2.0,False,xDrive,5,,,GT 320d 프리미엄,6040,False,False
mf-012.md-015.sm-f34.pw-디젤-2-0.tr-gt-320d,BMW,012,수입,그란투리스모 (GT),015,3시리즈 GT F34,F34,13~21,encar,디젤,2.0,False,,5,,,GT 320d,4790,False,False
mf-012.md-015.sm-f34.pw-디젤-2-0.tr-320d-gt-m-스포츠-프리미엄,BMW,012,수입,그란투리스모 (GT),015,3시리즈 GT F34,F34,13~21,encar,디젤,2.0,False,,5,,,320d GT M 스포츠 프리미엄,5200,False,False
mf-012.md-015.sm-f34.pw-디젤-2-0.tr-gt-320d-럭셔리,BMW,012,수입,그란투리스모 (GT),015,3시리즈 GT F34,F34,13~21,encar,디젤,2.0,False,,5,,,GT 320d 럭셔리,5300,False,False
mf-012.md-015.sm-f34.pw-디젤-2-0.tr-gt-320d-프리미엄,BMW,012,수입,그란투리스모 (GT),015,3시리즈 GT F34,F34,13~21,encar,디젤,2.0,False,,5,,,GT 320d 프리미엄,6040,False,False
mf-012.md-015.sm-f34.pw-가솔린-2-0-xdrive.tr-gt-320i,BMW,012,수입,그란투리스모 (GT),015,3시리즈 GT F34,F34,13~21,encar,가솔린,2.0,False,xDrive,5,,,GT 320i,5500,False,False
mf-012.md-015.sm-f07.pw-디젤-2-0.tr-gt-ed-edition,BMW,012,수입,그란투리스모 (GT),015,5시리즈 GT F07,F07,10~17,encar,디젤,2.0,False,,5,,,GT ED Edition,7190,False,True
mf-012.md-015.sm-f07.pw-디젤-3-0-xdrive.tr-530d-gt,BMW,012,수입,그란투리스모 (GT),015,5시리즈 GT F07,F07,10~17,encar,디젤,3.0,False,xDrive,5,,,530d GT,8100,False,False
mf-012.md-015.sm-f07.pw-디젤-3-0-xdrive.tr-530d-gt-익스클루시브,BMW,012,수입,그란투리스모 (GT),015,5시리즈 GT F07,F07,10~17,encar,디젤,3.0,False,xDrive,5,,,530d GT 익스클루시브,8490,False,False
mf-012.md-015.sm-f07.pw-디젤-3-0.tr-530d-gt,BMW,012,수입,그란투리스모 (GT),015,5시리즈 GT F07,F07,10~17,encar,디젤,3.0,False,,5,,,530d GT,8100,False,False
mf-012.md-015.sm-f07.pw-가솔린-3-0.tr-gt,BMW,012,수입,그란투리스모 (GT),015,5시리즈 GT F07,F07,10~17,encar,가솔린,3.0,False,,5,,,GT,7190,False,False
mf-012.md-015.sm-f07.pw-가솔린-3-0.tr-gt-익스클루시브,BMW,012,수입,그란투리스모 (GT),015,5시리즈 GT F07,F07,10~17,encar,가솔린,3.0,False,,5,,,GT 익스클루시브,8490,False,False
mf-012.md-015.sm-f07.pw-가솔린-4-4-xdrive.tr-550i-gt,BMW,012,수입,그란투리스모 (GT),015,5시리즈 GT F07,F07,10~17,encar,가솔린,4.4,False,xDrive,5,,,550i GT,9500,False,False
mf-012.md-015.sm-f07.pw-가솔린-3-0-xdrive.tr-gt,BMW,012,수입,그란투리스모 (GT),015,5시리즈 GT F07,F07,10~17,encar,가솔린,3.0,False,xDrive,5,,,GT,7190,False,False
mf-012.md-015.sm-f07.pw-가솔린-3-0-xdrive.tr-gt-익스클루시브,BMW,012,수입,그란투리스모 (GT),015,5시리즈 GT F07,F07,10~17,encar,가솔린,3.0,False,xDrive,5,,,GT 익스클루시브,8490,False,False
mf-012.md-011.sm-g06.pw-디젤-3-0-xdrive.tr-30d-xline,BMW,012,수입,X6,011,X6 G06,G06,20~현재,encar,디젤,3.0,False,xDrive,5,,,30d xLine,11800,False,False
mf-012.md-011.sm-g06.pw-디젤-3-0-xdrive.tr-30d-m-스포츠,BMW,012,수입,X6,011,X6 G06,G06,20~현재,encar,디젤,3.0,False,xDrive,5,,,30d M 스포츠,12650,False,False
mf-012.md-011.sm-g06.pw-디젤-3-0-xdrive.tr-40d-m-스포츠-온라인-익스클루시브,BMW,012,수입,X6,011,X6 G06,G06,20~현재,encar,디젤,3.0,False,xDrive,5,,,40d M 스포츠 온라인 익스클루시브,13810,False,True
mf-012.md-011.sm-g06.pw-가솔린-3-0-xdrive.tr-40i-m-스포츠,BMW,012,수입,X6,011,X6 G06,G06,20~현재,encar,가솔린,3.0,False,xDrive,5,,,40i M 스포츠,13060,False,False
mf-012.md-011.sm-g06.pw-가솔린-3-0-xdrive.tr-40i-m-스포츠-온라인-익스클루시브,BMW,012,수입,X6,011,X6 G06,G06,20~현재,encar,가솔린,3.0,False,xDrive,5,,,40i M 스포츠 온라인 익스클루시브,13600,False,True
mf-012.md-011.sm-g06.pw-가솔린-4-4.tr-m50i,BMW,012,수입,X6,011,X6 G06,G06,20~현재,encar,가솔린,4.4,False,,5,,,M50i,15200,False,False
mf-012.md-011.sm-g06.pw-가솔린-4-4.tr-m50i-25주년-에디션,BMW,012,수입,X6,011,X6 G06,G06,20~현재,encar,가솔린,4.4,False,,5,,,M50i 25주년 에디션,15800,False,True
mf-012.md-011.sm-g06.pw-가솔린-4-4.tr-m60i,BMW,012,수입,X6,011,X6 G06,G06,20~현재,encar,가솔린,4.4,False,,5,,,M60i,16320,False,False
mf-012.md-011.sm-g06.pw-디젤-3-0.tr-m50d,BMW,012,수입,X6,011,X6 G06,G06,20~현재,encar,디젤,3.0,False,,5,,,M50d,15500,False,False
mf-012.md-011.sm-f16.pw-디젤-3-0-xdrive.tr-30d,BMW,012,수입,X6,011,X6 F16,F16,14~19,encar,디젤,3.0,False,xDrive,5,,,30d,11500,False,False
mf-012.md-011.sm-f16.pw-디젤-3-0-xdrive.tr-40d,BMW,012,수입,X6,011,X6 F16,F16,14~19,encar,디젤,3.0,False,xDrive,5,,,40d,13000,False,False
mf-012.md-011.sm-f16.pw-디젤-3-0-xdrive.tr-40d-m-스포츠,BMW,012,수입,X6,011,X6 F16,F16,14~19,encar,디젤,3.0,False,xDrive,5,,,40d M 스포츠,13330,False,False
mf-012.md-011.sm-f16.pw-디젤-3-0.tr-m50d,BMW,012,수입,X6,011,X6 F16,F16,14~19,encar,디젤,3.0,False,,5,,,M50d,15500,False,False
mf-012.md-011.sm-e71.pw-디젤-3-0.tr-40d,BMW,012,수입,X6,011,X6 E71,E71,08~14,encar,디젤,3.0,False,,5,,,40d,13000,False,False
mf-012.md-011.sm-e71.pw-디젤-3-0.tr-m50d,BMW,012,수입,X6,011,X6 E71,E71,08~14,encar,디젤,3.0,False,,5,,,M50d,15500,False,False
mf-012.md-011.sm-e71.pw-디젤-3-0.tr-30d,BMW,012,수입,X6,011,X6 E71,E71,08~14,encar,디젤,3.0,False,,4,,,30d,11500,False,False
mf-012.md-011.sm-e71.pw-가솔린-4-4.tr-50i,BMW,012,수입,X6,011,X6 E71,E71,08~14,encar,가솔린,4.4,False,,5,,,50i,14500,False,False
mf-012.md-011.sm-e71.pw-가솔린-3-0.tr-35i,BMW,012,수입,X6,011,X6 E71,E71,08~14,encar,가솔린,3.0,False,,5,,,35i,11000,False,False
mf-012.md-007.sm-g45.pw-가솔린-2-0-xdrive.tr-20,BMW,012,수입,X3,007,X3 G45,G45,24~현재,encar,가솔린,2.0,False,xDrive,5,,,20,6890,False,False
mf-012.md-007.sm-g45.pw-가솔린-2-0-xdrive.tr-20-m-스포츠,BMW,012,수입,X3,007,X3 G45,G45,24~현재,encar,가솔린,2.0,False,xDrive,5,,,20 M 스포츠,7350,False,False
mf-012.md-007.sm-g45.pw-가솔린-2-0-xdrive.tr-20-m-스포츠-프로,BMW,012,수입,X3,007,X3 G45,G45,24~현재,encar,가솔린,2.0,False,xDrive,5,,,20 M 스포츠 프로,7890,False,False
mf-012.md-007.sm-g45.pw-가솔린-2-0-xdrive.tr-30-m-스포츠-프로,BMW,012,수입,X3,007,X3 G45,G45,24~현재,encar,가솔린,2.0,False,xDrive,5,,,30 M 스포츠 프로,9200,False,False
mf-012.md-007.sm-g45.pw-가솔린-3-0.tr-m50-프로,BMW,012,수입,X3,007,X3 G45,G45,24~현재,encar,가솔린,3.0,False,,5,,,M50 프로,10150,False,False
mf-012.md-007.sm-g45.pw-디젤-2-0-xdrive.tr-20d,BMW,012,수입,X3,007,X3 G45,G45,24~현재,encar,디젤,2.0,False,xDrive,5,,,20d,7150,False,False
mf-012.md-007.sm-g45.pw-디젤-2-0-xdrive.tr-20d-m-스포츠,BMW,012,수입,X3,007,X3 G45,G45,24~현재,encar,디젤,2.0,False,xDrive,5,,,20d M 스포츠,7850,False,False
mf-012.md-007.sm-g01.pw-디젤-2-0-xdrive.tr-20d,BMW,012,수입,X3,007,X3 G01,G01,17~24,encar,디젤,2.0,False,xDrive,5,,,20d,7150,False,False
mf-012.md-007.sm-g01.pw-디젤-2-0-xdrive.tr-20d-m-스포츠,BMW,012,수입,X3,007,X3 G01,G01,17~24,encar,디젤,2.0,False,xDrive,5,,,20d M 스포츠,7850,False,False
mf-012.md-007.sm-g01.pw-디젤-2-0-xdrive.tr-20d-m-스포츠-프로,BMW,012,수입,X3,007,X3 G01,G01,17~24,encar,디젤,2.0,False,xDrive,5,,,20d M 스포츠 프로,8150,False,False
mf-012.md-007.sm-g01.pw-가솔린-2-0-xdrive.tr-20i,BMW,012,수입,X3,007,X3 G01,G01,17~24,encar,가솔린,2.0,False,xDrive,5,,,20i,6890,False,False
mf-012.md-007.sm-g01.pw-가솔린-2-0-xdrive.tr-20i-럭셔리,BMW,012,수입,X3,007,X3 G01,G01,17~24,encar,가솔린,2.0,False,xDrive,5,,,20i 럭셔리,7350,False,False
mf-012.md-007.sm-g01.pw-가솔린-2-0-xdrive.tr-20i-m-스포츠,BMW,012,수입,X3,007,X3 G01,G01,17~24,encar,가솔린,2.0,False,xDrive,5,,,20i M 스포츠,7350,False,False
mf-012.md-007.sm-g01.pw-가솔린-2-0-xdrive.tr-20i-m-스포츠-온라인-익스클루시브-에디션,BMW,012,수입,X3,007,X3 G01,G01,17~24,encar,가솔린,2.0,False,xDrive,5,,,20i M 스포츠 온라인 익스클루시브 에디션,7700,False,True
mf-012.md-007.sm-g01.pw-가솔린-2-0-xdrive.tr-20i-m-스포츠-프로,BMW,012,수입,X3,007,X3 G01,G01,17~24,encar,가솔린,2.0,False,xDrive,5,,,20i M 스포츠 프로,7890,False,False
mf-012.md-007.sm-g01.pw-디젤-3-0-xdrive.tr-30d,BMW,012,수입,X3,007,X3 G01,G01,17~24,encar,디젤,3.0,False,xDrive,5,,,30d,8400,False,False
mf-012.md-007.sm-g01.pw-디젤-3-0-xdrive.tr-30d-m-스포츠,BMW,012,수입,X3,007,X3 G01,G01,17~24,encar,디젤,3.0,False,xDrive,5,,,30d M 스포츠,8900,False,False
mf-012.md-007.sm-g01.pw-하이브리드-2-0-xdrive.tr-30e,BMW,012,수입,X3,007,X3 G01,G01,17~24,encar,하이브리드,2.0,False,xDrive,5,,,30e,8200,False,False
mf-012.md-007.sm-g01.pw-하이브리드-2-0-xdrive.tr-30e-m-스포츠,BMW,012,수입,X3,007,X3 G01,G01,17~24,encar,하이브리드,2.0,False,xDrive,5,,,30e M 스포츠,8600,False,False
mf-012.md-007.sm-g01.pw-하이브리드-2-0-xdrive.tr-30e-m-스포츠-온라인-익스클루시브-에디션,BMW,012,수입,X3,007,X3 G01,G01,17~24,encar,하이브리드,2.0,False,xDrive,5,,,30e M 스포츠 온라인 익스클루시브 에디션,8700,False,True
mf-012.md-007.sm-g01.pw-하이브리드-2-0-xdrive.tr-30e-m-스포츠-프로,BMW,012,수입,X3,007,X3 G01,G01,17~24,encar,하이브리드,2.0,False,xDrive,5,,,30e M 스포츠 프로,8900,False,False
mf-012.md-007.sm-g01.pw-가솔린-3-0-xdrive.tr-m40i,BMW,012,수입,X3,007,X3 G01,G01,17~24,encar,가솔린,3.0,False,xDrive,5,,,M40i,9500,False,False
mf-012.md-007.sm-f25.pw-디젤-2-0-xdrive.tr-20d,BMW,012,수입,X3,007,X3 F25,F25,11~17,encar,디젤,2.0,False,xDrive,5,,,20d,7150,False,False
mf-012.md-007.sm-f25.pw-디젤-2-0-xdrive.tr-20d-라이트-패키지,BMW,012,수입,X3,007,X3 F25,F25,11~17,encar,디젤,2.0,False,xDrive,5,,,20d 라이트 패키지,7250,False,False
mf-012.md-007.sm-f25.pw-디젤-2-0-xdrive.tr-20d-하이,BMW,012,수입,X3,007,X3 F25,F25,11~17,encar,디젤,2.0,False,xDrive,5,,,20d 하이,7400,False,False
mf-012.md-007.sm-f25.pw-디젤-2-0-xdrive.tr-20d-m-스포츠,BMW,012,수입,X3,007,X3 F25,F25,11~17,encar,디젤,2.0,False,xDrive,5,,,20d M 스포츠,7850,False,False
mf-012.md-007.sm-f25.pw-디젤-2-0-xdrive.tr-20d-m-에어로다이나믹,BMW,012,수입,X3,007,X3 F25,F25,11~17,encar,디젤,2.0,False,xDrive,5,,,20d M 에어로다이나믹,8300,False,False
mf-012.md-007.sm-f25.pw-디젤-3-0-xdrive.tr-30d-하이,BMW,012,수입,X3,007,X3 F25,F25,11~17,encar,디젤,3.0,False,xDrive,5,,,30d 하이,8600,False,False
mf-012.md-007.sm-f25.pw-디젤-3-0-xdrive.tr-35d-m-스포츠,BMW,012,수입,X3,007,X3 F25,F25,11~17,encar,디젤,3.0,False,xDrive,5,,,35d M 스포츠,9300,False,False
mf-012.md-007.sm-f25.pw-가솔린-2-0-xdrive.tr-28i,BMW,012,수입,X3,007,X3 F25,F25,11~17,encar,가솔린,2.0,False,xDrive,5,,,28i,7200,False,False
mf-012.md-007.sm-f25.pw-가솔린-3-0-xdrive.tr-35i,BMW,012,수입,X3,007,X3 F25,F25,11~17,encar,가솔린,3.0,False,xDrive,5,,,35i,8500,False,False
mf-012.md-007.sm-f25.pw-가솔린-2-0.tr-sdrive-28i,BMW,012,수입,X3,007,X3 F25,F25,11~17,encar,가솔린,2.0,False,,5,,,sDrive 28i,7100,False,False
mf-012.md-007.sm-e83.pw-디젤-2-0.tr-2-0d,BMW,012,수입,X3,007,X3 E83,E83,04~10,encar,디젤,2.0,False,,5,,,2.0d,6300,False,False
mf-012.md-007.sm-e83.pw-가솔린-2-5.tr-2-5i,BMW,012,수입,X3,007,X3 E83,E83,04~10,encar,가솔린,2.5,False,,5,,,2.5i,7000,False,False
mf-012.md-032.sm-g07.pw-가솔린-3-0-xdrive.tr-40i-m-스포츠,BMW,012,수입,X7,032,X7 G07,G07,19~현재,encar,가솔린,3.0,False,xDrive,6,,,40i M 스포츠,15480,False,False
mf-012.md-032.sm-g07.pw-가솔린-3-0-xdrive.tr-40i-디자인-퓨어-엑셀런스,BMW,012,수입,X7,032,X7 G07,G07,19~현재,encar,가솔린,3.0,False,xDrive,6,,,40i 디자인 퓨어 엑셀런스,15480,False,False
mf-012.md-032.sm-g07.pw-가솔린-3-0-xdrive.tr-40i-m-스포츠-온라인-익스클루시브-에디션,BMW,012,수입,X7,032,X7 G07,G07,19~현재,encar,가솔린,3.0,False,xDrive,6,,,40i M 스포츠 온라인 익스클루시브 에디션,16000,False,True
mf-012.md-032.sm-g07.pw-디젤-3-0-xdrive.tr-30d-디자인-퓨어-엑셀런스,BMW,012,수입,X7,032,X7 G07,G07,19~현재,encar,디젤,3.0,False,xDrive,7,,,30d 디자인 퓨어 엑셀런스,12300,False,False
mf-012.md-032.sm-g07.pw-디젤-3-0-xdrive.tr-30d-m-스포츠-퍼스트-에디션,BMW,012,수입,X7,032,X7 G07,G07,19~현재,encar,디젤,3.0,False,xDrive,7,,,30d M 스포츠 퍼스트 에디션,13000,False,True
mf-012.md-032.sm-g07.pw-디젤-3-0-xdrive.tr-40d-m-스포츠,BMW,012,수입,X7,032,X7 G07,G07,19~현재,encar,디젤,3.0,False,xDrive,7,,,40d M 스포츠,15300,False,False
mf-012.md-032.sm-g07.pw-디젤-3-0-xdrive.tr-40d-디자인-퓨어-엑셀런스,BMW,012,수입,X7,032,X7 G07,G07,19~현재,encar,디젤,3.0,False,xDrive,7,,,40d 디자인 퓨어 엑셀런스,15300,False,False
mf-012.md-032.sm-g07.pw-가솔린-3-0-xdrive.tr-40i-m-스포츠,BMW,012,수입,X7,032,X7 G07,G07,19~현재,encar,가솔린,3.0,False,xDrive,7,,,40i M 스포츠,15480,False,False
mf-012.md-032.sm-g07.pw-가솔린-3-0-xdrive.tr-40i-디자인-퓨어-엑셀런스,BMW,012,수입,X7,032,X7 G07,G07,19~현재,encar,가솔린,3.0,False,xDrive,7,,,40i 디자인 퓨어 엑셀런스,15480,False,False
mf-012.md-032.sm-g07.pw-가솔린-4-4-xdrive.tr-m60i-m-스포츠,BMW,012,수입,X7,032,X7 G07,G07,19~현재,encar,가솔린,4.4,False,xDrive,6,,,M60i M 스포츠,18500,False,False
mf-012.md-032.sm-g07.pw-가솔린-4-4.tr-m50i-xdrive-m50i,BMW,012,수입,X7,032,X7 G07,G07,19~현재,encar,가솔린,4.4,False,,6,,,M50i (xDrive M50i),16500,False,False
mf-012.md-032.sm-g07.pw-디젤-3-0-xdrive.tr-30d-m-스포츠,BMW,012,수입,X7,032,X7 G07,G07,19~현재,encar,디젤,3.0,False,xDrive,6,,,30d M 스포츠,12300,False,False
mf-012.md-032.sm-g07.pw-디젤-3-0-xdrive.tr-30d-디자인-퓨어-엑셀런스,BMW,012,수입,X7,032,X7 G07,G07,19~현재,encar,디젤,3.0,False,xDrive,6,,,30d 디자인 퓨어 엑셀런스,12300,False,False
mf-012.md-032.sm-g07.pw-디젤-3-0-xdrive.tr-30d-디자인-퓨어-엑셀런스-퍼스트-에디션,BMW,012,수입,X7,032,X7 G07,G07,19~현재,encar,디젤,3.0,False,xDrive,6,,,30d 디자인 퓨어 엑셀런스 퍼스트 에디션,13000,False,True
mf-012.md-032.sm-g07.pw-디젤-3-0-xdrive.tr-40d-m-스포츠,BMW,012,수입,X7,032,X7 G07,G07,19~현재,encar,디젤,3.0,False,xDrive,6,,,40d M 스포츠,15300,False,False
mf-012.md-032.sm-g07.pw-디젤-3-0-xdrive.tr-40d-디자인-퓨어-엑셀런스,BMW,012,수입,X7,032,X7 G07,G07,19~현재,encar,디젤,3.0,False,xDrive,6,,,40d 디자인 퓨어 엑셀런스,15300,False,False
mf-012.md-032.sm-g07.pw-디젤-3-0.tr-m50d,BMW,012,수입,X7,032,X7 G07,G07,19~현재,encar,디젤,3.0,False,,6,,,M50d,16400,False,False
mf-012.md-020.sm-g02.pw-가솔린-2-0-xdrive.tr-20i-xline,BMW,012,수입,X4,020,X4 G02,G02,18~현재,encar,가솔린,2.0,False,xDrive,5,,,20i xLine,7110,False,False
mf-012.md-020.sm-g02.pw-가솔린-2-0-xdrive.tr-20i-m-스포츠,BMW,012,수입,X4,020,X4 G02,G02,18~현재,encar,가솔린,2.0,False,xDrive,5,,,20i M 스포츠,7470,False,False
mf-012.md-020.sm-g02.pw-가솔린-2-0-xdrive.tr-20i-m-스포츠-x,BMW,012,수입,X4,020,X4 G02,G02,18~현재,encar,가솔린,2.0,False,xDrive,5,,,20i M 스포츠 X,7600,False,False
mf-012.md-020.sm-g02.pw-가솔린-2-0-xdrive.tr-20i-m-스포츠-x-온라인-익스클루시브-에디션,BMW,012,수입,X4,020,X4 G02,G02,18~현재,encar,가솔린,2.0,False,xDrive,5,,,20i M 스포츠 X 온라인 익스클루시브 에디션,,False,True
mf-012.md-020.sm-g02.pw-가솔린-2-0-xdrive.tr-20i-m-스포츠-프로,BMW,012,수입,X4,020,X4 G02,G02,18~현재,encar,가솔린,2.0,False,xDrive,5,,,20i M 스포츠 프로,8150,False,False
mf-012.md-020.sm-g02.pw-가솔린-2-0-xdrive.tr-20i-m-스포츠-프로-스페셜-에디션,BMW,012,수입,X4,020,X4 G02,G02,18~현재,encar,가솔린,2.0,False,xDrive,5,,,20i M 스포츠 프로 스페셜 에디션,8530,False,True
mf-012.md-020.sm-g02.pw-디젤-2-0-xdrive.tr-20d-xline,BMW,012,수입,X4,020,X4 G02,G02,18~현재,encar,디젤,2.0,False,xDrive,5,,,20d xLine,,False,False
mf-012.md-020.sm-g02.pw-디젤-2-0-xdrive.tr-20d-m-스포츠,BMW,012,수입,X4,020,X4 G02,G02,18~현재,encar,디젤,2.0,False,xDrive,5,,,20d M 스포츠,8100,False,False
mf-012.md-020.sm-g02.pw-디젤-2-0-xdrive.tr-20d-m-스포츠-x,BMW,012,수입,X4,020,X4 G02,G02,18~현재,encar,디젤,2.0,False,xDrive,5,,,20d M 스포츠 X,,False,False
mf-012.md-020.sm-g02.pw-디젤-2-0-xdrive.tr-20d-m-스포츠-온라인-익스클루시브-에디션,BMW,012,수입,X4,020,X4 G02,G02,18~현재,encar,디젤,2.0,False,xDrive,5,,,20d M 스포츠 온라인 익스클루시브 에디션,,False,True
mf-012.md-020.sm-g02.pw-가솔린-3-0-xdrive.tr-m40i,BMW,012,수입,X4,020,X4 G02,G02,18~현재,encar,가솔린,3.0,False,xDrive,5,,,M40i,10190,False,False
mf-012.md-020.sm-g02.pw-디젤-3-0-xdrive.tr-m40d,BMW,012,수입,X4,020,X4 G02,G02,18~현재,encar,디젤,3.0,False,xDrive,5,,,M40d,,False,False
mf-012.md-020.sm-f26.pw-디젤-2-0-xdrive.tr-20d-sac-에디션,BMW,012,수입,X4,020,X4 F26,F26,14~18,encar,디젤,2.0,False,xDrive,5,,,20d SAC 에디션,,False,True
mf-012.md-020.sm-f26.pw-디젤-2-0-xdrive.tr-20d-m-스포츠,BMW,012,수입,X4,020,X4 F26,F26,14~18,encar,디젤,2.0,False,xDrive,5,,,20d M 스포츠,8100,False,False
mf-012.md-020.sm-f26.pw-디젤-2-0-xdrive.tr-20d,BMW,012,수입,X4,020,X4 F26,F26,14~18,encar,디젤,2.0,False,xDrive,5,,,20d,,False,False
mf-012.md-020.sm-f26.pw-디젤-3-0-xdrive.tr-30d-m-스포츠,BMW,012,수입,X4,020,X4 F26,F26,14~18,encar,디젤,3.0,False,xDrive,5,,,30d M 스포츠,,False,False
mf-012.md-020.sm-f26.pw-가솔린-3-0.tr-m40i,BMW,012,수입,X4,020,X4 F26,F26,14~18,encar,가솔린,3.0,False,,5,,,M40i,10190,False,False
mf-012.md-001.sm-f70.pw-가솔린-2-0.tr-120,BMW,012,수입,1시리즈,001,1시리즈 F70,F70,25~현재,encar,가솔린,2.0,False,,5,,,120,4840,False,False
mf-012.md-001.sm-f70.pw-가솔린-2-0.tr-120-m-sport,BMW,012,수입,1시리즈,001,1시리즈 F70,F70,25~현재,encar,가솔린,2.0,False,,5,,,120 M Sport,5700,False,False
mf-012.md-001.sm-f70.pw-가솔린-2-0-xdrive.tr-m135-xdrive,BMW,012,수입,1시리즈,001,1시리즈 F70,F70,25~현재,encar,가솔린,2.0,False,xDrive,5,,,M135 xDrive,6180,False,False
mf-012.md-001.sm-f70.pw-가솔린-2-0-xdrive.tr-m135-xdrive-pro-first-edition,BMW,012,수입,1시리즈,001,1시리즈 F70,F70,25~현재,encar,가솔린,2.0,False,xDrive,5,,,M135 xDrive Pro First Edition,6450,False,True
mf-012.md-001.sm-f40.pw-가솔린-2-0-xdrive.tr-m135i,BMW,012,수입,1시리즈,001,1시리즈 F40,F40,20~25,encar,가솔린,2.0,False,xDrive,5,,,M135i,6180,False,False
mf-012.md-001.sm-f40.pw-가솔린-2-0-xdrive.tr-m135i-xdrive-프리즘-prism-온라인-한정-에디션,BMW,012,수입,1시리즈,001,1시리즈 F40,F40,20~25,encar,가솔린,2.0,False,xDrive,5,,,"M135i xDrive 프리즘 (Prism, 온라인 한정 에디션)",6450,False,True
mf-012.md-001.sm-f40.pw-디젤-2-0.tr-118d-joy,BMW,012,수입,1시리즈,001,1시리즈 F40,F40,20~25,encar,디젤,2.0,False,,5,,,118d Joy,3700,False,False
mf-012.md-001.sm-f40.pw-디젤-2-0.tr-118d-joy-first-edition,BMW,012,수입,1시리즈,001,1시리즈 F40,F40,20~25,encar,디젤,2.0,False,,5,,,118d Joy First Edition,3800,False,True
mf-012.md-001.sm-f40.pw-디젤-2-0.tr-118d-sport,BMW,012,수입,1시리즈,001,1시리즈 F40,F40,20~25,encar,디젤,2.0,False,,5,,,118d Sport,3950,False,False
mf-012.md-001.sm-f40.pw-디젤-2-0.tr-118d-m-sport,BMW,012,수입,1시리즈,001,1시리즈 F40,F40,20~25,encar,디젤,2.0,False,,5,,,118d M Sport,4400,False,False
mf-012.md-001.sm-f40.pw-가솔린-2-0.tr-120i-advantage,BMW,012,수입,1시리즈,001,1시리즈 F40,F40,20~25,encar,가솔린,2.0,False,,5,,,120i Advantage,4840,False,False
mf-012.md-001.sm-f40.pw-가솔린-2-0.tr-120i-sport,BMW,012,수입,1시리즈,001,1시리즈 F40,F40,20~25,encar,가솔린,2.0,False,,5,,,120i Sport,5280,False,False
mf-012.md-001.sm-f40.pw-가솔린-2-0.tr-120i-m-sport,BMW,012,수입,1시리즈,001,1시리즈 F40,F40,20~25,encar,가솔린,2.0,False,,5,,,120i M Sport,6180,False,False
mf-012.md-001.sm-f20-f21.pw-디젤-2-0.tr-118d-joy-5-door,BMW,012,수입,1시리즈,001,1시리즈 F20/F21,F20/F21,12~19,encar,디젤,2.0,False,,5,,,118d Joy 5-door,3700,False,False
mf-012.md-001.sm-f20-f21.pw-디젤-2-0.tr-118d-스포츠-5도어,BMW,012,수입,1시리즈,001,1시리즈 F20/F21,F20/F21,12~19,encar,디젤,2.0,False,,5,,,118d 스포츠 5도어,3950,False,False
mf-012.md-001.sm-f20-f21.pw-디젤-2-0.tr-118d-sport-special-edition-5-door,BMW,012,수입,1시리즈,001,1시리즈 F20/F21,F20/F21,12~19,encar,디젤,2.0,False,,5,,,118d Sport Special Edition 5-door,4050,False,True
mf-012.md-001.sm-f20-f21.pw-디젤-2-0.tr-118d-urban-5-door,BMW,012,수입,1시리즈,001,1시리즈 F20/F21,F20/F21,12~19,encar,디젤,2.0,False,,5,,,118d Urban 5-door,4050,False,False
mf-012.md-001.sm-f20-f21.pw-디젤-2-0.tr-118d-urban-pack1-5-door,BMW,012,수입,1시리즈,001,1시리즈 F20/F21,F20/F21,12~19,encar,디젤,2.0,False,,5,,,118d Urban Pack1 5-door,4150,False,False
mf-012.md-001.sm-f20-f21.pw-디젤-2-0.tr-118d-m-sport-shadow-5-door,BMW,012,수입,1시리즈,001,1시리즈 F20/F21,F20/F21,12~19,encar,디젤,2.0,False,,5,,,118d M Sport Shadow 5-door,4550,False,True
mf-012.md-001.sm-f20-f21.pw-디젤-2-0.tr-120d-sport-pack1-5-door,BMW,012,수입,1시리즈,001,1시리즈 F20/F21,F20/F21,12~19,encar,디젤,2.0,False,,5,,,120d Sport Pack1 5-door,5280,False,False
mf-012.md-001.sm-f20-f21.pw-디젤-2-0.tr-120d-m-sport-5-door,BMW,012,수입,1시리즈,001,1시리즈 F20/F21,F20/F21,12~19,encar,디젤,2.0,False,,5,,,120d M Sport 5-door,5700,False,False
mf-012.md-001.sm-e82.pw-디젤-2-0.tr-120d-coupé,BMW,012,수입,1시리즈,001,1시리즈 E82,E82,04~13,encar,디젤,2.0,False,,4,,,120d Coupé,5000,False,False
mf-012.md-001.sm-e82.pw-디젤-2-0.tr-120d-coupé-sport,BMW,012,수입,1시리즈,001,1시리즈 E82,E82,04~13,encar,디젤,2.0,False,,4,,,120d Coupé Sport,5200,False,False
mf-012.md-001.sm-e82.pw-디젤-2-0.tr-120d-coupé-high,BMW,012,수입,1시리즈,001,1시리즈 E82,E82,04~13,encar,디젤,2.0,False,,4,,,120d Coupé High,5400,False,False
mf-012.md-001.sm-e82.pw-디젤-2-0.tr-120d-coupé-m-sport,BMW,012,수입,1시리즈,001,1시리즈 E82,E82,04~13,encar,디젤,2.0,False,,4,,,120d Coupé M Sport,5800,False,False
mf-012.md-017.sm-g22-g23-g26.pw-가솔린-2-0.tr-420i-m-스포츠-그란쿠페,BMW,012,수입,4시리즈,017,4시리즈 G22/G23/G26,G22/G23/G26,21~현재,encar,가솔린,2.0,False,,5,,,420i M 스포츠 그란쿠페,6830,False,False
mf-012.md-017.sm-g22-g23-g26.pw-가솔린-2-0.tr-420i-m-스포츠-퍼포먼스-그란쿠페,BMW,012,수입,4시리즈,017,4시리즈 G22/G23/G26,G22/G23/G26,21~현재,encar,가솔린,2.0,False,,5,,,420i M 스포츠 퍼포먼스 그란쿠페,6900,False,False
mf-012.md-017.sm-g22-g23-g26.pw-가솔린-2-0.tr-420i-m-스포츠-프로-그란쿠페,BMW,012,수입,4시리즈,017,4시리즈 G22/G23/G26,G22/G23/G26,21~현재,encar,가솔린,2.0,False,,5,,,420i M 스포츠 프로 그란쿠페,6950,False,False
mf-012.md-017.sm-g22-g23-g26.pw-가솔린-2-0.tr-420i-퍼스트-에디션-그란쿠페,BMW,012,수입,4시리즈,017,4시리즈 G22/G23/G26,G22/G23/G26,21~현재,encar,가솔린,2.0,False,,5,,,420i 퍼스트 에디션 그란쿠페,7000,False,True
mf-012.md-017.sm-g22-g23-g26.pw-가솔린-3-0-xdrive.tr-m440i-쿠페,BMW,012,수입,4시리즈,017,4시리즈 G22/G23/G26,G22/G23/G26,21~현재,encar,가솔린,3.0,False,xDrive,4,,,M440i 쿠페,9240,False,False
mf-012.md-017.sm-g22-g23-g26.pw-가솔린-3-0-xdrive.tr-m440i-온라인-익스클루시브-쿠페,BMW,012,수입,4시리즈,017,4시리즈 G22/G23/G26,G22/G23/G26,21~현재,encar,가솔린,3.0,False,xDrive,4,,,M440i 온라인 익스클루시브 쿠페,9330,False,True
mf-012.md-017.sm-g22-g23-g26.pw-가솔린-3-0-xdrive.tr-m440i-프로-온라인-익스클루시브-쿠페,BMW,012,수입,4시리즈,017,4시리즈 G22/G23/G26,G22/G23/G26,21~현재,encar,가솔린,3.0,False,xDrive,4,,,M440i 프로 온라인 익스클루시브 쿠페,9430,False,True
mf-012.md-017.sm-g22-g23-g26.pw-가솔린-3-0-xdrive.tr-m440i-컨버터블,BMW,012,수입,4시리즈,017,4시리즈 G22/G23/G26,G22/G23/G26,21~현재,encar,가솔린,3.0,False,xDrive,4,,,M440i 컨버터블,9620,False,False
mf-012.md-017.sm-g22-g23-g26.pw-가솔린-3-0-xdrive.tr-m440i-온라인-익스클루시브-컨버터블,BMW,012,수입,4시리즈,017,4시리즈 G22/G23/G26,G22/G23/G26,21~현재,encar,가솔린,3.0,False,xDrive,4,,,M440i 온라인 익스클루시브 컨버터블,9900,False,True
mf-012.md-017.sm-g22-g23-g26.pw-가솔린-3-0-xdrive.tr-m440i-프로-온라인-익스클루시브-컨버터블,BMW,012,수입,4시리즈,017,4시리즈 G22/G23/G26,G22/G23/G26,21~현재,encar,가솔린,3.0,False,xDrive,4,,,M440i 프로 온라인 익스클루시브 컨버터블,10270,False,True
mf-012.md-017.sm-g22-g23-g26.pw-가솔린-2-0.tr-420i-m-스포츠-쿠페,BMW,012,수입,4시리즈,017,4시리즈 G22/G23/G26,G22/G23/G26,21~현재,encar,가솔린,2.0,False,,4,,,420i M 스포츠 쿠페,7320,False,False
mf-012.md-017.sm-g22-g23-g26.pw-가솔린-2-0.tr-420i-m-스포츠-퍼포먼스-쿠페,BMW,012,수입,4시리즈,017,4시리즈 G22/G23/G26,G22/G23/G26,21~현재,encar,가솔린,2.0,False,,4,,,420i M 스포츠 퍼포먼스 쿠페,7600,False,False
mf-012.md-017.sm-g22-g23-g26.pw-가솔린-2-0.tr-420i-m-스포츠-프로-쿠페,BMW,012,수입,4시리즈,017,4시리즈 G22/G23/G26,G22/G23/G26,21~현재,encar,가솔린,2.0,False,,4,,,420i M 스포츠 프로 쿠페,7900,False,False
mf-012.md-017.sm-g22-g23-g26.pw-가솔린-2-0.tr-420i-m-스포츠-컨버터블,BMW,012,수입,4시리즈,017,4시리즈 G22/G23/G26,G22/G23/G26,21~현재,encar,가솔린,2.0,False,,4,,,420i M 스포츠 컨버터블,7580,False,False
mf-012.md-017.sm-g22-g23-g26.pw-가솔린-2-0.tr-420i-온라인-익스클루시브-컨버터블,BMW,012,수입,4시리즈,017,4시리즈 G22/G23/G26,G22/G23/G26,21~현재,encar,가솔린,2.0,False,,4,,,420i 온라인 익스클루시브 컨버터블,7800,False,True
mf-012.md-017.sm-g22-g23-g26.pw-가솔린-2-0.tr-420i-m-스포츠-프로-컨버터블,BMW,012,수입,4시리즈,017,4시리즈 G22/G23/G26,G22/G23/G26,21~현재,encar,가솔린,2.0,False,,4,,,420i M 스포츠 프로 컨버터블,8090,False,False
mf-012.md-017.sm-g22-g23-g26.pw-가솔린-2-0.tr-430i-퍼스트-에디션-쿠페,BMW,012,수입,4시리즈,017,4시리즈 G22/G23/G26,G22/G23/G26,21~현재,encar,가솔린,2.0,False,,4,,,430i 퍼스트 에디션 쿠페,7500,False,True
mf-012.md-017.sm-g22-g23-g26.pw-디젤-2-0.tr-420d-m-스포츠-그란쿠페,BMW,012,수입,4시리즈,017,4시리즈 G22/G23/G26,G22/G23/G26,21~현재,encar,디젤,2.0,False,,5,,,420d M 스포츠 그란쿠페,6390,False,False
mf-012.md-017.sm-g22-g23-g26.pw-디젤-2-0.tr-420d-퍼스트-에디션-그란쿠페,BMW,012,수입,4시리즈,017,4시리즈 G22/G23/G26,G22/G23/G26,21~현재,encar,디젤,2.0,False,,5,,,420d 퍼스트 에디션 그란쿠페,6700,False,True
mf-012.md-017.sm-g22-g23-g26.pw-디젤-2-0.tr-420d-m-스포츠-쿠페,BMW,012,수입,4시리즈,017,4시리즈 G22/G23/G26,G22/G23/G26,21~현재,encar,디젤,2.0,False,,4,,,420d M 스포츠 쿠페,6590,False,False
mf-012.md-017.sm-f32-f33-f36.pw-가솔린-2-0.tr-420i-럭셔리-그란쿠페,BMW,012,수입,4시리즈,017,4시리즈 F32/F33/F36,F32/F33/F36,13~20,encar,가솔린,2.0,False,,5,,,420i 럭셔리 그란쿠페,6500,False,False
mf-012.md-017.sm-f32-f33-f36.pw-가솔린-2-0.tr-420i-그란쿠페-스페셜-에디션,BMW,012,수입,4시리즈,017,4시리즈 F32/F33/F36,F32/F33/F36,13~20,encar,가솔린,2.0,False,,5,,,420i 그란쿠페 스페셜 에디션,6700,False,True
mf-012.md-017.sm-f32-f33-f36.pw-가솔린-2-0.tr-420i-m-스포츠-그란쿠페,BMW,012,수입,4시리즈,017,4시리즈 F32/F33/F36,F32/F33/F36,13~20,encar,가솔린,2.0,False,,5,,,420i M 스포츠 그란쿠페,6830,False,False
mf-012.md-017.sm-f32-f33-f36.pw-디젤-2-0.tr-420d-럭셔리-쿠페,BMW,012,수입,4시리즈,017,4시리즈 F32/F33/F36,F32/F33/F36,13~20,encar,디젤,2.0,False,,4,,,420d 럭셔리 쿠페,6190,False,False
mf-012.md-017.sm-f32-f33-f36.pw-디젤-2-0.tr-420d-m-스포츠-쿠페,BMW,012,수입,4시리즈,017,4시리즈 F32/F33/F36,F32/F33/F36,13~20,encar,디젤,2.0,False,,4,,,420d M 스포츠 쿠페,6590,False,False
mf-012.md-017.sm-f32-f33-f36.pw-가솔린-2-0.tr-420i-m-스포츠-쿠페,BMW,012,수입,4시리즈,017,4시리즈 F32/F33/F36,F32/F33/F36,13~20,encar,가솔린,2.0,False,,4,,,420i M 스포츠 쿠페,7320,False,False
mf-012.md-017.sm-f32-f33-f36.pw-가솔린-2-0.tr-428i-m-스포츠-쿠페,BMW,012,수입,4시리즈,017,4시리즈 F32/F33/F36,F32/F33/F36,13~20,encar,가솔린,2.0,False,,4,,,428i M 스포츠 쿠페,6500,False,False
mf-012.md-017.sm-f32-f33-f36.pw-가솔린-2-0.tr-428i-m-스포츠-컨버터블,BMW,012,수입,4시리즈,017,4시리즈 F32/F33/F36,F32/F33/F36,13~20,encar,가솔린,2.0,False,,4,,,428i M 스포츠 컨버터블,7200,False,False
mf-012.md-017.sm-f32-f33-f36.pw-가솔린-2-0.tr-430i-m-스포츠-쿠페,BMW,012,수입,4시리즈,017,4시리즈 F32/F33/F36,F32/F33/F36,13~20,encar,가솔린,2.0,False,,4,,,430i M 스포츠 쿠페,7700,False,False
mf-012.md-017.sm-f32-f33-f36.pw-가솔린-2-0.tr-430i-m-스포츠-컨버터블,BMW,012,수입,4시리즈,017,4시리즈 F32/F33/F36,F32/F33/F36,13~20,encar,가솔린,2.0,False,,4,,,430i M 스포츠 컨버터블,8300,False,False
mf-012.md-017.sm-f32-f33-f36.pw-디젤-2-0-xdrive.tr-420d-럭셔리-그란쿠페,BMW,012,수입,4시리즈,017,4시리즈 F32/F33/F36,F32/F33/F36,13~20,encar,디젤,2.0,False,xDrive,5,,,420d 럭셔리 그란쿠페,5990,False,False
mf-012.md-017.sm-f32-f33-f36.pw-디젤-2-0-xdrive.tr-420d-스포츠-그란쿠페,BMW,012,수입,4시리즈,017,4시리즈 F32/F33/F36,F32/F33/F36,13~20,encar,디젤,2.0,False,xDrive,5,,,420d 스포츠 그란쿠페,6090,False,False
mf-012.md-017.sm-f32-f33-f36.pw-디젤-3-0-xdrive.tr-435d-m-스포츠-그란쿠페,BMW,012,수입,4시리즈,017,4시리즈 F32/F33/F36,F32/F33/F36,13~20,encar,디젤,3.0,False,xDrive,5,,,435d M 스포츠 그란쿠페,8500,False,False
mf-012.md-017.sm-f32-f33-f36.pw-디젤-2-0-xdrive.tr-420d-스포츠-쿠페,BMW,012,수입,4시리즈,017,4시리즈 F32/F33/F36,F32/F33/F36,13~20,encar,디젤,2.0,False,xDrive,4,,,420d 스포츠 쿠페,6290,False,False
mf-012.md-017.sm-f32-f33-f36.pw-디젤-2-0-xdrive.tr-420d-m-스포츠-쿠페,BMW,012,수입,4시리즈,017,4시리즈 F32/F33/F36,F32/F33/F36,13~20,encar,디젤,2.0,False,xDrive,4,,,420d M 스포츠 쿠페,6590,False,False
mf-012.md-017.sm-f32-f33-f36.pw-디젤-2-0.tr-420d-럭셔리-그란쿠페,BMW,012,수입,4시리즈,017,4시리즈 F32/F33/F36,F32/F33/F36,13~20,encar,디젤,2.0,False,,5,,,420d 럭셔리 그란쿠페,5990,False,False
mf-012.md-014.sm-u11.pw-가솔린-2-0-xdrive.tr-m35i,BMW,012,수입,X1,014,X1 U11,U11,23~현재,encar,가솔린,2.0,False,xDrive,5,,,M35i,,False,False
mf-012.md-014.sm-u11.pw-가솔린-2-0-xdrive.tr-m35i-스페셜-에디션,BMW,012,수입,X1,014,X1 U11,U11,23~현재,encar,가솔린,2.0,False,xDrive,5,,,M35i 스페셜 에디션,,False,False
mf-012.md-014.sm-u11.pw-가솔린-2-0-xdrive.tr-20i-m-스포츠,BMW,012,수입,X1,014,X1 U11,U11,23~현재,encar,가솔린,2.0,False,xDrive,5,,,20i M 스포츠,,False,False
mf-012.md-014.sm-u11.pw-가솔린-2-0-xdrive.tr-20i-xline,BMW,012,수입,X1,014,X1 U11,U11,23~현재,encar,가솔린,2.0,False,xDrive,5,,,20i xLine,,False,False
mf-012.md-014.sm-u11.pw-가솔린-2-0.tr-sdrive-20i-m-스포츠,BMW,012,수입,X1,014,X1 U11,U11,23~현재,encar,가솔린,2.0,False,,5,,,sDrive 20i M 스포츠,,False,False
mf-012.md-014.sm-u11.pw-디젤-2-0.tr-sdrive-18d-m-스포츠,BMW,012,수입,X1,014,X1 U11,U11,23~현재,encar,디젤,2.0,False,,5,,,sDrive 18d M 스포츠,,False,False
mf-012.md-014.sm-u11.pw-디젤-2-0.tr-sdrive-18d-xline,BMW,012,수입,X1,014,X1 U11,U11,23~현재,encar,디젤,2.0,False,,5,,,sDrive 18d xLine,,False,False
mf-012.md-014.sm-f48.pw-가솔린-2-0-xdrive.tr-20i-m-스포츠,BMW,012,수입,X1,014,X1 F48,F48,16~23,encar,가솔린,2.0,False,xDrive,5,,,20i M 스포츠,,False,False
mf-012.md-014.sm-f48.pw-가솔린-2-0-xdrive.tr-20i-xline,BMW,012,수입,X1,014,X1 F48,F48,16~23,encar,가솔린,2.0,False,xDrive,5,,,20i xLine,,False,False
mf-012.md-014.sm-f48.pw-가솔린-2-0-xdrive.tr-20i-어드밴티지,BMW,012,수입,X1,014,X1 F48,F48,16~23,encar,가솔린,2.0,False,xDrive,5,,,20i 어드밴티지,,False,False
mf-012.md-014.sm-f48.pw-디젤-2-0-xdrive.tr-18d,BMW,012,수입,X1,014,X1 F48,F48,16~23,encar,디젤,2.0,False,xDrive,5,,,18d,,False,False
mf-012.md-014.sm-f48.pw-디젤-2-0-xdrive.tr-18d-m-스포츠,BMW,012,수입,X1,014,X1 F48,F48,16~23,encar,디젤,2.0,False,xDrive,5,,,18d M 스포츠,,False,False
mf-012.md-014.sm-f48.pw-디젤-2-0-xdrive.tr-18d-xline,BMW,012,수입,X1,014,X1 F48,F48,16~23,encar,디젤,2.0,False,xDrive,5,,,18d xLine,,False,False
mf-012.md-014.sm-f48.pw-디젤-2-0-xdrive.tr-18d-어드밴티지,BMW,012,수입,X1,014,X1 F48,F48,16~23,encar,디젤,2.0,False,xDrive,5,,,18d 어드밴티지,,False,False
mf-012.md-014.sm-f48.pw-디젤-2-0-xdrive.tr-18d-조이,BMW,012,수입,X1,014,X1 F48,F48,16~23,encar,디젤,2.0,False,xDrive,5,,,18d 조이,,False,False
mf-012.md-014.sm-f48.pw-디젤-2-0-xdrive.tr-18d-프리미엄,BMW,012,수입,X1,014,X1 F48,F48,16~23,encar,디젤,2.0,False,xDrive,5,,,18d 프리미엄,,False,False
mf-012.md-014.sm-f48.pw-디젤-2-0-xdrive.tr-20d,BMW,012,수입,X1,014,X1 F48,F48,16~23,encar,디젤,2.0,False,xDrive,5,,,20d,,False,False
mf-012.md-014.sm-f48.pw-디젤-2-0-xdrive.tr-20d-m-스포츠,BMW,012,수입,X1,014,X1 F48,F48,16~23,encar,디젤,2.0,False,xDrive,5,,,20d M 스포츠,,False,False
mf-012.md-014.sm-f48.pw-디젤-2-0-xdrive.tr-20d-xline,BMW,012,수입,X1,014,X1 F48,F48,16~23,encar,디젤,2.0,False,xDrive,5,,,20d xLine,,False,False
mf-012.md-014.sm-f48.pw-디젤-2-0-xdrive.tr-20d-조이,BMW,012,수입,X1,014,X1 F48,F48,16~23,encar,디젤,2.0,False,xDrive,5,,,20d 조이,,False,False
mf-012.md-014.sm-e84.pw-디젤-2-0-xdrive.tr-18d,BMW,012,수입,X1,014,X1 E84,E84,10~15,encar,디젤,2.0,False,xDrive,5,,,18d,,False,False
mf-012.md-014.sm-e84.pw-디젤-2-0-xdrive.tr-20d,BMW,012,수입,X1,014,X1 E84,E84,10~15,encar,디젤,2.0,False,xDrive,5,,,20d,,False,False
mf-012.md-014.sm-e84.pw-디젤-2-0-xdrive.tr-23d,BMW,012,수입,X1,014,X1 E84,E84,10~15,encar,디젤,2.0,False,xDrive,5,,,23d,,False,False
mf-012.md-014.sm-e84.pw-디젤-2-0-xdrive.tr-25d,BMW,012,수입,X1,014,X1 E84,E84,10~15,encar,디젤,2.0,False,xDrive,5,,,25d,,False,False
mf-012.md-018.sm-f74.pw-가솔린-2-0-xdrive.tr-m235,BMW,012,수입,2시리즈,018,2시리즈 그란쿠페 F74,F74,25~현재,encar,가솔린,2.0,False,xDrive,5,,,M235,,False,False
mf-012.md-018.sm-f74.pw-가솔린-2-0-xdrive.tr-228-m-스포츠,BMW,012,수입,2시리즈,018,2시리즈 그란쿠페 F74,F74,25~현재,encar,가솔린,2.0,False,xDrive,,,,228 M 스포츠,,False,False
mf-012.md-018.sm-f74.pw-가솔린-2-0.tr-220-m-스포츠,BMW,012,수입,2시리즈,018,2시리즈 그란쿠페 F74,F74,25~현재,encar,가솔린,2.0,False,,5,,,220 M 스포츠,,False,False
mf-012.md-018.sm-f74.pw-가솔린-2-0.tr-220-m-스포츠-디자인,BMW,012,수입,2시리즈,018,2시리즈 그란쿠페 F74,F74,25~현재,encar,가솔린,2.0,False,,5,,,220 M 스포츠 디자인,,False,False
mf-012.md-018.sm-u06.pw-가솔린-2-0.tr-220i-m-스포츠,BMW,012,수입,2시리즈,018,2시리즈 액티브 투어러 U06,U06,22~현재,encar,가솔린,2.0,False,,5,,,220i M 스포츠,,False,False
mf-012.md-018.sm-u06.pw-가솔린-2-0.tr-220i-m-스포츠-디자인,BMW,012,수입,2시리즈,018,2시리즈 액티브 투어러 U06,U06,22~현재,encar,가솔린,2.0,False,,5,,,220i M 스포츠 디자인,,False,False
mf-012.md-018.sm-u06.pw-가솔린-2-0.tr-220i-럭셔리,BMW,012,수입,2시리즈,018,2시리즈 액티브 투어러 U06,U06,22~현재,encar,가솔린,2.0,False,,5,,,220i 럭셔리,,False,False
mf-012.md-018.sm-u06.pw-가솔린-2-0.tr-220i-어드밴티지,BMW,012,수입,2시리즈,018,2시리즈 액티브 투어러 U06,U06,22~현재,encar,가솔린,2.0,False,,5,,,220i 어드밴티지,,False,False
mf-012.md-018.sm-u06.pw-디젤-2-0.tr-218d-m-스포츠-퍼스트-에디션,BMW,012,수입,2시리즈,018,2시리즈 액티브 투어러 U06,U06,22~현재,encar,디젤,2.0,False,,5,,,218d M 스포츠 퍼스트 에디션,,False,False
mf-012.md-018.sm-u06.pw-디젤-2-0.tr-218d-럭셔리,BMW,012,수입,2시리즈,018,2시리즈 액티브 투어러 U06,U06,22~현재,encar,디젤,2.0,False,,5,,,218d 럭셔리,,False,False
mf-012.md-018.sm-u06.pw-디젤-2-0.tr-218d-어드밴티지,BMW,012,수입,2시리즈,018,2시리즈 액티브 투어러 U06,U06,22~현재,encar,디젤,2.0,False,,5,,,218d 어드밴티지,,False,False
mf-012.md-018.sm-g42.pw-가솔린-3-0-xdrive.tr-m240i-온라인-익스클루시브-쿠페,BMW,012,수입,2시리즈,018,2시리즈 G42,G42,22~현재,encar,가솔린,3.0,False,xDrive,4,,,M240i 온라인 익스클루시브 쿠페,,False,False
mf-012.md-018.sm-g42.pw-가솔린-3-0-xdrive.tr-m240i-쿠페,BMW,012,수입,2시리즈,018,2시리즈 G42,G42,22~현재,encar,가솔린,3.0,False,xDrive,4,,,M240i 쿠페,,False,False
mf-012.md-018.sm-f44.pw-가솔린-2-0.tr-220i-m-스포츠,BMW,012,수입,2시리즈,018,2시리즈 그란쿠페 F44,F44,20~25,encar,가솔린,2.0,False,,5,,,220i M 스포츠,,False,False
mf-012.md-018.sm-f44.pw-가솔린-2-0.tr-220i-스포츠,BMW,012,수입,2시리즈,018,2시리즈 그란쿠페 F44,F44,20~25,encar,가솔린,2.0,False,,5,,,220i 스포츠,,False,False
mf-012.md-018.sm-f44.pw-가솔린-2-0.tr-220i-어드밴티지,BMW,012,수입,2시리즈,018,2시리즈 그란쿠페 F44,F44,20~25,encar,가솔린,2.0,False,,5,,,220i 어드밴티지,,False,False
mf-012.md-018.sm-f44.pw-디젤-2-0.tr-218d-m-스포츠,BMW,012,수입,2시리즈,018,2시리즈 그란쿠페 F44,F44,20~25,encar,디젤,2.0,False,,5,,,218d M 스포츠,,False,False
mf-012.md-018.sm-f44.pw-디젤-2-0.tr-218d-어드밴티지,BMW,012,수입,2시리즈,018,2시리즈 그란쿠페 F44,F44,20~25,encar,디젤,2.0,False,,5,,,218d 어드밴티지,,False,False
mf-012.md-018.sm-f44.pw-디젤-2-0.tr-220d-럭셔리,BMW,012,수입,2시리즈,018,2시리즈 그란쿠페 F44,F44,20~25,encar,디젤,2.0,False,,5,,,220d 럭셔리,,False,False
mf-012.md-018.sm-f44.pw-디젤-2-0.tr-220d-어드밴티지,BMW,012,수입,2시리즈,018,2시리즈 그란쿠페 F44,F44,20~25,encar,디젤,2.0,False,,5,,,220d 어드밴티지,,False,False
mf-012.md-018.sm-f44.pw-가솔린-2-0-xdrive.tr-m235i,BMW,012,수입,2시리즈,018,2시리즈 그란쿠페 F44,F44,20~25,encar,가솔린,2.0,False,xDrive,5,,,M235i,,False,False
mf-012.md-018.sm-f45.pw-디젤-2-0.tr-럭셔리,BMW,012,수입,2시리즈,018,2시리즈 액티브 투어러 F45,F45,15~22,encar,디젤,2.0,False,,5,,,럭셔리,,False,False
mf-012.md-018.sm-f45.pw-디젤-2-0.tr-스포츠-파이널-에디션,BMW,012,수입,2시리즈,018,2시리즈 액티브 투어러 F45,F45,15~22,encar,디젤,2.0,False,,5,,,스포츠 파이널 에디션,,False,False
mf-012.md-018.sm-f45.pw-디젤-2-0.tr-어드밴티지,BMW,012,수입,2시리즈,018,2시리즈 액티브 투어러 F45,F45,15~22,encar,디젤,2.0,False,,5,,,어드밴티지,,False,False
mf-012.md-018.sm-f45.pw-디젤-2-0.tr-조이,BMW,012,수입,2시리즈,018,2시리즈 액티브 투어러 F45,F45,15~22,encar,디젤,2.0,False,,5,,,조이,,False,False
mf-012.md-018.sm-f22.pw-가솔린-3-0.tr-m235i-쿠페,BMW,012,수입,2시리즈,018,2시리즈 F22,F22,13~15,encar,가솔린,3.0,False,,4,,,M235i 쿠페,,False,False
mf-012.md-018.sm-f22.pw-디젤-2-0.tr-220d-m-스포츠-쿠페,BMW,012,수입,2시리즈,018,2시리즈 F22,F22,13~15,encar,디젤,2.0,False,,4,,,220d M 스포츠 쿠페,,False,False
mf-012.md-006.sm-g15.pw-디젤-3-0-xdrive.tr-840d-m-스포츠-그란쿠페,BMW,012,수입,8시리즈,006,8시리즈 G15,G15,19~현재,encar,디젤,3.0,False,xDrive,5,,,840d M 스포츠 그란쿠페,,False,False
mf-012.md-006.sm-g15.pw-디젤-3-0-xdrive.tr-840d-m-스포츠-퍼스트-에디션-그란쿠페,BMW,012,수입,8시리즈,006,8시리즈 G15,G15,19~현재,encar,디젤,3.0,False,xDrive,5,,,840d M 스포츠 퍼스트 에디션 그란쿠페,,False,False
mf-012.md-006.sm-g15.pw-가솔린-3-0-xdrive.tr-840i-m-스포츠-그란쿠페,BMW,012,수입,8시리즈,006,8시리즈 G15,G15,19~현재,encar,가솔린,3.0,False,xDrive,5,,,840i M 스포츠 그란쿠페,,False,False
mf-012.md-006.sm-g15.pw-가솔린-3-0-xdrive.tr-840i-m-스포츠-퍼스트-에디션-그란쿠페,BMW,012,수입,8시리즈,006,8시리즈 G15,G15,19~현재,encar,가솔린,3.0,False,xDrive,5,,,840i M 스포츠 퍼스트 에디션 그란쿠페,,False,False
mf-012.md-006.sm-g15.pw-가솔린-4-4-xdrive.tr-m850i-컨버터블,BMW,012,수입,8시리즈,006,8시리즈 G15,G15,19~현재,encar,가솔린,4.4,False,xDrive,4,,,M850i 컨버터블,,False,False
mf-012.md-006.sm-g15.pw-가솔린-4-4-xdrive.tr-m850i-쿠페,BMW,012,수입,8시리즈,006,8시리즈 G15,G15,19~현재,encar,가솔린,4.4,False,xDrive,4,,,M850i 쿠페,,False,False
mf-012.md-006.sm-g15.pw-가솔린-4-4-xdrive.tr-m850i-퍼스트-에디션-쿠페,BMW,012,수입,8시리즈,006,8시리즈 G15,G15,19~현재,encar,가솔린,4.4,False,xDrive,4,,,M850i 퍼스트 에디션 쿠페,,False,False
mf-012.md-006.sm-g15.pw-가솔린-4-4-xdrive.tr-m850i-그란쿠페,BMW,012,수입,8시리즈,006,8시리즈 G15,G15,19~현재,encar,가솔린,4.4,False,xDrive,5,,,M850i 그란쿠페,,False,False
mf-012.md-006.sm-g15.pw-가솔린-4-4-xdrive.tr-m850i-퍼스트-에디션-그란쿠페,BMW,012,수입,8시리즈,006,8시리즈 G15,G15,19~현재,encar,가솔린,4.4,False,xDrive,5,,,M850i 퍼스트 에디션 그란쿠페,,False,False
mf-012.md-006.sm-g15.pw-가솔린-3-0-xdrive.tr-840i-m-스포츠-쿠페,BMW,012,수입,8시리즈,006,8시리즈 G15,G15,19~현재,encar,가솔린,3.0,False,xDrive,4,,,840i M 스포츠 쿠페,,False,False
mf-012.md-006.sm-g15.pw-가솔린-3-0-xdrive.tr-840i-m-스포츠-퍼스트-에디션-쿠페,BMW,012,수입,8시리즈,006,8시리즈 G15,G15,19~현재,encar,가솔린,3.0,False,xDrive,4,,,840i M 스포츠 퍼스트 에디션 쿠페,,False,False
mf-012.md-006.sm-8시리즈.pw-가솔린-5-0.tr-e31,BMW,012,수입,8시리즈,006,8시리즈,,89~99,encar,가솔린,5.0,False,,4,,,E31,,False,False
mf-012.md-009.sm-g29.pw-가솔린-2-0.tr-sdrive20i-m-스포츠,BMW,012,수입,Z4,009,Z4 G29,G29,19~현재,encar,가솔린,2.0,False,,2,,,sDrive20i M 스포츠,,False,False
mf-012.md-009.sm-g29.pw-가솔린-2-0.tr-sdrive20i-m-스포츠-퍼스트-에디션,BMW,012,수입,Z4,009,Z4 G29,G29,19~현재,encar,가솔린,2.0,False,,2,,,sDrive20i M 스포츠 퍼스트 에디션,,False,False
mf-012.md-009.sm-g29.pw-가솔린-2-0.tr-sdrive20i-스포츠,BMW,012,수입,Z4,009,Z4 G29,G29,19~현재,encar,가솔린,2.0,False,,2,,,sDrive20i 스포츠,,False,False
mf-012.md-009.sm-g29.pw-가솔린-3-0.tr-m40i,BMW,012,수입,Z4,009,Z4 G29,G29,19~현재,encar,가솔린,3.0,False,,2,,,M40i,,False,False
mf-012.md-009.sm-e89.pw-가솔린-3-0.tr-sdrive-35i,BMW,012,수입,Z4,009,Z4 E89,E89,09~16,encar,가솔린,3.0,False,,2,,,sDrive 35i,,False,False
mf-012.md-009.sm-e89.pw-가솔린-3-0.tr-sdrive-35is,BMW,012,수입,Z4,009,Z4 E89,E89,09~16,encar,가솔린,3.0,False,,2,,,sDrive 35iS,,False,False
mf-012.md-009.sm-e89.pw-가솔린-3-0.tr-sdrive-30i,BMW,012,수입,Z4,009,Z4 E89,E89,09~16,encar,가솔린,3.0,False,,2,,,sDrive 30i,,False,False
mf-012.md-009.sm-e89.pw-가솔린-2-0.tr-sdrive-28i,BMW,012,수입,Z4,009,Z4 E89,E89,09~16,encar,가솔린,2.0,False,,2,,,sDrive 28i,,False,False
mf-012.md-009.sm-e85.pw-가솔린-3-0.tr-3-0i,BMW,012,수입,Z4,009,Z4 E85,E85,02~08,encar,가솔린,3.0,False,,2,,,3.0i,,False,False
mf-012.md-009.sm-e85.pw-가솔린-3-0.tr-3-0si-로드스터,BMW,012,수입,Z4,009,Z4 E85,E85,02~08,encar,가솔린,3.0,False,,2,,,3.0Si 로드스터,,False,False
mf-012.md-009.sm-e85.pw-가솔린-2-5.tr-2-5i,BMW,012,수입,Z4,009,Z4 E85,E85,02~08,encar,가솔린,2.5,False,,2,,,2.5i,,False,False
mf-012.md-036.sm-i4.pw-전기.tr-m50-프로,BMW,012,수입,i4,036,i4,,21~현재,encar,전기,,False,,5,,,M50 프로,,False,False
mf-012.md-036.sm-i4.pw-전기.tr-edrive40-m-스포츠-프로,BMW,012,수입,i4,036,i4,,21~현재,encar,전기,,False,,5,,,eDrive40 M 스포츠 프로,,False,False
mf-012.md-036.sm-i4.pw-전기.tr-edrive40-m-스포츠,BMW,012,수입,i4,036,i4,,21~현재,encar,전기,,False,,5,,,eDrive40 M 스포츠,,False,False
mf-012.md-036.sm-i4.pw-전기.tr-m50,BMW,012,수입,i4,036,i4,,21~현재,encar,전기,,False,,5,,,M50,,False,False
mf-012.md-036.sm-i4.pw-전기.tr-edrive40-m-스포츠-프로-퍼스트-에디션,BMW,012,수입,i4,036,i4,,21~현재,encar,전기,,False,,,,,eDrive40 M 스포츠 프로 퍼스트 에디션,,False,False
mf-012.md-031.sm-u10.pw-가솔린-2-0-xdrive.tr-20i-m-스포츠,BMW,012,수입,X2,031,X2 U10,U10,24~현재,encar,가솔린,2.0,False,xDrive,5,,,20i M 스포츠,,False,False
mf-012.md-031.sm-u10.pw-가솔린-2-0-xdrive.tr-m35i,BMW,012,수입,X2,031,X2 U10,U10,24~현재,encar,가솔린,2.0,False,xDrive,5,,,M35i,,False,False
mf-012.md-031.sm-u10.pw-가솔린-2-0-xdrive.tr-m35i-퍼스트-에디션,BMW,012,수입,X2,031,X2 U10,U10,24~현재,encar,가솔린,2.0,False,xDrive,5,,,M35i 퍼스트 에디션,,False,False
mf-012.md-031.sm-f39.pw-가솔린-2-0-xdrive.tr-m35i,BMW,012,수입,X2,031,X2 F39,F39,18~24,encar,가솔린,2.0,False,xDrive,5,,,M35i,,False,False
mf-012.md-031.sm-f39.pw-가솔린-2-0-xdrive.tr-m35i-퍼스트-에디션,BMW,012,수입,X2,031,X2 F39,F39,18~24,encar,가솔린,2.0,False,xDrive,5,,,M35i 퍼스트 에디션,,False,False
mf-012.md-031.sm-f39.pw-가솔린-2-0-xdrive.tr-20i-m-스포츠,BMW,012,수입,X2,031,X2 F39,F39,18~24,encar,가솔린,2.0,False,xDrive,5,,,20i M 스포츠,,False,False
mf-012.md-031.sm-f39.pw-가솔린-2-0-xdrive.tr-20i-어드밴티지,BMW,012,수입,X2,031,X2 F39,F39,18~24,encar,가솔린,2.0,False,xDrive,5,,,20i 어드밴티지,,False,False
mf-012.md-031.sm-f39.pw-가솔린-2-0-xdrive.tr-25i-m-스포츠,BMW,012,수입,X2,031,X2 F39,F39,18~24,encar,가솔린,2.0,False,xDrive,5,,,25i M 스포츠,,False,False
mf-012.md-031.sm-f39.pw-가솔린-2-0-xdrive.tr-25i-어드밴티지,BMW,012,수입,X2,031,X2 F39,F39,18~24,encar,가솔린,2.0,False,xDrive,5,,,25i 어드밴티지,,False,False
mf-012.md-031.sm-f39.pw-디젤-2-0-xdrive.tr-18d-어드밴티지,BMW,012,수입,X2,031,X2 F39,F39,18~24,encar,디젤,2.0,False,xDrive,5,,,18d 어드밴티지,,False,False
mf-012.md-031.sm-f39.pw-디젤-2-0-xdrive.tr-20d-m-스포츠,BMW,012,수입,X2,031,X2 F39,F39,18~24,encar,디젤,2.0,False,xDrive,5,,,20d M 스포츠,,False,False
mf-012.md-031.sm-f39.pw-디젤-2-0-xdrive.tr-20d-어드밴티지,BMW,012,수입,X2,031,X2 F39,F39,18~24,encar,디젤,2.0,False,xDrive,5,,,20d 어드밴티지,,False,False
mf-012.md-042.sm-g60.pw-전기.tr-edrive-40,BMW,012,수입,i5,042,i5 G60,G60,23~현재,encar,전기,,False,,5,,,eDrive 40,,False,False
mf-012.md-042.sm-g60.pw-전기.tr-edrive-40-m-스포츠-프로,BMW,012,수입,i5,042,i5 G60,G60,23~현재,encar,전기,,False,,5,,,eDrive 40 M 스포츠 프로,,False,False
mf-012.md-042.sm-g60.pw-전기.tr-edrive-40-m-스포츠,BMW,012,수입,i5,042,i5 G60,G60,23~현재,encar,전기,,False,,5,,,eDrive 40 M 스포츠,,False,False
mf-012.md-042.sm-g60.pw-전기-84-4-xdrive.tr-40-m-스포츠-프로,BMW,012,수입,i5,042,i5 G60,G60,23~현재,encar,전기,,False,xDrive,,84.4,371,40 M 스포츠 프로,,False,False
mf-012.md-042.sm-g60.pw-전기-84-4-xdrive.tr-m60,BMW,012,수입,i5,042,i5 G60,G60,23~현재,encar,전기,,False,xDrive,5,84.4,371,M60,,False,False
mf-012.md-042.sm-g60.pw-전기-84-4-xdrive.tr-40-m-스포츠,BMW,012,수입,i5,042,i5 G60,G60,23~현재,encar,전기,,False,xDrive,5,84.4,371,40 M 스포츠,,False,False
mf-012.md-004.sm-f12.pw-디젤-3-0-xdrive.tr-640d-m-스포츠-그란쿠페,BMW,012,수입,6시리즈,004,6시리즈 F12,F12,11~18,encar,디젤,3.0,False,xDrive,5,,,640d M 스포츠 그란쿠페,,False,False
mf-012.md-004.sm-f12.pw-디젤-3-0-xdrive.tr-640d-m-스포츠-리미티드-그란쿠페,BMW,012,수입,6시리즈,004,6시리즈 F12,F12,11~18,encar,디젤,3.0,False,xDrive,5,,,640d M 스포츠 리미티드 그란쿠페,,False,False
mf-012.md-004.sm-f12.pw-디젤-3-0-xdrive.tr-640d-그란쿠페,BMW,012,수입,6시리즈,004,6시리즈 F12,F12,11~18,encar,디젤,3.0,False,xDrive,4,,,640d 그란쿠페,,False,False
mf-012.md-004.sm-f12.pw-가솔린-4-4.tr-650i-컨버터블,BMW,012,수입,6시리즈,004,6시리즈 F12,F12,11~18,encar,가솔린,4.4,False,,4,,,650i 컨버터블,,False,False
mf-012.md-004.sm-f12.pw-가솔린-3-0.tr-640i-그란쿠페,BMW,012,수입,6시리즈,004,6시리즈 F12,F12,11~18,encar,가솔린,3.0,False,,4,,,640i 그란쿠페,,False,False
mf-012.md-004.sm-f12.pw-가솔린-3-0.tr-640i-컨버터블,BMW,012,수입,6시리즈,004,6시리즈 F12,F12,11~18,encar,가솔린,3.0,False,,4,,,640i 컨버터블,,False,False
mf-012.md-004.sm-f12.pw-가솔린-3-0.tr-640i-컨버터블-익스클루시브,BMW,012,수입,6시리즈,004,6시리즈 F12,F12,11~18,encar,가솔린,3.0,False,,4,,,640i 컨버터블 익스클루시브,,False,False
mf-012.md-004.sm-f12.pw-가솔린-3-0.tr-640i-그란쿠페-익스클루시브,BMW,012,수입,6시리즈,004,6시리즈 F12,F12,11~18,encar,가솔린,3.0,False,,5,,,640i 그란쿠페 익스클루시브,,False,False
mf-012.md-004.sm-e63.pw-가솔린-4-8.tr-650i-컨버터블,BMW,012,수입,6시리즈,004,6시리즈 E63,E63,03~10,encar,가솔린,4.8,False,,4,,,650i 컨버터블,,False,False
mf-012.md-004.sm-e63.pw-가솔린-4-8.tr-650i-쿠페,BMW,012,수입,6시리즈,004,6시리즈 E63,E63,03~10,encar,가솔린,4.8,False,,4,,,650i 쿠페,,False,False
mf-012.md-004.sm-e63.pw-가솔린-4-4.tr-645ci-컨버터블,BMW,012,수입,6시리즈,004,6시리즈 E63,E63,03~10,encar,가솔린,4.4,False,,4,,,645Ci 컨버터블,,False,False
mf-012.md-023.sm-g87.pw-가솔린-3-0.tr-m2-쿠페,BMW,012,수입,M2,023,M2 G87,G87,23~현재,encar,가솔린,3.0,False,,4,,,M2 쿠페,,False,False
mf-012.md-023.sm-g87.pw-가솔린-3-0.tr-m2-퍼스트-에디션,BMW,012,수입,M2,023,M2 G87,G87,23~현재,encar,가솔린,3.0,False,,4,,,M2 퍼스트 에디션,,False,False
mf-012.md-023.sm-f87.pw-가솔린-3-0.tr-m2-블랙-쉐도우,BMW,012,수입,M2,023,M2 F87,F87,16~23,encar,가솔린,3.0,False,,4,,,M2 블랙 쉐도우,,False,False
mf-012.md-023.sm-f87.pw-가솔린-3-0.tr-m2-컴페티션,BMW,012,수입,M2,023,M2 F87,F87,16~23,encar,가솔린,3.0,False,,4,,,M2 컴페티션,,False,False
mf-012.md-023.sm-f87.pw-가솔린-3-0.tr-m2-컴페티션-파이널-에디션,BMW,012,수입,M2,023,M2 F87,F87,16~23,encar,가솔린,3.0,False,,4,,,M2 컴페티션 파이널 에디션,,False,False
mf-012.md-023.sm-f87.pw-가솔린-3-0.tr-m2-쿠페,BMW,012,수입,M2,023,M2 F87,F87,16~23,encar,가솔린,3.0,False,,4,,,M2 쿠페,,False,False
mf-012.md-023.sm-f87.pw-가솔린-3-0.tr-m2-쿠페-m-퍼포먼스-스티어링-휠-에디션,BMW,012,수입,M2,023,M2 F87,F87,16~23,encar,가솔린,3.0,False,,4,,,M2 쿠페 M 퍼포먼스 스티어링 휠 에디션,,False,False
mf-012.md-025.sm-g82.pw-가솔린-3-0-xdrive.tr-m4-cs,BMW,012,수입,M4,025,M4 G82,G82,21~현재,encar,가솔린,3.0,False,xDrive,4,,,M4 CS,,False,False
mf-012.md-025.sm-g82.pw-가솔린-3-0-xdrive.tr-m4-컨버터블-컴페티션-m,BMW,012,수입,M4,025,M4 G82,G82,21~현재,encar,가솔린,3.0,False,xDrive,4,,,M4 컨버터블 컴페티션 M,,False,False
mf-012.md-025.sm-g82.pw-가솔린-3-0-xdrive.tr-m4-컴페티션-m,BMW,012,수입,M4,025,M4 G82,G82,21~현재,encar,가솔린,3.0,False,xDrive,4,,,M4 컴페티션 M,,False,False
mf-012.md-025.sm-g82.pw-가솔린-3-0.tr-m4-csl,BMW,012,수입,M4,025,M4 G82,G82,21~현재,encar,가솔린,3.0,False,,,,,M4 CSL,,False,False
mf-012.md-025.sm-f82.pw-가솔린-3-0.tr-m4-컨버터블,BMW,012,수입,M4,025,M4 F82,F82,14~21,encar,가솔린,3.0,False,,4,,,M4 컨버터블,,False,False
mf-012.md-025.sm-f82.pw-가솔린-3-0.tr-m4-컨버터블-컴페티션,BMW,012,수입,M4,025,M4 F82,F82,14~21,encar,가솔린,3.0,False,,4,,,M4 컨버터블 컴페티션,,False,False
mf-012.md-025.sm-f82.pw-가솔린-3-0.tr-m4-컨버터블-퍼포먼스-사일렌서-에디션,BMW,012,수입,M4,025,M4 F82,F82,14~21,encar,가솔린,3.0,False,,4,,,M4 컨버터블 퍼포먼스 사일렌서 에디션,,False,False
mf-012.md-025.sm-f82.pw-가솔린-3-0.tr-m4-컨버터블-페인트워크-에디션,BMW,012,수입,M4,025,M4 F82,F82,14~21,encar,가솔린,3.0,False,,4,,,M4 컨버터블 페인트워크 에디션,,False,False
mf-012.md-025.sm-f82.pw-가솔린-3-0.tr-m4-쿠페,BMW,012,수입,M4,025,M4 F82,F82,14~21,encar,가솔린,3.0,False,,4,,,M4 쿠페,,False,False
mf-012.md-025.sm-f82.pw-가솔린-3-0.tr-m4-쿠페-컴페티션,BMW,012,수입,M4,025,M4 F82,F82,14~21,encar,가솔린,3.0,False,,4,,,M4 쿠페 컴페티션,,False,False
mf-012.md-025.sm-f82.pw-가솔린-3-0.tr-m4-쿠페-퍼포먼스-사일렌서-에디션,BMW,012,수입,M4,025,M4 F82,F82,14~21,encar,가솔린,3.0,False,,4,,,M4 쿠페 퍼포먼스 사일렌서 에디션,,False,False
mf-012.md-025.sm-f82.pw-가솔린-3-0.tr-m4-쿠페-gts,BMW,012,수입,M4,025,M4 F82,F82,14~21,encar,가솔린,3.0,False,,,,,M4 쿠페 GTS,,False,False
mf-012.md-025.sm-f82.pw-가솔린-3-0.tr-m4-쿠페-컴페티션-헤리티지,BMW,012,수입,M4,025,M4 F82,F82,14~21,encar,가솔린,3.0,False,,,,,M4 쿠페 컴페티션 헤리티지,,False,False
mf-012.md-024.sm-g80.pw-가솔린-3-0-xdrive.tr-m3-세단-컴페티션-m,BMW,012,수입,M3,024,M3 G80,G80,21~현재,encar,가솔린,3.0,False,xDrive,5,,,M3 세단 컴페티션 M,,False,False
mf-012.md-024.sm-g80.pw-가솔린-3-0-xdrive.tr-m3-투어링-컴페티션-m,BMW,012,수입,M3,024,M3 G80,G80,21~현재,encar,가솔린,3.0,False,xDrive,5,,,M3 투어링 컴페티션 M,,False,False
mf-012.md-024.sm-g80.pw-가솔린-3-0.tr-m3-세단-컴페티션,BMW,012,수입,M3,024,M3 G80,G80,21~현재,encar,가솔린,3.0,False,,5,,,M3 세단 컴페티션,,False,False
mf-012.md-024.sm-g80.pw-가솔린-3-0-xdrive.tr-m3-투어링-컴페티션-m-스페셜-에디션,BMW,012,수입,M3,024,M3 G80,G80,21~현재,encar,가솔린,3.0,False,xDrive,,,,M3 투어링 컴페티션 M 스페셜 에디션,,False,False
mf-012.md-024.sm-f80.pw-가솔린-3-0.tr-m3-세단,BMW,012,수입,M3,024,M3 F80,F80,14~21,encar,가솔린,3.0,False,,5,,,M3 세단,,False,False
mf-012.md-024.sm-f80.pw-가솔린-3-0.tr-m3-세단-cs,BMW,012,수입,M3,024,M3 F80,F80,14~21,encar,가솔린,3.0,False,,5,,,M3 세단 CS,,False,False
mf-012.md-024.sm-f80.pw-가솔린-3-0.tr-m3-세단-컴페티션,BMW,012,수입,M3,024,M3 F80,F80,14~21,encar,가솔린,3.0,False,,5,,,M3 세단 컴페티션,,False,False
mf-012.md-024.sm-f80.pw-가솔린-3-0.tr-m3-세단-퍼포먼스-사일렌서-에디션,BMW,012,수입,M3,024,M3 F80,F80,14~21,encar,가솔린,3.0,False,,5,,,M3 세단 퍼포먼스 사일렌서 에디션,,False,False
mf-012.md-024.sm-e90.pw-가솔린-4-0.tr-m3-컨버터블,BMW,012,수입,M3,024,M3 E90,E90,07~13,encar,가솔린,4.0,False,,4,,,M3 컨버터블,,False,False
mf-012.md-024.sm-e90.pw-가솔린-4-0.tr-m3-쿠페,BMW,012,수입,M3,024,M3 E90,E90,07~13,encar,가솔린,4.0,False,,4,,,M3 쿠페,,False,False
mf-012.md-024.sm-e46.pw-가솔린-3-2.tr-m3-쿠페,BMW,012,수입,M3,024,M3 E46,E46,00~06,encar,가솔린,3.2,False,,5,,,M3 쿠페,,False,False
mf-012.md-024.sm-e46.pw-가솔린-3-2.tr-m3-컨버터블,BMW,012,수입,M3,024,M3 E46,E46,00~06,encar,가솔린,3.2,False,,,,,M3 컨버터블,,False,False
mf-012.md-024.sm-e36.pw-가솔린-3-0.tr-m3-쿠페,BMW,012,수입,M3,024,M3 E36,E36,92~99,encar,가솔린,3.0,False,,,,,M3 쿠페,,False,False
mf-012.md-039.sm-g70.pw-전기.tr-edrive-50-m-스포츠,BMW,012,수입,i7,039,i7 G70,G70,22~현재,encar,전기,,False,,5,,,eDrive 50 M 스포츠,,False,False
mf-012.md-039.sm-g70.pw-전기.tr-edrive-50-m-스포츠-리미티드,BMW,012,수입,i7,039,i7 G70,G70,22~현재,encar,전기,,False,,5,,,eDrive 50 M 스포츠 리미티드,,False,False
mf-012.md-039.sm-g70.pw-전기-105-7-xdrive.tr-m70-m-퍼포먼스,BMW,012,수입,i7,039,i7 G70,G70,22~현재,encar,전기,,False,xDrive,5,105.7,438,M70 M 퍼포먼스,,False,False
mf-012.md-039.sm-g70.pw-전기-105-7-xdrive.tr-60-m-스포츠,BMW,012,수입,i7,039,i7 G70,G70,22~현재,encar,전기,,False,xDrive,5,105.7,438,60 M 스포츠,,False,False
mf-012.md-039.sm-g70.pw-전기-105-7-xdrive.tr-60-디자인-퓨어-엑셀런스,BMW,012,수입,i7,039,i7 G70,G70,22~현재,encar,전기,,False,xDrive,5,105.7,438,60 디자인 퓨어 엑셀런스,,False,False
mf-012.md-039.sm-g70.pw-전기-105-7-xdrive.tr-m70,BMW,012,수입,i7,039,i7 G70,G70,22~현재,encar,전기,,False,xDrive,5,105.7,438,M70,,False,False
mf-012.md-039.sm-g70.pw-전기-105-7-xdrive.tr-60-m-스포츠-인디비주얼,BMW,012,수입,i7,039,i7 G70,G70,22~현재,encar,전기,,False,xDrive,5,105.7,438,60 M 스포츠 인디비주얼,,False,False
mf-012.md-026.sm-g90.pw-하이브리드-4-4.tr-m5-세단,BMW,012,수입,M5,026,M5 G90,G90,24~현재,encar,하이브리드,4.4,False,,5,,,M5 세단,,False,False
mf-012.md-026.sm-g90.pw-하이브리드-4-4.tr-m5-투어링,BMW,012,수입,M5,026,M5 G90,G90,24~현재,encar,하이브리드,4.4,False,,5,,,M5 투어링,,False,False
mf-012.md-026.sm-g90.pw-하이브리드-4-4.tr-m5-세단-퍼스트-에디션,BMW,012,수입,M5,026,M5 G90,G90,24~현재,encar,하이브리드,4.4,False,,,,,M5 세단 퍼스트 에디션,,False,False
mf-012.md-026.sm-f90.pw-가솔린-4-4.tr-m5-세단,BMW,012,수입,M5,026,M5 F90,F90,18~24,encar,가솔린,4.4,False,,5,,,M5 세단,,False,False
mf-012.md-026.sm-f90.pw-가솔린-4-4.tr-m5-세단-컴페티션,BMW,012,수입,M5,026,M5 F90,F90,18~24,encar,가솔린,4.4,False,,5,,,M5 세단 컴페티션,,False,False
mf-012.md-026.sm-f10.pw-가솔린-4-4.tr-m5-세단,BMW,012,수입,M5,026,M5 F10,F10,12~17,encar,가솔린,4.4,False,,5,,,M5 세단,,False,False
mf-012.md-026.sm-f10.pw-가솔린-4-4.tr-m5-세단-컴페티션-에디션,BMW,012,수입,M5,026,M5 F10,F10,12~17,encar,가솔린,4.4,False,,5,,,M5 세단 컴페티션 에디션,,False,False
mf-012.md-026.sm-e60.pw-가솔린-5-0.tr-m5-세단,BMW,012,수입,M5,026,M5 E60,E60,05~10,encar,가솔린,5.0,False,,5,,,M5 세단,,False,False
mf-012.md-026.sm-e39.pw-가솔린-4-9.tr-m5-세단,BMW,012,수입,M5,026,M5 E39,E39,98~03,encar,가솔린,4.9,False,,,,,M5 세단,,False,False
mf-012.md-026.sm-e34.pw-가솔린-3-5.tr-m5-세단,BMW,012,수입,M5,026,M5 E34,E34,88~95,encar,가솔린,3.5,False,,,,,M5 세단,,False,False
mf-012.md-030.sm-g06.pw-가솔린-4-4.tr-기본,BMW,012,수입,X6M,030,X6M G06,G06,20~현재,encar,가솔린,4.4,False,,5,,,기본,,False,False
mf-012.md-030.sm-g06.pw-가솔린-4-4.tr-컴페티션,BMW,012,수입,X6M,030,X6M G06,G06,20~현재,encar,가솔린,4.4,False,,5,,,컴페티션,,False,False
mf-012.md-030.sm-g06.pw-가솔린-4-4.tr-컴페티션-퍼스트-에디션,BMW,012,수입,X6M,030,X6M G06,G06,20~현재,encar,가솔린,4.4,False,,5,,,컴페티션 퍼스트 에디션,,False,False
mf-012.md-030.sm-f16.pw-가솔린-4-4.tr-기본,BMW,012,수입,X6M,030,X6M F16,F16,15~19,encar,가솔린,4.4,False,,5,,,기본,,False,False
mf-012.md-030.sm-e71.pw-가솔린-4-4.tr-기본,BMW,012,수입,X6M,030,X6M E71,E71,09~14,encar,가솔린,4.4,False,,4,,,기본,,False,False
mf-012.md-029.sm-g05.pw-가솔린-4-4.tr-기본,BMW,012,수입,X5M,029,X5M G05,G05,20~현재,encar,가솔린,4.4,False,,5,,,기본,,False,False
mf-012.md-029.sm-g05.pw-가솔린-4-4.tr-컴페티션,BMW,012,수입,X5M,029,X5M G05,G05,20~현재,encar,가솔린,4.4,False,,5,,,컴페티션,,False,False
mf-012.md-029.sm-f15.pw-가솔린-4-4.tr-기본,BMW,012,수입,X5M,029,X5M F15,F15,15~18,encar,가솔린,4.4,False,,5,,,기본,,False,False
mf-012.md-034.sm-g02.pw-가솔린-3-0.tr-기본,BMW,012,수입,X4M,034,X4M G02,G02,19~현재,encar,가솔린,3.0,False,,5,,,기본,,False,False
mf-012.md-034.sm-g02.pw-가솔린-3-0.tr-컴패티션,BMW,012,수입,X4M,034,X4M G02,G02,19~현재,encar,가솔린,3.0,False,,5,,,컴패티션,,False,False
mf-012.md-034.sm-g02.pw-가솔린-3-0.tr-컴패티션-카본패키지,BMW,012,수입,X4M,034,X4M G02,G02,19~현재,encar,가솔린,3.0,False,,5,,,컴패티션 카본패키지,,False,False
mf-012.md-041.sm-g09.pw-하이브리드-4-4.tr-기본,BMW,012,수입,XM,041,XM G09,G09,23~현재,encar,하이브리드,4.4,False,,5,,,기본,,False,False
mf-012.md-041.sm-g09.pw-하이브리드-4-4.tr-퍼스트-에디션,BMW,012,수입,XM,041,XM G09,G09,23~현재,encar,하이브리드,4.4,False,,,,,퍼스트 에디션,,False,False
mf-012.md-041.sm-g09.pw-하이브리드-3-0.tr-레이블,BMW,012,수입,XM,041,XM G09,G09,23~현재,encar,하이브리드,3.0,False,,,,,레이블,,False,False
mf-012.md-038.sm-ix3.pw-전기-80-0.tr-m-스포츠,BMW,012,수입,iX3,038,iX3,,21~현재,encar,전기,,False,,5,80.0,344,M 스포츠,,False,False
mf-012.md-037.sm-ix.pw-전기-xdrive.tr-50-스포츠-플러스,BMW,012,수입,iX,037,iX,,21~현재,encar,전기,,False,xDrive,5,,,50 스포츠 플러스,,False,False
mf-012.md-037.sm-ix.pw-전기-xdrive.tr-m70,BMW,012,수입,iX,037,iX,,21~현재,encar,전기,,False,xDrive,5,,,M70,,False,False
mf-012.md-037.sm-ix.pw-전기-xdrive.tr-45-m-스포츠,BMW,012,수입,iX,037,iX,,21~현재,encar,전기,,False,xDrive,5,,,45 M 스포츠,,False,False
mf-012.md-037.sm-ix.pw-전기-xdrive.tr-40-퍼스트에디션,BMW,012,수입,iX,037,iX,,21~현재,encar,전기,,False,xDrive,5,,,40 퍼스트에디션,,False,False
mf-012.md-037.sm-ix.pw-전기-xdrive.tr-50-스포츠-스페셜-에디션,BMW,012,수입,iX,037,iX,,21~현재,encar,전기,,False,xDrive,,,,50 스포츠 스페셜 에디션,,False,False
mf-012.md-019.sm-i3.pw-전기.tr-솔,BMW,012,수입,i3,019,i3,,14~22,encar,전기,,False,,4,,,솔+,,False,False
mf-012.md-019.sm-i3.pw-전기.tr-룩스,BMW,012,수입,i3,019,i3,,14~22,encar,전기,,False,,4,,,룩스,,False,False
mf-012.md-019.sm-i3.pw-전기.tr-솔,BMW,012,수입,i3,019,i3,,14~22,encar,전기,,False,,4,,,솔,,False,False
mf-012.md-033.sm-g01.pw-가솔린-3-0.tr-기본,BMW,012,수입,X3M,033,X3M G01,G01,19~현재,encar,가솔린,3.0,False,,5,,,기본,,False,False
mf-012.md-033.sm-g01.pw-가솔린-3-0.tr-컴페티션,BMW,012,수입,X3M,033,X3M G01,G01,19~현재,encar,가솔린,3.0,False,,5,,,컴페티션,,False,False
mf-012.md-021.sm-i8.pw-하이브리드-1-5.tr-쿠페,BMW,012,수입,i8,021,i8,,14~20,encar,하이브리드,1.5,False,,4,,,쿠페,,False,False
mf-012.md-021.sm-i8.pw-하이브리드-1-5.tr-로드스터,BMW,012,수입,i8,021,i8,,14~20,encar,하이브리드,1.5,False,,2,,,로드스터,,False,False
mf-012.md-040.sm-u11.pw-전기-66-5-xdrive.tr-30-m-스포츠,BMW,012,수입,iX1,040,iX1 U11,U11,23~현재,encar,전기,,False,xDrive,5,66.5,310,30 M 스포츠,,False,False
mf-012.md-040.sm-u11.pw-전기-66-5-xdrive.tr-30-xline,BMW,012,수입,iX1,040,iX1 U11,U11,23~현재,encar,전기,,False,xDrive,5,66.5,310,30 xLine,,False,False
mf-012.md-040.sm-u11.pw-전기-66-5-xdrive.tr-30-m-스포츠-프로-스페셜-에디션,BMW,012,수입,iX1,040,iX1 U11,U11,23~현재,encar,전기,,False,xDrive,5,66.5,310,30 M 스포츠 프로 스페셜 에디션,,False,False
mf-012.md-035.sm-g15.pw-가솔린-4-4.tr-m8-쿠페-컴페티션,BMW,012,수입,M8,035,M8 G15,G15,19~현재,encar,가솔린,4.4,False,,4,,,M8 쿠페 컴페티션,,False,False
mf-012.md-035.sm-g15.pw-가솔린-4-4.tr-m8-그란쿠페-컴페티션,BMW,012,수입,M8,035,M8 G15,G15,19~현재,encar,가솔린,4.4,False,,5,,,M8 그란쿠페 컴페티션,,False,False
mf-012.md-027.sm-f12.pw-가솔린-4-4.tr-m6-쿠페,BMW,012,수입,M6,027,M6 F12,F12,12~18,encar,가솔린,4.4,False,,4,,,M6 쿠페,,False,False
mf-012.md-027.sm-f12.pw-가솔린-4-4.tr-m6-그란쿠페,BMW,012,수입,M6,027,M6 F12,F12,12~18,encar,가솔린,4.4,False,,5,,,M6 그란쿠페,,False,False
mf-012.md-027.sm-e63.pw-가솔린-5-0.tr-m6-쿠페,BMW,012,수입,M6,027,M6 E63,E63,05~10,encar,가솔린,5.0,False,,4,,,M6 쿠페,,False,False
mf-012.md-012.sm-z3.pw-가솔린-3-0.tr-e36-7,BMW,012,수입,Z3,012,Z3,,96~02,encar,가솔린,3.0,False,,2,,,E36/7,,False,False
mf-012.md-012.sm-z3.pw-가솔린-2-2.tr-e36-7,BMW,012,수입,Z3,012,Z3,,96~02,encar,가솔린,2.2,False,,2,,,E36/7,,False,False
mf-012.md-012.sm-z3.pw-가솔린-1-9.tr-e36-7,BMW,012,수입,Z3,012,Z3,,96~02,encar,가솔린,1.9,False,,2,,,E36/7,,False,False
mf-012.md-022.sm-e82.pw-가솔린-3-0.tr-1m-쿠페,BMW,012,수입,1M,022,1M E82,E82,11~12,encar,가솔린,3.0,False,,4,,,1M 쿠페,,False,False
mf-012.md-043.sm-u10.pw-전기.tr-edrive-20-m-스포츠,BMW,012,수입,iX2,043,iX2 U10,U10,25~현재,encar,전기,,False,,5,,,eDrive 20 M 스포츠,,False,False
mf-012.md-028.sm-e85.pw-가솔린-3-2.tr-m-쿠페,BMW,012,수입,M 쿠페/로드스터,028,M 쿠페/로드스터 E85,E85,06~08,encar,가솔린,3.2,False,,,,,M 쿠페,,False,False
mf-013.md-004.sm-w214.pw-가솔린-2-0.tr-e200-아방가르드,벤츠,013,수입,E-클래스,004,E-클래스 W214,W214,24~현재,encar,가솔린,2.0,False,,5,,,E200 아방가르드,,False,False
mf-013.md-004.sm-w214.pw-가솔린-2-0.tr-e200-아방가르드-리미티드,벤츠,013,수입,E-클래스,004,E-클래스 W214,W214,24~현재,encar,가솔린,2.0,False,,5,,,E200 아방가르드 리미티드,,False,True
mf-013.md-004.sm-w214.pw-가솔린-2-0.tr-e200-amg-line,벤츠,013,수입,E-클래스,004,E-클래스 W214,W214,24~현재,encar,가솔린,2.0,False,,5,,,E200 AMG Line,,False,False
mf-013.md-004.sm-w214.pw-하이브리드-3-0-4matic.tr-amg-e53-e-4matic,벤츠,013,수입,E-클래스,004,E-클래스 W214,W214,24~현재,encar,하이브리드,3.0,False,4MATIC,5,,,AMG E53 e 4MATIC+,,False,False
mf-013.md-004.sm-w214.pw-가솔린-3-0-4matic.tr-e450,벤츠,013,수입,E-클래스,004,E-클래스 W214,W214,24~현재,encar,가솔린,3.0,False,4MATIC,5,,,E450,,False,False
mf-013.md-004.sm-w214.pw-가솔린-3-0-4matic.tr-e450-amg-line,벤츠,013,수입,E-클래스,004,E-클래스 W214,W214,24~현재,encar,가솔린,3.0,False,4MATIC,5,,,E450 AMG Line,,False,False
mf-013.md-004.sm-w214.pw-가솔린-3-0-4matic.tr-e450-익스클루시브,벤츠,013,수입,E-클래스,004,E-클래스 W214,W214,24~현재,encar,가솔린,3.0,False,4MATIC,5,,,E450 익스클루시브,,False,False
mf-013.md-004.sm-w214.pw-가솔린-2-0-4matic.tr-e300-amg-line,벤츠,013,수입,E-클래스,004,E-클래스 W214,W214,24~현재,encar,가솔린,2.0,False,4MATIC,5,,,E300 AMG Line,8810,False,False
mf-013.md-004.sm-w214.pw-가솔린-2-0-4matic.tr-e300-익스클루시브,벤츠,013,수입,E-클래스,004,E-클래스 W214,W214,24~현재,encar,가솔린,2.0,False,4MATIC,5,,,E300 익스클루시브,8990,False,False
mf-013.md-004.sm-w214.pw-가솔린-2-0-4matic.tr-e300-amg-line-프리미어-스페셜,벤츠,013,수입,E-클래스,004,E-클래스 W214,W214,24~현재,encar,가솔린,2.0,False,4MATIC,5,,,E300 AMG Line 프리미어 스페셜,,False,True
mf-013.md-004.sm-w214.pw-디젤-2-0-4matic.tr-e220d-익스클루시브,벤츠,013,수입,E-클래스,004,E-클래스 W214,W214,24~현재,encar,디젤,2.0,False,4MATIC,5,,,E220d 익스클루시브,,False,False
mf-013.md-004.sm-w214.pw-하이브리드-2-0-4matic.tr-e350e,벤츠,013,수입,E-클래스,004,E-클래스 W214,W214,24~현재,encar,하이브리드,2.0,False,4MATIC,5,,,E350e,,False,False
mf-013.md-004.sm-w213.pw-가솔린-2-0.tr-e200-아방가르드,벤츠,013,수입,E-클래스,004,E-클래스 W213,W213,16~24,encar,가솔린,2.0,False,,5,,,E200 아방가르드,,False,False
mf-013.md-004.sm-w213.pw-가솔린-2-0.tr-e250-아방가르드,벤츠,013,수입,E-클래스,004,E-클래스 W213,W213,16~24,encar,가솔린,2.0,False,,5,,,E250 아방가르드,,False,False
mf-013.md-004.sm-w213.pw-가솔린-2-0.tr-e250-amg-line,벤츠,013,수입,E-클래스,004,E-클래스 W213,W213,16~24,encar,가솔린,2.0,False,,5,,,E250 AMG Line,,False,False
mf-013.md-004.sm-w213.pw-가솔린-2-0.tr-e250-익스클루시브,벤츠,013,수입,E-클래스,004,E-클래스 W213,W213,16~24,encar,가솔린,2.0,False,,5,,,E250 익스클루시브,,False,False
mf-013.md-004.sm-w213.pw-가솔린-2-0.tr-e300-아방가르드,벤츠,013,수입,E-클래스,004,E-클래스 W213,W213,16~24,encar,가솔린,2.0,False,,5,,,E300 아방가르드,,False,False
mf-013.md-004.sm-w213.pw-가솔린-2-0.tr-e300-amg-line,벤츠,013,수입,E-클래스,004,E-클래스 W213,W213,16~24,encar,가솔린,2.0,False,,5,,,E300 AMG Line,8810,False,False
mf-013.md-004.sm-w213.pw-가솔린-2-0.tr-e300-익스클루시브,벤츠,013,수입,E-클래스,004,E-클래스 W213,W213,16~24,encar,가솔린,2.0,False,,5,,,E300 익스클루시브,8990,False,False
mf-013.md-004.sm-w213.pw-디젤-1-9.tr-e220d-쿠페,벤츠,013,수입,E-클래스,004,E-클래스 W213,W213,16~24,encar,디젤,1.9,False,,4,,,E220d 쿠페,,False,False
mf-013.md-004.sm-w213.pw-디젤-1-9.tr-e220d-카브리올레,벤츠,013,수입,E-클래스,004,E-클래스 W213,W213,16~24,encar,디젤,1.9,False,,4,,,E220d 카브리올레,,False,False
mf-013.md-004.sm-w213.pw-가솔린-2-0-4matic.tr-e300-아방가르드,벤츠,013,수입,E-클래스,004,E-클래스 W213,W213,16~24,encar,가솔린,2.0,False,4MATIC,5,,,E300 아방가르드,,False,False
mf-013.md-004.sm-w213.pw-가솔린-2-0-4matic.tr-e300-amg-line,벤츠,013,수입,E-클래스,004,E-클래스 W213,W213,16~24,encar,가솔린,2.0,False,4MATIC,5,,,E300 AMG Line,8810,False,False
mf-013.md-004.sm-w213.pw-가솔린-2-0-4matic.tr-e300-익스클루시브,벤츠,013,수입,E-클래스,004,E-클래스 W213,W213,16~24,encar,가솔린,2.0,False,4MATIC,5,,,E300 익스클루시브,8990,False,False
mf-013.md-004.sm-w213.pw-가솔린-2-0-4matic.tr-e300-익스클루시브-스탠다드,벤츠,013,수입,E-클래스,004,E-클래스 W213,W213,16~24,encar,가솔린,2.0,False,4MATIC,5,,,E300 익스클루시브 스탠다드,,False,True
mf-013.md-004.sm-w213.pw-가솔린-2-0-4matic.tr-e350-아방가르드,벤츠,013,수입,E-클래스,004,E-클래스 W213,W213,16~24,encar,가솔린,2.0,False,4MATIC,5,,,E350 아방가르드,,False,False
mf-013.md-004.sm-w213.pw-가솔린-2-0-4matic.tr-e350-amg-line,벤츠,013,수입,E-클래스,004,E-클래스 W213,W213,16~24,encar,가솔린,2.0,False,4MATIC,5,,,E350 AMG Line,,False,False
mf-013.md-004.sm-w213.pw-가솔린-2-0-4matic.tr-e350-amg-line-에디션,벤츠,013,수입,E-클래스,004,E-클래스 W213,W213,16~24,encar,가솔린,2.0,False,4MATIC,5,,,E350 AMG Line 에디션,,False,True
mf-013.md-004.sm-w213.pw-가솔린-2-0-4matic.tr-e350-익스클루시브,벤츠,013,수입,E-클래스,004,E-클래스 W213,W213,16~24,encar,가솔린,2.0,False,4MATIC,5,,,E350 익스클루시브,,False,False
mf-013.md-004.sm-w213.pw-가솔린-3-0-4matic.tr-e450-카브리올레,벤츠,013,수입,E-클래스,004,E-클래스 W213,W213,16~24,encar,가솔린,3.0,False,4MATIC,4,,,E450 카브리올레,,False,False
mf-013.md-004.sm-w213.pw-가솔린-3-0-4matic.tr-mercedes-amg-e53-4matic-쿠페,벤츠,013,수입,E-클래스,004,E-클래스 W213,W213,16~24,encar,가솔린,3.0,False,4MATIC,4,,,Mercedes-AMG E53 4MATIC+ 쿠페,,False,False
mf-013.md-004.sm-w213.pw-디젤-1-9-4matic.tr-e220d-아방가르드,벤츠,013,수입,E-클래스,004,E-클래스 W213,W213,16~24,encar,디젤,1.9,False,4MATIC,5,,,E220d 아방가르드,,False,False
mf-013.md-004.sm-w213.pw-디젤-1-9-4matic.tr-e220d-amg-line,벤츠,013,수입,E-클래스,004,E-클래스 W213,W213,16~24,encar,디젤,1.9,False,4MATIC,5,,,E220d AMG Line,,False,False
mf-013.md-004.sm-w213.pw-디젤-1-9-4matic.tr-e220d-익스클루시브,벤츠,013,수입,E-클래스,004,E-클래스 W213,W213,16~24,encar,디젤,1.9,False,4MATIC,5,,,E220d 익스클루시브,,False,False
mf-013.md-004.sm-w213.pw-디젤-1-9.tr-e220d-아방가르드,벤츠,013,수입,E-클래스,004,E-클래스 W213,W213,16~24,encar,디젤,1.9,False,,5,,,E220d 아방가르드,,False,False
mf-013.md-004.sm-w213.pw-디젤-1-9.tr-e220d-익스클루시브,벤츠,013,수입,E-클래스,004,E-클래스 W213,W213,16~24,encar,디젤,1.9,False,,5,,,E220d 익스클루시브,,False,False
mf-013.md-004.sm-w213.pw-디젤-3-0.tr-e350d,벤츠,013,수입,E-클래스,004,E-클래스 W213,W213,16~24,encar,디젤,3.0,False,,5,,,E350d,,False,False
mf-013.md-004.sm-w213.pw-하이브리드-2-0-4matic.tr-e300e-익스클루시브,벤츠,013,수입,E-클래스,004,E-클래스 W213,W213,16~24,encar,하이브리드,2.0,False,4MATIC,5,,,E300e 익스클루시브,,False,False
mf-013.md-004.sm-w213.pw-가솔린-3-0-4matic.tr-e400-익스클루시브,벤츠,013,수입,E-클래스,004,E-클래스 W213,W213,16~24,encar,가솔린,3.0,False,4MATIC,5,,,E400 익스클루시브,,False,False
mf-013.md-004.sm-w213.pw-가솔린-3-0-4matic.tr-e450-익스클루시브,벤츠,013,수입,E-클래스,004,E-클래스 W213,W213,16~24,encar,가솔린,3.0,False,4MATIC,5,,,E450 익스클루시브,,False,False
mf-013.md-004.sm-w213.pw-가솔린-3-0-4matic.tr-e53-amg-4matic-mercedes-amg-e53,벤츠,013,수입,E-클래스,004,E-클래스 W213,W213,16~24,encar,가솔린,3.0,False,4MATIC,5,,,E53 AMG 4MATIC+ (Mercedes-AMG E53),,False,False
mf-013.md-004.sm-w212.pw-가솔린-3-5.tr-e300-엘레강스,벤츠,013,수입,E-클래스,004,E-클래스 W212,W212,09~17,encar,가솔린,3.5,False,,5,,,E300 엘레강스,,False,False
mf-013.md-004.sm-w212.pw-가솔린-3-5.tr-e300-아방가르드,벤츠,013,수입,E-클래스,004,E-클래스 W212,W212,09~17,encar,가솔린,3.5,False,,5,,,E300 아방가르드,,False,False
mf-013.md-004.sm-w212.pw-가솔린-3-5.tr-e350,벤츠,013,수입,E-클래스,004,E-클래스 W212,W212,09~17,encar,가솔린,3.5,False,,5,,,E350,,False,False
mf-013.md-004.sm-w212.pw-디젤-3-0-4matic.tr-e350-bluetec,벤츠,013,수입,E-클래스,004,E-클래스 W212,W212,09~17,encar,디젤,3.0,False,4MATIC,5,,,E350 BlueTEC,,False,False
mf-013.md-004.sm-w212.pw-디젤-2-1-4matic.tr-e250-cdi-디젤,벤츠,013,수입,E-클래스,004,E-클래스 W212,W212,09~17,encar,디젤,2.1,False,4MATIC,5,,,E250 CDI (디젤),,False,False
mf-013.md-004.sm-w212.pw-디젤-2-1-4matic.tr-e250-bluetec-아방가르드,벤츠,013,수입,E-클래스,004,E-클래스 W212,W212,09~17,encar,디젤,2.1,False,4MATIC,5,,,E250 BlueTEC 아방가르드,,False,False
mf-013.md-004.sm-w212.pw-가솔린-3-5.tr-e350-쿠페,벤츠,013,수입,E-클래스,004,E-클래스 W212,W212,09~17,encar,가솔린,3.5,False,,4,,,E350 쿠페,,False,False
mf-013.md-004.sm-w212.pw-가솔린-3-5.tr-e350-카브리올레,벤츠,013,수입,E-클래스,004,E-클래스 W212,W212,09~17,encar,가솔린,3.5,False,,4,,,E350 카브리올레,,False,False
mf-013.md-004.sm-w212.pw-가솔린-6-2.tr-mercedes-amg-e63-amg-e63,벤츠,013,수입,E-클래스,004,E-클래스 W212,W212,09~17,encar,가솔린,6.2,False,,5,,,Mercedes-AMG E63 (AMG E63),,False,False
mf-013.md-004.sm-w212.pw-디젤-2-1.tr-e220-cdi-아방가르드-디젤,벤츠,013,수입,E-클래스,004,E-클래스 W212,W212,09~17,encar,디젤,2.1,False,,5,,,E220 CDI 아방가르드 (디젤),,False,False
mf-013.md-004.sm-w212.pw-디젤-2-1.tr-e220-bluetec-아방가르드,벤츠,013,수입,E-클래스,004,E-클래스 W212,W212,09~17,encar,디젤,2.1,False,,5,,,E220 BlueTEC 아방가르드,,False,False
mf-013.md-004.sm-w212.pw-디젤-2-1.tr-e220-블루텍-아방가르드-스포츠,벤츠,013,수입,E-클래스,004,E-클래스 W212,W212,09~17,encar,디젤,2.1,False,,5,,,E220 블루텍 아방가르드 스포츠,,False,False
mf-013.md-004.sm-w212.pw-가솔린-3-5-4matic.tr-e300-아방가르드,벤츠,013,수입,E-클래스,004,E-클래스 W212,W212,09~17,encar,가솔린,3.5,False,4MATIC,5,,,E300 아방가르드,,False,False
mf-013.md-004.sm-w212.pw-가솔린-3-5-4matic.tr-e350-아방가르드,벤츠,013,수입,E-클래스,004,E-클래스 W212,W212,09~17,encar,가솔린,3.5,False,4MATIC,5,,,E350 아방가르드,,False,False
mf-013.md-004.sm-w212.pw-가솔린-2-0.tr-e200-엘레강스,벤츠,013,수입,E-클래스,004,E-클래스 W212,W212,09~17,encar,가솔린,2.0,False,,5,,,E200 엘레강스,,False,False
mf-013.md-004.sm-w212.pw-가솔린-2-0.tr-e200-아방가르드,벤츠,013,수입,E-클래스,004,E-클래스 W212,W212,09~17,encar,가솔린,2.0,False,,5,,,E200 아방가르드,,False,False
mf-013.md-004.sm-w212.pw-가솔린-2-0.tr-e200-쿠페,벤츠,013,수입,E-클래스,004,E-클래스 W212,W212,09~17,encar,가솔린,2.0,False,,4,,,E200 쿠페,,False,False
mf-013.md-004.sm-w212.pw-가솔린-2-0.tr-e200-카브리올레,벤츠,013,수입,E-클래스,004,E-클래스 W212,W212,09~17,encar,가솔린,2.0,False,,4,,,E200 카브리올레,,False,False
mf-013.md-004.sm-w212.pw-가솔린-3-0-4matic.tr-e400,벤츠,013,수입,E-클래스,004,E-클래스 W212,W212,09~17,encar,가솔린,3.0,False,4MATIC,5,,,E400,,False,False
mf-013.md-004.sm-w212.pw-가솔린-1-8.tr-e200-cgi-직분사-가솔린,벤츠,013,수입,E-클래스,004,E-클래스 W212,W212,09~17,encar,가솔린,1.8,False,,5,,,E200 CGI (직분사 가솔린),,False,False
mf-013.md-004.sm-w212.pw-가솔린-1-8.tr-e200-cgi-아방가르드,벤츠,013,수입,E-클래스,004,E-클래스 W212,W212,09~17,encar,가솔린,1.8,False,,5,,,E200 CGI 아방가르드,,False,False
mf-013.md-004.sm-w212.pw-가솔린-3-0.tr-e400-쿠페,벤츠,013,수입,E-클래스,004,E-클래스 W212,W212,09~17,encar,가솔린,3.0,False,,4,,,E400 쿠페,,False,False
mf-013.md-004.sm-w212.pw-가솔린-3-0.tr-e400-카브리올레,벤츠,013,수입,E-클래스,004,E-클래스 W212,W212,09~17,encar,가솔린,3.0,False,,4,,,E400 카브리올레,,False,False
mf-013.md-004.sm-w211.pw-가솔린-1-8.tr-e200-kompressor-이그제큐티브,벤츠,013,수입,E-클래스,004,E-클래스 W211,W211,02~09,encar,가솔린,1.8,False,,5,,,E200 Kompressor 이그제큐티브,,False,False
mf-013.md-004.sm-w211.pw-가솔린-1-8.tr-e200-kompressor-아방가르드,벤츠,013,수입,E-클래스,004,E-클래스 W211,W211,02~09,encar,가솔린,1.8,False,,5,,,E200 Kompressor 아방가르드,,False,False
mf-013.md-004.sm-w211.pw-가솔린-3-0.tr-e280-엘레강스,벤츠,013,수입,E-클래스,004,E-클래스 W211,W211,02~09,encar,가솔린,3.0,False,,5,,,E280 엘레강스,,False,False
mf-013.md-004.sm-w211.pw-가솔린-3-0.tr-e280-아방가르드,벤츠,013,수입,E-클래스,004,E-클래스 W211,W211,02~09,encar,가솔린,3.0,False,,5,,,E280 아방가르드,,False,False
mf-013.md-004.sm-w211.pw-가솔린-3-5.tr-e350,벤츠,013,수입,E-클래스,004,E-클래스 W211,W211,02~09,encar,가솔린,3.5,False,,5,,,E350,,False,False
mf-013.md-004.sm-w211.pw-가솔린-3-2.tr-e320,벤츠,013,수입,E-클래스,004,E-클래스 W211,W211,02~09,encar,가솔린,3.2,False,,5,,,E320,,False,False
mf-013.md-004.sm-w211.pw-가솔린-3-5-4matic.tr-e350,벤츠,013,수입,E-클래스,004,E-클래스 W211,W211,02~09,encar,가솔린,3.5,False,4MATIC,5,,,E350,,False,False
mf-013.md-004.sm-w211.pw-가솔린-2-6.tr-e240-아방가르드,벤츠,013,수입,E-클래스,004,E-클래스 W211,W211,02~09,encar,가솔린,2.6,False,,5,,,E240 아방가르드,,False,False
mf-013.md-004.sm-w211.pw-가솔린-5-4.tr-mercedes-amg-e55-amg-e55,벤츠,013,수입,E-클래스,004,E-클래스 W211,W211,02~09,encar,가솔린,5.4,False,,,,,Mercedes-AMG E55 (AMG E55),,False,False
mf-013.md-004.sm-w211.pw-가솔린-5-0.tr-e500,벤츠,013,수입,E-클래스,004,E-클래스 W211,W211,02~09,encar,가솔린,5.0,False,,5,,,E500,,False,False
mf-013.md-004.sm-w211.pw-가솔린-6-2.tr-mercedes-amg-e63-amg-e63,벤츠,013,수입,E-클래스,004,E-클래스 W211,W211,02~09,encar,가솔린,6.2,False,,,,,Mercedes-AMG E63 (AMG E63),,False,False
mf-013.md-004.sm-w210.pw-가솔린-2-0.tr-e200,벤츠,013,수입,E-클래스,004,E-클래스 W210,W210,95~02,encar,가솔린,2.0,False,,5,,,E200,6960,False,False
mf-013.md-004.sm-w210.pw-가솔린-2-0.tr-e200-kompressor,벤츠,013,수입,E-클래스,004,E-클래스 W210,W210,95~02,encar,가솔린,2.0,False,,5,,,E200 Kompressor,,False,False
mf-013.md-004.sm-w210.pw-가솔린-2-4.tr-e240,벤츠,013,수입,E-클래스,004,E-클래스 W210,W210,95~02,encar,가솔린,2.4,False,,5,,,E240,,False,False
mf-013.md-004.sm-w210.pw-가솔린-2-8.tr-e280,벤츠,013,수입,E-클래스,004,E-클래스 W210,W210,95~02,encar,가솔린,2.8,False,,,,,E280,,False,False
mf-013.md-004.sm-w210.pw-가솔린-5-5.tr-mercedes-amg-e55-amg-e55,벤츠,013,수입,E-클래스,004,E-클래스 W210,W210,95~02,encar,가솔린,5.5,False,,5,,,Mercedes-AMG E55 (AMG E55),,False,False
mf-013.md-004.sm-w124.pw-가솔린-2-2.tr-e220,벤츠,013,수입,E-클래스,004,E-클래스 W124,W124,84~95,encar,가솔린,2.2,False,,5,,,E220,,False,False
mf-013.md-004.sm-w124.pw-가솔린-3-2.tr-e300,벤츠,013,수입,E-클래스,004,E-클래스 W124,W124,84~95,encar,가솔린,3.2,False,,,,,E300,8260,False,False
mf-013.md-004.sm-w124.pw-가솔린-2-0.tr-e200,벤츠,013,수입,E-클래스,004,E-클래스 W124,W124,84~95,encar,가솔린,2.0,False,,,,,E200,6960,False,False
mf-013.md-005.sm-w223.pw-디젤-2-9.tr-s350d,벤츠,013,수입,S-클래스,005,S-클래스 W223,W223,21~현재,encar,디젤,2.9,False,,5,,,S350d,11900,False,False
mf-013.md-005.sm-w223.pw-디젤-2-9-4matic.tr-s400d,벤츠,013,수입,S-클래스,005,S-클래스 W223,W223,21~현재,encar,디젤,2.9,False,4MATIC,5,,,S400d,14000,False,False
mf-013.md-005.sm-w223.pw-가솔린-3-0-4matic.tr-s450l,벤츠,013,수입,S-클래스,005,S-클래스 W223,W223,21~현재,encar,가솔린,3.0,False,4MATIC,5,,,S450L,15000,False,False
mf-013.md-005.sm-w223.pw-가솔린-3-0-4matic.tr-s500l,벤츠,013,수입,S-클래스,005,S-클래스 W223,W223,21~현재,encar,가솔린,3.0,False,4MATIC,5,,,S500L,17000,False,False
mf-013.md-005.sm-w223.pw-가솔린-4-0-4matic.tr-s580l,벤츠,013,수입,S-클래스,005,S-클래스 W223,W223,21~현재,encar,가솔린,4.0,False,4MATIC,5,,,S580L,21500,False,False
mf-013.md-005.sm-w223.pw-가솔린-4-0-4matic.tr-마이바흐-s580,벤츠,013,수입,S-클래스,005,S-클래스 W223,W223,21~현재,encar,가솔린,4.0,False,4MATIC,5,,,마이바흐 S580,27000,False,False
mf-013.md-005.sm-w223.pw-가솔린-6-0-4matic.tr-마이바흐-s680,벤츠,013,수입,S-클래스,005,S-클래스 W223,W223,21~현재,encar,가솔린,6.0,False,4MATIC,4,,,마이바흐 S680,38000,False,False
mf-013.md-005.sm-w223.pw-하이브리드-3-0-4matic.tr-s580e,벤츠,013,수입,S-클래스,005,S-클래스 W223,W223,21~현재,encar,하이브리드,3.0,False,4MATIC,5,,,S580e,22000,False,False
mf-013.md-005.sm-w223.pw-디젤-3-0-4matic.tr-s350d,벤츠,013,수입,S-클래스,005,S-클래스 W223,W223,21~현재,encar,디젤,3.0,False,4MATIC,5,,,S350d,11900,False,False
mf-013.md-005.sm-w223.pw-디젤-3-0-4matic.tr-s450d,벤츠,013,수입,S-클래스,005,S-클래스 W223,W223,21~현재,encar,디젤,3.0,False,4MATIC,5,,,S450d,15500,False,False
mf-013.md-005.sm-w223.pw-디젤-3-0-4matic.tr-s450d-amg-line,벤츠,013,수입,S-클래스,005,S-클래스 W223,W223,21~현재,encar,디젤,3.0,False,4MATIC,5,,,S450d AMG Line,16000,False,False
mf-013.md-005.sm-w222.pw-가솔린-3-0-4matic.tr-s400-쿠페,벤츠,013,수입,S-클래스,005,S-클래스 W222,W222,13~21,encar,가솔린,3.0,False,4MATIC,4,,,S400 쿠페,13500,False,False
mf-013.md-005.sm-w222.pw-가솔린-6-0.tr-s65-amg,벤츠,013,수입,S-클래스,005,S-클래스 W222,W222,13~21,encar,가솔린,6.0,False,,5,,,S65 AMG,30000,False,False
mf-013.md-005.sm-w222.pw-가솔린-6-0.tr-마이바흐-s600,벤츠,013,수입,S-클래스,005,S-클래스 W222,W222,13~21,encar,가솔린,6.0,False,,5,,,마이바흐 S600,29000,False,False
mf-013.md-005.sm-w222.pw-가솔린-6-0.tr-마이바흐-s650,벤츠,013,수입,S-클래스,005,S-클래스 W222,W222,13~21,encar,가솔린,6.0,False,,5,,,마이바흐 S650,32000,False,False
mf-013.md-005.sm-w222.pw-디젤-3-0-4matic.tr-s350-bluetec,벤츠,013,수입,S-클래스,005,S-클래스 W222,W222,13~21,encar,디젤,3.0,False,4MATIC,5,,,S350 BlueTEC,10800,False,False
mf-013.md-005.sm-w222.pw-디젤-3-0-4matic.tr-s350l-bluetec,벤츠,013,수입,S-클래스,005,S-클래스 W222,W222,13~21,encar,디젤,3.0,False,4MATIC,5,,,S350L BlueTEC,11800,False,False
mf-013.md-005.sm-w222.pw-디젤-3-0-4matic.tr-s350d,벤츠,013,수입,S-클래스,005,S-클래스 W222,W222,13~21,encar,디젤,3.0,False,4MATIC,5,,,S350d,11900,False,False
mf-013.md-005.sm-w222.pw-디젤-3-0-4matic.tr-s350ld,벤츠,013,수입,S-클래스,005,S-클래스 W222,W222,13~21,encar,디젤,3.0,False,4MATIC,5,,,S350Ld,12300,False,False
mf-013.md-005.sm-w222.pw-가솔린-4-7-4matic.tr-s500l,벤츠,013,수입,S-클래스,005,S-클래스 W222,W222,13~21,encar,가솔린,4.7,False,4MATIC,4,,,S500L,17000,False,False
mf-013.md-005.sm-w222.pw-가솔린-4-7.tr-s500l,벤츠,013,수입,S-클래스,005,S-클래스 W222,W222,13~21,encar,가솔린,4.7,False,,5,,,S500L,17000,False,False
mf-013.md-005.sm-w222.pw-가솔린-4-7.tr-마이바흐-s500,벤츠,013,수입,S-클래스,005,S-클래스 W222,W222,13~21,encar,가솔린,4.7,False,,5,,,마이바흐 S500,22000,False,False
mf-013.md-005.sm-w222.pw-가솔린-4-0-4matic.tr-s560l,벤츠,013,수입,S-클래스,005,S-클래스 W222,W222,13~21,encar,가솔린,4.0,False,4MATIC,5,,,S560L,20000,False,False
mf-013.md-005.sm-w222.pw-가솔린-4-0-4matic.tr-s63-amg-4matic,벤츠,013,수입,S-클래스,005,S-클래스 W222,W222,13~21,encar,가솔린,4.0,False,4MATIC,5,,,S63 AMG 4MATIC+,25500,False,False
mf-013.md-005.sm-w222.pw-가솔린-4-0-4matic.tr-s63-amg-4matic-퍼포먼스-에디션,벤츠,013,수입,S-클래스,005,S-클래스 W222,W222,13~21,encar,가솔린,4.0,False,4MATIC,5,,,S63 AMG 4MATIC+ 퍼포먼스 에디션,28000,False,True
mf-013.md-005.sm-w222.pw-가솔린-4-0-4matic.tr-마이바흐-s560,벤츠,013,수입,S-클래스,005,S-클래스 W222,W222,13~21,encar,가솔린,4.0,False,4MATIC,5,,,마이바흐 S560,24000,False,False
mf-013.md-005.sm-w222.pw-가솔린-4-0-4matic.tr-s63-amg-4matic-쿠페,벤츠,013,수입,S-클래스,005,S-클래스 W222,W222,13~21,encar,가솔린,4.0,False,4MATIC,4,,,S63 AMG 4MATIC+ 쿠페,26000,False,False
mf-013.md-005.sm-w222.pw-가솔린-3-0-4matic.tr-s400l,벤츠,013,수입,S-클래스,005,S-클래스 W222,W222,13~21,encar,가솔린,3.0,False,4MATIC,5,,,S400L,13800,False,False
mf-013.md-005.sm-w222.pw-가솔린-3-0-4matic.tr-s450l,벤츠,013,수입,S-클래스,005,S-클래스 W222,W222,13~21,encar,가솔린,3.0,False,4MATIC,5,,,S450L,15000,False,False
mf-013.md-005.sm-w222.pw-가솔린-5-0-4matic.tr-s550l,벤츠,013,수입,S-클래스,005,S-클래스 W222,W222,13~21,encar,가솔린,5.0,False,4MATIC,5,,,S550L,19000,False,False
mf-013.md-005.sm-w222.pw-하이브리드-3-0.tr-s560e-l,벤츠,013,수입,S-클래스,005,S-클래스 W222,W222,13~21,encar,하이브리드,3.0,False,,5,,,S560e L,20500,False,False
mf-013.md-005.sm-w222.pw-디젤-2-9-4matic.tr-s350d-amg-line,벤츠,013,수입,S-클래스,005,S-클래스 W222,W222,13~21,encar,디젤,2.9,False,4MATIC,5,,,S350d AMG Line,13000,False,False
mf-013.md-005.sm-w222.pw-디젤-2-9-4matic.tr-s400ld,벤츠,013,수입,S-클래스,005,S-클래스 W222,W222,13~21,encar,디젤,2.9,False,4MATIC,5,,,S400Ld,14500,False,False
mf-013.md-005.sm-w222.pw-가솔린-3-0.tr-s350l,벤츠,013,수입,S-클래스,005,S-클래스 W222,W222,13~21,encar,가솔린,3.0,False,,5,,,S350L,11500,False,False
mf-013.md-005.sm-w222.pw-가솔린-3-0.tr-s400l,벤츠,013,수입,S-클래스,005,S-클래스 W222,W222,13~21,encar,가솔린,3.0,False,,5,,,S400L,13800,False,False
mf-013.md-005.sm-w222.pw-가솔린-3-0.tr-s450l,벤츠,013,수입,S-클래스,005,S-클래스 W222,W222,13~21,encar,가솔린,3.0,False,,5,,,S450L,15000,False,False
mf-013.md-005.sm-w222.pw-가솔린-5-5-4matic.tr-s63-amg,벤츠,013,수입,S-클래스,005,S-클래스 W222,W222,13~21,encar,가솔린,5.5,False,4MATIC,5,,,S63 AMG,24000,False,False
mf-013.md-005.sm-w222.pw-디젤-3-0.tr-s350-bluetec,벤츠,013,수입,S-클래스,005,S-클래스 W222,W222,13~21,encar,디젤,3.0,False,,5,,,S350 BlueTEC,10800,False,False
mf-013.md-005.sm-w222.pw-디젤-3-0.tr-s350l-bluetec,벤츠,013,수입,S-클래스,005,S-클래스 W222,W222,13~21,encar,디젤,3.0,False,,5,,,S350L BlueTEC,11800,False,False
mf-013.md-005.sm-w222.pw-가솔린-4-7-4matic.tr-마이바흐-s500,벤츠,013,수입,S-클래스,005,S-클래스 W222,W222,13~21,encar,가솔린,4.7,False,4MATIC,5,,,마이바흐 S500,22000,False,False
mf-013.md-005.sm-w222.pw-디젤-2-9.tr-s350d,벤츠,013,수입,S-클래스,005,S-클래스 W222,W222,13~21,encar,디젤,2.9,False,,5,,,S350d,11900,False,False
mf-013.md-005.sm-w222.pw-가솔린-6-0.tr-마이바흐-s650-풀만,벤츠,013,수입,S-클래스,005,S-클래스 W222,W222,13~21,encar,가솔린,6.0,False,,6,,,마이바흐 S650 풀만,60000,False,True
mf-013.md-005.sm-w222.pw-가솔린-5-5-4matic.tr-s63-amg-쿠페,벤츠,013,수입,S-클래스,005,S-클래스 W222,W222,13~21,encar,가솔린,5.5,False,4MATIC,4,,,S63 AMG 쿠페,24500,False,False
mf-013.md-005.sm-w221.pw-가솔린-5-5-4matic.tr-s500l,벤츠,013,수입,S-클래스,005,S-클래스 W221,W221,05~13,encar,가솔린,5.5,False,4MATIC,5,,,S500L,17000,False,False
mf-013.md-005.sm-w221.pw-가솔린-5-5-4matic.tr-s550,벤츠,013,수입,S-클래스,005,S-클래스 W221,W221,05~13,encar,가솔린,5.5,False,4MATIC,5,,,S550,18000,False,False
mf-013.md-005.sm-w221.pw-가솔린-5-5-4matic.tr-s550l,벤츠,013,수입,S-클래스,005,S-클래스 W221,W221,05~13,encar,가솔린,5.5,False,4MATIC,5,,,S550L,19000,False,False
mf-013.md-005.sm-w221.pw-디젤-3-0.tr-s320-cdi,벤츠,013,수입,S-클래스,005,S-클래스 W221,W221,05~13,encar,디젤,3.0,False,,5,,,S320 CDI,9500,False,False
mf-013.md-005.sm-w221.pw-디젤-3-0.tr-s350-cdi,벤츠,013,수입,S-클래스,005,S-클래스 W221,W221,05~13,encar,디젤,3.0,False,,5,,,S350 CDI,10500,False,False
mf-013.md-005.sm-w221.pw-디젤-3-0.tr-s350-bluetec,벤츠,013,수입,S-클래스,005,S-클래스 W221,W221,05~13,encar,디젤,3.0,False,,5,,,S350 BlueTEC,10800,False,False
mf-013.md-005.sm-w221.pw-가솔린-5-5.tr-s550l,벤츠,013,수입,S-클래스,005,S-클래스 W221,W221,05~13,encar,가솔린,5.5,False,,,,,S550L,19000,False,False
mf-013.md-005.sm-w221.pw-가솔린-6-2.tr-s63l-amg,벤츠,013,수입,S-클래스,005,S-클래스 W221,W221,05~13,encar,가솔린,6.2,False,,5,,,S63L AMG,25000,False,False
mf-013.md-005.sm-w221.pw-가솔린-3-5.tr-s350l,벤츠,013,수입,S-클래스,005,S-클래스 W221,W221,05~13,encar,가솔린,3.5,False,,5,,,S350L,11500,False,False
mf-013.md-005.sm-w221.pw-가솔린-3-5.tr-s350l-blueefficiency,벤츠,013,수입,S-클래스,005,S-클래스 W221,W221,05~13,encar,가솔린,3.5,False,,5,,,S350L BlueEFFICIENCY,11500,False,False
mf-013.md-005.sm-w221.pw-가솔린-3-5.tr-s350l-익스클루시브,벤츠,013,수입,S-클래스,005,S-클래스 W221,W221,05~13,encar,가솔린,3.5,False,,5,,,S350L 익스클루시브,12800,False,False
mf-013.md-005.sm-w221.pw-하이브리드-3-5.tr-s400l,벤츠,013,수입,S-클래스,005,S-클래스 W221,W221,05~13,encar,하이브리드,3.5,False,,5,,,S400L,13800,False,False
mf-013.md-005.sm-w221.pw-가솔린-5-5.tr-s500l,벤츠,013,수입,S-클래스,005,S-클래스 W221,W221,05~13,encar,가솔린,5.5,False,,5,,,S500L,17000,False,False
mf-013.md-005.sm-w221.pw-가솔린-5-5.tr-s500l-amg-스포츠-패키지,벤츠,013,수입,S-클래스,005,S-클래스 W221,W221,05~13,encar,가솔린,5.5,False,,5,,,S500L AMG 스포츠 패키지,17800,False,False
mf-013.md-005.sm-w221.pw-가솔린-5-5.tr-s550,벤츠,013,수입,S-클래스,005,S-클래스 W221,W221,05~13,encar,가솔린,5.5,False,,5,,,S550,18000,False,False
mf-013.md-005.sm-w221.pw-가솔린-5-5.tr-s550v,벤츠,013,수입,S-클래스,005,S-클래스 W221,W221,05~13,encar,가솔린,5.5,False,,5,,,S550V,19500,False,False
mf-013.md-005.sm-w221.pw-가솔린-5-5.tr-s600l,벤츠,013,수입,S-클래스,005,S-클래스 W221,W221,05~13,encar,가솔린,5.5,False,,5,,,S600L,23000,False,False
mf-013.md-005.sm-w221.pw-가솔린-6-0.tr-s65-amg,벤츠,013,수입,S-클래스,005,S-클래스 W221,W221,05~13,encar,가솔린,6.0,False,,,,,S65 AMG,30000,False,False
mf-013.md-005.sm-w221.pw-가솔린-4-7.tr-s500l-blueefficiency,벤츠,013,수입,S-클래스,005,S-클래스 W221,W221,05~13,encar,가솔린,4.7,False,,5,,,S500L BlueEFFICIENCY,17000,False,False
mf-013.md-005.sm-w221.pw-가솔린-4-7.tr-s500l-디자이노-에디션,벤츠,013,수입,S-클래스,005,S-클래스 W221,W221,05~13,encar,가솔린,4.7,False,,5,,,S500L 디자이노 에디션,18500,False,True
mf-013.md-005.sm-w221.pw-가솔린-3-5.tr-s350,벤츠,013,수입,S-클래스,005,S-클래스 W221,W221,05~13,encar,가솔린,3.5,False,,0,,,S350,10500,False,False
mf-013.md-005.sm-w221.pw-가솔린-4-7-4matic.tr-s500l-blueefficiency,벤츠,013,수입,S-클래스,005,S-클래스 W221,W221,05~13,encar,가솔린,4.7,False,4MATIC,5,,,S500L BlueEFFICIENCY,17000,False,False
mf-013.md-005.sm-w221.pw-가솔린-4-7-4matic.tr-s500l-디자이노-에디션,벤츠,013,수입,S-클래스,005,S-클래스 W221,W221,05~13,encar,가솔린,4.7,False,4MATIC,5,,,S500L 디자이노 에디션,18500,False,True
mf-013.md-005.sm-w140.pw-가솔린-5-0.tr-세대코드-트림-아님,벤츠,013,수입,S-클래스,005,S-클래스 W140,W140,93~06,encar,가솔린,5.0,False,,5,,,(세대코드: 트림 아님),0,False,False
mf-013.md-005.sm-w140.pw-가솔린-5-0.tr-세대코드-트림-아님,벤츠,013,수입,S-클래스,005,S-클래스 W140,W140,93~06,encar,가솔린,5.0,False,,5,,,(세대코드: 트림 아님),0,False,False
mf-013.md-005.sm-w140.pw-가솔린-3-2.tr-세대코드-트림-아님,벤츠,013,수입,S-클래스,005,S-클래스 W140,W140,93~06,encar,가솔린,3.2,False,,5,,,(세대코드: 트림 아님),0,False,False
mf-013.md-005.sm-w140.pw-가솔린-3-2.tr-세대코드-트림-아님,벤츠,013,수입,S-클래스,005,S-클래스 W140,W140,93~06,encar,가솔린,3.2,False,,5,,,(세대코드: 트림 아님),0,False,False
mf-013.md-005.sm-w140.pw-가솔린-5-0-4matic.tr-세대코드-트림-아님,벤츠,013,수입,S-클래스,005,S-클래스 W140,W140,93~06,encar,가솔린,5.0,False,4MATIC,5,,,(세대코드: 트림 아님),0,False,False
mf-013.md-005.sm-w140.pw-가솔린-5-8.tr-세대코드-트림-아님,벤츠,013,수입,S-클래스,005,S-클래스 W140,W140,93~06,encar,가솔린,5.8,False,,5,,,(세대코드: 트림 아님),0,False,False
mf-013.md-005.sm-w140.pw-가솔린-3-7.tr-세대코드-트림-아님,벤츠,013,수입,S-클래스,005,S-클래스 W140,W140,93~06,encar,가솔린,3.7,False,,5,,,(세대코드: 트림 아님),0,False,False
mf-013.md-005.sm-w140.pw-가솔린-4-2.tr-세대코드-트림-아님,벤츠,013,수입,S-클래스,005,S-클래스 W140,W140,93~06,encar,가솔린,4.2,False,,5,,,(세대코드: 트림 아님),0,False,False
mf-013.md-005.sm-w140.pw-가솔린-5-4.tr-세대코드-트림-아님,벤츠,013,수입,S-클래스,005,S-클래스 W140,W140,93~06,encar,가솔린,5.4,False,,5,,,(세대코드: 트림 아님),0,False,False
mf-013.md-034.sm-x254.pw-가솔린-2-0-4matic.tr-glc300-아방가르드,벤츠,013,수입,GLC-클래스,034,GLC-클래스 X254,X254,23~현재,encar,가솔린,2.0,False,4MATIC,5,,,GLC300 아방가르드,8140,False,False
mf-013.md-034.sm-x254.pw-가솔린-2-0-4matic.tr-glc300-쿠페,벤츠,013,수입,GLC-클래스,034,GLC-클래스 X254,X254,23~현재,encar,가솔린,2.0,False,4MATIC,5,,,GLC300 쿠페,8550,False,False
mf-013.md-034.sm-x254.pw-가솔린-2-0-4matic.tr-glc300-아방가르드-쿠페,벤츠,013,수입,GLC-클래스,034,GLC-클래스 X254,X254,23~현재,encar,가솔린,2.0,False,4MATIC,5,,,GLC300 아방가르드 쿠페,8550,False,False
mf-013.md-034.sm-x254.pw-가솔린-2-0-4matic.tr-glc300-amg-line,벤츠,013,수입,GLC-클래스,034,GLC-클래스 X254,X254,23~현재,encar,가솔린,2.0,False,4MATIC,5,,,GLC300 AMG Line,9140,False,False
mf-013.md-034.sm-x254.pw-가솔린-2-0-4matic.tr-amg-glc43,벤츠,013,수입,GLC-클래스,034,GLC-클래스 X254,X254,23~현재,encar,가솔린,2.0,False,4MATIC,5,,,AMG GLC43,10230,False,False
mf-013.md-034.sm-x254.pw-가솔린-2-0-4matic.tr-amg-glc43-쿠페,벤츠,013,수입,GLC-클래스,034,GLC-클래스 X254,X254,23~현재,encar,가솔린,2.0,False,4MATIC,5,,,AMG GLC43 쿠페,10690,False,False
mf-013.md-034.sm-x254.pw-디젤-2-0-4matic.tr-glc220d,벤츠,013,수입,GLC-클래스,034,GLC-클래스 X254,X254,23~현재,encar,디젤,2.0,False,4MATIC,5,,,GLC220d,6990,False,False
mf-013.md-034.sm-x253.pw-하이브리드-2-0-4matic.tr-glc300e,벤츠,013,수입,GLC-클래스,034,GLC-클래스 X253,X253,16~23,encar,하이브리드,2.0,False,4MATIC,5,,,GLC300e,6300,False,False
mf-013.md-034.sm-x253.pw-하이브리드-2-0-4matic.tr-glc300e-쿠페,벤츠,013,수입,GLC-클래스,034,GLC-클래스 X253,X253,16~23,encar,하이브리드,2.0,False,4MATIC,5,,,GLC300e 쿠페,6700,False,False
mf-013.md-034.sm-x253.pw-하이브리드-2-0-4matic.tr-glc350e,벤츠,013,수입,GLC-클래스,034,GLC-클래스 X253,X253,16~23,encar,하이브리드,2.0,False,4MATIC,5,,,GLC350e,6790,False,False
mf-013.md-034.sm-x253.pw-하이브리드-2-0-4matic.tr-glc350e-amg-line,벤츠,013,수입,GLC-클래스,034,GLC-클래스 X253,X253,16~23,encar,하이브리드,2.0,False,4MATIC,5,,,GLC350e AMG Line,7200,False,False
mf-013.md-034.sm-x253.pw-하이브리드-2-0-4matic.tr-glc350e-프리미엄,벤츠,013,수입,GLC-클래스,034,GLC-클래스 X253,X253,16~23,encar,하이브리드,2.0,False,4MATIC,5,,,GLC350e 프리미엄,7590,False,False
mf-013.md-034.sm-x253.pw-디젤-2-1-4matic.tr-glc220-d-프리미엄,벤츠,013,수입,GLC-클래스,034,GLC-클래스 X253,X253,16~23,encar,디젤,2.1,False,4MATIC,5,,,GLC220 d 프리미엄,7600,False,False
mf-013.md-034.sm-x253.pw-디젤-2-1-4matic.tr-glc220-d-프리미엄-쿠페,벤츠,013,수입,GLC-클래스,034,GLC-클래스 X253,X253,16~23,encar,디젤,2.1,False,4MATIC,5,,,GLC220 d 프리미엄 쿠페,8000,False,False
mf-013.md-034.sm-x253.pw-디젤-2-1-4matic.tr-glc250d,벤츠,013,수입,GLC-클래스,034,GLC-클래스 X253,X253,16~23,encar,디젤,2.1,False,4MATIC,5,,,GLC250d,7720,False,False
mf-013.md-034.sm-x253.pw-디젤-2-1-4matic.tr-glc250-d-쿠페,벤츠,013,수입,GLC-클래스,034,GLC-클래스 X253,X253,16~23,encar,디젤,2.1,False,4MATIC,5,,,GLC250 d 쿠페,8150,False,False
mf-013.md-034.sm-x253.pw-가솔린-2-0-4matic.tr-glc300-프리미엄-쿠페,벤츠,013,수입,GLC-클래스,034,GLC-클래스 X253,X253,16~23,encar,가솔린,2.0,False,4MATIC,,,,GLC300 프리미엄 쿠페,8900,False,False
mf-013.md-034.sm-x253.pw-디젤-1-9-4matic.tr-glc220d,벤츠,013,수입,GLC-클래스,034,GLC-클래스 X253,X253,16~23,encar,디젤,1.9,False,4MATIC,5,,,GLC220d,6990,False,False
mf-013.md-034.sm-x253.pw-디젤-1-9-4matic.tr-glc220-d-쿠페,벤츠,013,수입,GLC-클래스,034,GLC-클래스 X253,X253,16~23,encar,디젤,1.9,False,4MATIC,5,,,GLC220 d 쿠페,7400,False,False
mf-013.md-034.sm-x253.pw-가솔린-2-0-4matic.tr-glc300,벤츠,013,수입,GLC-클래스,034,GLC-클래스 X253,X253,16~23,encar,가솔린,2.0,False,4MATIC,5,,,GLC300,8140,False,False
mf-013.md-034.sm-x253.pw-가솔린-2-0-4matic.tr-glc300-프리미엄,벤츠,013,수입,GLC-클래스,034,GLC-클래스 X253,X253,16~23,encar,가솔린,2.0,False,4MATIC,5,,,GLC300 프리미엄,8500,False,False
mf-013.md-034.sm-x253.pw-가솔린-2-0-4matic.tr-glc300-쿠페,벤츠,013,수입,GLC-클래스,034,GLC-클래스 X253,X253,16~23,encar,가솔린,2.0,False,4MATIC,5,,,GLC300 쿠페,8550,False,False
mf-013.md-034.sm-x253.pw-가솔린-2-0-4matic.tr-glc300-amg-line,벤츠,013,수입,GLC-클래스,034,GLC-클래스 X253,X253,16~23,encar,가솔린,2.0,False,4MATIC,5,,,GLC300 AMG Line,9140,False,False
mf-013.md-034.sm-x253.pw-가솔린-2-0-4matic.tr-glc300-amg-line-쿠페,벤츠,013,수입,GLC-클래스,034,GLC-클래스 X253,X253,16~23,encar,가솔린,2.0,False,4MATIC,5,,,GLC300 AMG Line 쿠페,9570,False,False
mf-013.md-034.sm-x253.pw-가솔린-3-0-4matic.tr-amg-glc43,벤츠,013,수입,GLC-클래스,034,GLC-클래스 X253,X253,16~23,encar,가솔린,3.0,False,4MATIC,5,,,AMG GLC43,10230,False,False
mf-013.md-034.sm-x253.pw-가솔린-3-0-4matic.tr-amg-glc43-쿠페,벤츠,013,수입,GLC-클래스,034,GLC-클래스 X253,X253,16~23,encar,가솔린,3.0,False,4MATIC,5,,,AMG GLC43 쿠페,10690,False,False
mf-013.md-034.sm-x253.pw-가솔린-4-0-4matic.tr-amg-glc63-4matic,벤츠,013,수입,GLC-클래스,034,GLC-클래스 X253,X253,16~23,encar,가솔린,4.0,False,4MATIC,5,,,AMG GLC63 4MATIC+,14000,False,False
mf-013.md-034.sm-x253.pw-가솔린-4-0-4matic.tr-amg-glc63-s-4matic-쿠페,벤츠,013,수입,GLC-클래스,034,GLC-클래스 X253,X253,16~23,encar,가솔린,4.0,False,4MATIC,5,,,AMG GLC63 S 4MATIC+ 쿠페,15000,False,False
mf-013.md-034.sm-x253.pw-가솔린-2-0.tr-glc300,벤츠,013,수입,GLC-클래스,034,GLC-클래스 X253,X253,16~23,encar,가솔린,2.0,False,,5,,,GLC300,8140,False,False
mf-013.md-035.sm-w167.pw-디젤-2-9-4matic.tr-gle-400d-쿠페,벤츠,013,수입,GLE-클래스,035,GLE-클래스 W167,W167,19~현재,encar,디젤,2.9,False,4MATIC,5,,,GLE 400d 쿠페,13260,False,False
mf-013.md-035.sm-w167.pw-디젤-2-0-4matic.tr-gle-300d,벤츠,013,수입,GLE-클래스,035,GLE-클래스 W167,W167,19~현재,encar,디젤,2.0,False,4MATIC,5,,,GLE 300d,11780,False,False
mf-013.md-035.sm-w167.pw-가솔린-3-0-4matic.tr-gle-450,벤츠,013,수입,GLE-클래스,035,GLE-클래스 W167,W167,19~현재,encar,가솔린,3.0,False,4MATIC,5,,,GLE 450,12760,False,False
mf-013.md-035.sm-w167.pw-가솔린-3-0-4matic.tr-gle-450-amg-라인,벤츠,013,수입,GLE-클래스,035,GLE-클래스 W167,W167,19~현재,encar,가솔린,3.0,False,4MATIC,5,,,GLE 450 AMG 라인,13200,False,False
mf-013.md-035.sm-w167.pw-가솔린-3-0-4matic.tr-gle-450-쿠페,벤츠,013,수입,GLE-클래스,035,GLE-클래스 W167,W167,19~현재,encar,가솔린,3.0,False,4MATIC,5,,,GLE 450 쿠페,13300,False,False
mf-013.md-035.sm-w167.pw-가솔린-3-0-4matic.tr-amg-gle-53-4matic,벤츠,013,수입,GLE-클래스,035,GLE-클래스 W167,W167,19~현재,encar,가솔린,3.0,False,4MATIC,5,,,AMG GLE 53 4MATIC+,15500,False,False
mf-013.md-035.sm-w167.pw-가솔린-3-0-4matic.tr-amg-gle-53-4matic-쿠페,벤츠,013,수입,GLE-클래스,035,GLE-클래스 W167,W167,19~현재,encar,가솔린,3.0,False,4MATIC,5,,,AMG GLE 53 4MATIC+ 쿠페,15900,False,False
mf-013.md-035.sm-w167.pw-하이브리드-2-0-4matic.tr-gle-350e,벤츠,013,수입,GLE-클래스,035,GLE-클래스 W167,W167,19~현재,encar,하이브리드,2.0,False,4MATIC,5,,,GLE 350e,12200,False,False
mf-013.md-035.sm-w167.pw-하이브리드-2-0-4matic.tr-gle-350e-쿠페,벤츠,013,수입,GLE-클래스,035,GLE-클래스 W167,W167,19~현재,encar,하이브리드,2.0,False,4MATIC,5,,,GLE 350e 쿠페,12900,False,False
mf-013.md-035.sm-w167.pw-디젤-3-0-4matic.tr-gle-450d-쿠페,벤츠,013,수입,GLE-클래스,035,GLE-클래스 W167,W167,19~현재,encar,디젤,3.0,False,4MATIC,5,,,GLE 450d 쿠페,13700,False,False
mf-013.md-035.sm-w167.pw-가솔린-2-0-4matic.tr-gle-350,벤츠,013,수입,GLE-클래스,035,GLE-클래스 W167,W167,19~현재,encar,가솔린,2.0,False,4MATIC,5,,,GLE 350,11900,False,False
mf-013.md-035.sm-w167.pw-가솔린-4-0-4matic.tr-amg-gle-63-s-4matic-쿠페,벤츠,013,수입,GLE-클래스,035,GLE-클래스 W167,W167,19~현재,encar,가솔린,4.0,False,4MATIC,5,,,AMG GLE 63 S 4MATIC+ 쿠페,19550,False,False
mf-013.md-035.sm-w166.pw-디젤-2-1-4matic.tr-gle-250d,벤츠,013,수입,GLE-클래스,035,GLE-클래스 W166,W166,16~19,encar,디젤,2.1,False,4MATIC,5,,,GLE 250d,10500,False,False
mf-013.md-035.sm-w166.pw-가솔린-5-5-4matic.tr-amg-gle-63,벤츠,013,수입,GLE-클래스,035,GLE-클래스 W166,W166,16~19,encar,가솔린,5.5,False,4MATIC,5,,,AMG GLE 63,18500,False,False
mf-013.md-035.sm-w166.pw-가솔린-5-5-4matic.tr-amg-gle-63-s-쿠페,벤츠,013,수입,GLE-클래스,035,GLE-클래스 W166,W166,16~19,encar,가솔린,5.5,False,4MATIC,5,,,AMG GLE 63 S 쿠페,19500,False,False
mf-013.md-035.sm-w166.pw-디젤-3-0-4matic.tr-gle-350d,벤츠,013,수입,GLE-클래스,035,GLE-클래스 W166,W166,16~19,encar,디젤,3.0,False,4MATIC,5,,,GLE 350d,12000,False,False
mf-013.md-035.sm-w166.pw-디젤-3-0-4matic.tr-gle-350d-프리미엄,벤츠,013,수입,GLE-클래스,035,GLE-클래스 W166,W166,16~19,encar,디젤,3.0,False,4MATIC,5,,,GLE 350d 프리미엄,12500,False,False
mf-013.md-035.sm-w166.pw-디젤-3-0-4matic.tr-gle-350d-쿠페,벤츠,013,수입,GLE-클래스,035,GLE-클래스 W166,W166,16~19,encar,디젤,3.0,False,4MATIC,5,,,GLE 350d 쿠페,12700,False,False
mf-013.md-035.sm-w166.pw-가솔린-3-5.tr-gle-350,벤츠,013,수입,GLE-클래스,035,GLE-클래스 W166,W166,16~19,encar,가솔린,3.5,False,,,,,GLE 350,11900,False,False
mf-013.md-001.sm-w206.pw-가솔린-2-0-4matic.tr-c200-아방가르드,벤츠,013,수입,C-클래스,001,C-클래스 W206,W206,22~현재,encar,가솔린,2.0,False,4MATIC,5,,,C200 아방가르드,,False,False
mf-013.md-001.sm-w206.pw-가솔린-2-0-4matic.tr-c300-아방가르드,벤츠,013,수입,C-클래스,001,C-클래스 W206,W206,22~현재,encar,가솔린,2.0,False,4MATIC,5,,,C300 아방가르드,,False,False
mf-013.md-001.sm-w206.pw-가솔린-2-0-4matic.tr-c300-amg-line,벤츠,013,수입,C-클래스,001,C-클래스 W206,W206,22~현재,encar,가솔린,2.0,False,4MATIC,5,,,C300 AMG Line,7200,False,False
mf-013.md-001.sm-w206.pw-가솔린-2-0.tr-c200-아방가르드,벤츠,013,수입,C-클래스,001,C-클래스 W206,W206,22~현재,encar,가솔린,2.0,False,,5,,,C200 아방가르드,,False,False
mf-013.md-001.sm-w206.pw-가솔린-2-0.tr-c200-amg-line,벤츠,013,수입,C-클래스,001,C-클래스 W206,W206,22~현재,encar,가솔린,2.0,False,,5,,,C200 AMG Line,6460,False,False
mf-013.md-001.sm-w206.pw-가솔린-2-0.tr-c300-amg-line,벤츠,013,수입,C-클래스,001,C-클래스 W206,W206,22~현재,encar,가솔린,2.0,False,,5,,,C300 AMG Line,7200,False,False
mf-013.md-001.sm-w205.pw-가솔린-2-0.tr-c200,벤츠,013,수입,C-클래스,001,C-클래스 W205,W205,14~24,encar,가솔린,2.0,False,,5,,,C200,6160,False,False
mf-013.md-001.sm-w205.pw-가솔린-2-0.tr-c200-아방가르드,벤츠,013,수입,C-클래스,001,C-클래스 W205,W205,14~24,encar,가솔린,2.0,False,,5,,,C200 아방가르드,,False,False
mf-013.md-001.sm-w205.pw-가솔린-2-0.tr-c200-amg-line,벤츠,013,수입,C-클래스,001,C-클래스 W205,W205,14~24,encar,가솔린,2.0,False,,5,,,C200 AMG Line,6460,False,False
mf-013.md-001.sm-w205.pw-디젤-1-9.tr-c220-d-아방가르드,벤츠,013,수입,C-클래스,001,C-클래스 W205,W205,14~24,encar,디젤,1.9,False,,5,,,C220 d 아방가르드,,False,False
mf-013.md-001.sm-w205.pw-가솔린-2-0.tr-c200-쿠페,벤츠,013,수입,C-클래스,001,C-클래스 W205,W205,14~24,encar,가솔린,2.0,False,,4,,,C200 쿠페,,False,False
mf-013.md-001.sm-w205.pw-가솔린-2-0.tr-c200-카브리올레,벤츠,013,수입,C-클래스,001,C-클래스 W205,W205,14~24,encar,가솔린,2.0,False,,4,,,C200 카브리올레,,False,False
mf-013.md-001.sm-w205.pw-디젤-1-9-4matic.tr-c220-d,벤츠,013,수입,C-클래스,001,C-클래스 W205,W205,14~24,encar,디젤,1.9,False,4MATIC,5,,,C220 d,,False,False
mf-013.md-001.sm-w205.pw-디젤-1-9-4matic.tr-c220-d-익스클루시브,벤츠,013,수입,C-클래스,001,C-클래스 W205,W205,14~24,encar,디젤,1.9,False,4MATIC,5,,,C220 d 익스클루시브,,False,False
mf-013.md-001.sm-w205.pw-디젤-1-9-4matic.tr-c220-d-amg-line,벤츠,013,수입,C-클래스,001,C-클래스 W205,W205,14~24,encar,디젤,1.9,False,4MATIC,5,,,C220 d AMG Line,,False,False
mf-013.md-001.sm-w205.pw-가솔린-4-0.tr-메르세데스-amg-c63,벤츠,013,수입,C-클래스,001,C-클래스 W205,W205,14~24,encar,가솔린,4.0,False,,5,,,메르세데스-AMG C63,,False,False
mf-013.md-001.sm-w205.pw-가솔린-4-0.tr-메르세데스-amg-c63-s-쿠페,벤츠,013,수입,C-클래스,001,C-클래스 W205,W205,14~24,encar,가솔린,4.0,False,,4,,,메르세데스-AMG C63 S 쿠페,,False,False
mf-013.md-001.sm-w205.pw-가솔린-3-0-4matic.tr-c450-amg-4matic-후기-c43-amg로-개명,벤츠,013,수입,C-클래스,001,C-클래스 W205,W205,14~24,encar,가솔린,3.0,False,4MATIC,5,,,C450 AMG 4MATIC (후기 C43 AMG로 개명),,False,False
mf-013.md-001.sm-w205.pw-가솔린-3-0-4matic.tr-메르세데스-amg-c43,벤츠,013,수입,C-클래스,001,C-클래스 W205,W205,14~24,encar,가솔린,3.0,False,4MATIC,5,,,메르세데스-AMG C43,,False,False
mf-013.md-001.sm-w205.pw-가솔린-2-0-4matic.tr-c200-amg-line,벤츠,013,수입,C-클래스,001,C-클래스 W205,W205,14~24,encar,가솔린,2.0,False,4MATIC,5,,,C200 AMG Line,6460,False,False
mf-013.md-001.sm-w205.pw-디젤-2-1-4matic.tr-c250-d,벤츠,013,수입,C-클래스,001,C-클래스 W205,W205,14~24,encar,디젤,2.1,False,4MATIC,5,,,C250 d,,False,False
mf-013.md-001.sm-w205.pw-가솔린-3-0-4matic.tr-메르세데스-amg-c43-쿠페,벤츠,013,수입,C-클래스,001,C-클래스 W205,W205,14~24,encar,가솔린,3.0,False,4MATIC,4,,,메르세데스-AMG C43 쿠페,,False,False
mf-013.md-001.sm-w205.pw-디젤-2-1.tr-c220-d-블루텍-아방가르드,벤츠,013,수입,C-클래스,001,C-클래스 W205,W205,14~24,encar,디젤,2.1,False,,5,,,C220 d 블루텍 아방가르드,,False,False
mf-013.md-001.sm-w205.pw-디젤-2-1.tr-c220-d-익스클루시브,벤츠,013,수입,C-클래스,001,C-클래스 W205,W205,14~24,encar,디젤,2.1,False,,5,,,C220 d 익스클루시브,,False,False
mf-013.md-001.sm-w205.pw-디젤-2-1.tr-c220-d-쿠페,벤츠,013,수입,C-클래스,001,C-클래스 W205,W205,14~24,encar,디젤,2.1,False,,4,,,C220 d 쿠페,,False,False
mf-013.md-001.sm-w205.pw-디젤-1-6.tr-c200-d,벤츠,013,수입,C-클래스,001,C-클래스 W205,W205,14~24,encar,디젤,1.6,False,,5,,,C200 d,,False,False
mf-013.md-001.sm-w205.pw-하이브리드-2-0.tr-c350-e-phev,벤츠,013,수입,C-클래스,001,C-클래스 W205,W205,14~24,encar,하이브리드,2.0,False,,5,,,C350 e (PHEV),,False,False
mf-013.md-001.sm-w205.pw-하이브리드-2-0-4matic.tr-c300-e-amg-라인-phev,벤츠,013,수입,C-클래스,001,C-클래스 W205,W205,14~24,encar,하이브리드,2.0,False,4MATIC,5,,,C300 e AMG 라인 (PHEV),7900,False,False
mf-013.md-001.sm-w204.pw-가솔린-1-8.tr-c200-콤프레서-c200-kompressor,벤츠,013,수입,C-클래스,001,C-클래스 W204,W204,07~14,encar,가솔린,1.8,False,,5,,,C200 콤프레서 (C200 Kompressor),,False,False
mf-013.md-001.sm-w204.pw-가솔린-1-8.tr-c200-cgi-가솔린-직분사,벤츠,013,수입,C-클래스,001,C-클래스 W204,W204,07~14,encar,가솔린,1.8,False,,5,,,C200 CGI (가솔린 직분사),,False,False
mf-013.md-001.sm-w204.pw-가솔린-1-8.tr-c200-콤프레서-아방가르드,벤츠,013,수입,C-클래스,001,C-클래스 W204,W204,07~14,encar,가솔린,1.8,False,,5,,,C200 콤프레서 아방가르드,,False,False
mf-013.md-001.sm-w204.pw-가솔린-1-8.tr-c200-cgi-아방가르드,벤츠,013,수입,C-클래스,001,C-클래스 W204,W204,07~14,encar,가솔린,1.8,False,,5,,,C200 CGI 아방가르드,,False,False
mf-013.md-001.sm-w204.pw-가솔린-1-8.tr-c200-cgi-아방가르드-스타일패키지,벤츠,013,수입,C-클래스,001,C-클래스 W204,W204,07~14,encar,가솔린,1.8,False,,5,,,C200 CGI 아방가르드 스타일패키지,,False,False
mf-013.md-001.sm-w204.pw-디젤-2-1-4matic.tr-c220-cdi-에디션-c,벤츠,013,수입,C-클래스,001,C-클래스 W204,W204,07~14,encar,디젤,2.1,False,4MATIC,5,,,C220 CDI 에디션 C,,False,True
mf-013.md-001.sm-w204.pw-디젤-2-1.tr-c220-cdi-커먼레일-디젤,벤츠,013,수입,C-클래스,001,C-클래스 W204,W204,07~14,encar,디젤,2.1,False,,5,,,C220 CDI (커먼레일 디젤),,False,False
mf-013.md-001.sm-w204.pw-디젤-2-1.tr-c220-cdi-블루이피션시,벤츠,013,수입,C-클래스,001,C-클래스 W204,W204,07~14,encar,디젤,2.1,False,,5,,,C220 CDI 블루이피션시,,False,False
mf-013.md-001.sm-w204.pw-디젤-2-1.tr-c220-cdi-아방가르드,벤츠,013,수입,C-클래스,001,C-클래스 W204,W204,07~14,encar,디젤,2.1,False,,5,,,C220 CDI 아방가르드,,False,False
mf-013.md-001.sm-w204.pw-디젤-2-1.tr-c220-cdi-아방가르드-에디션-c,벤츠,013,수입,C-클래스,001,C-클래스 W204,W204,07~14,encar,디젤,2.1,False,,5,,,C220 CDI 아방가르드 에디션 C,,False,True
mf-013.md-001.sm-w204.pw-가솔린-2-5.tr-c230-아방가르드,벤츠,013,수입,C-클래스,001,C-클래스 W204,W204,07~14,encar,가솔린,2.5,False,,5,,,C230 아방가르드,,False,False
mf-013.md-001.sm-w204.pw-가솔린-2-5.tr-c250-아방가르드,벤츠,013,수입,C-클래스,001,C-클래스 W204,W204,07~14,encar,가솔린,2.5,False,,5,,,C250 아방가르드,,False,False
mf-013.md-001.sm-w204.pw-디젤-2-1.tr-c220-cdi-쿠페,벤츠,013,수입,C-클래스,001,C-클래스 W204,W204,07~14,encar,디젤,2.1,False,,4,,,C220 CDI 쿠페,,False,False
mf-013.md-001.sm-w204.pw-가솔린-6-2.tr-메르세데스-amg-c63-세단,벤츠,013,수입,C-클래스,001,C-클래스 W204,W204,07~14,encar,가솔린,6.2,False,,5,,,메르세데스-AMG C63 세단,,False,False
mf-013.md-001.sm-w204.pw-가솔린-3-0.tr-c300,벤츠,013,수입,C-클래스,001,C-클래스 W204,W204,07~14,encar,가솔린,3.0,False,,5,,,C300,,False,False
mf-013.md-001.sm-w202-w203.pw-가솔린-2-3.tr-w202,벤츠,013,수입,C-클래스,001,C-클래스 W202/W203,W202/W203,93~07,encar,가솔린,2.3,False,,5,,,W202,,False,False
mf-013.md-001.sm-w202-w203.pw-가솔린-2-3.tr-w203,벤츠,013,수입,C-클래스,001,C-클래스 W202/W203,W202/W203,93~07,encar,가솔린,2.3,False,,5,,,W203,,False,False
mf-013.md-001.sm-w202-w203.pw-가솔린-1-8.tr-w203,벤츠,013,수입,C-클래스,001,C-클래스 W202/W203,W202/W203,93~07,encar,가솔린,1.8,False,,5,,,W203,,False,False
mf-013.md-001.sm-w202-w203.pw-가솔린-2-0.tr-w202,벤츠,013,수입,C-클래스,001,C-클래스 W202/W203,W202/W203,93~07,encar,가솔린,2.0,False,,5,,,W202,,False,False
mf-013.md-001.sm-w202-w203.pw-가솔린-2-6-4matic.tr-w203,벤츠,013,수입,C-클래스,001,C-클래스 W202/W203,W202/W203,93~07,encar,가솔린,2.6,False,4MATIC,5,,,W203,,False,False
mf-013.md-001.sm-w202-w203.pw-가솔린-1-8.tr-w203,벤츠,013,수입,C-클래스,001,C-클래스 W202/W203,W202/W203,93~07,encar,가솔린,1.8,False,,,,,W203,,False,False
mf-013.md-001.sm-w202-w203.pw-가솔린-2-8.tr-w202,벤츠,013,수입,C-클래스,001,C-클래스 W202/W203,W202/W203,93~07,encar,가솔린,2.8,False,,,,,W202,,False,False
mf-013.md-003.sm-c257.pw-가솔린-3-0-4matic.tr-cls450,벤츠,013,수입,CLS-클래스,003,CLS-클래스 C257,C257,18~24,encar,가솔린,3.0,False,4MATIC,5,,,CLS450,10500,False,False
mf-013.md-003.sm-c257.pw-가솔린-3-0-4matic.tr-cls450-amg-line,벤츠,013,수입,CLS-클래스,003,CLS-클래스 C257,C257,18~24,encar,가솔린,3.0,False,4MATIC,5,,,CLS450 AMG Line,11200,False,False
mf-013.md-003.sm-c257.pw-가솔린-3-0-4matic.tr-amg-cls53-4matic,벤츠,013,수입,CLS-클래스,003,CLS-클래스 C257,C257,18~24,encar,가솔린,3.0,False,4MATIC,5,,,AMG CLS53 4MATIC+,13500,False,False
mf-013.md-003.sm-c257.pw-디젤-1-9.tr-cls300d-amg-line,벤츠,013,수입,CLS-클래스,003,CLS-클래스 C257,C257,18~24,encar,디젤,1.9,False,,5,,,CLS300d AMG Line,9400,False,False
mf-013.md-003.sm-c257.pw-디젤-2-0-4matic.tr-cls300d,벤츠,013,수입,CLS-클래스,003,CLS-클래스 C257,C257,18~24,encar,디젤,2.0,False,4MATIC,5,,,CLS300d,8800,False,False
mf-013.md-003.sm-c257.pw-디젤-2-9-4matic.tr-cls400d,벤츠,013,수입,CLS-클래스,003,CLS-클래스 C257,C257,18~24,encar,디젤,2.9,False,4MATIC,5,,,CLS400d,9850,False,False
mf-013.md-003.sm-c257.pw-디젤-2-9-4matic.tr-cls400d-amg-line,벤츠,013,수입,CLS-클래스,003,CLS-클래스 C257,C257,18~24,encar,디젤,2.9,False,4MATIC,5,,,CLS400d AMG Line,10750,False,False
mf-013.md-003.sm-w218.pw-가솔린-3-5.tr-cls350,벤츠,013,수입,CLS-클래스,003,CLS-클래스 W218,W218,11~17,encar,가솔린,3.5,False,,4,,,CLS350,9000,False,False
mf-013.md-003.sm-w218.pw-가솔린-3-5.tr-cls350-blueefficiency,벤츠,013,수입,CLS-클래스,003,CLS-클래스 W218,W218,11~17,encar,가솔린,3.5,False,,4,,,CLS350 BlueEFFICIENCY,9000,False,False
mf-013.md-003.sm-w218.pw-가솔린-3-5.tr-cls350-amg-스포츠패키지,벤츠,013,수입,CLS-클래스,003,CLS-클래스 W218,W218,11~17,encar,가솔린,3.5,False,,4,,,CLS350 AMG 스포츠패키지,9700,False,False
mf-013.md-003.sm-w218.pw-디젤-2-1-4matic.tr-cls250-bluetec,벤츠,013,수입,CLS-클래스,003,CLS-클래스 W218,W218,11~17,encar,디젤,2.1,False,4MATIC,4,,,CLS250 BlueTEC,7500,False,False
mf-013.md-003.sm-w218.pw-디젤-2-1-4matic.tr-cls250d,벤츠,013,수입,CLS-클래스,003,CLS-클래스 W218,W218,11~17,encar,디젤,2.1,False,4MATIC,4,,,CLS250d,7500,False,False
mf-013.md-003.sm-w218.pw-디젤-2-1-4matic.tr-cls250-bluetec-shooting-brake,벤츠,013,수입,CLS-클래스,003,CLS-클래스 W218,W218,11~17,encar,디젤,2.1,False,4MATIC,4,,,CLS250 BlueTEC Shooting Brake,7900,False,False
mf-013.md-003.sm-w218.pw-디젤-2-1-4matic.tr-cls250-d-amg-line,벤츠,013,수입,CLS-클래스,003,CLS-클래스 W218,W218,11~17,encar,디젤,2.1,False,4MATIC,4,,,CLS250 d AMG Line,8200,False,False
mf-013.md-003.sm-w218.pw-디젤-2-1.tr-cls250-cdi-슈팅브레이크,벤츠,013,수입,CLS-클래스,003,CLS-클래스 W218,W218,11~17,encar,디젤,2.1,False,,5,,,CLS250 CDI 슈팅브레이크,7900,False,False
mf-013.md-003.sm-w218.pw-가솔린-5-5-4matic.tr-cls63-amg,벤츠,013,수입,CLS-클래스,003,CLS-클래스 W218,W218,11~17,encar,가솔린,5.5,False,4MATIC,4,,,CLS63 AMG,16500,False,False
mf-013.md-003.sm-w218.pw-가솔린-5-5-4matic.tr-cls63-amg-s,벤츠,013,수입,CLS-클래스,003,CLS-클래스 W218,W218,11~17,encar,가솔린,5.5,False,4MATIC,4,,,CLS63 AMG S,18000,False,False
mf-013.md-003.sm-w218.pw-디젤-3-0-4matic.tr-cls350d-cls350-cdi,벤츠,013,수입,CLS-클래스,003,CLS-클래스 W218,W218,11~17,encar,디젤,3.0,False,4MATIC,4,,,CLS350d (CLS350 CDI),9300,False,False
mf-013.md-003.sm-w218.pw-가솔린-3-0.tr-cls400,벤츠,013,수입,CLS-클래스,003,CLS-클래스 W218,W218,11~17,encar,가솔린,3.0,False,,4,,,CLS400,9850,False,False
mf-013.md-003.sm-w218.pw-가솔린-3-0.tr-cls400-amg-line,벤츠,013,수입,CLS-클래스,003,CLS-클래스 W218,W218,11~17,encar,가솔린,3.0,False,,4,,,CLS400 AMG Line,10500,False,False
mf-013.md-003.sm-w218.pw-가솔린-5-5.tr-cls63-amg,벤츠,013,수입,CLS-클래스,003,CLS-클래스 W218,W218,11~17,encar,가솔린,5.5,False,,4,,,CLS63 AMG,16500,False,False
mf-013.md-003.sm-w218.pw-디젤-2-1.tr-cls250-cdi,벤츠,013,수입,CLS-클래스,003,CLS-클래스 W218,W218,11~17,encar,디젤,2.1,False,,4,,,CLS250 CDI,7500,False,False
mf-013.md-003.sm-w219.pw-가솔린-3-5.tr-cls350,벤츠,013,수입,CLS-클래스,003,CLS-클래스 W219,W219,04~11,encar,가솔린,3.5,False,,4,,,CLS350,9000,False,False
mf-013.md-003.sm-w219.pw-가솔린-3-5.tr-cls350-amg-package,벤츠,013,수입,CLS-클래스,003,CLS-클래스 W219,W219,04~11,encar,가솔린,3.5,False,,4,,,CLS350 AMG Package,9700,False,False
mf-013.md-003.sm-w219.pw-가솔린-6-2.tr-cls63-amg,벤츠,013,수입,CLS-클래스,003,CLS-클래스 W219,W219,04~11,encar,가솔린,6.2,False,,4,,,CLS63 AMG,16500,False,False
mf-013.md-003.sm-w219.pw-가솔린-5-0.tr-cls500,벤츠,013,수입,CLS-클래스,003,CLS-클래스 W219,W219,04~11,encar,가솔린,5.0,False,,4,,,CLS500,12000,False,False
mf-013.md-003.sm-w219.pw-가솔린-5-4.tr-cls55-amg,벤츠,013,수입,CLS-클래스,003,CLS-클래스 W219,W219,04~11,encar,가솔린,5.4,False,,,,,CLS55 AMG,15000,False,False
mf-013.md-029.sm-w177.pw-가솔린-2-0-4matic.tr-a250-세단,벤츠,013,수입,A-클래스,029,A-클래스 W177,W177,19~현재,encar,가솔린,2.0,False,4MATIC,5,,,A250 세단,5510,False,False
mf-013.md-029.sm-w177.pw-가솔린-2-0-4matic.tr-mercedes-amg-a35-4matic-세단,벤츠,013,수입,A-클래스,029,A-클래스 W177,W177,19~현재,encar,가솔린,2.0,False,4MATIC,5,,,Mercedes-AMG A35 4MATIC 세단,6640,False,False
mf-013.md-029.sm-w177.pw-가솔린-2-0-4matic.tr-mercedes-amg-a35-4matic-세단,벤츠,013,수입,A-클래스,029,A-클래스 W177,W177,19~현재,encar,가솔린,2.0,False,4MATIC,5,,,Mercedes-AMG A35 4MATIC 세단,6640,False,False
mf-013.md-029.sm-w177.pw-가솔린-2-0-4matic.tr-mercedes-amg-a45-4matic-해치백,벤츠,013,수입,A-클래스,029,A-클래스 W177,W177,19~현재,encar,가솔린,2.0,False,4MATIC,5,,,Mercedes-AMG A45 4MATIC+ 해치백,7210,False,False
mf-013.md-029.sm-w177.pw-가솔린-2-0-4matic.tr-mercedes-amg-a45-s-4matic-해치백,벤츠,013,수입,A-클래스,029,A-클래스 W177,W177,19~현재,encar,가솔린,2.0,False,4MATIC,5,,,Mercedes-AMG A45 S 4MATIC+ 해치백,7900,False,False
mf-013.md-029.sm-w177.pw-가솔린-2-0.tr-a220-해치백,벤츠,013,수입,A-클래스,029,A-클래스 W177,W177,19~현재,encar,가솔린,2.0,False,,5,,,A220 해치백,4710,False,False
mf-013.md-029.sm-w177.pw-가솔린-2-0.tr-a220-세단,벤츠,013,수입,A-클래스,029,A-클래스 W177,W177,19~현재,encar,가솔린,2.0,False,,5,,,A220 세단,4880,False,False
mf-013.md-029.sm-w177.pw-디젤-1-9.tr-a200d-세단,벤츠,013,수입,A-클래스,029,A-클래스 W177,W177,19~현재,encar,디젤,1.9,False,,5,,,A200d 세단,4570,False,False
mf-013.md-029.sm-w176.pw-가솔린-2-0-4matic.tr-mercedes-amg-a45-4matic,벤츠,013,수입,A-클래스,029,A-클래스 W176,W176,13~18,encar,가솔린,2.0,False,4MATIC,5,,,Mercedes-AMG A45 4MATIC,7210,False,False
mf-013.md-029.sm-w176.pw-디젤-1-5.tr-a180-cdi-style,벤츠,013,수입,A-클래스,029,A-클래스 W176,W176,13~18,encar,디젤,1.5,False,,5,,,A180 CDI Style,3400,False,False
mf-013.md-029.sm-w176.pw-디젤-1-5.tr-a180-cdi-night-edition,벤츠,013,수입,A-클래스,029,A-클래스 W176,W176,13~18,encar,디젤,1.5,False,,5,,,A180 CDI Night Edition,3600,False,False
mf-013.md-029.sm-w176.pw-디젤-1-8.tr-a200-cdi,벤츠,013,수입,A-클래스,029,A-클래스 W176,W176,13~18,encar,디젤,1.8,False,,5,,,A200 CDI,4000,False,False
mf-013.md-029.sm-w176.pw-디젤-1-8.tr-a200-cdi-style,벤츠,013,수입,A-클래스,029,A-클래스 W176,W176,13~18,encar,디젤,1.8,False,,5,,,A200 CDI Style,4100,False,False
mf-013.md-029.sm-w176.pw-디젤-1-8.tr-a200-cdi-night-edition,벤츠,013,수입,A-클래스,029,A-클래스 W176,W176,13~18,encar,디젤,1.8,False,,5,,,A200 CDI Night Edition,4250,False,False
mf-013.md-029.sm-w176.pw-가솔린-1-6.tr-a200,벤츠,013,수입,A-클래스,029,A-클래스 W176,W176,13~18,encar,가솔린,1.6,False,,5,,,A200,3900,False,False
mf-013.md-029.sm-w176.pw-가솔린-1-6.tr-a200-amg-line,벤츠,013,수입,A-클래스,029,A-클래스 W176,W176,13~18,encar,가솔린,1.6,False,,5,,,A200 AMG Line,4400,False,False
mf-013.md-039.sm-glb-클래스-x247.pw-가솔린-2-0-4matic.tr-amg-glb35,벤츠,013,수입,GLB-클래스,039,GLB-클래스 X247,,20~현재,encar,가솔린,2.0,False,4MATIC,5,,,AMG GLB35,,False,False
mf-013.md-039.sm-glb-클래스-x247.pw-가솔린-2-0-4matic.tr-glb250,벤츠,013,수입,GLB-클래스,039,GLB-클래스 X247,,20~현재,encar,가솔린,2.0,False,4MATIC,5,,,GLB250,,False,False
mf-013.md-039.sm-glb-클래스-x247.pw-가솔린-2-0.tr-glb220,벤츠,013,수입,GLB-클래스,039,GLB-클래스 X247,,20~현재,encar,가솔린,2.0,False,,5,,,GLB220,,False,False
mf-013.md-039.sm-glb-클래스-x247.pw-디젤-1-9.tr-glb200-d,벤츠,013,수입,GLB-클래스,039,GLB-클래스 X247,,20~현재,encar,디젤,1.9,False,,5,,,GLB200 d,,False,False
mf-013.md-032.sm-gla-클래스-h247.pw-가솔린-2-0-4matic.tr-gla250,벤츠,013,수입,GLA-클래스,032,GLA-클래스 H247,,20~현재,encar,가솔린,2.0,False,4MATIC,5,,,GLA250,,False,False
mf-013.md-032.sm-gla-클래스-h247.pw-가솔린-2-0-4matic.tr-gla45-amg,벤츠,013,수입,GLA-클래스,032,GLA-클래스 H247,,20~현재,encar,가솔린,2.0,False,4MATIC,5,,,GLA45 AMG +,,False,False
mf-013.md-032.sm-gla-클래스-h247.pw-가솔린-2-0.tr-gla220,벤츠,013,수입,GLA-클래스,032,GLA-클래스 H247,,20~현재,encar,가솔린,2.0,False,,5,,,GLA220,,False,False
mf-013.md-032.sm-gla-클래스-x156.pw-디젤-2-1.tr-gla200-cdi,벤츠,013,수입,GLA-클래스,032,GLA-클래스 X156,,14~20,encar,디젤,2.1,False,,5,,,GLA200 CDI,,False,False
mf-013.md-032.sm-gla-클래스-x156.pw-디젤-2-1.tr-gla200-d,벤츠,013,수입,GLA-클래스,032,GLA-클래스 X156,,14~20,encar,디젤,2.1,False,,5,,,GLA200 d,,False,False
mf-013.md-032.sm-gla-클래스-x156.pw-가솔린-2-0.tr-gla220,벤츠,013,수입,GLA-클래스,032,GLA-클래스 X156,,14~20,encar,가솔린,2.0,False,,5,,,GLA220,,False,False
mf-013.md-032.sm-gla-클래스-x156.pw-가솔린-2-0.tr-gla220-프리미엄,벤츠,013,수입,GLA-클래스,032,GLA-클래스 X156,,14~20,encar,가솔린,2.0,False,,5,,,GLA220 프리미엄,,False,False
mf-013.md-032.sm-gla-클래스-x156.pw-디젤-2-1-4matic.tr-gla200-cdi,벤츠,013,수입,GLA-클래스,032,GLA-클래스 X156,,14~20,encar,디젤,2.1,False,4MATIC,5,,,GLA200 CDI,,False,False
mf-013.md-032.sm-gla-클래스-x156.pw-디젤-2-1-4matic.tr-gla200-d,벤츠,013,수입,GLA-클래스,032,GLA-클래스 X156,,14~20,encar,디젤,2.1,False,4MATIC,5,,,GLA200 d,,False,False
mf-013.md-032.sm-gla-클래스-x156.pw-가솔린-2-0-4matic.tr-gla250,벤츠,013,수입,GLA-클래스,032,GLA-클래스 X156,,14~20,encar,가솔린,2.0,False,4MATIC,5,,,GLA250,,False,False
mf-013.md-032.sm-gla-클래스-x156.pw-가솔린-2-0-4matic.tr-gla45-amg,벤츠,013,수입,GLA-클래스,032,GLA-클래스 X156,,14~20,encar,가솔린,2.0,False,4MATIC,5,,,GLA45 AMG,,False,False
mf-013.md-032.sm-gla-클래스-x156.pw-가솔린-2-0-4matic.tr-gla45-amg-50주년-에디션,벤츠,013,수입,GLA-클래스,032,GLA-클래스 X156,,14~20,encar,가솔린,2.0,False,4MATIC,5,,,GLA45 AMG 50주년 에디션,,False,False
mf-013.md-037.sm-gls-클래스-x167.pw-디젤-2-9-4matic.tr-gls400d,벤츠,013,수입,GLS-클래스,037,GLS-클래스 X167,,20~현재,encar,디젤,2.9,False,4MATIC,7,,,GLS400d,,False,False
mf-013.md-037.sm-gls-클래스-x167.pw-가솔린-4-0-4matic.tr-gls580,벤츠,013,수입,GLS-클래스,037,GLS-클래스 X167,,20~현재,encar,가솔린,4.0,False,4MATIC,7,,,GLS580,,False,False
mf-013.md-037.sm-gls-클래스-x167.pw-가솔린-4-0-4matic.tr-gls580-amg-line,벤츠,013,수입,GLS-클래스,037,GLS-클래스 X167,,20~현재,encar,가솔린,4.0,False,4MATIC,7,,,GLS580 AMG Line,,False,False
mf-013.md-037.sm-gls-클래스-x167.pw-디젤-3-0-4matic.tr-gls450d,벤츠,013,수입,GLS-클래스,037,GLS-클래스 X167,,20~현재,encar,디젤,3.0,False,4MATIC,,,,GLS450d,,False,False
mf-013.md-037.sm-gls-클래스-x167.pw-가솔린-3-0-4matic.tr-gls450,벤츠,013,수입,GLS-클래스,037,GLS-클래스 X167,,20~현재,encar,가솔린,3.0,False,4MATIC,7,,,GLS450,,False,False
mf-013.md-037.sm-gls-클래스-x167.pw-가솔린-4-0-4matic.tr-마이바흐-gls600,벤츠,013,수입,GLS-클래스,037,GLS-클래스 X167,,20~현재,encar,가솔린,4.0,False,4MATIC,5,,,마이바흐 GLS600,,False,False
mf-013.md-037.sm-gls-클래스-x167.pw-가솔린-4-0-4matic.tr-마이바흐-gls600-마누팍투어,벤츠,013,수입,GLS-클래스,037,GLS-클래스 X167,,20~현재,encar,가솔린,4.0,False,4MATIC,5,,,마이바흐 GLS600 마누팍투어,,False,False
mf-013.md-037.sm-gls-클래스-x166.pw-가솔린-4-7-4matic.tr-gls500,벤츠,013,수입,GLS-클래스,037,GLS-클래스 X166,,16~19,encar,가솔린,4.7,False,4MATIC,7,,,GLS500,,False,False
mf-013.md-037.sm-gls-클래스-x166.pw-디젤-3-0-4matic.tr-gls350-d,벤츠,013,수입,GLS-클래스,037,GLS-클래스 X166,,16~19,encar,디젤,3.0,False,4MATIC,7,,,GLS350 d,,False,False
mf-013.md-031.sm-cla-클래스-c118.pw-가솔린-2-0-4matic.tr-amg-cla-45-s,벤츠,013,수입,CLA-클래스,031,CLA-클래스 C118,,20~현재,encar,가솔린,2.0,False,4MATIC,5,,,AMG CLA 45 S +,,False,False
mf-013.md-031.sm-cla-클래스-c118.pw-가솔린-2-0-4matic.tr-cla250,벤츠,013,수입,CLA-클래스,031,CLA-클래스 C118,,20~현재,encar,가솔린,2.0,False,4MATIC,5,,,CLA250,,False,False
mf-013.md-031.sm-cla-클래스-c118.pw-가솔린-2-0-4matic.tr-cla250-프로그레시브,벤츠,013,수입,CLA-클래스,031,CLA-클래스 C118,,20~현재,encar,가솔린,2.0,False,4MATIC,5,,,CLA250 프로그레시브,,False,False
mf-013.md-031.sm-cla-클래스-c117.pw-가솔린-2-0-4matic.tr-cla45-amg,벤츠,013,수입,CLA-클래스,031,CLA-클래스 C117,,14~19,encar,가솔린,2.0,False,4MATIC,,,,CLA45 AMG,,False,False
mf-013.md-031.sm-cla-클래스-c117.pw-디젤-2-1-4matic.tr-cla200-cdi,벤츠,013,수입,CLA-클래스,031,CLA-클래스 C117,,14~19,encar,디젤,2.1,False,4MATIC,5,,,CLA200 CDI,,False,False
mf-013.md-031.sm-cla-클래스-c117.pw-디젤-2-1-4matic.tr-cla200-d,벤츠,013,수입,CLA-클래스,031,CLA-클래스 C117,,14~19,encar,디젤,2.1,False,4MATIC,5,,,CLA200 d,,False,False
mf-013.md-031.sm-cla-클래스-c117.pw-디젤-1-8.tr-cla200-cdi,벤츠,013,수입,CLA-클래스,031,CLA-클래스 C117,,14~19,encar,디젤,1.8,False,,5,,,CLA200 CDI,,False,False
mf-013.md-031.sm-cla-클래스-c117.pw-가솔린-2-0-4matic.tr-cla250,벤츠,013,수입,CLA-클래스,031,CLA-클래스 C117,,14~19,encar,가솔린,2.0,False,4MATIC,5,,,CLA250,,False,False
mf-013.md-031.sm-cla-클래스-c117.pw-가솔린-2-0-4matic.tr-cla250-amg-line,벤츠,013,수입,CLA-클래스,031,CLA-클래스 C117,,14~19,encar,가솔린,2.0,False,4MATIC,5,,,CLA250 AMG Line,,False,False
mf-013.md-031.sm-cla-클래스-c117.pw-가솔린-2-0-4matic.tr-cla45-amg-50주년-에디션,벤츠,013,수입,CLA-클래스,031,CLA-클래스 C117,,14~19,encar,가솔린,2.0,False,4MATIC,5,,,CLA45 AMG 50주년 에디션,,False,False
mf-013.md-031.sm-cla-클래스-c117.pw-가솔린-2-0.tr-cla220-amg-line,벤츠,013,수입,CLA-클래스,031,CLA-클래스 C117,,14~19,encar,가솔린,2.0,False,,5,,,CLA220 AMG Line,,False,False
mf-013.md-031.sm-cla-클래스-c117.pw-가솔린-2-0.tr-cla250,벤츠,013,수입,CLA-클래스,031,CLA-클래스 C117,,14~19,encar,가솔린,2.0,False,,5,,,CLA250,,False,False
mf-013.md-031.sm-cla-클래스-c117.pw-디젤-2-1.tr-cla200-d,벤츠,013,수입,CLA-클래스,031,CLA-클래스 C117,,14~19,encar,디젤,2.1,False,,5,,,CLA200 d,,False,False
mf-013.md-013.sm-g-클래스-w465.pw-디젤-3-0.tr-g450d,벤츠,013,수입,G-클래스,013,G-클래스 W465,,24~현재,encar,디젤,3.0,False,,5,,,G450d,,False,False
mf-013.md-013.sm-g-클래스-w465.pw-디젤-3-0.tr-g450d-매뉴팩처,벤츠,013,수입,G-클래스,013,G-클래스 W465,,24~현재,encar,디젤,3.0,False,,5,,,G450d 매뉴팩처,,False,False
mf-013.md-013.sm-g-클래스-w465.pw-가솔린-4-0.tr-amg-g63,벤츠,013,수입,G-클래스,013,G-클래스 W465,,24~현재,encar,가솔린,4.0,False,,5,,,AMG G63,,False,False
mf-013.md-013.sm-g-클래스-w465.pw-가솔린-4-0.tr-amg-g63-매뉴팩처,벤츠,013,수입,G-클래스,013,G-클래스 W465,,24~현재,encar,가솔린,4.0,False,,5,,,AMG G63 매뉴팩처,,False,False
mf-013.md-013.sm-g-클래스-w465.pw-전기-122-0.tr-g580-eq-테크놀로지,벤츠,013,수입,G-클래스,013,G-클래스 W465,,24~현재,encar,전기,,False,,5,122.0,392,G580 EQ 테크놀로지,,False,False
mf-013.md-013.sm-g-클래스-w465.pw-전기-122-0.tr-g580-eq-에디션-1,벤츠,013,수입,G-클래스,013,G-클래스 W465,,24~현재,encar,전기,,False,,5,122.0,392,G580 EQ 에디션 1,,False,False
mf-013.md-013.sm-g-클래스-w463b.pw-가솔린-4-0.tr-amg-g63,벤츠,013,수입,G-클래스,013,G-클래스 W463b,,19~24,encar,가솔린,4.0,False,,5,,,AMG G63,,False,False
mf-013.md-013.sm-g-클래스-w463b.pw-가솔린-4-0.tr-amg-g63-마그노-히어로-에디션,벤츠,013,수입,G-클래스,013,G-클래스 W463b,,19~24,encar,가솔린,4.0,False,,5,,,AMG G63 마그노 히어로 에디션,,False,False
mf-013.md-013.sm-g-클래스-w463b.pw-가솔린-4-0.tr-amg-g63-매뉴팩처,벤츠,013,수입,G-클래스,013,G-클래스 W463b,,19~24,encar,가솔린,4.0,False,,5,,,AMG G63 매뉴팩처,,False,False
mf-013.md-013.sm-g-클래스-w463b.pw-가솔린-4-0.tr-amg-g63-에디션,벤츠,013,수입,G-클래스,013,G-클래스 W463b,,19~24,encar,가솔린,4.0,False,,5,,,AMG G63 에디션,,False,False
mf-013.md-013.sm-g-클래스-w463b.pw-가솔린-4-0.tr-amg-g63-에디션-55,벤츠,013,수입,G-클래스,013,G-클래스 W463b,,19~24,encar,가솔린,4.0,False,,5,,,AMG G63 에디션 55,,False,False
mf-013.md-013.sm-g-클래스-w463b.pw-가솔린-4-0.tr-amg-g63-헤리티지-에디션,벤츠,013,수입,G-클래스,013,G-클래스 W463b,,19~24,encar,가솔린,4.0,False,,5,,,AMG G63 헤리티지 에디션,,False,False
mf-013.md-013.sm-g-클래스-w463b.pw-디젤-2-9.tr-g400d,벤츠,013,수입,G-클래스,013,G-클래스 W463b,,19~24,encar,디젤,2.9,False,,5,,,G400d,,False,False
mf-013.md-013.sm-g-클래스-w463b.pw-가솔린-4-0.tr-amg-g63-그랜드-에디션,벤츠,013,수입,G-클래스,013,G-클래스 W463b,,19~24,encar,가솔린,4.0,False,,,,,AMG G63 그랜드 에디션,,False,False
mf-013.md-013.sm-g-클래스-w463b.pw-가솔린-4-0.tr-g500,벤츠,013,수입,G-클래스,013,G-클래스 W463b,,19~24,encar,가솔린,4.0,False,,,,,G500,,False,False
mf-013.md-013.sm-g-클래스-w463.pw-가솔린-5-5.tr-g63-amg,벤츠,013,수입,G-클래스,013,G-클래스 W463,,90~18,encar,가솔린,5.5,False,,5,,,G63 AMG,,False,False
mf-013.md-013.sm-g-클래스-w463.pw-가솔린-5-0.tr-g500-카브리올레,벤츠,013,수입,G-클래스,013,G-클래스 W463,,90~18,encar,가솔린,5.0,False,,,,,G500 카브리올레,,False,False
mf-013.md-013.sm-g-클래스-w463.pw-가솔린-4-0.tr-g500,벤츠,013,수입,G-클래스,013,G-클래스 W463,,90~18,encar,가솔린,4.0,False,,5,,,G500,,False,False
mf-013.md-013.sm-g-클래스-w463.pw-디젤-3-0.tr-g350-d-스포츠-패키지,벤츠,013,수입,G-클래스,013,G-클래스 W463,,90~18,encar,디젤,3.0,False,,5,,,G350 d 스포츠 패키지,,False,False
mf-013.md-013.sm-g-클래스-w463.pw-디젤-3-0.tr-g350-블루텍,벤츠,013,수입,G-클래스,013,G-클래스 W463,,90~18,encar,디젤,3.0,False,,5,,,G350 블루텍,,False,False
mf-013.md-013.sm-g-클래스-w463.pw-가솔린-2-3.tr-g230,벤츠,013,수입,G-클래스,013,G-클래스 W463,,90~18,encar,가솔린,2.3,False,,,,,G230,,False,False
mf-013.md-013.sm-g-클래스-w463.pw-가솔린-5-4.tr-g55-amg,벤츠,013,수입,G-클래스,013,G-클래스 W463,,90~18,encar,가솔린,5.4,False,,,,,G55 AMG,,False,False
mf-013.md-013.sm-g-클래스-w463.pw-가솔린-5-5.tr-g63-amg-에디션-463,벤츠,013,수입,G-클래스,013,G-클래스 W463,,90~18,encar,가솔린,5.5,False,,,,,G63 AMG 에디션 463,,False,False
mf-013.md-013.sm-g-클래스-w463.pw-가솔린-5-5.tr-브라부스,벤츠,013,수입,G-클래스,013,G-클래스 W463,,90~18,encar,가솔린,5.5,False,,,,,브라부스,,False,False
mf-013.md-013.sm-g-클래스-w463.pw-가솔린-3-0.tr-g300,벤츠,013,수입,G-클래스,013,G-클래스 W463,,90~18,encar,가솔린,3.0,False,,,,,G300,,False,False
mf-013.md-013.sm-g-클래스-w460.pw-디젤-3-0.tr-300gd,벤츠,013,수입,G-클래스,013,G-클래스 W460,,79~91,encar,디젤,3.0,False,,,,,300GD,,False,False
mf-013.md-033.sm-amg-gt-c192.pw-가솔린-4-0-4matic.tr-amg-gt55,벤츠,013,수입,AMG GT,033,AMG GT C192,,25~현재,encar,가솔린,4.0,False,4MATIC,4,,,AMG GT55 +,,False,False
mf-013.md-033.sm-amg-gt-c192.pw-하이브리드-4-0-4matic.tr-amg-gt63-s-e-퍼포먼스,벤츠,013,수입,AMG GT,033,AMG GT C192,,25~현재,encar,하이브리드,4.0,False,4MATIC,,,,AMG GT63 S E 퍼포먼스 +,,False,False
mf-013.md-033.sm-amg-gt-c192.pw-가솔린-4-0-4matic.tr-amg-gt55-런치-에디션,벤츠,013,수입,AMG GT,033,AMG GT C192,,25~현재,encar,가솔린,4.0,False,4MATIC,5,,,AMG GT55 + 런치 에디션,,False,False
mf-013.md-033.sm-amg-gt.pw-가솔린-3-0-4matic.tr-4도어-43,벤츠,013,수입,AMG GT,033,AMG GT,,14~현재,encar,가솔린,3.0,False,4MATIC,5,,,4도어 43 +,,False,False
mf-013.md-033.sm-amg-gt.pw-가솔린-3-0-4matic.tr-4도어-43-다이나믹,벤츠,013,수입,AMG GT,033,AMG GT,,14~현재,encar,가솔린,3.0,False,4MATIC,5,,,4도어 43 + 다이나믹,,False,False
mf-013.md-033.sm-amg-gt.pw-가솔린-3-0-4matic.tr-4도어-43-다이나믹-레드-블로썸,벤츠,013,수입,AMG GT,033,AMG GT,,14~현재,encar,가솔린,3.0,False,4MATIC,5,,,4도어 43 + 다이나믹 레드 블로썸,,False,False
mf-013.md-033.sm-amg-gt.pw-가솔린-3-0-4matic.tr-4도어-43-스페셜-에디션,벤츠,013,수입,AMG GT,033,AMG GT,,14~현재,encar,가솔린,3.0,False,4MATIC,5,,,4도어 43 + 스페셜 에디션,,False,False
mf-013.md-033.sm-amg-gt.pw-가솔린-4-0.tr-기본,벤츠,013,수입,AMG GT,033,AMG GT,,14~현재,encar,가솔린,4.0,False,,2,,,기본,,False,False
mf-013.md-033.sm-amg-gt.pw-가솔린-4-0.tr-c-로드스터,벤츠,013,수입,AMG GT,033,AMG GT,,14~현재,encar,가솔린,4.0,False,,2,,,C 로드스터,,False,False
mf-013.md-033.sm-amg-gt.pw-가솔린-4-0.tr-s,벤츠,013,수입,AMG GT,033,AMG GT,,14~현재,encar,가솔린,4.0,False,,2,,,S,,False,False
mf-013.md-033.sm-amg-gt.pw-가솔린-4-0.tr-s-에디션1,벤츠,013,수입,AMG GT,033,AMG GT,,14~현재,encar,가솔린,4.0,False,,2,,,S 에디션1,,False,False
mf-013.md-033.sm-amg-gt.pw-가솔린-4-0-4matic.tr-4도어-63-s,벤츠,013,수입,AMG GT,033,AMG GT,,14~현재,encar,가솔린,4.0,False,4MATIC,4,,,4도어 63 S +,,False,False
mf-013.md-044.sm-cle-클래스-c236.pw-가솔린-3-0-4matic.tr-amg-cle53-쿠페,벤츠,013,수입,CLE-클래스,044,CLE-클래스 C236,,24~현재,encar,가솔린,3.0,False,4MATIC,4,,,AMG CLE53 + 쿠페,,False,False
mf-013.md-044.sm-cle-클래스-c236.pw-가솔린-3-0-4matic.tr-cle450-쿠페,벤츠,013,수입,CLE-클래스,044,CLE-클래스 C236,,24~현재,encar,가솔린,3.0,False,4MATIC,4,,,CLE450 쿠페,,False,False
mf-013.md-044.sm-cle-클래스-c236.pw-가솔린-3-0-4matic.tr-amg-cle53-카브리올레,벤츠,013,수입,CLE-클래스,044,CLE-클래스 C236,,24~현재,encar,가솔린,3.0,False,4MATIC,4,,,AMG CLE53 + 카브리올레,,False,False
mf-013.md-044.sm-cle-클래스-c236.pw-가솔린-3-0-4matic.tr-cle450-카브리올레,벤츠,013,수입,CLE-클래스,044,CLE-클래스 C236,,24~현재,encar,가솔린,3.0,False,4MATIC,4,,,CLE450 카브리올레,,False,False
mf-013.md-044.sm-cle-클래스-c236.pw-가솔린-2-0.tr-cle200-온라인-익스클루시브-카브리올레,벤츠,013,수입,CLE-클래스,044,CLE-클래스 C236,,24~현재,encar,가솔린,2.0,False,,4,,,CLE200 온라인 익스클루시브 카브리올레,,False,False
mf-013.md-044.sm-cle-클래스-c236.pw-가솔린-2-0.tr-cle200-카브리올레,벤츠,013,수입,CLE-클래스,044,CLE-클래스 C236,,24~현재,encar,가솔린,2.0,False,,4,,,CLE200 카브리올레,,False,False
mf-013.md-044.sm-cle-클래스-c236.pw-가솔린-2-0.tr-cle200-쿠페,벤츠,013,수입,CLE-클래스,044,CLE-클래스 C236,,24~현재,encar,가솔린,2.0,False,,4,,,CLE200 쿠페,,False,False
mf-013.md-043.sm-eqe-suv-x294.pw-전기-4matic.tr-eqe350,벤츠,013,수입,EQE,043,EQE SUV X294,,23~현재,encar,전기,,False,4MATIC,5,,,EQE350,,False,False
mf-013.md-043.sm-eqe-suv-x294.pw-전기-4matic.tr-eqe500,벤츠,013,수입,EQE,043,EQE SUV X294,,23~현재,encar,전기,,False,4MATIC,5,,,EQE500,,False,False
mf-013.md-043.sm-eqe-suv-x294.pw-전기-4matic.tr-eqe500-런치에디션,벤츠,013,수입,EQE,043,EQE SUV X294,,23~현재,encar,전기,,False,4MATIC,5,,,EQE500 런치에디션,,False,False
mf-013.md-043.sm-eqe-v295.pw-전기-100-0.tr-eqe350,벤츠,013,수입,EQE,043,EQE V295,,22~현재,encar,전기,,False,,5,100.0,626,EQE350+,,False,False
mf-013.md-043.sm-eqe-v295.pw-전기-100-0.tr-eqe300,벤츠,013,수입,EQE,043,EQE V295,,22~현재,encar,전기,,False,,5,100.0,626,EQE300,,False,False
mf-013.md-043.sm-eqe-v295.pw-전기-100-0-4matic.tr-eqe350,벤츠,013,수입,EQE,043,EQE V295,,22~현재,encar,전기,,False,4MATIC,5,100.0,626,EQE350,,False,False
mf-013.md-043.sm-eqe-v295.pw-전기-100-0-4matic.tr-eqe53-amg,벤츠,013,수입,EQE,043,EQE V295,,22~현재,encar,전기,,False,4MATIC,5,100.0,626,EQE53 AMG +,,False,False
mf-013.md-041.sm-eqs-suv-x296.pw-전기-4matic.tr-eqs580,벤츠,013,수입,EQS,041,EQS SUV X296,,23~현재,encar,전기,,False,4MATIC,7,,,EQS580,,False,False
mf-013.md-041.sm-eqs-suv-x296.pw-전기-4matic.tr-eqs450,벤츠,013,수입,EQS,041,EQS SUV X296,,23~현재,encar,전기,,False,4MATIC,5,,,EQS450,,False,False
mf-013.md-041.sm-eqs-suv-x296.pw-전기-4matic.tr-eqs580-런치에디션,벤츠,013,수입,EQS,041,EQS SUV X296,,23~현재,encar,전기,,False,4MATIC,5,,,EQS580 런치에디션,,False,False
mf-013.md-041.sm-eqs-suv-x296.pw-전기-4matic.tr-마이바흐-eqs680,벤츠,013,수입,EQS,041,EQS SUV X296,,23~현재,encar,전기,,False,4MATIC,5,,,마이바흐 EQS680,,False,False
mf-013.md-041.sm-eqs-suv-x296.pw-전기-4matic.tr-eqs450-런치에디션,벤츠,013,수입,EQS,041,EQS SUV X296,,23~현재,encar,전기,,False,4MATIC,5,,,EQS450 런치에디션,,False,False
mf-013.md-041.sm-eqs-v297.pw-전기.tr-eqs350,벤츠,013,수입,EQS,041,EQS V297,,21~현재,encar,전기,,False,,5,,,EQS350,,False,False
mf-013.md-041.sm-eqs-v297.pw-전기.tr-eqs450,벤츠,013,수입,EQS,041,EQS V297,,21~현재,encar,전기,,False,,5,,,EQS450+,,False,False
mf-013.md-041.sm-eqs-v297.pw-전기.tr-eqs450-amg-라인,벤츠,013,수입,EQS,041,EQS V297,,21~현재,encar,전기,,False,,5,,,EQS450+ AMG 라인,,False,False
mf-013.md-041.sm-eqs-v297.pw-전기-120-0-4matic.tr-eqs450,벤츠,013,수입,EQS,041,EQS V297,,21~현재,encar,전기,,False,4MATIC,5,120.0,685,EQS450,,False,False
mf-013.md-041.sm-eqs-v297.pw-전기-120-0-4matic.tr-eqs53-amg,벤츠,013,수입,EQS,041,EQS V297,,21~현재,encar,전기,,False,4MATIC,5,120.0,685,EQS53 AMG +,,False,False
mf-013.md-040.sm-eqa-h243.pw-전기-69-7.tr-eqa250,벤츠,013,수입,EQA,040,EQA H243,,21~현재,encar,전기,,False,,5,69.7,306,EQA250,,False,False
mf-013.md-040.sm-eqa-h243.pw-전기-69-7.tr-eqa250-amg-패키지,벤츠,013,수입,EQA,040,EQA H243,,21~현재,encar,전기,,False,,5,69.7,306,EQA250 AMG 패키지,,False,False
mf-013.md-040.sm-eqa-h243.pw-전기-69-7.tr-eqa250-amg-패키지-플러스,벤츠,013,수입,EQA,040,EQA H243,,21~현재,encar,전기,,False,,5,69.7,306,EQA250 AMG 패키지 플러스,,False,False
mf-013.md-040.sm-eqa-h243.pw-전기-69-7.tr-eqa250-amg-라인,벤츠,013,수입,EQA,040,EQA H243,,21~현재,encar,전기,,False,,5,69.7,306,EQA250 AMG 라인,,False,False
mf-013.md-040.sm-eqa-h243.pw-전기-69-7.tr-eqa250-프로그레시브,벤츠,013,수입,EQA,040,EQA H243,,21~현재,encar,전기,,False,,5,69.7,306,EQA250 프로그레시브,,False,False
mf-013.md-040.sm-eqa-h243.pw-전기-69-7.tr-eqa250-일렉트릭-아트,벤츠,013,수입,EQA,040,EQA H243,,21~현재,encar,전기,,False,,5,69.7,306,EQA250 일렉트릭 아트,,False,False
mf-013.md-042.sm-eqb-x243.pw-전기-69-7-4matic.tr-eqb300-amg-라인,벤츠,013,수입,EQB,042,EQB X243,,22~현재,encar,전기,,False,4MATIC,5,69.7,313,EQB300 AMG 라인,,False,False
mf-013.md-042.sm-eqb-x243.pw-전기-69-7-4matic.tr-eqb300-일렉트릭-아트,벤츠,013,수입,EQB,042,EQB X243,,22~현재,encar,전기,,False,4MATIC,5,69.7,313,EQB300 일렉트릭 아트,,False,False
mf-013.md-042.sm-eqb-x243.pw-전기-69-7-4matic.tr-eqb300,벤츠,013,수입,EQB,042,EQB X243,,22~현재,encar,전기,,False,4MATIC,5,69.7,313,EQB300,,False,False
mf-013.md-042.sm-eqb-x243.pw-전기-69-7-4matic.tr-eqb300-프로그레시브,벤츠,013,수입,EQB,042,EQB X243,,22~현재,encar,전기,,False,4MATIC,5,69.7,313,EQB300 프로그레시브,,False,False
mf-013.md-030.sm-스프린터.pw-디젤-3-0.tr-w906,벤츠,013,수입,스프린터,030,스프린터,,95~현재,encar,디젤,3.0,False,,,,,W906,,False,False
mf-013.md-030.sm-스프린터.pw-디젤-3-0.tr-w907,벤츠,013,수입,스프린터,030,스프린터,,95~현재,encar,디젤,3.0,False,,,,,W907,,False,False
mf-013.md-030.sm-스프린터.pw-디젤-1-9.tr-기본,벤츠,013,수입,스프린터,030,스프린터,,95~현재,encar,디젤,1.9,False,,13,,,기본,,False,False
mf-013.md-030.sm-스프린터.pw-가솔린-3-5.tr-906,벤츠,013,수입,스프린터,030,스프린터,,95~현재,encar,가솔린,3.5,False,,9,,,906,,False,False
mf-013.md-030.sm-스프린터.pw-가솔린-2-0.tr-기본,벤츠,013,수입,스프린터,030,스프린터,,95~현재,encar,가솔린,2.0,False,,,,,기본,,False,False
mf-013.md-009.sm-b-클래스-w246.pw-디젤-1-8.tr-b200-cdi-블루이피션시,벤츠,013,수입,B-클래스,009,B-클래스 W246,,12~18,encar,디젤,1.8,False,,5,,,B200 CDI 블루이피션시,,False,False
mf-013.md-009.sm-b-클래스-w246.pw-디젤-1-8.tr-b200-cdi-블루이피션시-스포츠팩,벤츠,013,수입,B-클래스,009,B-클래스 W246,,12~18,encar,디젤,1.8,False,,5,,,B200 CDI 블루이피션시 스포츠팩,,False,False
mf-013.md-009.sm-b-클래스-w246.pw-디젤-2-1.tr-b200-cdi,벤츠,013,수입,B-클래스,009,B-클래스 W246,,12~18,encar,디젤,2.1,False,,5,,,B200 CDI,,False,False
mf-013.md-009.sm-b-클래스-w246.pw-디젤-2-1.tr-b200-d,벤츠,013,수입,B-클래스,009,B-클래스 W246,,12~18,encar,디젤,2.1,False,,5,,,B200 d,,False,False
mf-013.md-009.sm-b-클래스-w246.pw-가솔린-2-0.tr-b220,벤츠,013,수입,B-클래스,009,B-클래스 W246,,12~18,encar,가솔린,2.0,False,,5,,,B220,,False,False
mf-013.md-009.sm-b-클래스-w245.pw-가솔린-2-0.tr-b200,벤츠,013,수입,B-클래스,009,B-클래스 W245,,05~11,encar,가솔린,2.0,False,,5,,,B200,,False,False
mf-013.md-024.sm-glk-클래스-x204.pw-디젤-2-1.tr-glk220-cdi,벤츠,013,수입,GLK-클래스,024,GLK-클래스 X204,,09~15,encar,디젤,2.1,False,,5,,,GLK220 CDI,,False,False
mf-013.md-024.sm-glk-클래스-x204.pw-디젤-2-1.tr-glk220-cdi-블루이피션시,벤츠,013,수입,GLK-클래스,024,GLK-클래스 X204,,09~15,encar,디젤,2.1,False,,5,,,GLK220 CDI 블루이피션시,,False,False
mf-013.md-024.sm-glk-클래스-x204.pw-디젤-2-1.tr-glk220-cdi-프리미엄,벤츠,013,수입,GLK-클래스,024,GLK-클래스 X204,,09~15,encar,디젤,2.1,False,,5,,,GLK220 CDI 프리미엄,,False,False
mf-013.md-024.sm-glk-클래스-x204.pw-가솔린-3-5.tr-glk350,벤츠,013,수입,GLK-클래스,024,GLK-클래스 X204,,09~15,encar,가솔린,3.5,False,,5,,,GLK350,,False,False
mf-013.md-006.sm-sl-클래스-r232.pw-가솔린-4-0-4matic.tr-amg-sl63,벤츠,013,수입,SL-클래스,006,SL-클래스 R232,,23~현재,encar,가솔린,4.0,False,4MATIC,4,,,AMG SL63 +,,False,False
mf-013.md-006.sm-sl-클래스-r232.pw-가솔린-2-0.tr-amg-sl43,벤츠,013,수입,SL-클래스,006,SL-클래스 R232,,23~현재,encar,가솔린,2.0,False,,4,,,AMG SL43,,False,False
mf-013.md-006.sm-sl-클래스-r232.pw-가솔린-4-0-4matic.tr-amg-sl63-마누팍투어,벤츠,013,수입,SL-클래스,006,SL-클래스 R232,,23~현재,encar,가솔린,4.0,False,4MATIC,,,,AMG SL63 + 마누팍투어,,False,False
mf-013.md-006.sm-뉴-sl-클래스.pw-가솔린-3-0.tr-r231,벤츠,013,수입,SL-클래스,006,뉴 SL-클래스,,08~20,encar,가솔린,3.0,False,,2,,,R231,,False,False
mf-013.md-006.sm-뉴-sl-클래스.pw-가솔린-3-5.tr-r230,벤츠,013,수입,SL-클래스,006,뉴 SL-클래스,,08~20,encar,가솔린,3.5,False,,2,,,R230,,False,False
mf-013.md-006.sm-뉴-sl-클래스.pw-가솔린-5-5.tr-r230,벤츠,013,수입,SL-클래스,006,뉴 SL-클래스,,08~20,encar,가솔린,5.5,False,,2,,,R230,,False,False
mf-013.md-006.sm-뉴-sl-클래스.pw-가솔린-5-5.tr-r231,벤츠,013,수입,SL-클래스,006,뉴 SL-클래스,,08~20,encar,가솔린,5.5,False,,2,,,R231,,False,False
mf-013.md-006.sm-sl-클래스.pw-가솔린-5-0.tr-r129,벤츠,013,수입,SL-클래스,006,SL-클래스,,54~08,encar,가솔린,5.0,False,,2,,,R129,,False,False
mf-013.md-006.sm-sl-클래스.pw-가솔린-5-0.tr-r230,벤츠,013,수입,SL-클래스,006,SL-클래스,,54~08,encar,가솔린,5.0,False,,2,,,R230,,False,False
mf-013.md-006.sm-sl-클래스.pw-가솔린-4-5.tr-r107,벤츠,013,수입,SL-클래스,006,SL-클래스,,54~08,encar,가솔린,4.5,False,,2,,,R107,,False,False
mf-013.md-006.sm-sl-클래스.pw-가솔린-5-5.tr-r230,벤츠,013,수입,SL-클래스,006,SL-클래스,,54~08,encar,가솔린,5.5,False,,2,,,R230,,False,False
mf-013.md-006.sm-sl-클래스.pw-가솔린-6-0.tr-r129,벤츠,013,수입,SL-클래스,006,SL-클래스,,54~08,encar,가솔린,6.0,False,,,,,R129,,False,False
mf-013.md-006.sm-sl-클래스.pw-가솔린-6-0.tr-r230,벤츠,013,수입,SL-클래스,006,SL-클래스,,54~08,encar,가솔린,6.0,False,,,,,R230,,False,False
mf-013.md-006.sm-sl-클래스.pw-가솔린-5-5.tr-r230,벤츠,013,수입,SL-클래스,006,SL-클래스,,54~08,encar,가솔린,5.5,False,,,,,R230,,False,False
mf-013.md-006.sm-sl-클래스.pw-가솔린-6-0.tr-r230,벤츠,013,수입,SL-클래스,006,SL-클래스,,54~08,encar,가솔린,6.0,False,,2,,,R230,,False,False
mf-013.md-008.sm-m-클래스-w166.pw-디젤-2-1-4matic.tr-ml250-블루텍,벤츠,013,수입,M-클래스,008,M-클래스 W166,,12~15,encar,디젤,2.1,False,4MATIC,5,,,ML250 블루텍,,False,False
mf-013.md-008.sm-m-클래스-w166.pw-디젤-3-0-4matic.tr-ml350-블루텍,벤츠,013,수입,M-클래스,008,M-클래스 W166,,12~15,encar,디젤,3.0,False,4MATIC,5,,,ML350 블루텍,,False,False
mf-013.md-008.sm-m-클래스-w166.pw-가솔린-5-5.tr-ml63-amg,벤츠,013,수입,M-클래스,008,M-클래스 W166,,12~15,encar,가솔린,5.5,False,,5,,,ML63 AMG,,False,False
mf-013.md-008.sm-m-클래스-w164.pw-가솔린-6-2.tr-ml63-amg,벤츠,013,수입,M-클래스,008,M-클래스 W164,,05~11,encar,가솔린,6.2,False,,5,,,ML63 AMG,,False,False
mf-013.md-008.sm-m-클래스-w164.pw-가솔린-3-5.tr-ml350,벤츠,013,수입,M-클래스,008,M-클래스 W164,,05~11,encar,가솔린,3.5,False,,5,,,ML350,,False,False
mf-013.md-008.sm-m-클래스-w164.pw-가솔린-3-5.tr-ml350-익스클루시브,벤츠,013,수입,M-클래스,008,M-클래스 W164,,05~11,encar,가솔린,3.5,False,,5,,,ML350 익스클루시브,,False,False
mf-013.md-008.sm-m-클래스-w164.pw-디젤-3-0-4matic.tr-ml300-cdi-그랜드-에디션,벤츠,013,수입,M-클래스,008,M-클래스 W164,,05~11,encar,디젤,3.0,False,4MATIC,5,,,ML300 CDI 그랜드 에디션,,False,False
mf-013.md-008.sm-m-클래스-w164.pw-디젤-3-0.tr-ml280-cdi,벤츠,013,수입,M-클래스,008,M-클래스 W164,,05~11,encar,디젤,3.0,False,,5,,,ML280 CDI,,False,False
mf-013.md-008.sm-m-클래스-w164.pw-디젤-3-0.tr-ml300-cdi,벤츠,013,수입,M-클래스,008,M-클래스 W164,,05~11,encar,디젤,3.0,False,,5,,,ML300 CDI,,False,False
mf-013.md-008.sm-m-클래스-w163.pw-가솔린-5-4.tr-ml55-amg,벤츠,013,수입,M-클래스,008,M-클래스 W163,,97~05,encar,가솔린,5.4,False,,,,,ML55 AMG,,False,False
mf-013.md-008.sm-m-클래스-w163.pw-디젤-4-0.tr-ml400-cdi,벤츠,013,수입,M-클래스,008,M-클래스 W163,,97~05,encar,디젤,4.0,False,,5,,,ML400 CDI,,False,False
mf-013.md-008.sm-m-클래스-w163.pw-가솔린-3-7.tr-ml350,벤츠,013,수입,M-클래스,008,M-클래스 W163,,97~05,encar,가솔린,3.7,False,,7,,,ML350,,False,False
mf-013.md-008.sm-m-클래스-w163.pw-가솔린-3-2.tr-ml320,벤츠,013,수입,M-클래스,008,M-클래스 W163,,97~05,encar,가솔린,3.2,False,,5,,,ML320,,False,False
mf-013.md-007.sm-뉴-slk-클래스.pw-가솔린-1-8.tr-r171,벤츠,013,수입,SLK-클래스,007,뉴 SLK-클래스,,04~16,encar,가솔린,1.8,False,,2,,,R171,,False,False
mf-013.md-007.sm-뉴-slk-클래스.pw-가솔린-1-8.tr-r172,벤츠,013,수입,SLK-클래스,007,뉴 SLK-클래스,,04~16,encar,가솔린,1.8,False,,2,,,R172,,False,False
mf-013.md-007.sm-뉴-slk-클래스.pw-가솔린-3-5.tr-r171,벤츠,013,수입,SLK-클래스,007,뉴 SLK-클래스,,04~16,encar,가솔린,3.5,False,,2,,,R171,,False,False
mf-013.md-007.sm-뉴-slk-클래스.pw-가솔린-5-5.tr-r171,벤츠,013,수입,SLK-클래스,007,뉴 SLK-클래스,,04~16,encar,가솔린,5.5,False,,2,,,R171,,False,False
mf-013.md-007.sm-뉴-slk-클래스.pw-가솔린-5-5.tr-r172,벤츠,013,수입,SLK-클래스,007,뉴 SLK-클래스,,04~16,encar,가솔린,5.5,False,,2,,,R172,,False,False
mf-013.md-007.sm-뉴-slk-클래스.pw-가솔린-3-5.tr-r171,벤츠,013,수입,SLK-클래스,007,뉴 SLK-클래스,,04~16,encar,가솔린,3.5,False,,,,,R171,,False,False
mf-013.md-007.sm-slk-클래스.pw-가솔린-2-0.tr-r170,벤츠,013,수입,SLK-클래스,007,SLK-클래스,,96~04,encar,가솔린,2.0,False,,2,,,R170,,False,False
mf-013.md-007.sm-slk-클래스.pw-가솔린-2-3.tr-r170,벤츠,013,수입,SLK-클래스,007,SLK-클래스,,96~04,encar,가솔린,2.3,False,,2,,,R170,,False,False
mf-013.md-038.sm-eqc-n293.pw-전기-85-0-4matic.tr-eqc400,벤츠,013,수입,EQC,038,EQC N293,,19~현재,encar,전기,,False,4MATIC,5,85.0,309,EQC400,,False,False
mf-013.md-038.sm-eqc-n293.pw-전기-85-0-4matic.tr-eqc400-에디션-1886,벤츠,013,수입,EQC,038,EQC N293,,19~현재,encar,전기,,False,4MATIC,5,85.0,309,EQC400 에디션 1886,,False,False
mf-013.md-038.sm-eqc-n293.pw-전기-85-0-4matic.tr-eqc400-프리미엄,벤츠,013,수입,EQC,038,EQC N293,,19~현재,encar,전기,,False,4MATIC,5,85.0,309,EQC400 프리미엄,,False,False
mf-013.md-036.sm-slc-클래스-r172.pw-가솔린-2-0.tr-slc200,벤츠,013,수입,SLC-클래스,036,SLC-클래스 R172,,16~21,encar,가솔린,2.0,False,,2,,,SLC200,,False,False
mf-013.md-036.sm-slc-클래스-r172.pw-가솔린-3-0.tr-amg-slc43,벤츠,013,수입,SLC-클래스,036,SLC-클래스 R172,,16~21,encar,가솔린,3.0,False,,2,,,AMG SLC43,,False,False
mf-013.md-016.sm-v-클래스.pw-디젤-1-9.tr-w447,벤츠,013,수입,V-클래스,016,V-클래스,,96~현재,encar,디젤,1.9,False,,9,,,W447,,False,False
mf-013.md-016.sm-v-클래스.pw-가솔린-2-0.tr-w447,벤츠,013,수입,V-클래스,016,V-클래스,,96~현재,encar,가솔린,2.0,False,,9,,,W447,,False,False
mf-013.md-016.sm-v-클래스.pw-디젤-2-0.tr-w447,벤츠,013,수입,V-클래스,016,V-클래스,,96~현재,encar,디젤,2.0,False,,6,,,W447,,False,False
mf-013.md-016.sm-v-클래스.pw-가솔린-3-5.tr-w639,벤츠,013,수입,V-클래스,016,V-클래스,,96~현재,encar,가솔린,3.5,False,,9,,,W639,,False,False
mf-013.md-002.sm-cl-클래스-c216.pw-가솔린-6-2.tr-cl63-amg,벤츠,013,수입,CL-클래스,002,CL-클래스 C216,,07~13,encar,가솔린,6.2,False,,4,,,CL63 AMG,,False,False
mf-013.md-002.sm-cl-클래스-c216.pw-가솔린-5-5.tr-cl500,벤츠,013,수입,CL-클래스,002,CL-클래스 C216,,07~13,encar,가솔린,5.5,False,,4,,,CL500,,False,False
mf-013.md-002.sm-cl-클래스-c216.pw-가솔린-5-5.tr-cl550,벤츠,013,수입,CL-클래스,002,CL-클래스 C216,,07~13,encar,가솔린,5.5,False,,4,,,CL550,,False,False
mf-013.md-002.sm-cl-클래스-c216.pw-가솔린-5-5.tr-cl600,벤츠,013,수입,CL-클래스,002,CL-클래스 C216,,07~13,encar,가솔린,5.5,False,,,,,CL600,,False,False
mf-013.md-002.sm-cl-클래스-c215.pw-가솔린-5-8.tr-cl600,벤츠,013,수입,CL-클래스,002,CL-클래스 C215,,99~06,encar,가솔린,5.8,False,,4,,,CL600,,False,False
mf-013.md-002.sm-cl-클래스-c140.pw-가솔린-6-0.tr-cl600,벤츠,013,수입,CL-클래스,002,CL-클래스 C140,,92~99,encar,가솔린,6.0,False,,4,,,CL600,,False,False
mf-013.md-012.sm-clk-클래스-c209.pw-가솔린-3-5.tr-clk350-카브리올레,벤츠,013,수입,CLK-클래스,012,CLK-클래스 C209,,02~09,encar,가솔린,3.5,False,,4,,,CLK350 카브리올레,,False,False
mf-013.md-012.sm-clk-클래스-c209.pw-가솔린-3-5.tr-clk350-쿠페,벤츠,013,수입,CLK-클래스,012,CLK-클래스 C209,,02~09,encar,가솔린,3.5,False,,4,,,CLK350 쿠페,,False,False
mf-013.md-012.sm-clk-클래스-c209.pw-가솔린-5-0.tr-clk500-쿠페,벤츠,013,수입,CLK-클래스,012,CLK-클래스 C209,,02~09,encar,가솔린,5.0,False,,4,,,CLK500 쿠페,,False,False
mf-013.md-012.sm-clk-클래스-c209.pw-가솔린-3-2.tr-clk320-카브리올레,벤츠,013,수입,CLK-클래스,012,CLK-클래스 C209,,02~09,encar,가솔린,3.2,False,,4,,,CLK320 카브리올레,,False,False
mf-013.md-012.sm-clk-클래스-c209.pw-가솔린-3-2.tr-clk320-쿠페,벤츠,013,수입,CLK-클래스,012,CLK-클래스 C209,,02~09,encar,가솔린,3.2,False,,4,,,CLK320 쿠페,,False,False
mf-013.md-023.sm-sel-sec.pw-가솔린-3-0.tr-w126,벤츠,013,수입,SEL/SEC,023,SEL/SEC,,72~94,encar,가솔린,3.0,False,,5,,,W126,,False,False
mf-013.md-023.sm-sel-sec.pw-가솔린-5-5.tr-w126,벤츠,013,수입,SEL/SEC,023,SEL/SEC,,72~94,encar,가솔린,5.5,False,,,,,W126,,False,False
mf-013.md-023.sm-sel-sec.pw-가솔린-5-6.tr-w126,벤츠,013,수입,SEL/SEC,023,SEL/SEC,,72~94,encar,가솔린,5.6,False,,,,,W126,,False,False
mf-013.md-022.sm-gl-클래스-x166.pw-가솔린-5-5-4matic.tr-gl63-amg,벤츠,013,수입,GL-클래스,022,GL-클래스 X166,,12~16,encar,가솔린,5.5,False,4MATIC,7,,,GL63 AMG,,False,False
mf-013.md-022.sm-gl-클래스-x166.pw-가솔린-4-7-4matic.tr-gl450,벤츠,013,수입,GL-클래스,022,GL-클래스 X166,,12~16,encar,가솔린,4.7,False,4MATIC,7,,,GL450,,False,False
mf-013.md-022.sm-gl-클래스-x164.pw-가솔린-4-7-4matic.tr-gl450,벤츠,013,수입,GL-클래스,022,GL-클래스 X164,,06~12,encar,가솔린,4.7,False,4MATIC,7,,,GL450,,False,False
mf-013.md-021.sm-r-클래스.pw-가솔린-3-5-4matic.tr-v251,벤츠,013,수입,R-클래스,021,R-클래스,,05~13,encar,가솔린,3.5,False,4MATIC,6,,,V251,,False,False
mf-013.md-026.sm-sls-amg.pw-가솔린-6-2.tr-c197,벤츠,013,수입,SLS AMG,026,SLS AMG,,10~14,encar,가솔린,6.2,False,,2,,,C197,,False,False
mf-013.md-028.sm-기타.pw-디젤-4-3.tr-기타,벤츠,013,수입,기타,028,기타,,80~현재,encar,디젤,4.3,False,,,,,기타,,False,False
mf-011.md-004.sm-c9.pw-가솔린-2-0.tr-40-tfsi-advanced,아우디,011,수입,A6,004,A6 C9,C9,26~현재,encar,가솔린,2.0,False,,5,,,40 TFSI advanced,6764,False,False
mf-011.md-004.sm-c9.pw-가솔린-2-0.tr-40-tfsi-s-line,아우디,011,수입,A6,004,A6 C9,C9,26~현재,encar,가솔린,2.0,False,,,,,40 TFSI S line,7206,False,False
mf-011.md-004.sm-c9.pw-가솔린-2-0-콰트로.tr-45-tfsi-s-line,아우디,011,수입,A6,004,A6 C9,C9,26~현재,encar,가솔린,2.0,False,콰트로,5,,,45 TFSI S line,8541,False,False
mf-011.md-004.sm-c9.pw-가솔린-3-0-콰트로.tr-55-tfsi-s-line,아우디,011,수입,A6,004,A6 C9,C9,26~현재,encar,가솔린,3.0,False,콰트로,5,,,55 TFSI S line,9718,False,False
mf-011.md-004.sm-c8.pw-가솔린-2-0-콰트로.tr-45-tfsi,아우디,011,수입,A6,004,A6 C8,C8,19~26,encar,가솔린,2.0,False,콰트로,5,,,45 TFSI,7240,False,False
mf-011.md-004.sm-c8.pw-가솔린-2-0-콰트로.tr-45-tfsi-premium,아우디,011,수입,A6,004,A6 C8,C8,19~26,encar,가솔린,2.0,False,콰트로,5,,,45 TFSI premium,7950,False,False
mf-011.md-004.sm-c8.pw-가솔린-2-0.tr-45-tfsi,아우디,011,수입,A6,004,A6 C8,C8,19~26,encar,가솔린,2.0,False,,5,,,45 TFSI,7240,False,False
mf-011.md-004.sm-c8.pw-가솔린-2-0.tr-45-tfsi-premium,아우디,011,수입,A6,004,A6 C8,C8,19~26,encar,가솔린,2.0,False,,5,,,45 TFSI premium,7950,False,False
mf-011.md-004.sm-c8.pw-디젤-3-0-콰트로.tr-45-tdi-premium,아우디,011,수입,A6,004,A6 C8,C8,19~26,encar,디젤,3.0,False,콰트로,5,,,45 TDI premium,8300,False,False
mf-011.md-004.sm-c8.pw-디젤-3-0-콰트로.tr-50-tdi-premium,아우디,011,수입,A6,004,A6 C8,C8,19~26,encar,디젤,3.0,False,콰트로,5,,,50 TDI premium,9000,False,False
mf-011.md-004.sm-c8.pw-디젤-2-0-콰트로.tr-40-tdi-premium,아우디,011,수입,A6,004,A6 C8,C8,19~26,encar,디젤,2.0,False,콰트로,5,,,40 TDI premium,7810,False,False
mf-011.md-004.sm-c8.pw-디젤-2-0.tr-40-tdi,아우디,011,수입,A6,004,A6 C8,C8,19~26,encar,디젤,2.0,False,,5,,,40 TDI,7100,False,False
mf-011.md-004.sm-c8.pw-디젤-2-0.tr-40-tdi-premium,아우디,011,수입,A6,004,A6 C8,C8,19~26,encar,디젤,2.0,False,,5,,,40 TDI premium,7810,False,False
mf-011.md-004.sm-c6-c7.pw-디젤-3-0-콰트로.tr-c7,아우디,011,수입,A6,004,뉴 A6 C6/C7,C6/C7,04~18,encar,디젤,3.0,False,콰트로,5,,,C7,6200,False,False
mf-011.md-004.sm-c6-c7.pw-디젤-2-0.tr-c7,아우디,011,수입,A6,004,뉴 A6 C6/C7,C6/C7,04~18,encar,디젤,2.0,False,,5,,,C7,6200,False,False
mf-011.md-004.sm-c6-c7.pw-가솔린-2-0-콰트로.tr-c7,아우디,011,수입,A6,004,뉴 A6 C6/C7,C6/C7,04~18,encar,가솔린,2.0,False,콰트로,5,,,C7,6200,False,False
mf-011.md-004.sm-c6-c7.pw-디젤-2-0-콰트로.tr-c7,아우디,011,수입,A6,004,뉴 A6 C6/C7,C6/C7,04~18,encar,디젤,2.0,False,콰트로,5,,,C7,6200,False,False
mf-011.md-004.sm-c6-c7.pw-가솔린-3-0-콰트로.tr-c6,아우디,011,수입,A6,004,뉴 A6 C6/C7,C6/C7,04~18,encar,가솔린,3.0,False,콰트로,5,,,C6,5500,False,False
mf-011.md-004.sm-c6-c7.pw-가솔린-3-0-콰트로.tr-c7,아우디,011,수입,A6,004,뉴 A6 C6/C7,C6/C7,04~18,encar,가솔린,3.0,False,콰트로,5,,,C7,6200,False,False
mf-011.md-004.sm-c6-c7.pw-가솔린-2-0.tr-c7,아우디,011,수입,A6,004,뉴 A6 C6/C7,C6/C7,04~18,encar,가솔린,2.0,False,,5,,,C7,6200,False,False
mf-011.md-020.sm-80a.pw-디젤-2-0-콰트로.tr-40-tdi-s-line-스포트백,아우디,011,수입,Q5,020,Q5 80A,80A,25~현재,encar,디젤,2.0,False,콰트로,,,,40 TDI S Line 스포트백,,False,False
mf-011.md-020.sm-80a.pw-디젤-2-0-콰트로.tr-40-tdi-s-line,아우디,011,수입,Q5,020,Q5 80A,80A,25~현재,encar,디젤,2.0,False,콰트로,5,,,40 TDI S Line,,False,False
mf-011.md-020.sm-80a.pw-디젤-2-0-콰트로.tr-40-tdi-s-line-블랙-에디션,아우디,011,수입,Q5,020,Q5 80A,80A,25~현재,encar,디젤,2.0,False,콰트로,5,,,40 TDI S Line 블랙 에디션,,False,False
mf-011.md-020.sm-80a.pw-가솔린-2-0-콰트로.tr-40-tfsi-s-line-스포트백,아우디,011,수입,Q5,020,Q5 80A,80A,25~현재,encar,가솔린,2.0,False,콰트로,5,,,40 TFSI S Line 스포트백,,False,False
mf-011.md-020.sm-80a.pw-가솔린-2-0-콰트로.tr-40-tfsi-어드밴스드,아우디,011,수입,Q5,020,Q5 80A,80A,25~현재,encar,가솔린,2.0,False,콰트로,5,,,40 TFSI 어드밴스드,,False,False
mf-011.md-020.sm-80a.pw-가솔린-2-0-콰트로.tr-40-tfsi-어드밴스드-스포트백,아우디,011,수입,Q5,020,Q5 80A,80A,25~현재,encar,가솔린,2.0,False,콰트로,5,,,40 TFSI 어드밴스드 스포트백,,False,False
mf-011.md-020.sm-80a.pw-가솔린-2-0-콰트로.tr-45-tfsi-s-line,아우디,011,수입,Q5,020,Q5 80A,80A,25~현재,encar,가솔린,2.0,False,콰트로,5,,,45 TFSI S Line,,False,False
mf-011.md-020.sm-80a.pw-가솔린-2-0-콰트로.tr-45-tfsi-s-line-블랙-에디션,아우디,011,수입,Q5,020,Q5 80A,80A,25~현재,encar,가솔린,2.0,False,콰트로,5,,,45 TFSI S Line 블랙 에디션,,False,False
mf-011.md-020.sm-80a.pw-가솔린-2-0-콰트로.tr-45-tfsi-s-line-블랙-에디션-스포트백,아우디,011,수입,Q5,020,Q5 80A,80A,25~현재,encar,가솔린,2.0,False,콰트로,5,,,45 TFSI S Line 블랙 에디션 스포트백,,False,False
mf-011.md-020.sm-80a.pw-가솔린-2-0-콰트로.tr-45-tfsi-s-line-스포트백,아우디,011,수입,Q5,020,Q5 80A,80A,25~현재,encar,가솔린,2.0,False,콰트로,,,,45 TFSI S Line 스포트백,,False,False
mf-011.md-020.sm-fy.pw-디젤-3-0-콰트로.tr-50-tdi-프리미엄,아우디,011,수입,Q5,020,Q5 FY,FY,17~현재,encar,디젤,3.0,False,콰트로,5,,,50 TDI 프리미엄,,False,False
mf-011.md-020.sm-fy.pw-디젤-2-0-콰트로.tr-40-tdi,아우디,011,수입,Q5,020,Q5 FY,FY,17~현재,encar,디젤,2.0,False,콰트로,5,,,40 TDI,,False,False
mf-011.md-020.sm-fy.pw-디젤-2-0-콰트로.tr-40-tdi-스포트백,아우디,011,수입,Q5,020,Q5 FY,FY,17~현재,encar,디젤,2.0,False,콰트로,5,,,40 TDI 스포트백,,False,False
mf-011.md-020.sm-fy.pw-디젤-2-0-콰트로.tr-40-tdi-프리미엄,아우디,011,수입,Q5,020,Q5 FY,FY,17~현재,encar,디젤,2.0,False,콰트로,5,,,40 TDI 프리미엄,,False,False
mf-011.md-020.sm-fy.pw-디젤-2-0-콰트로.tr-40-tdi-프리미엄-스포트백,아우디,011,수입,Q5,020,Q5 FY,FY,17~현재,encar,디젤,2.0,False,콰트로,5,,,40 TDI 프리미엄 스포트백,,False,False
mf-011.md-020.sm-fy.pw-가솔린-2-0-콰트로.tr-45-tfsi,아우디,011,수입,Q5,020,Q5 FY,FY,17~현재,encar,가솔린,2.0,False,콰트로,5,,,45 TFSI,,False,False
mf-011.md-020.sm-fy.pw-가솔린-2-0-콰트로.tr-45-tfsi-스포트백,아우디,011,수입,Q5,020,Q5 FY,FY,17~현재,encar,가솔린,2.0,False,콰트로,5,,,45 TFSI 스포트백,,False,False
mf-011.md-020.sm-fy.pw-가솔린-2-0-콰트로.tr-45-tfsi-프리미엄,아우디,011,수입,Q5,020,Q5 FY,FY,17~현재,encar,가솔린,2.0,False,콰트로,5,,,45 TFSI 프리미엄,,False,False
mf-011.md-020.sm-fy.pw-가솔린-2-0-콰트로.tr-45-tfsi-프리미엄-스포트백,아우디,011,수입,Q5,020,Q5 FY,FY,17~현재,encar,가솔린,2.0,False,콰트로,5,,,45 TFSI 프리미엄 스포트백,,False,False
mf-011.md-020.sm-q5.pw-디젤-2-0-콰트로.tr-8r,아우디,011,수입,Q5,020,Q5,,08~16,encar,디젤,2.0,False,콰트로,5,,,8R,,False,False
mf-011.md-020.sm-q5.pw-디젤-3-0-콰트로.tr-8r,아우디,011,수입,Q5,020,Q5,,08~16,encar,디젤,3.0,False,콰트로,5,,,8R,,False,False
mf-011.md-020.sm-q5.pw-가솔린-3-2-콰트로.tr-8r,아우디,011,수입,Q5,020,Q5,,08~16,encar,가솔린,3.2,False,콰트로,5,,,8R,,False,False
mf-011.md-020.sm-q5.pw-가솔린-2-0-콰트로.tr-8r,아우디,011,수입,Q5,020,Q5,,08~16,encar,가솔린,2.0,False,콰트로,5,,,8R,,False,False
mf-011.md-002.sm-b9.pw-가솔린-2-0.tr-40-tfsi,아우디,011,수입,A4,002,A4 B9,B9,16~현재,encar,가솔린,2.0,False,,5,,,40 TFSI,,False,False
mf-011.md-002.sm-b9.pw-가솔린-2-0.tr-40-tfsi-프리미엄,아우디,011,수입,A4,002,A4 B9,B9,16~현재,encar,가솔린,2.0,False,,5,,,40 TFSI 프리미엄,,False,False
mf-011.md-002.sm-b9.pw-가솔린-2-0.tr-45-tfsi-프리미엄,아우디,011,수입,A4,002,A4 B9,B9,16~현재,encar,가솔린,2.0,False,,5,,,45 TFSI 프리미엄,,False,False
mf-011.md-002.sm-b9.pw-디젤-2-0-콰트로.tr-35-tdi-프리미엄,아우디,011,수입,A4,002,A4 B9,B9,16~현재,encar,디젤,2.0,False,콰트로,5,,,35 TDI 프리미엄,,False,False
mf-011.md-002.sm-b9.pw-디젤-2-0-콰트로.tr-40-tdi-프리미엄,아우디,011,수입,A4,002,A4 B9,B9,16~현재,encar,디젤,2.0,False,콰트로,5,,,40 TDI 프리미엄,,False,False
mf-011.md-002.sm-b9.pw-가솔린-2-0-콰트로.tr-45-tfsi-프리미엄,아우디,011,수입,A4,002,A4 B9,B9,16~현재,encar,가솔린,2.0,False,콰트로,5,,,45 TFSI 프리미엄,,False,False
mf-011.md-002.sm-b9.pw-디젤-2-0.tr-30-tdi,아우디,011,수입,A4,002,A4 B9,B9,16~현재,encar,디젤,2.0,False,,5,,,30 TDI,,False,False
mf-011.md-002.sm-b9.pw-디젤-2-0.tr-30-tdi-프리미엄,아우디,011,수입,A4,002,A4 B9,B9,16~현재,encar,디젤,2.0,False,,5,,,30 TDI 프리미엄,,False,False
mf-011.md-002.sm-b9.pw-디젤-2-0.tr-35-tdi-프리미엄,아우디,011,수입,A4,002,A4 B9,B9,16~현재,encar,디젤,2.0,False,,5,,,35 TDI 프리미엄,,False,False
mf-011.md-002.sm-뉴-a4.pw-디젤-2-0-콰트로.tr-b8,아우디,011,수입,A4,002,뉴 A4,,05~16,encar,디젤,2.0,False,콰트로,5,,,B8,,False,False
mf-011.md-002.sm-뉴-a4.pw-디젤-2-0.tr-b8,아우디,011,수입,A4,002,뉴 A4,,05~16,encar,디젤,2.0,False,,5,,,B8,,False,False
mf-011.md-002.sm-뉴-a4.pw-가솔린-2-0-콰트로.tr-b8,아우디,011,수입,A4,002,뉴 A4,,05~16,encar,가솔린,2.0,False,콰트로,5,,,B8,,False,False
mf-011.md-002.sm-뉴-a4.pw-가솔린-2-0.tr-b7,아우디,011,수입,A4,002,뉴 A4,,05~16,encar,가솔린,2.0,False,,5,,,B7,,False,False
mf-011.md-002.sm-뉴-a4.pw-가솔린-2-0.tr-b8,아우디,011,수입,A4,002,뉴 A4,,05~16,encar,가솔린,2.0,False,,5,,,B8,,False,False
mf-011.md-002.sm-a4.pw-가솔린-2-0.tr-b6,아우디,011,수입,A4,002,A4,,94~05,encar,가솔린,2.0,False,,5,,,B6,,False,False
mf-011.md-025.sm-4k.pw-가솔린-3-0-콰트로.tr-55-tfsi-프리미엄,아우디,011,수입,A7,025,A7 4K,4K,18~현재,encar,가솔린,3.0,False,콰트로,5,,,55 TFSI 프리미엄,,False,False
mf-011.md-025.sm-4k.pw-디젤-3-0-콰트로.tr-45-tdi-프리미엄,아우디,011,수입,A7,025,A7 4K,4K,18~현재,encar,디젤,3.0,False,콰트로,5,,,45 TDI 프리미엄,,False,False
mf-011.md-025.sm-4k.pw-디젤-3-0-콰트로.tr-50-tdi-프리미엄,아우디,011,수입,A7,025,A7 4K,4K,18~현재,encar,디젤,3.0,False,콰트로,5,,,50 TDI 프리미엄,,False,False
mf-011.md-025.sm-4k.pw-하이브리드-2-0-콰트로.tr-55-tfsi-e-프리미엄,아우디,011,수입,A7,025,A7 4K,4K,18~현재,encar,하이브리드,2.0,False,콰트로,5,,,55 TFSI e 프리미엄,,False,False
mf-011.md-025.sm-a7.pw-디젤-3-0-콰트로.tr-4g,아우디,011,수입,A7,025,A7,,10~17,encar,디젤,3.0,False,콰트로,4,,,4G,,False,False
mf-011.md-025.sm-a7.pw-가솔린-3-0-콰트로.tr-4g,아우디,011,수입,A7,025,A7,,10~17,encar,가솔린,3.0,False,콰트로,4,,,4G,,False,False
mf-011.md-025.sm-a7.pw-가솔린-2-0-콰트로.tr-4g,아우디,011,수입,A7,025,A7,,10~17,encar,가솔린,2.0,False,콰트로,4,,,4G,,False,False
mf-011.md-013.sm-4m.pw-가솔린-2-0-콰트로.tr-45-tfsi,아우디,011,수입,Q7,013,Q7 4M,4M,16~24,encar,가솔린,2.0,False,콰트로,5,,,45 TFSI,,False,False
mf-011.md-013.sm-4m.pw-가솔린-3-0-콰트로.tr-55-tfsi,아우디,011,수입,Q7,013,Q7 4M,4M,16~24,encar,가솔린,3.0,False,콰트로,7,,,55 TFSI,,False,False
mf-011.md-013.sm-4m.pw-가솔린-3-0-콰트로.tr-55-tfsi-프리미엄,아우디,011,수입,Q7,013,Q7 4M,4M,16~24,encar,가솔린,3.0,False,콰트로,7,,,55 TFSI 프리미엄,,False,False
mf-011.md-013.sm-4m.pw-디젤-3-0-콰트로.tr-35-tdi-프리미엄,아우디,011,수입,Q7,013,Q7 4M,4M,16~24,encar,디젤,3.0,False,콰트로,7,,,35 TDI 프리미엄,,False,False
mf-011.md-013.sm-4m.pw-디젤-3-0-콰트로.tr-45-tdi-스포트,아우디,011,수입,Q7,013,Q7 4M,4M,16~24,encar,디젤,3.0,False,콰트로,7,,,45 TDI 스포트,,False,False
mf-011.md-013.sm-4m.pw-디젤-3-0-콰트로.tr-45-tdi-프리미엄,아우디,011,수입,Q7,013,Q7 4M,4M,16~24,encar,디젤,3.0,False,콰트로,7,,,45 TDI 프리미엄,,False,False
mf-011.md-013.sm-4m.pw-디젤-3-0-콰트로.tr-50-tdi-프리미엄,아우디,011,수입,Q7,013,Q7 4M,4M,16~24,encar,디젤,3.0,False,콰트로,7,,,50 TDI 프리미엄,,False,False
mf-011.md-013.sm-4m.pw-디젤-3-0-콰트로.tr-35-tdi-컴포트,아우디,011,수입,Q7,013,Q7 4M,4M,16~24,encar,디젤,3.0,False,콰트로,5,,,35 TDI 컴포트,,False,False
mf-011.md-013.sm-4m.pw-디젤-3-0-콰트로.tr-45-tdi,아우디,011,수입,Q7,013,Q7 4M,4M,16~24,encar,디젤,3.0,False,콰트로,5,,,45 TDI,,False,False
mf-011.md-013.sm-q7.pw-디젤-3-0-콰트로.tr-4l,아우디,011,수입,Q7,013,Q7,,05~15,encar,디젤,3.0,False,콰트로,6,,,4L,,False,False
mf-011.md-013.sm-q7.pw-디젤-3-0-콰트로.tr-4l,아우디,011,수입,Q7,013,Q7,,05~15,encar,디젤,3.0,False,콰트로,4,,,4L,,False,False
mf-011.md-013.sm-q7.pw-디젤-4-1-콰트로.tr-4l,아우디,011,수입,Q7,013,Q7,,05~15,encar,디젤,4.1,False,콰트로,6,,,4L,,False,False
mf-011.md-013.sm-q7.pw-가솔린-4-2-콰트로.tr-4l,아우디,011,수입,Q7,013,Q7,,05~15,encar,가솔린,4.2,False,콰트로,6,,,4L,,False,False
mf-011.md-013.sm-q7.pw-디젤-3-0-콰트로.tr-4l,아우디,011,수입,Q7,013,Q7,,05~15,encar,디젤,3.0,False,콰트로,7,,,4L,,False,False
mf-011.md-013.sm-q7.pw-디젤-4-1-콰트로.tr-4l,아우디,011,수입,Q7,013,Q7,,05~15,encar,디젤,4.1,False,콰트로,7,,,4L,,False,False
mf-011.md-021.sm-b10.pw-가솔린-2-0-콰트로.tr-40-tfsi-s-line,아우디,011,수입,A5,021,A5 B10,B10,25~현재,encar,가솔린,2.0,False,콰트로,5,,,40 TFSI S Line,,False,False
mf-011.md-021.sm-b10.pw-가솔린-2-0-콰트로.tr-40-tfsi-s-line-블랙-에디션,아우디,011,수입,A5,021,A5 B10,B10,25~현재,encar,가솔린,2.0,False,콰트로,5,,,40 TFSI S Line 블랙 에디션,,False,False
mf-011.md-021.sm-b10.pw-가솔린-2-0-콰트로.tr-40-tfsi-어드밴스드,아우디,011,수입,A5,021,A5 B10,B10,25~현재,encar,가솔린,2.0,False,콰트로,5,,,40 TFSI 어드밴스드,,False,False
mf-011.md-021.sm-b10.pw-가솔린-2-0-콰트로.tr-45-tfsi-s-line,아우디,011,수입,A5,021,A5 B10,B10,25~현재,encar,가솔린,2.0,False,콰트로,5,,,45 TFSI S Line,,False,False
mf-011.md-021.sm-b10.pw-디젤-2-0-콰트로.tr-40-tdi-s-line,아우디,011,수입,A5,021,A5 B10,B10,25~현재,encar,디젤,2.0,False,콰트로,5,,,40 TDI S Line,,False,False
mf-011.md-021.sm-b10.pw-디젤-2-0-콰트로.tr-40-tdi-어드밴스드,아우디,011,수입,A5,021,A5 B10,B10,25~현재,encar,디젤,2.0,False,콰트로,5,,,40 TDI 어드밴스드,,False,False
mf-011.md-021.sm-f5.pw-디젤-2-0-콰트로.tr-40-tdi-프리미엄-스포트백,아우디,011,수입,A5,021,A5 F5,F5,17~현재,encar,디젤,2.0,False,콰트로,5,,,40 TDI 프리미엄 스포트백,,False,False
mf-011.md-021.sm-f5.pw-가솔린-2-0-콰트로.tr-45-tfsi-카브리올레,아우디,011,수입,A5,021,A5 F5,F5,17~현재,encar,가솔린,2.0,False,콰트로,4,,,45 TFSI 카브리올레,,False,False
mf-011.md-021.sm-f5.pw-가솔린-2-0-콰트로.tr-45-tfsi-쿠페,아우디,011,수입,A5,021,A5 F5,F5,17~현재,encar,가솔린,2.0,False,콰트로,4,,,45 TFSI 쿠페,,False,False
mf-011.md-021.sm-f5.pw-가솔린-2-0-콰트로.tr-45-tfsi-프리미엄-카브리올레,아우디,011,수입,A5,021,A5 F5,F5,17~현재,encar,가솔린,2.0,False,콰트로,4,,,45 TFSI 프리미엄 카브리올레,,False,False
mf-011.md-021.sm-f5.pw-가솔린-2-0-콰트로.tr-45-tfsi-프리미엄-쿠페,아우디,011,수입,A5,021,A5 F5,F5,17~현재,encar,가솔린,2.0,False,콰트로,4,,,45 TFSI 프리미엄 쿠페,,False,False
mf-011.md-021.sm-f5.pw-가솔린-2-0-콰트로.tr-40-tfsi-스포트백,아우디,011,수입,A5,021,A5 F5,F5,17~현재,encar,가솔린,2.0,False,콰트로,5,,,40 TFSI 스포트백,,False,False
mf-011.md-021.sm-f5.pw-가솔린-2-0-콰트로.tr-40-tfsi-프리미엄-스포트백,아우디,011,수입,A5,021,A5 F5,F5,17~현재,encar,가솔린,2.0,False,콰트로,5,,,40 TFSI 프리미엄 스포트백,,False,False
mf-011.md-021.sm-f5.pw-가솔린-2-0-콰트로.tr-45-tfsi-프리미엄-스포트백,아우디,011,수입,A5,021,A5 F5,F5,17~현재,encar,가솔린,2.0,False,콰트로,5,,,45 TFSI 프리미엄 스포트백,,False,False
mf-011.md-021.sm-f5.pw-디젤-2-0.tr-35-tdi-프리미엄-스포트백,아우디,011,수입,A5,021,A5 F5,F5,17~현재,encar,디젤,2.0,False,,5,,,35 TDI 프리미엄 스포트백,,False,False
mf-011.md-021.sm-a5.pw-디젤-2-0-콰트로.tr-8ta,아우디,011,수입,A5,021,A5,,07~16,encar,디젤,2.0,False,콰트로,4,,,8TA,,False,False
mf-011.md-021.sm-a5.pw-가솔린-2-0-콰트로.tr-8f7,아우디,011,수입,A5,021,A5,,07~16,encar,가솔린,2.0,False,콰트로,4,,,8F7,,False,False
mf-011.md-021.sm-a5.pw-가솔린-2-0-콰트로.tr-8t3,아우디,011,수입,A5,021,A5,,07~16,encar,가솔린,2.0,False,콰트로,4,,,8T3,,False,False
mf-011.md-021.sm-a5.pw-가솔린-2-0.tr-8f7,아우디,011,수입,A5,021,A5,,07~16,encar,가솔린,2.0,False,,4,,,8F7,,False,False
mf-011.md-003.sm-d5.pw-가솔린-3-0-콰트로.tr-55-tfsi-lwb,아우디,011,수입,A8,003,A8 D5,D5,18~현재,encar,가솔린,3.0,False,콰트로,5,,,55 TFSI LWB,,False,False
mf-011.md-003.sm-d5.pw-가솔린-3-0-콰트로.tr-55-tfsi-프리미엄-lwb,아우디,011,수입,A8,003,A8 D5,D5,18~현재,encar,가솔린,3.0,False,콰트로,5,,,55 TFSI 프리미엄 LWB,,False,False
mf-011.md-003.sm-d5.pw-디젤-3-0-콰트로.tr-50-tdi,아우디,011,수입,A8,003,A8 D5,D5,18~현재,encar,디젤,3.0,False,콰트로,5,,,50 TDI,,False,False
mf-011.md-003.sm-d5.pw-디젤-3-0-콰트로.tr-50-tdi-lwb,아우디,011,수입,A8,003,A8 D5,D5,18~현재,encar,디젤,3.0,False,콰트로,5,,,50 TDI LWB,,False,False
mf-011.md-003.sm-d5.pw-디젤-3-0-콰트로.tr-50-tdi-블랙에디션,아우디,011,수입,A8,003,A8 D5,D5,18~현재,encar,디젤,3.0,False,콰트로,5,,,50 TDI 블랙에디션,,False,False
mf-011.md-003.sm-d5.pw-디젤-3-0-콰트로.tr-50-tdi-프리미엄,아우디,011,수입,A8,003,A8 D5,D5,18~현재,encar,디젤,3.0,False,콰트로,5,,,50 TDI 프리미엄,,False,False
mf-011.md-003.sm-d5.pw-디젤-3-0-콰트로.tr-50-tdi-프리미엄-lwb,아우디,011,수입,A8,003,A8 D5,D5,18~현재,encar,디젤,3.0,False,콰트로,5,,,50 TDI 프리미엄 LWB,,False,False
mf-011.md-003.sm-d5.pw-가솔린-4-0-콰트로.tr-60-tfsi-lwb,아우디,011,수입,A8,003,A8 D5,D5,18~현재,encar,가솔린,4.0,False,콰트로,5,,,60 TFSI LWB,,False,False
mf-011.md-003.sm-뉴-a8.pw-디젤-4-1-콰트로.tr-d4,아우디,011,수입,A8,003,뉴 A8,,02~17,encar,디젤,4.1,False,콰트로,5,,,D4,,False,False
mf-011.md-003.sm-뉴-a8.pw-가솔린-4-0-콰트로.tr-d4,아우디,011,수입,A8,003,뉴 A8,,02~17,encar,가솔린,4.0,False,콰트로,5,,,D4,,False,False
mf-011.md-003.sm-뉴-a8.pw-가솔린-3-0-콰트로.tr-d4,아우디,011,수입,A8,003,뉴 A8,,02~17,encar,가솔린,3.0,False,콰트로,5,,,D4,,False,False
mf-011.md-003.sm-뉴-a8.pw-디젤-3-0-콰트로.tr-d4,아우디,011,수입,A8,003,뉴 A8,,02~17,encar,디젤,3.0,False,콰트로,5,,,D4,,False,False
mf-011.md-003.sm-뉴-a8.pw-가솔린-4-2-콰트로.tr-d3,아우디,011,수입,A8,003,뉴 A8,,02~17,encar,가솔린,4.2,False,콰트로,5,,,D3,,False,False
mf-011.md-003.sm-뉴-a8.pw-가솔린-4-2-콰트로.tr-d4,아우디,011,수입,A8,003,뉴 A8,,02~17,encar,가솔린,4.2,False,콰트로,5,,,D4,,False,False
mf-011.md-003.sm-뉴-a8.pw-가솔린-4-0-콰트로.tr-d4,아우디,011,수입,A8,003,뉴 A8,,02~17,encar,가솔린,4.0,False,콰트로,4,,,D4,,False,False
mf-011.md-003.sm-뉴-a8.pw-가솔린-6-3-콰트로.tr-d4,아우디,011,수입,A8,003,뉴 A8,,02~17,encar,가솔린,6.3,False,콰트로,4,,,D4,,False,False
mf-011.md-003.sm-뉴-a8.pw-가솔린-4-2-콰트로.tr-d4,아우디,011,수입,A8,003,뉴 A8,,02~17,encar,가솔린,4.2,False,콰트로,4,,,D4,,False,False
mf-011.md-003.sm-뉴-a8.pw-가솔린-3-1-콰트로.tr-d3,아우디,011,수입,A8,003,뉴 A8,,02~17,encar,가솔린,3.1,False,콰트로,5,,,D3,,False,False
mf-011.md-003.sm-뉴-a8.pw-가솔린-6-0-콰트로.tr-d3,아우디,011,수입,A8,003,뉴 A8,,02~17,encar,가솔린,6.0,False,콰트로,4,,,D3,,False,False
mf-011.md-034.sm-4m.pw-디젤-3-0-콰트로.tr-45-tdi-프리미엄,아우디,011,수입,Q8,034,Q8 4M,4M,18~현재,encar,디젤,3.0,False,콰트로,5,,,45 TDI 프리미엄,,False,False
mf-011.md-034.sm-4m.pw-디젤-3-0-콰트로.tr-50-tdi-프리미엄,아우디,011,수입,Q8,034,Q8 4M,4M,18~현재,encar,디젤,3.0,False,콰트로,5,,,50 TDI 프리미엄,,False,False
mf-011.md-034.sm-4m.pw-가솔린-3-0-콰트로.tr-55-tfsi-프리미엄,아우디,011,수입,Q8,034,Q8 4M,4M,18~현재,encar,가솔린,3.0,False,콰트로,5,,,55 TFSI 프리미엄,,False,False
mf-011.md-001.sm-8y.pw-가솔린-2-0.tr-40-tfsi,아우디,011,수입,A3,001,A3 8Y,8Y,22~현재,encar,가솔린,2.0,False,,5,,,40 TFSI,,False,False
mf-011.md-001.sm-8y.pw-가솔린-2-0.tr-40-tfsi-프리미엄,아우디,011,수입,A3,001,A3 8Y,8Y,22~현재,encar,가솔린,2.0,False,,5,,,40 TFSI 프리미엄,,False,False
mf-011.md-001.sm-8y.pw-가솔린-2-0-콰트로.tr-40-tfsi-프리미엄,아우디,011,수입,A3,001,A3 8Y,8Y,22~현재,encar,가솔린,2.0,False,콰트로,5,,,40 TFSI 프리미엄,,False,False
mf-011.md-001.sm-뉴-a3.pw-디젤-1-6.tr-8v,아우디,011,수입,A3,001,뉴 A3,,03~22,encar,디젤,1.6,False,,5,,,8V,,False,False
mf-011.md-001.sm-뉴-a3.pw-디젤-2-0.tr-8v,아우디,011,수입,A3,001,뉴 A3,,03~22,encar,디젤,2.0,False,,5,,,8V,,False,False
mf-011.md-001.sm-뉴-a3.pw-가솔린-1-8.tr-8v,아우디,011,수입,A3,001,뉴 A3,,03~22,encar,가솔린,1.8,False,,5,,,8V,,False,False
mf-011.md-001.sm-뉴-a3.pw-가솔린-2-0.tr-8p,아우디,011,수입,A3,001,뉴 A3,,03~22,encar,가솔린,2.0,False,,5,,,8P,,False,False
mf-011.md-001.sm-뉴-a3.pw-가솔린-2-0.tr-8v,아우디,011,수입,A3,001,뉴 A3,,03~22,encar,가솔린,2.0,False,,5,,,8V,,False,False
mf-011.md-026.sm-f3.pw-가솔린-2-0-콰트로.tr-40-tfsi,아우디,011,수입,Q3,026,Q3 F3,F3,18~현재,encar,가솔린,2.0,False,콰트로,5,,,40 TFSI,,False,False
mf-011.md-026.sm-f3.pw-가솔린-2-0-콰트로.tr-40-tfsi-스포트백,아우디,011,수입,Q3,026,Q3 F3,F3,18~현재,encar,가솔린,2.0,False,콰트로,5,,,40 TFSI 스포트백,,False,False
mf-011.md-026.sm-f3.pw-가솔린-2-0-콰트로.tr-40-tfsi-프리미엄,아우디,011,수입,Q3,026,Q3 F3,F3,18~현재,encar,가솔린,2.0,False,콰트로,5,,,40 TFSI 프리미엄,,False,False
mf-011.md-026.sm-f3.pw-가솔린-2-0-콰트로.tr-40-tfsi-프리미엄-스포트백,아우디,011,수입,Q3,026,Q3 F3,F3,18~현재,encar,가솔린,2.0,False,콰트로,5,,,40 TFSI 프리미엄 스포트백,,False,False
mf-011.md-026.sm-f3.pw-디젤-2-0.tr-35-tdi,아우디,011,수입,Q3,026,Q3 F3,F3,18~현재,encar,디젤,2.0,False,,5,,,35 TDI,,False,False
mf-011.md-026.sm-f3.pw-디젤-2-0.tr-35-tdi-스포트백,아우디,011,수입,Q3,026,Q3 F3,F3,18~현재,encar,디젤,2.0,False,,5,,,35 TDI 스포트백,,False,False
mf-011.md-026.sm-f3.pw-디젤-2-0.tr-35-tdi-프리미엄,아우디,011,수입,Q3,026,Q3 F3,F3,18~현재,encar,디젤,2.0,False,,5,,,35 TDI 프리미엄,,False,False
mf-011.md-026.sm-f3.pw-디젤-2-0.tr-35-tdi-프리미엄-스포트백,아우디,011,수입,Q3,026,Q3 F3,F3,18~현재,encar,디젤,2.0,False,,5,,,35 TDI 프리미엄 스포트백,,False,False
mf-011.md-026.sm-f3.pw-디젤-2-0-콰트로.tr-35-tdi-프리미엄,아우디,011,수입,Q3,026,Q3 F3,F3,18~현재,encar,디젤,2.0,False,콰트로,5,,,35 TDI 프리미엄,,False,False
mf-011.md-026.sm-q3.pw-디젤-2-0-콰트로.tr-8u,아우디,011,수입,Q3,026,Q3,,11~18,encar,디젤,2.0,False,콰트로,5,,,8U,,False,False
mf-011.md-026.sm-q3.pw-가솔린-2-0-콰트로.tr-tfsi,아우디,011,수입,Q3,026,Q3,,11~18,encar,가솔린,2.0,False,콰트로,5,,,TFSI,,False,False
mf-011.md-035.sm-e-트론.pw-전기-콰트로.tr-55,아우디,011,수입,e-트론,035,e-트론,,20~24,encar,전기,,False,콰트로,5,,,55,,False,False
mf-011.md-035.sm-e-트론.pw-전기-콰트로.tr-55-스포트백,아우디,011,수입,e-트론,035,e-트론,,20~24,encar,전기,,False,콰트로,5,,,55 스포트백,,False,False
mf-011.md-035.sm-e-트론.pw-전기-콰트로.tr-50,아우디,011,수입,e-트론,035,e-트론,,20~24,encar,전기,,False,콰트로,5,,,50,,False,False
mf-011.md-035.sm-e-트론.pw-전기-콰트로.tr-50-스포트백,아우디,011,수입,e-트론,035,e-트론,,20~24,encar,전기,,False,콰트로,5,,,50 스포트백,,False,False
mf-011.md-035.sm-e-트론.pw-전기.tr-s,아우디,011,수입,e-트론,035,e-트론,,20~24,encar,전기,,False,,5,,,S,,False,False
mf-011.md-035.sm-e-트론.pw-전기.tr-s-스포트백,아우디,011,수입,e-트론,035,e-트론,,20~24,encar,전기,,False,,5,,,S 스포트백,,False,False
mf-011.md-041.sm-f4.pw-전기-82-0.tr-40,아우디,011,수입,Q4 e-트론,041,Q4 e-트론 F4,F4,22~현재,encar,전기,,False,,5,82.0,411,40,,False,False
mf-011.md-041.sm-f4.pw-전기-82-0.tr-40-스포트백,아우디,011,수입,Q4 e-트론,041,Q4 e-트론 F4,F4,22~현재,encar,전기,,False,,5,82.0,411,40 스포트백,,False,False
mf-011.md-041.sm-f4.pw-전기-82-0.tr-40-프리미엄,아우디,011,수입,Q4 e-트론,041,Q4 e-트론 F4,F4,22~현재,encar,전기,,False,,5,82.0,411,40 프리미엄,,False,False
mf-011.md-041.sm-f4.pw-전기-82-0.tr-45,아우디,011,수입,Q4 e-트론,041,Q4 e-트론 F4,F4,22~현재,encar,전기,,False,,5,82.0,411,45,,False,False
mf-011.md-041.sm-f4.pw-전기-82-0.tr-45-프리미엄,아우디,011,수입,Q4 e-트론,041,Q4 e-트론 F4,F4,22~현재,encar,전기,,False,,5,82.0,411,45 프리미엄,,False,False
mf-011.md-041.sm-f4.pw-전기-82-0.tr-40-프리미엄-스포트백,아우디,011,수입,Q4 e-트론,041,Q4 e-트론 F4,F4,22~현재,encar,전기,,False,,5,82.0,411,40 프리미엄 스포트백,,False,False
mf-011.md-041.sm-f4.pw-전기-82-0.tr-45-스포트백,아우디,011,수입,Q4 e-트론,041,Q4 e-트론 F4,F4,22~현재,encar,전기,,False,,,82.0,411,45 스포트백,,False,False
mf-011.md-041.sm-f4.pw-전기-82-0.tr-45-프리미엄-스포트백,아우디,011,수입,Q4 e-트론,041,Q4 e-트론 F4,F4,22~현재,encar,전기,,False,,,82.0,411,45 프리미엄 스포트백,,False,False
mf-011.md-030.sm-fy.pw-가솔린-3-0-콰트로.tr-tfsi,아우디,011,수입,SQ5,030,SQ5 FY,FY,19~현재,encar,가솔린,3.0,False,콰트로,5,,,TFSI,,False,False
mf-011.md-030.sm-fy.pw-가솔린-3-0-콰트로.tr-tfsi-스포트백,아우디,011,수입,SQ5,030,SQ5 FY,FY,19~현재,encar,가솔린,3.0,False,콰트로,5,,,TFSI 스포트백,,False,False
mf-011.md-030.sm-fy.pw-디젤-3-0-콰트로.tr-tdi,아우디,011,수입,SQ5,030,SQ5 FY,FY,19~현재,encar,디젤,3.0,False,콰트로,5,,,TDI,,False,False
mf-011.md-030.sm-sq5.pw-디젤-3-0-콰트로.tr-8r,아우디,011,수입,SQ5,030,SQ5,,13~17,encar,디젤,3.0,False,콰트로,5,,,8R,,False,False
mf-011.md-036.sm-q2.pw-디젤-2-0.tr-35-tdi,아우디,011,수입,Q2,036,Q2,,17~현재,encar,디젤,2.0,False,,5,,,35 TDI,,False,False
mf-011.md-036.sm-q2.pw-디젤-2-0.tr-35-tdi-프리미엄,아우디,011,수입,Q2,036,Q2,,17~현재,encar,디젤,2.0,False,,5,,,35 TDI 프리미엄,,False,False
mf-011.md-017.sm-4s.pw-가솔린-5-2.tr-v10-퍼포먼스-쿠페,아우디,011,수입,R8,017,R8 4S,4S,16~현재,encar,가솔린,5.2,False,,2,,,V10 퍼포먼스 쿠페,,False,False
mf-011.md-017.sm-4s.pw-가솔린-5-2.tr-v10-플러스-쿠페,아우디,011,수입,R8,017,R8 4S,4S,16~현재,encar,가솔린,5.2,False,,2,,,V10 플러스 쿠페,,False,False
mf-011.md-017.sm-4s.pw-가솔린-5-2.tr-v10-디세니움-에디션-쿠페,아우디,011,수입,R8,017,R8 4S,4S,16~현재,encar,가솔린,5.2,False,,,,,V10 디세니움 에디션 쿠페,,False,False
mf-011.md-017.sm-4s.pw-가솔린-5-2.tr-v10-스파이더,아우디,011,수입,R8,017,R8 4S,4S,16~현재,encar,가솔린,5.2,False,,,,,V10 스파이더,,False,False
mf-011.md-017.sm-4s.pw-가솔린-5-2.tr-v10-퍼포먼스-스파이더,아우디,011,수입,R8,017,R8 4S,4S,16~현재,encar,가솔린,5.2,False,,,,,V10 퍼포먼스 스파이더,,False,False
mf-011.md-017.sm-r8.pw-가솔린-5-2.tr-v10-쿠페,아우디,011,수입,R8,017,R8,,06~15,encar,가솔린,5.2,False,,,,,V10 쿠페,,False,False
mf-011.md-017.sm-r8.pw-가솔린-5-2.tr-v10-스파이더,아우디,011,수입,R8,017,R8,,06~15,encar,가솔린,5.2,False,,2,,,V10 스파이더,,False,False
mf-011.md-017.sm-r8.pw-가솔린-4-2.tr-v8-쿠페,아우디,011,수입,R8,017,R8,,06~15,encar,가솔린,4.2,False,,2,,,V8 쿠페,,False,False
mf-011.md-005.sm-8s.pw-가솔린-2-0-콰트로.tr-로드스터-45-tfsi,아우디,011,수입,TT,005,TT 8S,8S,14~23,encar,가솔린,2.0,False,콰트로,2,,,로드스터 45 TFSI,,False,False
mf-011.md-005.sm-8s.pw-가솔린-2-0-콰트로.tr-쿠페-45-tfsi,아우디,011,수입,TT,005,TT 8S,8S,14~23,encar,가솔린,2.0,False,콰트로,2,,,쿠페 45 TFSI,,False,False
mf-011.md-005.sm-뉴-tt.pw-가솔린-2-0-콰트로.tr-8j,아우디,011,수입,TT,005,뉴 TT,,06~14,encar,가솔린,2.0,False,콰트로,2,,,8J,,False,False
mf-011.md-005.sm-뉴-tt.pw-가솔린-2-0.tr-8j,아우디,011,수입,TT,005,뉴 TT,,06~14,encar,가솔린,2.0,False,,2,,,8J,,False,False
mf-011.md-005.sm-tt.pw-가솔린-1-8.tr-8n,아우디,011,수입,TT,005,TT,,98~06,encar,가솔린,1.8,False,,2,,,8N,,False,False
mf-011.md-005.sm-tt.pw-가솔린-1-8-콰트로.tr-8n,아우디,011,수입,TT,005,TT,,98~06,encar,가솔린,1.8,False,콰트로,4,,,8N,,False,False
mf-011.md-033.sm-8y.pw-가솔린-2-5-콰트로.tr-tfsi,아우디,011,수입,RS3,033,RS3 8Y,8Y,23~현재,encar,가솔린,2.5,False,콰트로,5,,,TFSI,,False,False
mf-011.md-033.sm-8y.pw-가솔린-2-5-콰트로.tr-tfsi-카본-에디션,아우디,011,수입,RS3,033,RS3 8Y,8Y,23~현재,encar,가솔린,2.5,False,콰트로,5,,,TFSI 카본 에디션,,False,False
mf-011.md-039.sm-e-트론-gt.pw-전기-콰트로.tr-gt,아우디,011,수입,e-트론 GT,039,e-트론 GT,,21~현재,encar,전기,,False,콰트로,5,,,GT,,False,False
mf-011.md-039.sm-e-트론-gt.pw-전기-콰트로.tr-gt-프리미엄,아우디,011,수입,e-트론 GT,039,e-트론 GT,,21~현재,encar,전기,,False,콰트로,5,,,GT 프리미엄,,False,False
mf-011.md-029.sm-4k.pw-디젤-3-0-콰트로.tr-tdi,아우디,011,수입,S7,029,S7 4K,4K,19~현재,encar,디젤,3.0,False,콰트로,5,,,TDI,,False,False
mf-011.md-029.sm-s7.pw-가솔린-4-0-콰트로.tr-4g,아우디,011,수입,S7,029,S7,,12~17,encar,가솔린,4.0,False,콰트로,4,,,4G,,False,False
mf-011.md-012.sm-b9.pw-가솔린-3-0-콰트로.tr-tfsi,아우디,011,수입,S4,012,S4 B9,B9,21~현재,encar,가솔린,3.0,False,콰트로,5,,,TFSI,,False,False
mf-011.md-012.sm-s4.pw-가솔린-4-2.tr-b7,아우디,011,수입,S4,012,S4,,91~08,encar,가솔린,4.2,False,,5,,,B7,,False,False
mf-011.md-019.sm-d5.pw-가솔린-4-0-콰트로.tr-tfsi-lwb,아우디,011,수입,S8,019,S8 D5,D5,20~현재,encar,가솔린,4.0,False,콰트로,5,,,TFSI LWB,,False,False
mf-011.md-019.sm-s8.pw-가솔린-4-0-콰트로.tr-d4,아우디,011,수입,S8,019,S8,,94~17,encar,가솔린,4.0,False,콰트로,5,,,D4,,False,False
mf-011.md-019.sm-s8.pw-가솔린-5-2-콰트로.tr-d3,아우디,011,수입,S8,019,S8,,94~17,encar,가솔린,5.2,False,콰트로,4,,,D3,,False,False
mf-011.md-040.sm-rs-e-트론-gt.pw-전기.tr-gt-rs,아우디,011,수입,RS e-트론 GT,040,RS e-트론 GT,,21~현재,encar,전기,,False,,5,,,GT RS,,False,False
mf-011.md-040.sm-rs-e-트론-gt.pw-전기.tr-gt-rs-퍼포먼스,아우디,011,수입,RS e-트론 GT,040,RS e-트론 GT,,21~현재,encar,전기,,False,,4,,,GT RS 퍼포먼스,,False,False
mf-011.md-038.sm-4m.pw-가솔린-4-0-콰트로.tr-tfsi,아우디,011,수입,RSQ8,038,RSQ8 4M,4M,20~현재,encar,가솔린,4.0,False,콰트로,5,,,TFSI,,False,False
mf-011.md-038.sm-4m.pw-가솔린-4-0-콰트로.tr-tfsi-퍼포먼스,아우디,011,수입,RSQ8,038,RSQ8 4M,4M,20~현재,encar,가솔린,4.0,False,콰트로,5,,,TFSI 퍼포먼스,,False,False
mf-011.md-046.sm-gf.pw-전기.tr-퍼포먼스,아우디,011,수입,Q6 e-트론,046,Q6 e-트론 GF,GF,25~현재,encar,전기,,False,,5,,,퍼포먼스,,False,False
mf-011.md-046.sm-gf.pw-전기.tr-퍼포먼스-프리미엄,아우디,011,수입,Q6 e-트론,046,Q6 e-트론 GF,GF,25~현재,encar,전기,,False,,5,,,퍼포먼스 프리미엄,,False,False
mf-011.md-046.sm-gf.pw-전기-콰트로.tr-프리미엄,아우디,011,수입,Q6 e-트론,046,Q6 e-트론 GF,GF,25~현재,encar,전기,,False,콰트로,5,,,프리미엄,,False,False
mf-011.md-023.sm-f5.pw-가솔린-2-9-콰트로.tr-tfsi,아우디,011,수입,RS5,023,RS5 F5,F5,18~현재,encar,가솔린,2.9,False,콰트로,5,,,TFSI,,False,False
mf-011.md-023.sm-rs5.pw-가솔린-4-2-콰트로.tr-8t3,아우디,011,수입,RS5,023,RS5,,10~17,encar,가솔린,4.2,False,콰트로,4,,,8T3,,False,False
mf-011.md-018.sm-b10.pw-가솔린-3-0-콰트로.tr-tfsi,아우디,011,수입,S5,018,S5 B10,B10,25~현재,encar,가솔린,3.0,False,콰트로,5,,,TFSI,,False,False
mf-011.md-018.sm-f5.pw-가솔린-3-0-콰트로.tr-tfsi,아우디,011,수입,S5,018,S5 F5,F5,18~현재,encar,가솔린,3.0,False,콰트로,4,,,TFSI,,False,False
mf-011.md-018.sm-s5.pw-가솔린-4-2-콰트로.tr-b8,아우디,011,수입,S5,018,S5,,07~14,encar,가솔린,4.2,False,콰트로,4,,,B8,,False,False
mf-011.md-014.sm-c8.pw-디젤-3-0-콰트로.tr-tdi,아우디,011,수입,S6,014,S6 C8,C8,19~현재,encar,디젤,3.0,False,콰트로,5,,,TDI,,False,False
mf-011.md-014.sm-s6.pw-가솔린-4-0-콰트로.tr-c7,아우디,011,수입,S6,014,S6,,94~18,encar,가솔린,4.0,False,콰트로,5,,,C7,,False,False
mf-011.md-048.sm-a6-e-트론.pw-전기.tr-퍼포먼스-s-line,아우디,011,수입,A6 e-트론,048,A6 e-트론,,25~현재,encar,전기,,False,,5,,,퍼포먼스 S Line,,False,False
mf-011.md-048.sm-a6-e-트론.pw-전기.tr-퍼포먼스-s-line-블랙-에디션,아우디,011,수입,A6 e-트론,048,A6 e-트론,,25~현재,encar,전기,,False,,5,,,퍼포먼스 S Line 블랙 에디션,,False,False
mf-011.md-048.sm-a6-e-트론.pw-전기.tr-퍼포먼스-어드밴스드,아우디,011,수입,A6 e-트론,048,A6 e-트론,,25~현재,encar,전기,,False,,5,,,퍼포먼스 어드밴스드,,False,False
mf-011.md-022.sm-8s.pw-가솔린-2-0-콰트로.tr-쿠페-tfsi,아우디,011,수입,TTS,022,TTS 8S,8S,15~23,encar,가솔린,2.0,False,콰트로,2,,,쿠페 TFSI,,False,False
mf-011.md-022.sm-tts.pw-가솔린-2-0-콰트로.tr-8j,아우디,011,수입,TTS,022,TTS,,08~14,encar,가솔린,2.0,False,콰트로,2,,,8J,,False,False
mf-011.md-032.sm-a1.pw-디젤-1-6.tr-30-tdi-디자인-에디션-스포트백,아우디,011,수입,A1,032,A1,,10~18,encar,디젤,1.6,False,,4,,,30 TDI 디자인 에디션 스포트백,,False,False
mf-011.md-032.sm-a1.pw-디젤-1-6.tr-30-tdi-디자인-프리미엄-스포트백,아우디,011,수입,A1,032,A1,,10~18,encar,디젤,1.6,False,,4,,,30 TDI 디자인 프리미엄 스포트백,,False,False
mf-011.md-032.sm-a1.pw-디젤-1-6.tr-30-tdi-스포트,아우디,011,수입,A1,032,A1,,10~18,encar,디젤,1.6,False,,4,,,30 TDI 스포트,,False,False
mf-011.md-032.sm-a1.pw-디젤-1-6.tr-30-tdi-스포트-프리미엄,아우디,011,수입,A1,032,A1,,10~18,encar,디젤,1.6,False,,4,,,30 TDI 스포트 프리미엄,,False,False
mf-011.md-031.sm-4k.pw-가솔린-4-0-콰트로.tr-tfsi-퍼포먼스,아우디,011,수입,RS7,031,RS7 4K,4K,21~현재,encar,가솔린,4.0,False,콰트로,5,,,TFSI 퍼포먼스,,False,False
mf-011.md-031.sm-rs7.pw-가솔린-4-0-콰트로.tr-4g,아우디,011,수입,RS7,031,RS7,,14~17,encar,가솔린,4.0,False,콰트로,4,,,4G,,False,False
mf-011.md-011.sm-8y.pw-가솔린-2-0-콰트로.tr-tfsi,아우디,011,수입,S3,011,S3 8Y,8Y,22~현재,encar,가솔린,2.0,False,콰트로,5,,,TFSI,,False,False
mf-011.md-016.sm-c8.pw-가솔린-4-0-콰트로.tr-tfsi-아반트-퍼포먼스,아우디,011,수입,RS6,016,RS6 C8,C8,21~현재,encar,가솔린,4.0,False,콰트로,5,,,TFSI 아반트 퍼포먼스,,False,False
mf-011.md-042.sm-4m.pw-가솔린-4-0-콰트로.tr-tfsi,아우디,011,수입,SQ7,042,SQ7 4M,4M,23~현재,encar,가솔린,4.0,False,콰트로,7,,,TFSI,,False,False
mf-011.md-043.sm-ge.pw-전기-콰트로.tr-50,아우디,011,수입,Q8 e-트론,043,Q8 e-트론 GE,GE,24~현재,encar,전기,,False,콰트로,5,,,50,,False,False
mf-011.md-043.sm-ge.pw-전기-콰트로.tr-55,아우디,011,수입,Q8 e-트론,043,Q8 e-트론 GE,GE,24~현재,encar,전기,,False,콰트로,5,,,55,,False,False
mf-011.md-043.sm-ge.pw-전기-콰트로.tr-55-스포트백,아우디,011,수입,Q8 e-트론,043,Q8 e-트론 GE,GE,24~현재,encar,전기,,False,콰트로,5,,,55 스포트백,,False,False
mf-011.md-043.sm-ge.pw-전기-콰트로.tr-55-프리미엄,아우디,011,수입,Q8 e-트론,043,Q8 e-트론 GE,GE,24~현재,encar,전기,,False,콰트로,5,,,55 프리미엄,,False,False
mf-011.md-047.sm-gf.pw-전기-100-0-콰트로.tr-기본,아우디,011,수입,SQ6 e-트론,047,SQ6 e-트론 GF,GF,25~현재,encar,전기,,False,콰트로,5,100.0,412,기본,,False,False
mf-011.md-037.sm-4m.pw-디젤-4-0-콰트로.tr-tdi,아우디,011,수입,SQ8,037,SQ8 4M,4M,20~현재,encar,디젤,4.0,False,콰트로,5,,,TDI,,False,False
mf-011.md-044.sm-ge.pw-전기-114-0-콰트로.tr-스포트백,아우디,011,수입,SQ8 e-트론,044,SQ8 e-트론 GE,GE,24~현재,encar,전기,,False,콰트로,5,114.0,303,스포트백,,False,False
mf-054.md-001.sm-j01.pw-전기-54-2.tr-se-클래식,미니,054,수입,쿠퍼,001,쿠퍼 일렉트릭 J01,J01,25~현재,encar,전기,,False,,4,54.2,300,SE 클래식,5250,False,False
mf-054.md-001.sm-j01.pw-전기-54-2.tr-jcw,미니,054,수입,쿠퍼,001,쿠퍼 일렉트릭 J01,J01,25~현재,encar,전기,,False,,4,54.2,300,JCW,,False,False
mf-054.md-001.sm-j01.pw-전기-54-2.tr-쿠퍼-se-페이버드-favoured,미니,054,수입,쿠퍼,001,쿠퍼 일렉트릭 J01,J01,25~현재,encar,전기,,False,,,54.2,300,쿠퍼 SE 페이버드(Favoured),5610,False,False
mf-054.md-001.sm-f66-f65.pw-가솔린-2-0.tr-에센셜,미니,054,수입,쿠퍼,001,쿠퍼 C F66/F65,F66/F65,24~현재,encar,가솔린,2.0,False,,4,,,에센셜,3820,False,False
mf-054.md-001.sm-f66-f65.pw-가솔린-2-0.tr-클래식,미니,054,수입,쿠퍼,001,쿠퍼 C F66/F65,F66/F65,24~현재,encar,가솔린,2.0,False,,4,,,클래식,4310,False,False
mf-054.md-001.sm-f66-f65.pw-가솔린-2-0.tr-5도어-에센셜,미니,054,수입,쿠퍼,001,쿠퍼 C F66/F65,F66/F65,24~현재,encar,가솔린,2.0,False,,5,,,5도어 에센셜,3820,False,False
mf-054.md-001.sm-f66-f65.pw-가솔린-2-0.tr-5도어-클래식,미니,054,수입,쿠퍼,001,쿠퍼 C F66/F65,F66/F65,24~현재,encar,가솔린,2.0,False,,5,,,5도어 클래식,4310,False,False
mf-054.md-001.sm-f66-f65.pw-가솔린-2-0.tr-5도어-브리즈-에디션,미니,054,수입,쿠퍼,001,쿠퍼 C F66/F65,F66/F65,24~현재,encar,가솔린,2.0,False,,5,,,5도어 브리즈 에디션,,False,True
mf-054.md-001.sm-f66-f65.pw-가솔린-2-0.tr-페이버드,미니,054,수입,쿠퍼,001,쿠퍼 S F66/F65,F66/F65,24~현재,encar,가솔린,2.0,False,,4,,,페이버드,4970,False,False
mf-054.md-001.sm-f66-f65.pw-가솔린-2-0.tr-jcw,미니,054,수입,쿠퍼,001,쿠퍼 S F66/F65,F66/F65,24~현재,encar,가솔린,2.0,False,,4,,,JCW,,False,False
mf-054.md-001.sm-f66-f65.pw-가솔린-2-0.tr-5도어-페이버드-favoured,미니,054,수입,쿠퍼,001,쿠퍼 S F66/F65,F66/F65,24~현재,encar,가솔린,2.0,False,,5,,,5도어 페이버드(Favoured),4970,False,False
mf-054.md-001.sm-f56.pw-전기-32-6.tr-3세대,미니,054,수입,쿠퍼,001,쿠퍼 일렉트릭 F56,F56,22~24,encar,전기,,False,,4,32.6,159,3세대,,False,False
mf-054.md-001.sm-r56-f56.pw-디젤-2-0.tr-2세대,미니,054,수입,쿠퍼,001,쿠퍼 SD R56/F56,R56/F56,12~19,encar,디젤,2.0,False,,4,,,2세대,,False,False
mf-054.md-001.sm-r56-f56.pw-디젤-2-0.tr-3세대,미니,054,수입,쿠퍼,001,쿠퍼 SD R56/F56,R56/F56,12~19,encar,디젤,2.0,False,,4,,,3세대,,False,False
mf-054.md-001.sm-r56-f56.pw-디젤-2-0.tr-베이스워터-bayswater,미니,054,수입,쿠퍼,001,쿠퍼 SD R56/F56,R56/F56,12~19,encar,디젤,2.0,False,,4,,,베이스워터(Bayswater),,False,True
mf-054.md-001.sm-r56-f56.pw-디젤-2-0.tr-3세대,미니,054,수입,쿠퍼,001,쿠퍼 SD R56/F56,R56/F56,12~19,encar,디젤,2.0,False,,5,,,3세대,,False,False
mf-054.md-001.sm-r56-f56.pw-디젤-1-5.tr-3세대,미니,054,수입,쿠퍼,001,쿠퍼 D R56/F56,R56/F56,07~19,encar,디젤,1.5,False,,5,,,3세대,,False,False
mf-054.md-001.sm-r56-f56.pw-디젤-2-0.tr-2세대,미니,054,수입,쿠퍼,001,쿠퍼 D R56/F56,R56/F56,07~19,encar,디젤,2.0,False,,4,,,2세대,,False,False
mf-054.md-001.sm-r56-f56.pw-디젤-2-0.tr-베이커-스트리트-baker-street,미니,054,수입,쿠퍼,001,쿠퍼 D R56/F56,R56/F56,07~19,encar,디젤,2.0,False,,4,,,베이커 스트리트(Baker Street),,False,True
mf-054.md-001.sm-r56-f56.pw-디젤-1-5.tr-2세대,미니,054,수입,쿠퍼,001,쿠퍼 D R56/F56,R56/F56,07~19,encar,디젤,1.5,False,,4,,,2세대,,False,False
mf-054.md-001.sm-r56-f56.pw-디젤-1-5.tr-3세대,미니,054,수입,쿠퍼,001,쿠퍼 D R56/F56,R56/F56,07~19,encar,디젤,1.5,False,,4,,,3세대,,False,False
mf-054.md-001.sm-r50-r56-f56-f66.pw-가솔린-1-5.tr-1세대,미니,054,수입,쿠퍼,001,쿠퍼 R50/R56/F56→F66,R50/R56/F56→F66,01~24,encar,가솔린,1.5,False,,4,,,1세대,,False,False
mf-054.md-001.sm-r50-r56-f56-f66.pw-가솔린-1-5.tr-2세대,미니,054,수입,쿠퍼,001,쿠퍼 R50/R56/F56→F66,R50/R56/F56→F66,01~24,encar,가솔린,1.5,False,,4,,,2세대,,False,False
mf-054.md-001.sm-r50-r56-f56-f66.pw-가솔린-1-5.tr-3세대,미니,054,수입,쿠퍼,001,쿠퍼 R50/R56/F56→F66,R50/R56/F56→F66,01~24,encar,가솔린,1.5,False,,4,,,3세대,,False,False
mf-054.md-001.sm-r50-r56-f56-f66.pw-가솔린-1-5.tr-3세대,미니,054,수입,쿠퍼,001,쿠퍼 R50/R56/F56→F66,R50/R56/F56→F66,01~24,encar,가솔린,1.5,False,,5,,,3세대,,False,False
mf-054.md-001.sm-r50-r56-f56-f66.pw-가솔린-1-6.tr-오리지널,미니,054,수입,쿠퍼,001,쿠퍼 R50/R56/F56→F66,R50/R56/F56→F66,01~24,encar,가솔린,1.6,False,,4,,,오리지널,,False,False
mf-054.md-001.sm-r50-r56-f56-f66.pw-가솔린-1-6.tr-브릭-레인-에디션-brick-lane,미니,054,수입,쿠퍼,001,쿠퍼 R50/R56/F56→F66,R50/R56/F56→F66,01~24,encar,가솔린,1.6,False,,4,,,브릭 레인 에디션(Brick Lane),,False,True
mf-054.md-001.sm-r50-r56-f56-f66.pw-가솔린-1-6.tr-se,미니,054,수입,쿠퍼,001,쿠퍼 R50/R56/F56→F66,R50/R56/F56→F66,01~24,encar,가솔린,1.6,False,,4,,,SE,5250,False,False
mf-054.md-001.sm-r53-r56-f56-f66.pw-가솔린-2-0.tr-2세대,미니,054,수입,쿠퍼,001,쿠퍼 S R53/R56/F56→F66,R53/R56/F56→F66,01~24,encar,가솔린,2.0,False,,4,,,2세대,,False,False
mf-054.md-001.sm-r53-r56-f56-f66.pw-가솔린-2-0.tr-3세대,미니,054,수입,쿠퍼,001,쿠퍼 S R53/R56/F56→F66,R53/R56/F56→F66,01~24,encar,가솔린,2.0,False,,4,,,3세대,,False,False
mf-054.md-001.sm-r53-r56-f56-f66.pw-가솔린-2-0.tr-킹스-로드-에디션-kings-road,미니,054,수입,쿠퍼,001,쿠퍼 S R53/R56/F56→F66,R53/R56/F56→F66,01~24,encar,가솔린,2.0,False,,4,,,킹스 로드 에디션(Kings Road),,False,True
mf-054.md-001.sm-r53-r56-f56-f66.pw-가솔린-2-0.tr-3세대,미니,054,수입,쿠퍼,001,쿠퍼 S R53/R56/F56→F66,R53/R56/F56→F66,01~24,encar,가솔린,2.0,False,,5,,,3세대,,False,False
mf-054.md-001.sm-r53-r56-f56-f66.pw-가솔린-1-6.tr-1세대,미니,054,수입,쿠퍼,001,쿠퍼 S R53/R56/F56→F66,R53/R56/F56→F66,01~24,encar,가솔린,1.6,False,,4,,,1세대,,False,False
mf-054.md-001.sm-r53-r56-f56-f66.pw-가솔린-1-6.tr-2세대,미니,054,수입,쿠퍼,001,쿠퍼 S R53/R56/F56→F66,R53/R56/F56→F66,01~24,encar,가솔린,1.6,False,,4,,,2세대,,False,False
mf-054.md-001.sm-r53-r56-f56-f66.pw-가솔린-1-6.tr-3세대,미니,054,수입,쿠퍼,001,쿠퍼 S R53/R56/F56→F66,R53/R56/F56→F66,01~24,encar,가솔린,1.6,False,,4,,,3세대,,False,False
mf-054.md-003.sm-u25.pw-전기.tr-e-classic-클래식,미니,054,수입,컨트리맨,003,쿠퍼 컨트리맨 일렉트릭 U25,U25,25~현재,encar,전기,,False,,5,,,E Classic(클래식),5670,False,False
mf-054.md-003.sm-u25.pw-전기.tr-se-all4-favoured-페이버드,미니,054,수입,컨트리맨,003,쿠퍼 컨트리맨 일렉트릭 U25,U25,25~현재,encar,전기,,False,,5,,,SE ALL4 Favoured(페이버드),6310,False,False
mf-054.md-003.sm-u25.pw-전기.tr-se-all4-jcw,미니,054,수입,컨트리맨,003,쿠퍼 컨트리맨 일렉트릭 U25,U25,25~현재,encar,전기,,False,,5,,,SE ALL4 JCW,6610,False,False
mf-054.md-003.sm-u25.pw-가솔린-2-0.tr-s-all4-essential-에센셜,미니,054,수입,컨트리맨,003,쿠퍼 S 컨트리맨 U25,U25,24~현재,encar,가솔린,2.0,False,,5,,,S ALL4 Essential(에센셜),4550,False,False
mf-054.md-003.sm-u25.pw-가솔린-2-0.tr-s-all4-classic-클래식,미니,054,수입,컨트리맨,003,쿠퍼 S 컨트리맨 U25,U25,24~현재,encar,가솔린,2.0,False,,5,,,S ALL4 Classic(클래식),4990,False,False
mf-054.md-003.sm-u25.pw-가솔린-2-0.tr-s-all4-favoured-페이버드,미니,054,수입,컨트리맨,003,쿠퍼 S 컨트리맨 U25,U25,24~현재,encar,가솔린,2.0,False,,5,,,S ALL4 Favoured(페이버드),5700,False,False
mf-054.md-003.sm-u25.pw-가솔린-2-0.tr-s-all4-tailored-first-edition-테일러드-에디션,미니,054,수입,컨트리맨,003,쿠퍼 S 컨트리맨 U25,U25,24~현재,encar,가솔린,2.0,False,,5,,,S ALL4 Tailored/First Edition(테일러드 에디션),6200,False,True
mf-054.md-003.sm-u25.pw-가솔린-2-0.tr-jcw-all4,미니,054,수입,컨트리맨,003,쿠퍼 S 컨트리맨 U25,U25,24~현재,encar,가솔린,2.0,False,,5,,,JCW ALL4,6620,False,False
mf-054.md-003.sm-r60-f60.pw-디젤-2-0.tr-1세대,미니,054,수입,컨트리맨,003,쿠퍼 D 컨트리맨 R60/F60,R60/F60,11~23,encar,디젤,2.0,False,,5,,,1세대,,False,False
mf-054.md-003.sm-r60-f60.pw-디젤-2-0.tr-2세대,미니,054,수입,컨트리맨,003,쿠퍼 D 컨트리맨 R60/F60,R60/F60,11~23,encar,디젤,2.0,False,,5,,,2세대,,False,False
mf-054.md-003.sm-r60-f60.pw-디젤-2-0.tr-2세대,미니,054,수입,컨트리맨,003,쿠퍼 D 컨트리맨 R60/F60,R60/F60,11~23,encar,디젤,2.0,False,,,,,2세대,,False,False
mf-054.md-003.sm-r60-f60.pw-디젤-2-0.tr-1세대,미니,054,수입,컨트리맨,003,쿠퍼 SD 컨트리맨 R60/F60,R60/F60,11~현재,encar,디젤,2.0,False,,5,,,1세대,,False,False
mf-054.md-003.sm-r60-f60.pw-디젤-2-0.tr-2세대,미니,054,수입,컨트리맨,003,쿠퍼 SD 컨트리맨 R60/F60,R60/F60,11~현재,encar,디젤,2.0,False,,5,,,2세대,,False,False
mf-054.md-003.sm-r60-f60.pw-가솔린-1-5.tr-1세대,미니,054,수입,컨트리맨,003,쿠퍼 컨트리맨 R60/F60,R60/F60,11~현재,encar,가솔린,1.5,False,,5,,,1세대,,False,False
mf-054.md-003.sm-r60-f60.pw-가솔린-1-5.tr-2세대,미니,054,수입,컨트리맨,003,쿠퍼 컨트리맨 R60/F60,R60/F60,11~현재,encar,가솔린,1.5,False,,5,,,2세대,,False,False
mf-054.md-003.sm-r60-f60.pw-가솔린-2-0.tr-1세대,미니,054,수입,컨트리맨,003,쿠퍼 S 컨트리맨 R60/F60,R60/F60,11~24,encar,가솔린,2.0,False,,5,,,1세대,,False,False
mf-054.md-003.sm-r60-f60.pw-가솔린-2-0.tr-2세대,미니,054,수입,컨트리맨,003,쿠퍼 S 컨트리맨 R60/F60,R60/F60,11~24,encar,가솔린,2.0,False,,5,,,2세대,,False,False
mf-054.md-003.sm-r60-f60.pw-가솔린-1-6.tr-1세대,미니,054,수입,컨트리맨,003,쿠퍼 S 컨트리맨 R60/F60,R60/F60,11~24,encar,가솔린,1.6,False,,5,,,1세대,,False,False
mf-054.md-002.sm-r55.pw-가솔린-1-6.tr-햄튼-hampton-2011-r55-한정판,미니,054,수입,클럽맨,002,쿠퍼 클럽맨 R55,R55,07~현재,encar,가솔린,1.6,False,,4,,,"햄튼 (Hampton, 2011 R55 한정판)",,False,True
mf-054.md-002.sm-r55.pw-가솔린-2-0.tr-존-쿠퍼-웍스-john-cooper-works-jcw,미니,054,수입,클럽맨,002,쿠퍼 S 클럽맨 R55,R55,07~현재,encar,가솔린,2.0,False,,5,,,"존 쿠퍼 웍스 (John Cooper Works, JCW)",4890,False,False
mf-054.md-002.sm-r55.pw-가솔린-1-6.tr-햄튼-hampton-2011-r55-한정판,미니,054,수입,클럽맨,002,쿠퍼 S 클럽맨 R55,R55,07~현재,encar,가솔린,1.6,False,,4,,,"햄튼 (Hampton, 2011 R55 한정판)",,False,True
mf-054.md-011.sm-쿠퍼-s-컨버터블-4세대.pw-가솔린-2-0.tr-jcw,미니,054,수입,쿠퍼 컨버터블,011,쿠퍼 S 컨버터블 4세대,,25~현재,encar,가솔린,2.0,False,,4,,,JCW,,False,False
mf-054.md-011.sm-쿠퍼-s-컨버터블-4세대.pw-가솔린-2-0.tr-페이버드,미니,054,수입,쿠퍼 컨버터블,011,쿠퍼 S 컨버터블 4세대,,25~현재,encar,가솔린,2.0,False,,4,,,페이버드,,False,False
mf-054.md-011.sm-쿠퍼-c-컨버터블-4세대.pw-가솔린-2-0.tr-클래식,미니,054,수입,쿠퍼 컨버터블,011,쿠퍼 C 컨버터블 4세대,,25~현재,encar,가솔린,2.0,False,,4,,,클래식,,False,False
mf-054.md-011.sm-쿠퍼-컨버터블.pw-가솔린-1-5.tr-2세대,미니,054,수입,쿠퍼 컨버터블,011,쿠퍼 컨버터블,,01~24,encar,가솔린,1.5,False,,4,,,2세대,,False,False
mf-054.md-011.sm-쿠퍼-컨버터블.pw-가솔린-1-5.tr-3세대,미니,054,수입,쿠퍼 컨버터블,011,쿠퍼 컨버터블,,01~24,encar,가솔린,1.5,False,,4,,,3세대,,False,False
mf-054.md-011.sm-쿠퍼-s-컨버터블.pw-가솔린-2-0.tr-1세대,미니,054,수입,쿠퍼 컨버터블,011,쿠퍼 S 컨버터블,,01~24,encar,가솔린,2.0,False,,4,,,1세대,,False,False
mf-054.md-011.sm-쿠퍼-s-컨버터블.pw-가솔린-2-0.tr-2세대,미니,054,수입,쿠퍼 컨버터블,011,쿠퍼 S 컨버터블,,01~24,encar,가솔린,2.0,False,,4,,,2세대,,False,False
mf-054.md-011.sm-쿠퍼-s-컨버터블.pw-가솔린-2-0.tr-3세대,미니,054,수입,쿠퍼 컨버터블,011,쿠퍼 S 컨버터블,,01~24,encar,가솔린,2.0,False,,4,,,3세대,,False,False
mf-054.md-011.sm-쿠퍼-s-컨버터블.pw-가솔린-1-6.tr-하이게이트,미니,054,수입,쿠퍼 컨버터블,011,쿠퍼 S 컨버터블,,01~24,encar,가솔린,1.6,False,,4,,,하이게이트,,False,False
mf-054.md-006.sm-쿠퍼-sd-쿠페.pw-디젤-2-0.tr-기본,미니,054,수입,쿠페,006,쿠퍼 SD 쿠페,,12~15,encar,디젤,2.0,False,,2,,,기본,,False,False
mf-054.md-006.sm-쿠퍼-쿠페.pw-가솔린-1-6.tr-기본,미니,054,수입,쿠페,006,쿠퍼 쿠페,,11~15,encar,가솔린,1.6,False,,2,,,기본,,False,False
mf-054.md-006.sm-쿠퍼-s-쿠페.pw-가솔린-1-6.tr-기본,미니,054,수입,쿠페,006,쿠퍼 S 쿠페,,11~15,encar,가솔린,1.6,False,,2,,,기본,,False,False
mf-054.md-006.sm-쿠퍼-s-쿠페.pw-가솔린-1-6.tr-jcw,미니,054,수입,쿠페,006,쿠퍼 S 쿠페,,11~15,encar,가솔린,1.6,False,,2,,,JCW,,False,False
mf-054.md-004.sm-쿠퍼-로드스터.pw-가솔린-1-6.tr-기본,미니,054,수입,로드스터,004,쿠퍼 로드스터,,12~15,encar,가솔린,1.6,False,,2,,,기본,,False,False
mf-054.md-004.sm-쿠퍼-s-로드스터.pw-가솔린-1-6.tr-기본,미니,054,수입,로드스터,004,쿠퍼 S 로드스터,,12~15,encar,가솔린,1.6,False,,2,,,기본,,False,False
mf-054.md-013.sm-에이스맨-1세대.pw-전기.tr-e-클래식,미니,054,수입,에이스맨,013,에이스맨 1세대,,25~현재,encar,전기,,False,,5,,,E 클래식,,False,False
mf-054.md-013.sm-에이스맨-1세대.pw-전기.tr-jcw,미니,054,수입,에이스맨,013,에이스맨 1세대,,25~현재,encar,전기,,False,,5,,,JCW,,False,False
mf-054.md-012.sm-쿠퍼-d-페이스맨.pw-디젤-2-0.tr-기본형,미니,054,수입,페이스맨,012,쿠퍼 D 페이스맨,,13~현재,encar,디젤,2.0,False,,4,,,기본형,,False,False
mf-054.md-012.sm-쿠퍼-sd-페이스맨.pw-디젤-2-0.tr-기본형,미니,054,수입,페이스맨,012,쿠퍼 SD 페이스맨,,13~현재,encar,디젤,2.0,False,,4,,,기본형,,False,False
mf-054.md-007.sm-로버-미니.pw-가솔린-1-3.tr-기본,미니,054,수입,로버 미니,007,로버 미니,,76~01,encar,가솔린,1.3,False,,4,,,기본,,False,False
mf-015.md-002.sm-po536.pw-하이브리드-3-0.tr-e-하이브리드-쿠페-플래티넘-에디션,포르쉐,015,수입,카이엔,002,카이엔 PO536,PO536,19~현재,encar,하이브리드,3.0,False,,4,,,E-하이브리드 쿠페 플래티넘 에디션,14620,False,True
mf-015.md-002.sm-po536.pw-하이브리드-3-0.tr-s-e-하이브리드-쿠페,포르쉐,015,수입,카이엔,002,카이엔 PO536,PO536,19~현재,encar,하이브리드,3.0,False,,4,,,S E-하이브리드 쿠페,16000,False,False
mf-015.md-002.sm-po536.pw-가솔린-3-0.tr-카이엔,포르쉐,015,수입,카이엔,002,카이엔 PO536,PO536,19~현재,encar,가솔린,3.0,False,,5,,,카이엔,13310,False,False
mf-015.md-002.sm-po536.pw-가솔린-3-0.tr-플래티넘-에디션,포르쉐,015,수입,카이엔,002,카이엔 PO536,PO536,19~현재,encar,가솔린,3.0,False,,5,,,플래티넘 에디션,14000,False,True
mf-015.md-002.sm-po536.pw-가솔린-3-0.tr-쿠페,포르쉐,015,수입,카이엔,002,카이엔 PO536,PO536,19~현재,encar,가솔린,3.0,False,,4,,,쿠페,13780,False,False
mf-015.md-002.sm-po536.pw-가솔린-3-0.tr-쿠페-플래티넘-에디션,포르쉐,015,수입,카이엔,002,카이엔 PO536,PO536,19~현재,encar,가솔린,3.0,False,,4,,,쿠페 플래티넘 에디션,14300,False,True
mf-015.md-002.sm-po536.pw-가솔린-4-0.tr-쿠페,포르쉐,015,수입,카이엔,002,카이엔 PO536,PO536,19~현재,encar,가솔린,4.0,True,,4,,,쿠페,13780,False,False
mf-015.md-002.sm-po536.pw-가솔린-4-0.tr-터보-gt-쿠페,포르쉐,015,수입,카이엔,002,카이엔 PO536,PO536,19~현재,encar,가솔린,4.0,True,,4,,,터보 GT 쿠페,26000,False,False
mf-015.md-002.sm-po536.pw-가솔린-4-0.tr-gts-쿠페,포르쉐,015,수입,카이엔,002,카이엔 PO536,PO536,19~현재,encar,가솔린,4.0,False,,4,,,GTS 쿠페,20480,False,False
mf-015.md-002.sm-po536.pw-하이브리드-3-0.tr-e-하이브리드,포르쉐,015,수입,카이엔,002,카이엔 PO536,PO536,19~현재,encar,하이브리드,3.0,False,,5,,,E-하이브리드,14540,False,False
mf-015.md-002.sm-po536.pw-하이브리드-3-0.tr-e-하이브리드-플래티넘-에디션,포르쉐,015,수입,카이엔,002,카이엔 PO536,PO536,19~현재,encar,하이브리드,3.0,False,,5,,,E-하이브리드 플래티넘 에디션,14290,False,True
mf-015.md-002.sm-po536.pw-하이브리드-3-0.tr-e-하이브리드-쿠페,포르쉐,015,수입,카이엔,002,카이엔 PO536,PO536,19~현재,encar,하이브리드,3.0,False,,5,,,E-하이브리드 쿠페,14850,False,False
mf-015.md-002.sm-po536.pw-하이브리드-4-0.tr-e-하이브리드-쿠페,포르쉐,015,수입,카이엔,002,카이엔 PO536,PO536,19~현재,encar,하이브리드,4.0,True,,4,,,E-하이브리드 쿠페,14850,False,False
mf-015.md-002.sm-po536.pw-가솔린-4-0.tr-카이엔,포르쉐,015,수입,카이엔,002,카이엔 PO536,PO536,19~현재,encar,가솔린,4.0,True,,5,,,카이엔,13310,False,False
mf-015.md-002.sm-958.pw-디젤-3-0.tr-958,포르쉐,015,수입,카이엔,002,뉴 카이엔 958,958,10~18,encar,디젤,3.0,False,,5,,,958,10000,False,False
mf-015.md-002.sm-958.pw-디젤-4-1.tr-958,포르쉐,015,수입,카이엔,002,뉴 카이엔 958,958,10~18,encar,디젤,4.1,False,,5,,,958,10000,False,False
mf-015.md-002.sm-958.pw-가솔린-3-6.tr-958,포르쉐,015,수입,카이엔,002,뉴 카이엔 958,958,10~18,encar,가솔린,3.6,False,,5,,,958,10000,False,False
mf-015.md-002.sm-958.pw-가솔린-4-8.tr-958,포르쉐,015,수입,카이엔,002,뉴 카이엔 958,958,10~18,encar,가솔린,4.8,True,,5,,,958,10000,False,False
mf-015.md-002.sm-958.pw-가솔린-4-8.tr-958,포르쉐,015,수입,카이엔,002,뉴 카이엔 958,958,10~18,encar,가솔린,4.8,False,,5,,,958,10000,False,False
mf-015.md-002.sm-958.pw-하이브리드-3-0.tr-958,포르쉐,015,수입,카이엔,002,뉴 카이엔 958,958,10~18,encar,하이브리드,3.0,False,,5,,,958,10000,False,False
mf-015.md-002.sm-955.pw-가솔린-4-8.tr-955,포르쉐,015,수입,카이엔,002,카이엔 955,955,02~10,encar,가솔린,4.8,False,,5,,,955,9000,False,False
mf-015.md-002.sm-955.pw-가솔린-4-8.tr-957,포르쉐,015,수입,카이엔,002,카이엔 955,955,02~10,encar,가솔린,4.8,False,,5,,,957,9500,False,False
mf-015.md-002.sm-955.pw-가솔린-4-5.tr-955,포르쉐,015,수입,카이엔,002,카이엔 955,955,02~10,encar,가솔린,4.5,True,,5,,,955,9000,False,False
mf-015.md-002.sm-955.pw-가솔린-4-8.tr-957,포르쉐,015,수입,카이엔,002,카이엔 955,955,02~10,encar,가솔린,4.8,True,,5,,,957,9500,False,False
mf-015.md-002.sm-955.pw-가솔린-3-6.tr-957,포르쉐,015,수입,카이엔,002,카이엔 955,955,02~10,encar,가솔린,3.6,False,,5,,,957,9500,False,False
mf-015.md-002.sm-955.pw-가솔린-3-2.tr-955,포르쉐,015,수입,카이엔,002,카이엔 955,955,02~10,encar,가솔린,3.2,False,,5,,,955,9000,False,False
mf-015.md-002.sm-955.pw-가솔린-4-8.tr-955,포르쉐,015,수입,카이엔,002,카이엔 955,955,02~10,encar,가솔린,4.8,True,,,,,955,9000,False,False
mf-015.md-004.sm-976.pw-가솔린-2-9-awd.tr-기본,포르쉐,015,수입,파나메라,004,파나메라 976,976,24~현재,encar,가솔린,2.9,False,AWD,4,,,기본,16000,False,False
mf-015.md-004.sm-976.pw-하이브리드-2-9-awd.tr-e-hybrid,포르쉐,015,수입,파나메라,004,파나메라 976,976,24~현재,encar,하이브리드,2.9,False,AWD,4,,,E-Hybrid,20500,False,False
mf-015.md-004.sm-976.pw-하이브리드-4-0.tr-s-e-hybrid,포르쉐,015,수입,파나메라,004,파나메라 976,976,24~현재,encar,하이브리드,4.0,True,,5,,,S E-Hybrid,23000,False,False
mf-015.md-004.sm-976.pw-가솔린-4-0.tr-gts,포르쉐,015,수입,파나메라,004,파나메라 976,976,24~현재,encar,가솔린,4.0,False,,4,,,GTS,24500,False,False
mf-015.md-004.sm-971.pw-가솔린-4-0.tr-gts,포르쉐,015,수입,파나메라,004,파나메라 971,971,17~24,encar,가솔린,4.0,False,,4,,,GTS,24500,False,False
mf-015.md-004.sm-971.pw-가솔린-3-0-awd.tr-기본,포르쉐,015,수입,파나메라,004,파나메라 971,971,17~24,encar,가솔린,3.0,False,AWD,4,,,기본,16000,False,False
mf-015.md-004.sm-971.pw-가솔린-2-9-awd.tr-기본,포르쉐,015,수입,파나메라,004,파나메라 971,971,17~24,encar,가솔린,2.9,False,AWD,4,,,기본,16000,False,False
mf-015.md-004.sm-971.pw-가솔린-2-9-awd.tr-플래티넘-에디션,포르쉐,015,수입,파나메라,004,파나메라 971,971,17~24,encar,가솔린,2.9,False,AWD,4,,,플래티넘 에디션,17500,False,True
mf-015.md-004.sm-971.pw-가솔린-2-9-awd.tr-이그제큐티브,포르쉐,015,수입,파나메라,004,파나메라 971,971,17~24,encar,가솔린,2.9,False,AWD,4,,,이그제큐티브,26000,False,False
mf-015.md-004.sm-971.pw-하이브리드-2-9-awd.tr-e-hybrid,포르쉐,015,수입,파나메라,004,파나메라 971,971,17~24,encar,하이브리드,2.9,False,AWD,4,,,E-Hybrid,20500,False,False
mf-015.md-004.sm-971.pw-하이브리드-2-9-awd.tr-e-hybrid-플래티넘-에디션,포르쉐,015,수입,파나메라,004,파나메라 971,971,17~24,encar,하이브리드,2.9,False,AWD,4,,,E-Hybrid 플래티넘 에디션,22000,False,True
mf-015.md-004.sm-971.pw-가솔린-4-0.tr-기본,포르쉐,015,수입,파나메라,004,파나메라 971,971,17~24,encar,가솔린,4.0,True,,4,,,기본,16000,False,False
mf-015.md-004.sm-971.pw-가솔린-4-0.tr-s,포르쉐,015,수입,파나메라,004,파나메라 971,971,17~24,encar,가솔린,4.0,True,,4,,,S,18500,False,False
mf-015.md-004.sm-971.pw-가솔린-2-9.tr-4s,포르쉐,015,수입,파나메라,004,파나메라 971,971,17~24,encar,가솔린,2.9,False,,4,,,4S,20000,False,False
mf-015.md-004.sm-971.pw-하이브리드-4-0.tr-s-e-hybrid,포르쉐,015,수입,파나메라,004,파나메라 971,971,17~24,encar,하이브리드,4.0,True,,4,,,S E-Hybrid,23000,False,False
mf-015.md-004.sm-970.pw-가솔린-3-6-awd.tr-플래티넘-에디션,포르쉐,015,수입,파나메라,004,파나메라 970,970,09~16,encar,가솔린,3.6,False,AWD,4,,,플래티넘 에디션,17500,False,True
mf-015.md-004.sm-970.pw-가솔린-3-6-awd.tr-세대코드이므로-트림에서-제거-gen_code로-이동,포르쉐,015,수입,파나메라,004,파나메라 970,970,09~16,encar,가솔린,3.6,False,AWD,4,,,(세대코드이므로 트림에서 제거 - gen_code로 이동),,False,False
mf-015.md-004.sm-970.pw-하이브리드-3-0.tr-세대코드이므로-트림에서-제거-gen_code로-이동,포르쉐,015,수입,파나메라,004,파나메라 970,970,09~16,encar,하이브리드,3.0,False,,4,,,(세대코드이므로 트림에서 제거 - gen_code로 이동),,False,False
mf-015.md-004.sm-970.pw-가솔린-4-8.tr-세대코드이므로-트림에서-제거-gen_code로-이동,포르쉐,015,수입,파나메라,004,파나메라 970,970,09~16,encar,가솔린,4.8,False,,4,,,(세대코드이므로 트림에서 제거 - gen_code로 이동),,False,False
mf-015.md-004.sm-970.pw-가솔린-4-8.tr-세대코드이므로-트림에서-제거-gen_code로-이동,포르쉐,015,수입,파나메라,004,파나메라 970,970,09~16,encar,가솔린,4.8,True,,4,,,(세대코드이므로 트림에서 제거 - gen_code로 이동),,False,False
mf-015.md-004.sm-970.pw-디젤-3-0.tr-세대코드이므로-트림에서-제거-gen_code로-이동,포르쉐,015,수입,파나메라,004,파나메라 970,970,09~16,encar,디젤,3.0,False,,4,,,(세대코드이므로 트림에서 제거 - gen_code로 이동),,False,False
mf-015.md-004.sm-970.pw-가솔린-3-6-2wd.tr-세대코드이므로-트림에서-제거-gen_code로-이동,포르쉐,015,수입,파나메라,004,파나메라 970,970,09~16,encar,가솔린,3.6,False,2WD,4,,,(세대코드이므로 트림에서 제거 - gen_code로 이동),,False,False
mf-015.md-004.sm-970.pw-가솔린-3-0.tr-세대코드이므로-트림에서-제거-gen_code로-이동,포르쉐,015,수입,파나메라,004,파나메라 970,970,09~16,encar,가솔린,3.0,False,,4,,,(세대코드이므로 트림에서 제거 - gen_code로 이동),,False,False
mf-015.md-001.sm-992.pw-가솔린-3-0.tr-카레라,포르쉐,015,수입,911,001,911 992,992,19~현재,encar,가솔린,3.0,False,,4,,,카레라,,False,False
mf-015.md-001.sm-992.pw-가솔린-3-0.tr-카레라-4,포르쉐,015,수입,911,001,911 992,992,19~현재,encar,가솔린,3.0,False,,4,,,카레라 4,,False,False
mf-015.md-001.sm-992.pw-가솔린-3-0.tr-카레라-4-gts,포르쉐,015,수입,911,001,911 992,992,19~현재,encar,가솔린,3.0,False,,4,,,카레라 4 GTS,,False,False
mf-015.md-001.sm-992.pw-가솔린-3-0.tr-카레라-4-gts-카브리올레,포르쉐,015,수입,911,001,911 992,992,19~현재,encar,가솔린,3.0,False,,4,,,카레라 4 GTS 카브리올레,,False,False
mf-015.md-001.sm-992.pw-가솔린-3-0.tr-카레라-4-카브리올레,포르쉐,015,수입,911,001,911 992,992,19~현재,encar,가솔린,3.0,False,,4,,,카레라 4 카브리올레,,False,False
mf-015.md-001.sm-992.pw-가솔린-3-0.tr-카레라-4s,포르쉐,015,수입,911,001,911 992,992,19~현재,encar,가솔린,3.0,False,,4,,,카레라 4S,,False,False
mf-015.md-001.sm-992.pw-가솔린-3-0.tr-카레라-4s-카브리올레,포르쉐,015,수입,911,001,911 992,992,19~현재,encar,가솔린,3.0,False,,4,,,카레라 4S 카브리올레,,False,False
mf-015.md-001.sm-992.pw-가솔린-3-0.tr-카레라-gts,포르쉐,015,수입,911,001,911 992,992,19~현재,encar,가솔린,3.0,False,,4,,,카레라 GTS,,False,False
mf-015.md-001.sm-992.pw-가솔린-3-0.tr-카레라-gts-카브리올레,포르쉐,015,수입,911,001,911 992,992,19~현재,encar,가솔린,3.0,False,,4,,,카레라 GTS 카브리올레,,False,False
mf-015.md-001.sm-992.pw-가솔린-3-0.tr-카레라-s,포르쉐,015,수입,911,001,911 992,992,19~현재,encar,가솔린,3.0,False,,4,,,카레라 S,,False,False
mf-015.md-001.sm-992.pw-가솔린-3-0.tr-카레라-s-카브리올레,포르쉐,015,수입,911,001,911 992,992,19~현재,encar,가솔린,3.0,False,,4,,,카레라 S 카브리올레,,False,False
mf-015.md-001.sm-992.pw-가솔린-3-0.tr-카레라-카브리올레,포르쉐,015,수입,911,001,911 992,992,19~현재,encar,가솔린,3.0,False,,4,,,카레라 카브리올레,,False,False
mf-015.md-001.sm-992.pw-가솔린-3-0.tr-타르가-4,포르쉐,015,수입,911,001,911 992,992,19~현재,encar,가솔린,3.0,False,,4,,,타르가 4,,False,False
mf-015.md-001.sm-992.pw-가솔린-3-0.tr-타르가-4s,포르쉐,015,수입,911,001,911 992,992,19~현재,encar,가솔린,3.0,False,,4,,,타르가 4S,,False,False
mf-015.md-001.sm-992.pw-가솔린-4-0.tr-gt3,포르쉐,015,수입,911,001,911 992,992,19~현재,encar,가솔린,4.0,False,,2,,,GT3,,False,False
mf-015.md-001.sm-992.pw-가솔린-3-7.tr-s,포르쉐,015,수입,911,001,911 992,992,19~현재,encar,가솔린,3.7,True,,4,,,S,,False,False
mf-015.md-001.sm-992.pw-가솔린-3-7.tr-s-카브리올레,포르쉐,015,수입,911,001,911 992,992,19~현재,encar,가솔린,3.7,True,,4,,,S 카브리올레,,False,False
mf-015.md-001.sm-992.pw-가솔린-3-6.tr-타르가-4-gts,포르쉐,015,수입,911,001,911 992,992,19~현재,encar,가솔린,3.6,False,,4,,,타르가 4 GTS,,False,False
mf-015.md-001.sm-992.pw-가솔린-4-0.tr-gt3-투어링,포르쉐,015,수입,911,001,911 992,992,19~현재,encar,가솔린,4.0,False,,4,,,GT3 투어링,,False,False
mf-015.md-001.sm-911.pw-가솔린-3-0.tr-991,포르쉐,015,수입,911,001,911,,89~19,encar,가솔린,3.0,False,,4,,,991,,False,False
mf-015.md-001.sm-911.pw-가솔린-3-0.tr-996,포르쉐,015,수입,911,001,911,,89~19,encar,가솔린,3.0,False,,4,,,996,,False,False
mf-015.md-001.sm-911.pw-가솔린-3-0.tr-997,포르쉐,015,수입,911,001,911,,89~19,encar,가솔린,3.0,False,,4,,,997,,False,False
mf-015.md-001.sm-911.pw-가솔린-3-0.tr-991,포르쉐,015,수입,911,001,911,,89~19,encar,가솔린,3.0,False,,2,,,991,,False,False
mf-015.md-001.sm-911.pw-가솔린-3-0.tr-996,포르쉐,015,수입,911,001,911,,89~19,encar,가솔린,3.0,False,,2,,,996,,False,False
mf-015.md-001.sm-911.pw-가솔린-3-0.tr-997,포르쉐,015,수입,911,001,911,,89~19,encar,가솔린,3.0,False,,2,,,997,,False,False
mf-015.md-001.sm-911.pw-가솔린-3-6.tr-991,포르쉐,015,수입,911,001,911,,89~19,encar,가솔린,3.6,True,,2,,,991,,False,False
mf-015.md-001.sm-911.pw-가솔린-3-6.tr-997,포르쉐,015,수입,911,001,911,,89~19,encar,가솔린,3.6,True,,2,,,997,,False,False
mf-015.md-001.sm-911.pw-가솔린-3-8.tr-991,포르쉐,015,수입,911,001,911,,89~19,encar,가솔린,3.8,False,,2,,,991,,False,False
mf-015.md-001.sm-911.pw-가솔린-3-8.tr-997,포르쉐,015,수입,911,001,911,,89~19,encar,가솔린,3.8,False,,2,,,997,,False,False
mf-015.md-001.sm-911.pw-가솔린-4-0.tr-991,포르쉐,015,수입,911,001,911,,89~19,encar,가솔린,4.0,False,,,,,991,,False,False
mf-015.md-001.sm-911.pw-가솔린-3-4.tr-991,포르쉐,015,수입,911,001,911,,89~19,encar,가솔린,3.4,False,,2,,,991,,False,False
mf-015.md-001.sm-911.pw-가솔린-3-4.tr-996,포르쉐,015,수입,911,001,911,,89~19,encar,가솔린,3.4,False,,2,,,996,,False,False
mf-015.md-001.sm-911.pw-가솔린-3-8.tr-991,포르쉐,015,수입,911,001,911,,89~19,encar,가솔린,3.8,True,,4,,,991,,False,False
mf-015.md-001.sm-911.pw-가솔린-3-8.tr-996,포르쉐,015,수입,911,001,911,,89~19,encar,가솔린,3.8,True,,4,,,996,,False,False
mf-015.md-001.sm-911.pw-가솔린-3-8.tr-997,포르쉐,015,수입,911,001,911,,89~19,encar,가솔린,3.8,True,,4,,,997,,False,False
mf-015.md-001.sm-911.pw-가솔린-3-6.tr-996,포르쉐,015,수입,911,001,911,,89~19,encar,가솔린,3.6,False,,4,,,996,,False,False
mf-015.md-001.sm-911.pw-가솔린-3-6.tr-997,포르쉐,015,수입,911,001,911,,89~19,encar,가솔린,3.6,False,,4,,,997,,False,False
mf-015.md-001.sm-911.pw-가솔린-3-8.tr-997,포르쉐,015,수입,911,001,911,,89~19,encar,가솔린,3.8,False,,,,,997,,False,False
mf-015.md-013.sm-마칸-ev.pw-전기-100-0.tr-기본,포르쉐,015,수입,마칸,013,마칸 EV,,24~현재,encar,전기,,True,,5,100.0,455,기본,,False,False
mf-015.md-013.sm-마칸-ev.pw-전기-100-0.tr-4s,포르쉐,015,수입,마칸,013,마칸 EV,,24~현재,encar,전기,,False,,5,100.0,455,4S,,False,False
mf-015.md-013.sm-마칸-ev.pw-전기-100-0.tr-베이스,포르쉐,015,수입,마칸,013,마칸 EV,,24~현재,encar,전기,,False,,5,100.0,455,베이스,,False,False
mf-015.md-013.sm-마칸-ev.pw-전기-100-0.tr-베이스-4,포르쉐,015,수입,마칸,013,마칸 EV,,24~현재,encar,전기,,False,,5,100.0,455,베이스 4,,False,False
mf-015.md-013.sm-마칸.pw-디젤-3-0.tr-95b,포르쉐,015,수입,마칸,013,마칸,,14~현재,encar,디젤,3.0,False,,5,,,95B,,False,False
mf-015.md-013.sm-마칸.pw-가솔린-2-0.tr-95b,포르쉐,015,수입,마칸,013,마칸,,14~현재,encar,가솔린,2.0,False,,5,,,95B,,False,False
mf-015.md-013.sm-마칸.pw-가솔린-2-9.tr-s,포르쉐,015,수입,마칸,013,마칸,,14~현재,encar,가솔린,2.9,False,,5,,,S,,False,False
mf-015.md-013.sm-마칸.pw-가솔린-2-9.tr-95b,포르쉐,015,수입,마칸,013,마칸,,14~현재,encar,가솔린,2.9,False,,5,,,95B,,False,False
mf-015.md-013.sm-마칸.pw-가솔린-3-6.tr-95b,포르쉐,015,수입,마칸,013,마칸,,14~현재,encar,가솔린,3.6,True,,5,,,95B,,False,False
mf-015.md-013.sm-마칸.pw-가솔린-3-0.tr-95b,포르쉐,015,수입,마칸,013,마칸,,14~현재,encar,가솔린,3.0,False,,5,,,95B,,False,False
mf-015.md-014.sm-718-카이맨.pw-가솔린-2-0.tr-기본,포르쉐,015,수입,718,014,718 카이맨,,16~현재,encar,가솔린,2.0,False,,2,,,기본,,False,False
mf-015.md-014.sm-718-카이맨.pw-가솔린-2-5.tr-gts,포르쉐,015,수입,718,014,718 카이맨,,16~현재,encar,가솔린,2.5,False,,2,,,GTS,,False,False
mf-015.md-014.sm-718-카이맨.pw-가솔린-2-5.tr-s,포르쉐,015,수입,718,014,718 카이맨,,16~현재,encar,가솔린,2.5,False,,2,,,S,,False,False
mf-015.md-014.sm-718-카이맨.pw-가솔린-4-0.tr-gts,포르쉐,015,수입,718,014,718 카이맨,,16~현재,encar,가솔린,4.0,False,,2,,,GTS,,False,False
mf-015.md-014.sm-718-카이맨.pw-가솔린-4-0.tr-gt4,포르쉐,015,수입,718,014,718 카이맨,,16~현재,encar,가솔린,4.0,False,,,,,GT4,,False,False
mf-015.md-014.sm-718-박스터.pw-가솔린-2-0.tr-기본,포르쉐,015,수입,718,014,718 박스터,,16~현재,encar,가솔린,2.0,False,,2,,,기본,,False,False
mf-015.md-014.sm-718-박스터.pw-가솔린-4-0.tr-25th-에디션,포르쉐,015,수입,718,014,718 박스터,,16~현재,encar,가솔린,4.0,False,,2,,,25th 에디션,,False,False
mf-015.md-014.sm-718-박스터.pw-가솔린-4-0.tr-gts,포르쉐,015,수입,718,014,718 박스터,,16~현재,encar,가솔린,4.0,False,,2,,,GTS,,False,False
mf-015.md-014.sm-718-박스터.pw-가솔린-4-0.tr-스파이더,포르쉐,015,수입,718,014,718 박스터,,16~현재,encar,가솔린,4.0,False,,2,,,스파이더,,False,False
mf-015.md-014.sm-718-박스터.pw-가솔린-2-5.tr-gts,포르쉐,015,수입,718,014,718 박스터,,16~현재,encar,가솔린,2.5,False,,2,,,GTS,,False,False
mf-015.md-014.sm-718-박스터.pw-가솔린-2-5.tr-s,포르쉐,015,수입,718,014,718 박스터,,16~현재,encar,가솔린,2.5,False,,2,,,S,,False,False
mf-015.md-015.sm-타이칸.pw-전기.tr-4s,포르쉐,015,수입,타이칸,015,타이칸,,20~현재,encar,전기,,False,,4,,,4S,,False,False
mf-015.md-015.sm-타이칸.pw-전기.tr-베이스,포르쉐,015,수입,타이칸,015,타이칸,,20~현재,encar,전기,,False,,4,,,베이스,,False,False
mf-015.md-015.sm-타이칸.pw-전기.tr-4-크로스-투리스모,포르쉐,015,수입,타이칸,015,타이칸,,20~현재,encar,전기,,False,,5,,,4 크로스 투리스모,,False,False
mf-015.md-015.sm-타이칸.pw-전기.tr-4s-크로스-투리스모,포르쉐,015,수입,타이칸,015,타이칸,,20~현재,encar,전기,,False,,5,,,4S 크로스 투리스모,,False,False
mf-015.md-015.sm-타이칸.pw-전기.tr-gts,포르쉐,015,수입,타이칸,015,타이칸,,20~현재,encar,전기,,False,,5,,,GTS,,False,False
mf-015.md-015.sm-타이칸.pw-전기.tr-베이스-4,포르쉐,015,수입,타이칸,015,타이칸,,20~현재,encar,전기,,False,,5,,,베이스 4,,False,False
mf-015.md-015.sm-타이칸.pw-전기.tr-기본,포르쉐,015,수입,타이칸,015,타이칸,,20~현재,encar,전기,,True,,4,,,기본,,False,False
mf-015.md-015.sm-타이칸.pw-전기.tr-s,포르쉐,015,수입,타이칸,015,타이칸,,20~현재,encar,전기,,True,,4,,,S,,False,False
mf-015.md-015.sm-타이칸.pw-전기.tr-크로스-투리스모,포르쉐,015,수입,타이칸,015,타이칸,,20~현재,encar,전기,,True,,4,,,크로스 투리스모,,False,False
mf-015.md-015.sm-타이칸.pw-전기.tr-gt,포르쉐,015,수입,타이칸,015,타이칸,,20~현재,encar,전기,,True,,4,,,GT,,False,False
mf-015.md-015.sm-타이칸.pw-전기.tr-gt-바이작-패키지,포르쉐,015,수입,타이칸,015,타이칸,,20~현재,encar,전기,,True,,2,,,GT 바이작 패키지,,False,False
mf-015.md-005.sm-박스터.pw-가솔린-3-4.tr-981,포르쉐,015,수입,박스터,005,박스터,,96~16,encar,가솔린,3.4,False,,2,,,981,,False,False
mf-015.md-005.sm-박스터.pw-가솔린-3-4.tr-987,포르쉐,015,수입,박스터,005,박스터,,96~16,encar,가솔린,3.4,False,,2,,,987,,False,False
mf-015.md-005.sm-박스터.pw-가솔린-2-9.tr-987,포르쉐,015,수입,박스터,005,박스터,,96~16,encar,가솔린,2.9,False,,2,,,987,,False,False
mf-015.md-005.sm-박스터.pw-가솔린-2-7.tr-981,포르쉐,015,수입,박스터,005,박스터,,96~16,encar,가솔린,2.7,False,,2,,,981,,False,False
mf-015.md-005.sm-박스터.pw-가솔린-2-7.tr-987,포르쉐,015,수입,박스터,005,박스터,,96~16,encar,가솔린,2.7,False,,2,,,987,,False,False
mf-015.md-005.sm-박스터.pw-가솔린-3-2.tr-987,포르쉐,015,수입,박스터,005,박스터,,96~16,encar,가솔린,3.2,False,,2,,,987,,False,False
mf-015.md-003.sm-카이맨.pw-가솔린-2-9.tr-987c,포르쉐,015,수입,카이맨,003,카이맨,,05~16,encar,가솔린,2.9,False,,2,,,987C,,False,False
mf-015.md-003.sm-카이맨.pw-가솔린-3-4.tr-981c,포르쉐,015,수입,카이맨,003,카이맨,,05~16,encar,가솔린,3.4,False,,2,,,981C,,False,False
mf-015.md-003.sm-카이맨.pw-가솔린-3-4.tr-987c,포르쉐,015,수입,카이맨,003,카이맨,,05~16,encar,가솔린,3.4,False,,2,,,987C,,False,False
mf-014.md-002.sm-ad-bw2.pw-가솔린-2-0.tr-tsi-prestige-프레스티지,폭스바겐,014,수입,티구안,002,티구안 올스페이스 AD/BW2,AD/BW2,18~현재,encar,가솔린,2.0,False,,7,,,TSI Prestige (프레스티지),5098,False,False
mf-014.md-002.sm-ad-bw2.pw-디젤-2-0.tr-tdi-prestige-프레스티지,폭스바겐,014,수입,티구안,002,티구안 올스페이스 AD/BW2,AD/BW2,18~현재,encar,디젤,2.0,False,,7,,,TDI Prestige (프레스티지),5098,False,False
mf-014.md-002.sm-ad1-ax1.pw-디젤-2-0.tr-tdi,폭스바겐,014,수입,티구안,002,티구안 AD1/AX1,AD1/AX1,18~현재,encar,디젤,2.0,False,,5,,,TDI,,False,False
mf-014.md-002.sm-ad1-ax1.pw-디젤-2-0.tr-tdi-premium-프리미엄,폭스바겐,014,수입,티구안,002,티구안 AD1/AX1,AD1/AX1,18~현재,encar,디젤,2.0,False,,5,,,TDI Premium (프리미엄),4804,False,False
mf-014.md-002.sm-ad1-ax1.pw-디젤-2-0.tr-tdi-prestige-프레스티지,폭스바겐,014,수입,티구안,002,티구안 AD1/AX1,AD1/AX1,18~현재,encar,디젤,2.0,False,,5,,,TDI Prestige (프레스티지),5098,False,False
mf-014.md-002.sm-ad1-ax1.pw-디젤-2-0-4모션.tr-tdi-premium-프리미엄,폭스바겐,014,수입,티구안,002,티구안 AD1/AX1,AD1/AX1,18~현재,encar,디젤,2.0,False,4모션,5,,,TDI Premium (프리미엄),4804,False,False
mf-014.md-002.sm-ad1-ax1.pw-디젤-2-0-4모션.tr-tdi-prestige-프레스티지,폭스바겐,014,수입,티구안,002,티구안 AD1/AX1,AD1/AX1,18~현재,encar,디젤,2.0,False,4모션,5,,,TDI Prestige (프레스티지),5098,False,False
mf-014.md-002.sm-ad1-ax1.pw-가솔린-2-0-4모션.tr-tsi,폭스바겐,014,수입,티구안,002,티구안 AD1/AX1,AD1/AX1,18~현재,encar,가솔린,2.0,False,4모션,5,,,TSI,,False,False
mf-014.md-002.sm-5n.pw-디젤-2-0.tr-세대코드이므로-트림에서-삭제-1세대-차대-코드,폭스바겐,014,수입,티구안,002,뉴 티구안 5N,5N,11~16,encar,디젤,2.0,False,,5,,,(세대코드이므로 트림에서 삭제 — 1세대 차대 코드),,False,False
mf-014.md-002.sm-5n.pw-가솔린-2-0.tr-세대코드이므로-트림에서-삭제-1세대-차대-코드,폭스바겐,014,수입,티구안,002,뉴 티구안 5N,5N,11~16,encar,가솔린,2.0,False,,5,,,(세대코드이므로 트림에서 삭제 — 1세대 차대 코드),,False,False
mf-014.md-002.sm-5n.pw-디젤-2-0.tr-세대코드이므로-트림에서-삭제-1세대-차대-코드,폭스바겐,014,수입,티구안,002,티구안 5N,5N,07~11,encar,디젤,2.0,False,,5,,,(세대코드이므로 트림에서 삭제 — 1세대 차대 코드),,False,False
mf-014.md-002.sm-5n.pw-가솔린-2-0.tr-세대코드이므로-트림에서-삭제-1세대-차대-코드,폭스바겐,014,수입,티구안,002,티구안 5N,5N,07~11,encar,가솔린,2.0,False,,5,,,(세대코드이므로 트림에서 삭제 — 1세대 차대 코드),,False,False
mf-014.md-007.sm-골프-8세대.pw-디젤-2-0.tr-tdi-프레스티지,폭스바겐,014,수입,골프,007,골프 8세대,,22~현재,encar,디젤,2.0,False,,5,,,TDI 프레스티지,,False,False
mf-014.md-007.sm-골프-8세대.pw-디젤-2-0.tr-tdi-프리미엄,폭스바겐,014,수입,골프,007,골프 8세대,,22~현재,encar,디젤,2.0,False,,5,,,TDI 프리미엄,,False,False
mf-014.md-007.sm-골프-8세대.pw-가솔린-2-0.tr-gti,폭스바겐,014,수입,골프,007,골프 8세대,,22~현재,encar,가솔린,2.0,False,,5,,,GTI,,False,False
mf-014.md-007.sm-골프-7세대.pw-가솔린-1-4.tr-tsi,폭스바겐,014,수입,골프,007,골프 7세대,,13~19,encar,가솔린,1.4,False,,5,,,TSI,,False,False
mf-014.md-007.sm-골프-7세대.pw-가솔린-1-4.tr-tsi-프리미엄,폭스바겐,014,수입,골프,007,골프 7세대,,13~19,encar,가솔린,1.4,False,,5,,,TSI 프리미엄,,False,False
mf-014.md-007.sm-골프-7세대.pw-디젤-2-0.tr-gtd,폭스바겐,014,수입,골프,007,골프 7세대,,13~19,encar,디젤,2.0,False,,5,,,GTD,,False,False
mf-014.md-007.sm-골프-7세대.pw-디젤-2-0.tr-gtd-익스트림-에디션,폭스바겐,014,수입,골프,007,골프 7세대,,13~19,encar,디젤,2.0,False,,5,,,GTD 익스트림 에디션,,False,False
mf-014.md-007.sm-골프-7세대.pw-디젤-2-0.tr-tdi,폭스바겐,014,수입,골프,007,골프 7세대,,13~19,encar,디젤,2.0,False,,5,,,TDI,,False,False
mf-014.md-007.sm-골프-7세대.pw-디젤-2-0.tr-tdi-40th-에디션,폭스바겐,014,수입,골프,007,골프 7세대,,13~19,encar,디젤,2.0,False,,5,,,TDI 40th 에디션,,False,False
mf-014.md-007.sm-골프-7세대.pw-디젤-2-0.tr-tdi-프리미엄,폭스바겐,014,수입,골프,007,골프 7세대,,13~19,encar,디젤,2.0,False,,5,,,TDI 프리미엄,,False,False
mf-014.md-007.sm-골프-7세대.pw-가솔린-2-0.tr-gti,폭스바겐,014,수입,골프,007,골프 7세대,,13~19,encar,가솔린,2.0,False,,5,,,GTI,,False,False
mf-014.md-007.sm-골프-7세대.pw-가솔린-2-0.tr-gti-익스트림-에디션,폭스바겐,014,수입,골프,007,골프 7세대,,13~19,encar,가솔린,2.0,False,,5,,,GTI 익스트림 에디션,,False,False
mf-014.md-007.sm-골프-7세대.pw-가솔린-2-0.tr-r,폭스바겐,014,수입,골프,007,골프 7세대,,13~19,encar,가솔린,2.0,False,,5,,,R,,False,False
mf-014.md-007.sm-골프-7세대.pw-디젤-1-6.tr-tdi,폭스바겐,014,수입,골프,007,골프 7세대,,13~19,encar,디젤,1.6,False,,5,,,TDI,,False,False
mf-014.md-007.sm-골프-7세대.pw-가솔린-1-8.tr-tsi,폭스바겐,014,수입,골프,007,골프 7세대,,13~19,encar,가솔린,1.8,False,,5,,,TSI,,False,False
mf-014.md-007.sm-골프-6세대.pw-디젤-2-0.tr-gtd,폭스바겐,014,수입,골프,007,골프 6세대,,08~14,encar,디젤,2.0,False,,5,,,GTD,,False,False
mf-014.md-007.sm-골프-6세대.pw-디젤-2-0.tr-tdi,폭스바겐,014,수입,골프,007,골프 6세대,,08~14,encar,디젤,2.0,False,,5,,,TDI,,False,False
mf-014.md-007.sm-골프-6세대.pw-디젤-2-0.tr-tdi-스타일에디션,폭스바겐,014,수입,골프,007,골프 6세대,,08~14,encar,디젤,2.0,False,,5,,,TDI 스타일에디션,,False,False
mf-014.md-007.sm-골프-6세대.pw-가솔린-1-4.tr-tsi,폭스바겐,014,수입,골프,007,골프 6세대,,08~14,encar,가솔린,1.4,False,,5,,,TSI,,False,False
mf-014.md-007.sm-골프-6세대.pw-디젤-1-6.tr-tdi-블루모션,폭스바겐,014,수입,골프,007,골프 6세대,,08~14,encar,디젤,1.6,False,,5,,,TDI 블루모션,,False,False
mf-014.md-007.sm-골프-6세대.pw-디젤-1-6.tr-tdi-블루모션-스타일에디션,폭스바겐,014,수입,골프,007,골프 6세대,,08~14,encar,디젤,1.6,False,,5,,,TDI 블루모션 스타일에디션,,False,False
mf-014.md-007.sm-골프-6세대.pw-디젤-2-0.tr-tdi-카브리올레,폭스바겐,014,수입,골프,007,골프 6세대,,08~14,encar,디젤,2.0,False,,4,,,TDI 카브리올레,,False,False
mf-014.md-007.sm-골프-6세대.pw-가솔린-2-0.tr-gti-3도어,폭스바겐,014,수입,골프,007,골프 6세대,,08~14,encar,가솔린,2.0,False,,5,,,GTI 3도어,,False,False
mf-014.md-007.sm-골프-6세대.pw-가솔린-2-0.tr-gti-5도어,폭스바겐,014,수입,골프,007,골프 6세대,,08~14,encar,가솔린,2.0,False,,5,,,GTI 5도어,,False,False
mf-014.md-007.sm-골프-5세대.pw-가솔린-2-0.tr-gti-5도어,폭스바겐,014,수입,골프,007,골프 5세대,,04~09,encar,가솔린,2.0,False,,5,,,GTI 5도어,,False,False
mf-014.md-007.sm-골프-5세대.pw-가솔린-3-2.tr-r32,폭스바겐,014,수입,골프,007,골프 5세대,,04~09,encar,가솔린,3.2,False,,5,,,R32,,False,False
mf-014.md-007.sm-골프-4세대.pw-가솔린-2-0.tr-기본,폭스바겐,014,수입,골프,007,골프 4세대,,97~04,encar,가솔린,2.0,False,,4,,,기본,,False,False
mf-014.md-007.sm-골프-4세대.pw-가솔린-1-8.tr-gti,폭스바겐,014,수입,골프,007,골프 4세대,,97~04,encar,가솔린,1.8,False,,5,,,GTI,,False,False
mf-014.md-007.sm-골프-3세대.pw-가솔린-2-8.tr-gti,폭스바겐,014,수입,골프,007,골프 3세대,,91~99,encar,가솔린,2.8,False,,,,,GTI,,False,False
mf-014.md-020.sm-아테온.pw-디젤-2-0-4모션.tr-tdi-r-line,폭스바겐,014,수입,아테온,020,아테온,,18~현재,encar,디젤,2.0,False,4모션,5,,,TDI R-LINE,,False,False
mf-014.md-020.sm-아테온.pw-디젤-2-0-4모션.tr-tdi-프레스티지,폭스바겐,014,수입,아테온,020,아테온,,18~현재,encar,디젤,2.0,False,4모션,5,,,TDI 프레스티지,,False,False
mf-014.md-020.sm-아테온.pw-디젤-2-0.tr-tdi-프레스티지,폭스바겐,014,수입,아테온,020,아테온,,18~현재,encar,디젤,2.0,False,,5,,,TDI 프레스티지,,False,False
mf-014.md-020.sm-아테온.pw-디젤-2-0.tr-tdi-프리미엄,폭스바겐,014,수입,아테온,020,아테온,,18~현재,encar,디젤,2.0,False,,5,,,TDI 프리미엄,,False,False
mf-014.md-004.sm-제타-7세대.pw-가솔린-1-5.tr-tsi-프레스티지,폭스바겐,014,수입,제타,004,제타 7세대,,19~현재,encar,가솔린,1.5,False,,5,,,TSI 프레스티지,,False,False
mf-014.md-004.sm-제타-7세대.pw-가솔린-1-5.tr-tsi-프리미엄,폭스바겐,014,수입,제타,004,제타 7세대,,19~현재,encar,가솔린,1.5,False,,5,,,TSI 프리미엄,,False,False
mf-014.md-004.sm-제타-7세대.pw-가솔린-1-4.tr-tsi-프레스티지,폭스바겐,014,수입,제타,004,제타 7세대,,19~현재,encar,가솔린,1.4,False,,5,,,TSI 프레스티지,,False,False
mf-014.md-004.sm-제타-7세대.pw-가솔린-1-4.tr-tsi-프리미엄,폭스바겐,014,수입,제타,004,제타 7세대,,19~현재,encar,가솔린,1.4,False,,5,,,TSI 프리미엄,,False,False
mf-014.md-004.sm-뉴-제타.pw-디젤-2-0.tr-6세대,폭스바겐,014,수입,제타,004,뉴 제타,,11~18,encar,디젤,2.0,False,,5,,,6세대,,False,False
mf-014.md-004.sm-뉴-제타.pw-디젤-1-6.tr-6세대,폭스바겐,014,수입,제타,004,뉴 제타,,11~18,encar,디젤,1.6,False,,5,,,6세대,,False,False
mf-014.md-004.sm-뉴-제타.pw-가솔린-2-5.tr-6세대,폭스바겐,014,수입,제타,004,뉴 제타,,11~18,encar,가솔린,2.5,False,,5,,,6세대,,False,False
mf-014.md-006.sm-b8.pw-디젤-2-0.tr-tdi,폭스바겐,014,수입,파사트,006,파사트 GT B8,B8,18~현재,encar,디젤,2.0,False,,5,,,TDI,,False,False
mf-014.md-006.sm-b8.pw-디젤-2-0.tr-tdi-프레스티지,폭스바겐,014,수입,파사트,006,파사트 GT B8,B8,18~현재,encar,디젤,2.0,False,,5,,,TDI 프레스티지,,False,False
mf-014.md-006.sm-b8.pw-디젤-2-0.tr-tdi-프리미엄,폭스바겐,014,수입,파사트,006,파사트 GT B8,B8,18~현재,encar,디젤,2.0,False,,5,,,TDI 프리미엄,,False,False
mf-014.md-006.sm-b8.pw-디젤-2-0-4모션.tr-tdi-프레스티지,폭스바겐,014,수입,파사트,006,파사트 GT B8,B8,18~현재,encar,디젤,2.0,False,4모션,5,,,TDI 프레스티지,,False,False
mf-014.md-006.sm-더-뉴-파사트.pw-가솔린-2-0.tr-b7,폭스바겐,014,수입,파사트,006,더 뉴 파사트,,11~현재,encar,가솔린,2.0,False,,5,,,B7,,False,False
mf-014.md-006.sm-더-뉴-파사트.pw-디젤-2-0.tr-b7,폭스바겐,014,수입,파사트,006,더 뉴 파사트,,11~현재,encar,디젤,2.0,False,,5,,,B7,,False,False
mf-014.md-006.sm-더-뉴-파사트.pw-가솔린-1-8.tr-b7,폭스바겐,014,수입,파사트,006,더 뉴 파사트,,11~현재,encar,가솔린,1.8,False,,5,,,B7,,False,False
mf-014.md-006.sm-더-뉴-파사트.pw-가솔린-2-5.tr-b7,폭스바겐,014,수입,파사트,006,더 뉴 파사트,,11~현재,encar,가솔린,2.5,False,,5,,,B7,,False,False
mf-014.md-006.sm-뉴-파사트.pw-디젤-2-0.tr-b6,폭스바겐,014,수입,파사트,006,뉴 파사트,,05~11,encar,디젤,2.0,False,,5,,,B6,,False,False
mf-014.md-005.sm-투아렉-3세대.pw-디젤-4-0.tr-tdi-r-line,폭스바겐,014,수입,투아렉,005,투아렉 3세대,,19~현재,encar,디젤,4.0,False,,5,,,TDI R-Line,,False,False
mf-014.md-005.sm-투아렉-3세대.pw-디젤-3-0.tr-tdi-r-line,폭스바겐,014,수입,투아렉,005,투아렉 3세대,,19~현재,encar,디젤,3.0,False,,5,,,TDI R-Line,,False,False
mf-014.md-005.sm-투아렉-3세대.pw-디젤-3-0.tr-tdi-프레스티지,폭스바겐,014,수입,투아렉,005,투아렉 3세대,,19~현재,encar,디젤,3.0,False,,5,,,TDI 프레스티지,,False,False
mf-014.md-005.sm-투아렉-3세대.pw-디젤-3-0.tr-tdi-프리미엄,폭스바겐,014,수입,투아렉,005,투아렉 3세대,,19~현재,encar,디젤,3.0,False,,5,,,TDI 프리미엄,,False,False
mf-014.md-005.sm-뉴-투아렉.pw-디젤-3-0.tr-7p5,폭스바겐,014,수입,투아렉,005,뉴 투아렉,,10~18,encar,디젤,3.0,False,,5,,,7P5,,False,False
mf-014.md-005.sm-투아렉.pw-디젤-4-9.tr-7l,폭스바겐,014,수입,투아렉,005,투아렉,,02~10,encar,디젤,4.9,False,,5,,,7L,,False,False
mf-014.md-005.sm-투아렉.pw-가솔린-4-2.tr-7l,폭스바겐,014,수입,투아렉,005,투아렉,,02~10,encar,가솔린,4.2,False,,5,,,7L,,False,False
mf-014.md-001.sm-뉴-cc.pw-가솔린-2-0.tr-tsi,폭스바겐,014,수입,CC,001,뉴 CC,,12~17,encar,가솔린,2.0,False,,5,,,TSI,,False,False
mf-014.md-001.sm-뉴-cc.pw-디젤-2-0.tr-tdi-블루모션,폭스바겐,014,수입,CC,001,뉴 CC,,12~17,encar,디젤,2.0,False,,5,,,TDI 블루모션,,False,False
mf-014.md-001.sm-뉴-cc.pw-디젤-2-0.tr-tdi-블루모션-r라인,폭스바겐,014,수입,CC,001,뉴 CC,,12~17,encar,디젤,2.0,False,,5,,,TDI 블루모션 R라인,,False,False
mf-014.md-001.sm-뉴-cc.pw-디젤-2-0-4모션.tr-tdi-블루모션,폭스바겐,014,수입,CC,001,뉴 CC,,12~17,encar,디젤,2.0,False,4모션,5,,,TDI 블루모션,,False,False
mf-014.md-001.sm-cc.pw-디젤-2-0.tr-tdi-블루모션,폭스바겐,014,수입,CC,001,CC,,08~12,encar,디젤,2.0,False,,5,,,TDI 블루모션,,False,False
mf-014.md-001.sm-cc.pw-디젤-2-0.tr-tdi,폭스바겐,014,수입,CC,001,CC,,08~12,encar,디젤,2.0,False,,4,,,TDI,,False,False
mf-014.md-001.sm-cc.pw-가솔린-3-6-4모션.tr-v6,폭스바겐,014,수입,CC,001,CC,,08~12,encar,가솔린,3.6,False,4모션,4,,,V6,,False,False
mf-014.md-001.sm-cc.pw-가솔린-2-0.tr-tsi,폭스바겐,014,수입,CC,001,CC,,08~12,encar,가솔린,2.0,False,,4,,,TSI,,False,False
mf-014.md-003.sm-더-비틀.pw-디젤-2-0.tr-tdi-익스클루시브,폭스바겐,014,수입,비틀,003,더 비틀,,12~19,encar,디젤,2.0,False,,4,,,TDI 익스클루시브,,False,False
mf-014.md-003.sm-더-비틀.pw-디젤-2-0.tr-tdi-클럽-리미티드-에디션,폭스바겐,014,수입,비틀,003,더 비틀,,12~19,encar,디젤,2.0,False,,4,,,TDI 클럽 리미티드 에디션,,False,False
mf-014.md-003.sm-더-비틀.pw-디젤-2-0.tr-3세대,폭스바겐,014,수입,비틀,003,더 비틀,,12~19,encar,디젤,2.0,False,,4,,,3세대,,False,False
mf-014.md-003.sm-뉴-비틀.pw-가솔린-2-0.tr-1y,폭스바겐,014,수입,비틀,003,뉴 비틀,,98~12,encar,가솔린,2.0,False,,4,,,1Y,,False,False
mf-014.md-003.sm-뉴-비틀.pw-가솔린-2-0.tr-9c,폭스바겐,014,수입,비틀,003,뉴 비틀,,98~12,encar,가솔린,2.0,False,,4,,,9C,,False,False
mf-014.md-023.sm-id-4.pw-전기-82-0.tr-프로,폭스바겐,014,수입,ID.4,023,ID.4,,22~현재,encar,전기,,False,,5,82.0,405,프로,,False,False
mf-014.md-023.sm-id-4.pw-전기-82-0.tr-프로-라이트,폭스바겐,014,수입,ID.4,023,ID.4,,22~현재,encar,전기,,False,,5,82.0,405,프로 라이트,,False,False
mf-014.md-021.sm-티록.pw-디젤-2-0.tr-tdi-스타일,폭스바겐,014,수입,티록,021,티록,,21~현재,encar,디젤,2.0,False,,5,,,TDI 스타일,,False,False
mf-014.md-021.sm-티록.pw-디젤-2-0.tr-tdi-프레스티지,폭스바겐,014,수입,티록,021,티록,,21~현재,encar,디젤,2.0,False,,5,,,TDI 프레스티지,,False,False
mf-014.md-021.sm-티록.pw-디젤-2-0.tr-tdi-프리미엄,폭스바겐,014,수입,티록,021,티록,,21~현재,encar,디젤,2.0,False,,5,,,TDI 프리미엄,,False,False
mf-014.md-016.sm-시로코.pw-디젤-2-0.tr-tdi-r-line,폭스바겐,014,수입,시로코,016,시로코,,08~17,encar,디젤,2.0,False,,4,,,TDI R-Line,,False,False
mf-014.md-016.sm-시로코.pw-가솔린-2-0.tr-tsi-r,폭스바겐,014,수입,시로코,016,시로코,,08~17,encar,가솔린,2.0,False,,4,,,TSI R,,False,False
mf-014.md-015.sm-폴로.pw-디젤-1-6.tr-5세대,폭스바겐,014,수입,폴로,015,폴로,,75~현재,encar,디젤,1.6,False,,5,,,5세대,,False,False
mf-014.md-015.sm-폴로.pw-디젤-1-4.tr-5세대,폭스바겐,014,수입,폴로,015,폴로,,75~현재,encar,디젤,1.4,False,,5,,,5세대,,False,False
mf-014.md-015.sm-폴로.pw-가솔린-1-3.tr-4세대,폭스바겐,014,수입,폴로,015,폴로,,75~현재,encar,가솔린,1.3,False,,5,,,4세대,,False,False
mf-014.md-015.sm-폴로.pw-디젤-1-4.tr-5세대,폭스바겐,014,수입,폴로,015,폴로,,75~현재,encar,디젤,1.4,False,,,,,5세대,,False,False
mf-014.md-011.sm-페이톤.pw-디젤-3-0.tr-vw611,폭스바겐,014,수입,페이톤,011,페이톤,,02~16,encar,디젤,3.0,False,,5,,,VW611,,False,False
mf-014.md-011.sm-페이톤.pw-가솔린-6-0.tr-vw611,폭스바겐,014,수입,페이톤,011,페이톤,,02~16,encar,가솔린,6.0,False,,4,,,VW611,,False,False
mf-014.md-011.sm-페이톤.pw-가솔린-3-2.tr-vw611,폭스바겐,014,수입,페이톤,011,페이톤,,02~16,encar,가솔린,3.2,False,,5,,,VW611,,False,False
mf-014.md-011.sm-페이톤.pw-가솔린-4-2.tr-vw611,폭스바겐,014,수입,페이톤,011,페이톤,,02~16,encar,가솔린,4.2,False,,4,,,VW611,,False,False
mf-014.md-019.sm-아틀라스.pw-가솔린-2-0.tr-tsi-r-line,폭스바겐,014,수입,아틀라스,019,아틀라스,,17~현재,encar,가솔린,2.0,False,,6,,,TSI R-LINE,,False,False
mf-014.md-019.sm-아틀라스.pw-가솔린-2-0.tr-tsi-r-line,폭스바겐,014,수입,아틀라스,019,아틀라스,,17~현재,encar,가솔린,2.0,False,,7,,,TSI R-LINE,,False,False
mf-014.md-025.sm-id-5.pw-전기-82-8.tr-프로,폭스바겐,014,수입,ID.5,025,ID.5,,25~현재,encar,전기,,False,,5,82.8,451,프로,,False,False
mf-014.md-017.sm-기타.pw-기타-1-0.tr-기타,폭스바겐,014,수입,기타,017,기타,,80~현재,encar,기타,1.0,False,,4,,,기타,,False,False
mf-014.md-014.sm-eos.pw-가솔린-2-0.tr-tfsi,폭스바겐,014,수입,EOS,014,EOS,,06~15,encar,가솔린,2.0,False,,4,,,TFSI,,False,False
mf-014.md-026.sm-멀티밴.pw-가솔린-2-5.tr-기본,폭스바겐,014,수입,멀티밴,026,멀티밴,,49~현재,encar,가솔린,2.5,False,,7,,,기본,,False,False
mf-014.md-010.sm-보라.pw-가솔린-2-0.tr-a4,폭스바겐,014,수입,보라,010,보라,,99~05,encar,가솔린,2.0,False,,5,,,A4,,False,False
mf-020.md-003.sm-레인지로버-5세대.pw-가솔린-4-4.tr-p530-ab,랜드로버,020,수입,레인지로버,003,레인지로버 5세대,,22~현재,encar,가솔린,4.4,False,,5,,,P530 AB,,False,False
mf-020.md-003.sm-레인지로버-5세대.pw-가솔린-4-4.tr-p530-ab-lwb,랜드로버,020,수입,레인지로버,003,레인지로버 5세대,,22~현재,encar,가솔린,4.4,False,,5,,,P530 AB LWB,,False,False
mf-020.md-003.sm-레인지로버-5세대.pw-하이브리드-3-0.tr-p550e-ab,랜드로버,020,수입,레인지로버,003,레인지로버 5세대,,22~현재,encar,하이브리드,3.0,False,,5,,,P550E AB,,False,False
mf-020.md-003.sm-레인지로버-5세대.pw-가솔린-4-4.tr-p615-sv-lwb,랜드로버,020,수입,레인지로버,003,레인지로버 5세대,,22~현재,encar,가솔린,4.4,False,,4,,,P615 SV LWB,,False,False
mf-020.md-003.sm-레인지로버-5세대.pw-디젤-3-0.tr-d350-ab,랜드로버,020,수입,레인지로버,003,레인지로버 5세대,,22~현재,encar,디젤,3.0,False,,5,,,D350 AB,,False,False
mf-020.md-003.sm-레인지로버-5세대.pw-디젤-3-0.tr-d350-ab-lwb,랜드로버,020,수입,레인지로버,003,레인지로버 5세대,,22~현재,encar,디젤,3.0,False,,5,,,D350 AB LWB,,False,False
mf-020.md-003.sm-레인지로버-5세대.pw-가솔린-4-4.tr-p530-sv-lwb,랜드로버,020,수입,레인지로버,003,레인지로버 5세대,,22~현재,encar,가솔린,4.4,False,,,,,P530 SV LWB,,False,False
mf-020.md-003.sm-레인지로버-4세대.pw-가솔린-5-0.tr-sc-ab,랜드로버,020,수입,레인지로버,003,레인지로버 4세대,,13~22,encar,가솔린,5.0,False,,5,,,SC AB,,False,False
mf-020.md-003.sm-레인지로버-4세대.pw-가솔린-5-0.tr-sc-ab-lwb,랜드로버,020,수입,레인지로버,003,레인지로버 4세대,,13~22,encar,가솔린,5.0,False,,5,,,SC AB LWB,,False,False
mf-020.md-003.sm-레인지로버-4세대.pw-가솔린-5-0.tr-sc-ab-블랙-lwb,랜드로버,020,수입,레인지로버,003,레인지로버 4세대,,13~22,encar,가솔린,5.0,False,,5,,,SC AB 블랙 LWB,,False,False
mf-020.md-003.sm-레인지로버-4세대.pw-가솔린-5-0.tr-sc-sv-ab-다이나믹,랜드로버,020,수입,레인지로버,003,레인지로버 4세대,,13~22,encar,가솔린,5.0,False,,5,,,SC SV AB 다이나믹,,False,False
mf-020.md-003.sm-레인지로버-4세대.pw-가솔린-5-0.tr-sc-vogue-se,랜드로버,020,수입,레인지로버,003,레인지로버 4세대,,13~22,encar,가솔린,5.0,False,,5,,,SC Vogue SE,,False,False
mf-020.md-003.sm-레인지로버-4세대.pw-가솔린-5-0.tr-sc-vogue-se-lwb,랜드로버,020,수입,레인지로버,003,레인지로버 4세대,,13~22,encar,가솔린,5.0,False,,5,,,SC Vogue SE LWB,,False,False
mf-020.md-003.sm-레인지로버-4세대.pw-가솔린-5-0.tr-sc-레인지로버-50,랜드로버,020,수입,레인지로버,003,레인지로버 4세대,,13~22,encar,가솔린,5.0,False,,5,,,SC 레인지로버 50,,False,False
mf-020.md-003.sm-레인지로버-4세대.pw-디젤-4-4.tr-sdv8-ab-lwb,랜드로버,020,수입,레인지로버,003,레인지로버 4세대,,13~22,encar,디젤,4.4,False,,5,,,SDV8 AB LWB,,False,False
mf-020.md-003.sm-레인지로버-4세대.pw-디젤-4-4.tr-sdv8-ab,랜드로버,020,수입,레인지로버,003,레인지로버 4세대,,13~22,encar,디젤,4.4,False,,5,,,SDV8 AB,,False,False
mf-020.md-003.sm-레인지로버-4세대.pw-디젤-4-4.tr-sdv8-vogue-se-lwb,랜드로버,020,수입,레인지로버,003,레인지로버 4세대,,13~22,encar,디젤,4.4,False,,5,,,SDV8 Vogue SE LWB,,False,False
mf-020.md-003.sm-레인지로버-4세대.pw-디젤-4-4.tr-sdv8-vogue-se,랜드로버,020,수입,레인지로버,003,레인지로버 4세대,,13~22,encar,디젤,4.4,False,,5,,,SDV8 Vogue SE,,False,False
mf-020.md-003.sm-레인지로버-4세대.pw-디젤-3-0.tr-tdv6-vogue-se,랜드로버,020,수입,레인지로버,003,레인지로버 4세대,,13~22,encar,디젤,3.0,False,,5,,,TDV6 Vogue SE,,False,False
mf-020.md-003.sm-레인지로버-4세대.pw-디젤-3-0.tr-d350-ab,랜드로버,020,수입,레인지로버,003,레인지로버 4세대,,13~22,encar,디젤,3.0,False,,5,,,D350 AB,,False,False
mf-020.md-003.sm-레인지로버-4세대.pw-디젤-3-0.tr-d350-vogue-se,랜드로버,020,수입,레인지로버,003,레인지로버 4세대,,13~22,encar,디젤,3.0,False,,5,,,D350 Vogue SE,,False,False
mf-020.md-003.sm-레인지로버-4세대.pw-가솔린-5-0.tr-sc-sv-ab-lwb,랜드로버,020,수입,레인지로버,003,레인지로버 4세대,,13~22,encar,가솔린,5.0,False,,4,,,SC SV AB LWB,,False,False
mf-020.md-003.sm-레인지로버.pw-가솔린-5-0.tr-v8-supercharged,랜드로버,020,수입,레인지로버,003,레인지로버,,70~12,encar,가솔린,5.0,False,,5,,,V8 Supercharged,,False,False
mf-020.md-003.sm-레인지로버.pw-가솔린-5-0.tr-v8-vogue,랜드로버,020,수입,레인지로버,003,레인지로버,,70~12,encar,가솔린,5.0,False,,5,,,V8 Vogue,,False,False
mf-020.md-003.sm-레인지로버.pw-가솔린-4-0.tr-se,랜드로버,020,수입,레인지로버,003,레인지로버,,70~12,encar,가솔린,4.0,False,,5,,,SE,,False,False
mf-020.md-003.sm-레인지로버.pw-디젤-3-6.tr-tdv8-vogue,랜드로버,020,수입,레인지로버,003,레인지로버,,70~12,encar,디젤,3.6,False,,5,,,TDV8 Vogue,,False,False
mf-020.md-003.sm-레인지로버.pw-디젤-4-4.tr-tdv8-vogue,랜드로버,020,수입,레인지로버,003,레인지로버,,70~12,encar,디젤,4.4,False,,5,,,TDV8 Vogue,,False,False
mf-020.md-003.sm-레인지로버.pw-가솔린-3-9.tr-standard,랜드로버,020,수입,레인지로버,003,레인지로버,,70~12,encar,가솔린,3.9,False,,,,,STANDARD,,False,False
mf-020.md-001.sm-디스커버리-5.pw-디젤-3-0.tr-sd6-hse,랜드로버,020,수입,디스커버리,001,디스커버리 5,,17~현재,encar,디젤,3.0,False,,7,,,SD6 HSE,,False,False
mf-020.md-001.sm-디스커버리-5.pw-디젤-3-0.tr-sd6-hse-럭셔리,랜드로버,020,수입,디스커버리,001,디스커버리 5,,17~현재,encar,디젤,3.0,False,,7,,,SD6 HSE 럭셔리,,False,False
mf-020.md-001.sm-디스커버리-5.pw-디젤-3-0.tr-sd6-se,랜드로버,020,수입,디스커버리,001,디스커버리 5,,17~현재,encar,디젤,3.0,False,,7,,,SD6 SE,,False,False
mf-020.md-001.sm-디스커버리-5.pw-디젤-3-0.tr-sd6-랜드마크-에디션,랜드로버,020,수입,디스커버리,001,디스커버리 5,,17~현재,encar,디젤,3.0,False,,7,,,SD6 랜드마크 에디션,,False,False
mf-020.md-001.sm-디스커버리-5.pw-디젤-3-0.tr-td6-hse,랜드로버,020,수입,디스커버리,001,디스커버리 5,,17~현재,encar,디젤,3.0,False,,7,,,TD6 HSE,,False,False
mf-020.md-001.sm-디스커버리-5.pw-디젤-3-0.tr-td6-hse-럭셔리,랜드로버,020,수입,디스커버리,001,디스커버리 5,,17~현재,encar,디젤,3.0,False,,7,,,TD6 HSE 럭셔리,,False,False
mf-020.md-001.sm-디스커버리-5.pw-디젤-3-0.tr-td6-퍼스트-에디션,랜드로버,020,수입,디스커버리,001,디스커버리 5,,17~현재,encar,디젤,3.0,False,,7,,,TD6 퍼스트 에디션,,False,False
mf-020.md-001.sm-디스커버리-5.pw-디젤-3-0.tr-d250-s,랜드로버,020,수입,디스커버리,001,디스커버리 5,,17~현재,encar,디젤,3.0,False,,7,,,D250 S,,False,False
mf-020.md-001.sm-디스커버리-5.pw-디젤-3-0.tr-d300-다이나믹-hse,랜드로버,020,수입,디스커버리,001,디스커버리 5,,17~현재,encar,디젤,3.0,False,,7,,,D300 다이나믹 HSE,,False,False
mf-020.md-001.sm-디스커버리-5.pw-디젤-3-0.tr-d350-다이나믹-hse,랜드로버,020,수입,디스커버리,001,디스커버리 5,,17~현재,encar,디젤,3.0,False,,7,,,D350 다이나믹 HSE,,False,False
mf-020.md-001.sm-디스커버리-5.pw-디젤-3-0.tr-d250-se,랜드로버,020,수입,디스커버리,001,디스커버리 5,,17~현재,encar,디젤,3.0,False,,7,,,D250 SE,,False,False
mf-020.md-001.sm-디스커버리-5.pw-디젤-3-0.tr-d300-hse,랜드로버,020,수입,디스커버리,001,디스커버리 5,,17~현재,encar,디젤,3.0,False,,7,,,D300 HSE,,False,False
mf-020.md-001.sm-디스커버리-5.pw-디젤-3-0.tr-d300-r-다이나믹-hse,랜드로버,020,수입,디스커버리,001,디스커버리 5,,17~현재,encar,디젤,3.0,False,,7,,,D300 R-다이나믹 HSE,,False,False
mf-020.md-001.sm-디스커버리-5.pw-가솔린-3-0.tr-p360-r-다이나믹-se,랜드로버,020,수입,디스커버리,001,디스커버리 5,,17~현재,encar,가솔린,3.0,False,,7,,,P360 R-다이나믹 SE,,False,False
mf-020.md-001.sm-디스커버리-5.pw-가솔린-3-0.tr-p360-다이나믹-hse,랜드로버,020,수입,디스커버리,001,디스커버리 5,,17~현재,encar,가솔린,3.0,False,,7,,,P360 다이나믹 HSE,,False,False
mf-020.md-001.sm-디스커버리-5.pw-디젤-2-0.tr-sd4-hse,랜드로버,020,수입,디스커버리,001,디스커버리 5,,17~현재,encar,디젤,2.0,False,,7,,,SD4 HSE,,False,False
mf-020.md-001.sm-디스커버리-5.pw-디젤-2-0.tr-sd4-se,랜드로버,020,수입,디스커버리,001,디스커버리 5,,17~현재,encar,디젤,2.0,False,,7,,,SD4 SE,,False,False
mf-020.md-001.sm-디스커버리-5.pw-가솔린-2-0.tr-p300-s,랜드로버,020,수입,디스커버리,001,디스커버리 5,,17~현재,encar,가솔린,2.0,False,,7,,,P300 S,,False,False
mf-020.md-001.sm-디스커버리-5.pw-가솔린-2-0.tr-p300-se,랜드로버,020,수입,디스커버리,001,디스커버리 5,,17~현재,encar,가솔린,2.0,False,,7,,,P300 SE,,False,False
mf-020.md-001.sm-디스커버리-4.pw-디젤-3-0.tr-sdv6-hse,랜드로버,020,수입,디스커버리,001,디스커버리 4,,09~16,encar,디젤,3.0,False,,7,,,SDV6 HSE,,False,False
mf-020.md-001.sm-디스커버리-4.pw-디젤-3-0.tr-sdv6-se,랜드로버,020,수입,디스커버리,001,디스커버리 4,,09~16,encar,디젤,3.0,False,,7,,,SDV6 SE,,False,False
mf-020.md-001.sm-디스커버리-4.pw-디젤-3-0.tr-sdv6-랜드마크-에디션,랜드로버,020,수입,디스커버리,001,디스커버리 4,,09~16,encar,디젤,3.0,False,,7,,,SDV6 랜드마크 에디션,,False,False
mf-020.md-001.sm-디스커버리-4.pw-디젤-3-0.tr-tdv6-hse,랜드로버,020,수입,디스커버리,001,디스커버리 4,,09~16,encar,디젤,3.0,False,,7,,,TDV6 HSE,,False,False
mf-020.md-001.sm-디스커버리-4.pw-디젤-3-0.tr-tdv6-se,랜드로버,020,수입,디스커버리,001,디스커버리 4,,09~16,encar,디젤,3.0,False,,7,,,TDV6 SE,,False,False
mf-020.md-001.sm-디스커버리-4.pw-디젤-2-7.tr-tdv6-se,랜드로버,020,수입,디스커버리,001,디스커버리 4,,09~16,encar,디젤,2.7,False,,5,,,TDV6 SE,,False,False
mf-020.md-001.sm-디스커버리-4.pw-가솔린-5-0.tr-v8-hse,랜드로버,020,수입,디스커버리,001,디스커버리 4,,09~16,encar,가솔린,5.0,False,,7,,,V8 HSE,,False,False
mf-020.md-001.sm-디스커버리-3.pw-가솔린-4-0.tr-v6-hse,랜드로버,020,수입,디스커버리,001,디스커버리 3,,04~09,encar,가솔린,4.0,False,,7,,,V6 HSE,,False,False
mf-020.md-001.sm-디스커버리-3.pw-디젤-2-7.tr-tdv6-hse,랜드로버,020,수입,디스커버리,001,디스커버리 3,,04~09,encar,디젤,2.7,False,,7,,,TDV6 HSE,,False,False
mf-020.md-001.sm-디스커버리-2.pw-디젤-2-5.tr-td5,랜드로버,020,수입,디스커버리,001,디스커버리 2,,99~05,encar,디젤,2.5,False,,,,,TD5,,False,False
mf-020.md-008.sm-레인지로버-이보크-2세대.pw-가솔린-2-0.tr-p250-r-다이나믹-se,랜드로버,020,수입,레인지로버 이보크,008,레인지로버 이보크 2세대,,19~현재,encar,가솔린,2.0,False,,5,,,P250 R-다이나믹 SE,,False,False
mf-020.md-008.sm-레인지로버-이보크-2세대.pw-가솔린-2-0.tr-p250-s,랜드로버,020,수입,레인지로버 이보크,008,레인지로버 이보크 2세대,,19~현재,encar,가솔린,2.0,False,,5,,,P250 S,,False,False
mf-020.md-008.sm-레인지로버-이보크-2세대.pw-가솔린-2-0.tr-p250-se,랜드로버,020,수입,레인지로버 이보크,008,레인지로버 이보크 2세대,,19~현재,encar,가솔린,2.0,False,,5,,,P250 SE,,False,False
mf-020.md-008.sm-레인지로버-이보크-2세대.pw-가솔린-2-0.tr-p250-다이나믹-se,랜드로버,020,수입,레인지로버 이보크,008,레인지로버 이보크 2세대,,19~현재,encar,가솔린,2.0,False,,5,,,P250 다이나믹 SE,,False,False
mf-020.md-008.sm-레인지로버-이보크-2세대.pw-가솔린-2-0.tr-p250-퍼스트-에디션,랜드로버,020,수입,레인지로버 이보크,008,레인지로버 이보크 2세대,,19~현재,encar,가솔린,2.0,False,,5,,,P250 퍼스트 에디션,,False,False
mf-020.md-008.sm-레인지로버-이보크-2세대.pw-디젤-2-0.tr-d150-s,랜드로버,020,수입,레인지로버 이보크,008,레인지로버 이보크 2세대,,19~현재,encar,디젤,2.0,False,,5,,,D150 S,,False,False
mf-020.md-008.sm-레인지로버-이보크-2세대.pw-디젤-2-0.tr-d180-r-다이나믹-se,랜드로버,020,수입,레인지로버 이보크,008,레인지로버 이보크 2세대,,19~현재,encar,디젤,2.0,False,,5,,,D180 R-다이나믹 SE,,False,False
mf-020.md-008.sm-레인지로버-이보크-2세대.pw-디젤-2-0.tr-d180-se,랜드로버,020,수입,레인지로버 이보크,008,레인지로버 이보크 2세대,,19~현재,encar,디젤,2.0,False,,5,,,D180 SE,,False,False
mf-020.md-008.sm-레인지로버-이보크-2세대.pw-디젤-2-0.tr-d180-런치-에디션,랜드로버,020,수입,레인지로버 이보크,008,레인지로버 이보크 2세대,,19~현재,encar,디젤,2.0,False,,5,,,D180 런치 에디션,,False,False
mf-020.md-008.sm-레인지로버-이보크-2세대.pw-디젤-2-0.tr-d180-퍼스트-에디션,랜드로버,020,수입,레인지로버 이보크,008,레인지로버 이보크 2세대,,19~현재,encar,디젤,2.0,False,,5,,,D180 퍼스트 에디션,,False,False
mf-020.md-008.sm-레인지로버-이보크.pw-디젤-2-0.tr-td4-ab,랜드로버,020,수입,레인지로버 이보크,008,레인지로버 이보크,,11~19,encar,디젤,2.0,False,,5,,,TD4 AB,,False,False
mf-020.md-008.sm-레인지로버-이보크.pw-디젤-2-0.tr-td4-hse,랜드로버,020,수입,레인지로버 이보크,008,레인지로버 이보크,,11~19,encar,디젤,2.0,False,,5,,,TD4 HSE,,False,False
mf-020.md-008.sm-레인지로버-이보크.pw-디젤-2-0.tr-td4-hse-다이나믹,랜드로버,020,수입,레인지로버 이보크,008,레인지로버 이보크,,11~19,encar,디젤,2.0,False,,5,,,TD4 HSE 다이나믹,,False,False
mf-020.md-008.sm-레인지로버-이보크.pw-디젤-2-0.tr-td4-se,랜드로버,020,수입,레인지로버 이보크,008,레인지로버 이보크,,11~19,encar,디젤,2.0,False,,5,,,TD4 SE,,False,False
mf-020.md-008.sm-레인지로버-이보크.pw-디젤-2-0.tr-td4-엠버-리미티드-에디션,랜드로버,020,수입,레인지로버 이보크,008,레인지로버 이보크,,11~19,encar,디젤,2.0,False,,5,,,TD4 엠버 리미티드 에디션,,False,False
mf-020.md-008.sm-레인지로버-이보크.pw-디젤-2-2.tr-sd4-다이나믹,랜드로버,020,수입,레인지로버 이보크,008,레인지로버 이보크,,11~19,encar,디젤,2.2,False,,5,,,SD4 다이나믹,,False,False
mf-020.md-008.sm-레인지로버-이보크.pw-디젤-2-2.tr-sd4-퓨어,랜드로버,020,수입,레인지로버 이보크,008,레인지로버 이보크,,11~19,encar,디젤,2.2,False,,5,,,SD4 퓨어,,False,False
mf-020.md-008.sm-레인지로버-이보크.pw-디젤-2-2.tr-sd4-프레스티지,랜드로버,020,수입,레인지로버 이보크,008,레인지로버 이보크,,11~19,encar,디젤,2.2,False,,5,,,SD4 프레스티지,,False,False
mf-020.md-008.sm-레인지로버-이보크.pw-디젤-2-0.tr-td4-hse-다이나믹-컨버터블,랜드로버,020,수입,레인지로버 이보크,008,레인지로버 이보크,,11~19,encar,디젤,2.0,False,,4,,,TD4 HSE 다이나믹 컨버터블,,False,False
mf-020.md-008.sm-레인지로버-이보크.pw-디젤-2-0.tr-td4-se-다이나믹-컨버터블,랜드로버,020,수입,레인지로버 이보크,008,레인지로버 이보크,,11~19,encar,디젤,2.0,False,,4,,,TD4 SE 다이나믹 컨버터블,,False,False
mf-020.md-008.sm-레인지로버-이보크.pw-가솔린-2-0.tr-si4-hse,랜드로버,020,수입,레인지로버 이보크,008,레인지로버 이보크,,11~19,encar,가솔린,2.0,False,,5,,,Si4 HSE,,False,False
mf-020.md-008.sm-레인지로버-이보크.pw-가솔린-2-0.tr-si4-다이나믹-쿠페,랜드로버,020,수입,레인지로버 이보크,008,레인지로버 이보크,,11~19,encar,가솔린,2.0,False,,5,,,Si4 다이나믹 쿠페,,False,False
mf-020.md-008.sm-레인지로버-이보크.pw-가솔린-2-0.tr-si4-프레스티지,랜드로버,020,수입,레인지로버 이보크,008,레인지로버 이보크,,11~19,encar,가솔린,2.0,False,,5,,,Si4 프레스티지,,False,False
mf-020.md-010.sm-디스커버리-스포츠-2세대.pw-가솔린-2-0.tr-p250-s,랜드로버,020,수입,디스커버리 스포츠,010,디스커버리 스포츠 2세대,,20~현재,encar,가솔린,2.0,False,,5,,,P250 S,,False,False
mf-020.md-010.sm-디스커버리-스포츠-2세대.pw-가솔린-2-0.tr-p250-se,랜드로버,020,수입,디스커버리 스포츠,010,디스커버리 스포츠 2세대,,20~현재,encar,가솔린,2.0,False,,5,,,P250 SE,,False,False
mf-020.md-010.sm-디스커버리-스포츠-2세대.pw-가솔린-2-0.tr-p250-다이나믹-se,랜드로버,020,수입,디스커버리 스포츠,010,디스커버리 스포츠 2세대,,20~현재,encar,가솔린,2.0,False,,5,,,P250 다이나믹 SE,,False,False
mf-020.md-010.sm-디스커버리-스포츠-2세대.pw-디젤-2-0.tr-d150-s,랜드로버,020,수입,디스커버리 스포츠,010,디스커버리 스포츠 2세대,,20~현재,encar,디젤,2.0,False,,5,,,D150 S,,False,False
mf-020.md-010.sm-디스커버리-스포츠-2세대.pw-디젤-2-0.tr-d180-s,랜드로버,020,수입,디스커버리 스포츠,010,디스커버리 스포츠 2세대,,20~현재,encar,디젤,2.0,False,,5,,,D180 S,,False,False
mf-020.md-010.sm-디스커버리-스포츠-2세대.pw-디젤-2-0.tr-d180-se,랜드로버,020,수입,디스커버리 스포츠,010,디스커버리 스포츠 2세대,,20~현재,encar,디젤,2.0,False,,5,,,D180 SE,,False,False
mf-020.md-010.sm-디스커버리-스포츠-2세대.pw-디젤-2-0.tr-d200-s,랜드로버,020,수입,디스커버리 스포츠,010,디스커버리 스포츠 2세대,,20~현재,encar,디젤,2.0,False,,5,,,D200 S,,False,False
mf-020.md-010.sm-디스커버리-스포츠.pw-디젤-2-0.tr-td4-hse-럭셔리,랜드로버,020,수입,디스커버리 스포츠,010,디스커버리 스포츠,,15~19,encar,디젤,2.0,False,,5,,,TD4 HSE 럭셔리,,False,False
mf-020.md-010.sm-디스커버리-스포츠.pw-디젤-2-0.tr-td4-se,랜드로버,020,수입,디스커버리 스포츠,010,디스커버리 스포츠,,15~19,encar,디젤,2.0,False,,5,,,TD4 SE,,False,False
mf-020.md-010.sm-디스커버리-스포츠.pw-디젤-2-0.tr-td4-se-150마력,랜드로버,020,수입,디스커버리 스포츠,010,디스커버리 스포츠,,15~19,encar,디젤,2.0,False,,5,,,TD4 SE (150마력),,False,False
mf-020.md-010.sm-디스커버리-스포츠.pw-디젤-2-2.tr-sd4-hse-럭셔리,랜드로버,020,수입,디스커버리 스포츠,010,디스커버리 스포츠,,15~19,encar,디젤,2.2,False,,5,,,SD4 HSE 럭셔리,,False,False
mf-020.md-006.sm-레인지로버-스포츠-3세대.pw-가솔린-3-0.tr-p360-ab,랜드로버,020,수입,레인지로버 스포츠,006,레인지로버 스포츠 3세대,,22~현재,encar,가솔린,3.0,False,,5,,,P360 AB,,False,False
mf-020.md-006.sm-레인지로버-스포츠-3세대.pw-가솔린-3-0.tr-p360-hse-다이나믹,랜드로버,020,수입,레인지로버 스포츠,006,레인지로버 스포츠 3세대,,22~현재,encar,가솔린,3.0,False,,5,,,P360 HSE 다이나믹,,False,False
mf-020.md-006.sm-레인지로버-스포츠-3세대.pw-가솔린-3-0.tr-p400-ab,랜드로버,020,수입,레인지로버 스포츠,006,레인지로버 스포츠 3세대,,22~현재,encar,가솔린,3.0,False,,5,,,P400 AB,,False,False
mf-020.md-006.sm-레인지로버-스포츠-3세대.pw-가솔린-4-4.tr-p635-sv-에디션-투,랜드로버,020,수입,레인지로버 스포츠,006,레인지로버 스포츠 3세대,,22~현재,encar,가솔린,4.4,False,,,,,P635 SV 에디션 투,,False,False
mf-020.md-006.sm-레인지로버-스포츠-3세대.pw-하이브리드-3-0.tr-p550e-다이나믹-hse,랜드로버,020,수입,레인지로버 스포츠,006,레인지로버 스포츠 3세대,,22~현재,encar,하이브리드,3.0,False,,5,,,P550E 다이나믹 HSE,,False,False
mf-020.md-006.sm-레인지로버-스포츠-3세대.pw-디젤-3-0.tr-d300-hse-다이나믹,랜드로버,020,수입,레인지로버 스포츠,006,레인지로버 스포츠 3세대,,22~현재,encar,디젤,3.0,False,,5,,,D300 HSE 다이나믹,,False,False
mf-020.md-006.sm-레인지로버-스포츠-2세대.pw-디젤-3-0.tr-sdv6-ab-다이나믹,랜드로버,020,수입,레인지로버 스포츠,006,레인지로버 스포츠 2세대,,13~22,encar,디젤,3.0,False,,5,,,SDV6 AB 다이나믹,,False,False
mf-020.md-006.sm-레인지로버-스포츠-2세대.pw-디젤-3-0.tr-sdv6-hse,랜드로버,020,수입,레인지로버 스포츠,006,레인지로버 스포츠 2세대,,13~22,encar,디젤,3.0,False,,5,,,SDV6 HSE,,False,False
mf-020.md-006.sm-레인지로버-스포츠-2세대.pw-디젤-3-0.tr-sdv6-hse-다이나믹,랜드로버,020,수입,레인지로버 스포츠,006,레인지로버 스포츠 2세대,,13~22,encar,디젤,3.0,False,,5,,,SDV6 HSE 다이나믹,,False,False
mf-020.md-006.sm-레인지로버-스포츠-2세대.pw-디젤-3-0.tr-d300-hse-다이나믹,랜드로버,020,수입,레인지로버 스포츠,006,레인지로버 스포츠 2세대,,13~22,encar,디젤,3.0,False,,5,,,D300 HSE 다이나믹,,False,False
mf-020.md-006.sm-레인지로버-스포츠-2세대.pw-디젤-3-0.tr-d300-ab-다이나믹,랜드로버,020,수입,레인지로버 스포츠,006,레인지로버 스포츠 2세대,,13~22,encar,디젤,3.0,False,,5,,,D300 AB 다이나믹,,False,False
mf-020.md-006.sm-레인지로버-스포츠-2세대.pw-가솔린-5-0.tr-svr,랜드로버,020,수입,레인지로버 스포츠,006,레인지로버 스포츠 2세대,,13~22,encar,가솔린,5.0,False,,5,,,SVR,,False,False
mf-020.md-006.sm-레인지로버-스포츠-2세대.pw-가솔린-3-0.tr-sc-hse-다이나믹,랜드로버,020,수입,레인지로버 스포츠,006,레인지로버 스포츠 2세대,,13~22,encar,가솔린,3.0,False,,5,,,SC HSE 다이나믹,,False,False
mf-020.md-006.sm-레인지로버-스포츠-2세대.pw-가솔린-3-0.tr-p360-hse-다이나믹,랜드로버,020,수입,레인지로버 스포츠,006,레인지로버 스포츠 2세대,,13~22,encar,가솔린,3.0,False,,5,,,P360 HSE 다이나믹,,False,False
mf-020.md-006.sm-레인지로버-스포츠-2세대.pw-디젤-4-4.tr-sdv8-ab-다이나믹,랜드로버,020,수입,레인지로버 스포츠,006,레인지로버 스포츠 2세대,,13~22,encar,디젤,4.4,False,,5,,,SDV8 AB 다이나믹,,False,False
mf-020.md-006.sm-레인지로버-스포츠-2세대.pw-디젤-4-4.tr-sdv8-hse-다이나믹,랜드로버,020,수입,레인지로버 스포츠,006,레인지로버 스포츠 2세대,,13~22,encar,디젤,4.4,False,,5,,,SDV8 HSE 다이나믹,,False,False
mf-020.md-006.sm-레인지로버-스포츠.pw-가솔린-5-0.tr-v8-hse,랜드로버,020,수입,레인지로버 스포츠,006,레인지로버 스포츠,,04~13,encar,가솔린,5.0,False,,5,,,V8 HSE,,False,False
mf-020.md-006.sm-레인지로버-스포츠.pw-가솔린-5-0.tr-v8-sc-hse,랜드로버,020,수입,레인지로버 스포츠,006,레인지로버 스포츠,,04~13,encar,가솔린,5.0,False,,5,,,V8 SC HSE,,False,False
mf-020.md-006.sm-레인지로버-스포츠.pw-디젤-3-0.tr-sdv6,랜드로버,020,수입,레인지로버 스포츠,006,레인지로버 스포츠,,04~13,encar,디젤,3.0,False,,5,,,SDV6,,False,False
mf-020.md-006.sm-레인지로버-스포츠.pw-디젤-3-0.tr-tdv6,랜드로버,020,수입,레인지로버 스포츠,006,레인지로버 스포츠,,04~13,encar,디젤,3.0,False,,5,,,TDV6,,False,False
mf-020.md-006.sm-레인지로버-스포츠.pw-디젤-2-7.tr-tdv6-hse,랜드로버,020,수입,레인지로버 스포츠,006,레인지로버 스포츠,,04~13,encar,디젤,2.7,False,,5,,,TDV6 HSE,,False,False
mf-020.md-006.sm-레인지로버-스포츠.pw-가솔린-4-4.tr-v8-hse,랜드로버,020,수입,레인지로버 스포츠,006,레인지로버 스포츠,,04~13,encar,가솔린,4.4,False,,5,,,V8 HSE,,False,False
mf-020.md-005.sm-l663.pw-디젤-3-0.tr-130-d300-x-다이나믹-hse,랜드로버,020,수입,디펜더,005,디펜더 L663,L663,20~현재,encar,디젤,3.0,False,,8,,,130 D300 X-다이나믹 HSE,,False,False
mf-020.md-005.sm-l663.pw-가솔린-2-0.tr-110-p300-x-다이나믹-se,랜드로버,020,수입,디펜더,005,디펜더 L663,L663,20~현재,encar,가솔린,2.0,False,,5,,,110 P300 X-다이나믹 SE,,False,False
mf-020.md-005.sm-l663.pw-디젤-3-0.tr-110-d250-s,랜드로버,020,수입,디펜더,005,디펜더 L663,L663,20~현재,encar,디젤,3.0,False,,5,,,110 D250 S,,False,False
mf-020.md-005.sm-l663.pw-디젤-3-0.tr-110-d250-se,랜드로버,020,수입,디펜더,005,디펜더 L663,L663,20~현재,encar,디젤,3.0,False,,5,,,110 D250 SE,,False,False
mf-020.md-005.sm-l663.pw-디젤-3-0.tr-110-d250-x-다이나믹-se,랜드로버,020,수입,디펜더,005,디펜더 L663,L663,20~현재,encar,디젤,3.0,False,,5,,,110 D250 X-다이나믹 SE,,False,False
mf-020.md-005.sm-l663.pw-디젤-3-0.tr-110-d300-x-다이나믹-hse,랜드로버,020,수입,디펜더,005,디펜더 L663,L663,20~현재,encar,디젤,3.0,False,,5,,,110 D300 X-다이나믹 HSE,,False,False
mf-020.md-005.sm-l663.pw-디젤-3-0.tr-90-d250-se,랜드로버,020,수입,디펜더,005,디펜더 L663,L663,20~현재,encar,디젤,3.0,False,,5,,,90 D250 SE,,False,False
mf-020.md-005.sm-l663.pw-디젤-3-0.tr-90-d250-x-다이나믹-se,랜드로버,020,수입,디펜더,005,디펜더 L663,L663,20~현재,encar,디젤,3.0,False,,5,,,90 D250 X-다이나믹 SE,,False,False
mf-020.md-005.sm-l663.pw-디젤-3-0.tr-90-d250-xs-에디션,랜드로버,020,수입,디펜더,005,디펜더 L663,L663,20~현재,encar,디젤,3.0,False,,5,,,90 D250 XS 에디션,,False,False
mf-020.md-005.sm-l663.pw-디젤-3-0.tr-110-d300-75th-에디션,랜드로버,020,수입,디펜더,005,디펜더 L663,L663,20~현재,encar,디젤,3.0,False,,5,,,110 D300 75th 에디션,,False,False
mf-020.md-005.sm-l663.pw-디젤-3-0.tr-110-d300-hse,랜드로버,020,수입,디펜더,005,디펜더 L663,L663,20~현재,encar,디젤,3.0,False,,5,,,110 D300 HSE,,False,False
mf-020.md-005.sm-l663.pw-디젤-3-0.tr-90-d250-s,랜드로버,020,수입,디펜더,005,디펜더 L663,L663,20~현재,encar,디젤,3.0,False,,5,,,90 D250 S,,False,False
mf-020.md-005.sm-l663.pw-디젤-2-0.tr-110-d240-s,랜드로버,020,수입,디펜더,005,디펜더 L663,L663,20~현재,encar,디젤,2.0,False,,5,,,110 D240 S,,False,False
mf-020.md-005.sm-l663.pw-디젤-2-0.tr-110-d240-se,랜드로버,020,수입,디펜더,005,디펜더 L663,L663,20~현재,encar,디젤,2.0,False,,5,,,110 D240 SE,,False,False
mf-020.md-005.sm-l663.pw-가솔린-4-4.tr-110-p635-옥타,랜드로버,020,수입,디펜더,005,디펜더 L663,L663,20~현재,encar,가솔린,4.4,False,,5,,,110 P635 옥타,,False,False
mf-020.md-005.sm-l663.pw-가솔린-4-4.tr-110-p635-옥타-블랙,랜드로버,020,수입,디펜더,005,디펜더 L663,L663,20~현재,encar,가솔린,4.4,False,,5,,,110 P635 옥타 블랙,,False,False
mf-020.md-005.sm-l663.pw-가솔린-3-0.tr-110-p400-x,랜드로버,020,수입,디펜더,005,디펜더 L663,L663,20~현재,encar,가솔린,3.0,False,,5,,,110 P400 X,,False,False
mf-020.md-005.sm-l663.pw-가솔린-3-0.tr-130-p400-x-다이나믹-hse,랜드로버,020,수입,디펜더,005,디펜더 L663,L663,20~현재,encar,가솔린,3.0,False,,8,,,130 P400 X-다이나믹 HSE,,False,False
mf-020.md-005.sm-l663.pw-가솔린-3-0.tr-130-p400-아웃바운드,랜드로버,020,수입,디펜더,005,디펜더 L663,L663,20~현재,encar,가솔린,3.0,False,,8,,,130 P400 아웃바운드,,False,False
mf-020.md-005.sm-디펜더.pw-디젤-2-4.tr-90,랜드로버,020,수입,디펜더,005,디펜더,,83~16,encar,디젤,2.4,False,,,,,90,,False,False
mf-020.md-005.sm-디펜더.pw-디젤-2-4.tr-110,랜드로버,020,수입,디펜더,005,디펜더,,83~16,encar,디젤,2.4,False,,5,,,110,,False,False
mf-020.md-011.sm-레인지로버-벨라.pw-디젤-3-0.tr-d300-r-다이나믹-hse,랜드로버,020,수입,레인지로버 벨라,011,레인지로버 벨라,,17~현재,encar,디젤,3.0,False,,5,,,D300 R-다이나믹 HSE,,False,False
mf-020.md-011.sm-레인지로버-벨라.pw-디젤-3-0.tr-d300-r-다이나믹-se,랜드로버,020,수입,레인지로버 벨라,011,레인지로버 벨라,,17~현재,encar,디젤,3.0,False,,5,,,D300 R-다이나믹 SE,,False,False
mf-020.md-011.sm-레인지로버-벨라.pw-가솔린-3-0.tr-p400-r-다이나믹-hse,랜드로버,020,수입,레인지로버 벨라,011,레인지로버 벨라,,17~현재,encar,가솔린,3.0,False,,5,,,P400 R-다이나믹 HSE,,False,False
mf-020.md-011.sm-레인지로버-벨라.pw-가솔린-3-0.tr-p400-다이나믹-hse,랜드로버,020,수입,레인지로버 벨라,011,레인지로버 벨라,,17~현재,encar,가솔린,3.0,False,,5,,,P400 다이나믹 HSE,,False,False
mf-020.md-011.sm-레인지로버-벨라.pw-가솔린-3-0.tr-p380-r-다이나믹-se,랜드로버,020,수입,레인지로버 벨라,011,레인지로버 벨라,,17~현재,encar,가솔린,3.0,False,,5,,,P380 R-다이나믹 SE,,False,False
mf-020.md-011.sm-레인지로버-벨라.pw-가솔린-3-0.tr-p400-r-다이나믹-se,랜드로버,020,수입,레인지로버 벨라,011,레인지로버 벨라,,17~현재,encar,가솔린,3.0,False,,5,,,P400 R-다이나믹 SE,,False,False
mf-020.md-011.sm-레인지로버-벨라.pw-디젤-2-0.tr-d240-r-다이나믹-se,랜드로버,020,수입,레인지로버 벨라,011,레인지로버 벨라,,17~현재,encar,디젤,2.0,False,,5,,,D240 R-다이나믹 SE,,False,False
mf-020.md-011.sm-레인지로버-벨라.pw-디젤-2-0.tr-d240-se,랜드로버,020,수입,레인지로버 벨라,011,레인지로버 벨라,,17~현재,encar,디젤,2.0,False,,5,,,D240 SE,,False,False
mf-020.md-011.sm-레인지로버-벨라.pw-가솔린-2-0.tr-p250-r-다이나믹-se,랜드로버,020,수입,레인지로버 벨라,011,레인지로버 벨라,,17~현재,encar,가솔린,2.0,False,,5,,,P250 R-다이나믹 SE,,False,False
mf-020.md-011.sm-레인지로버-벨라.pw-가솔린-2-0.tr-p250-다이나믹-se,랜드로버,020,수입,레인지로버 벨라,011,레인지로버 벨라,,17~현재,encar,가솔린,2.0,False,,5,,,P250 다이나믹 SE,,False,False
mf-020.md-011.sm-레인지로버-벨라.pw-하이브리드-2-0.tr-p400e-다이나믹-se,랜드로버,020,수입,레인지로버 벨라,011,레인지로버 벨라,,17~현재,encar,하이브리드,2.0,False,,5,,,P400E 다이나믹 SE,,False,False
mf-020.md-011.sm-레인지로버-벨라.pw-가솔린-5-0.tr-sv-ab-다이나믹,랜드로버,020,수입,레인지로버 벨라,011,레인지로버 벨라,,17~현재,encar,가솔린,5.0,False,,5,,,SV AB 다이나믹,,False,False
mf-020.md-002.sm-프리랜더2.pw-디젤-2-2.tr-sd4-hse,랜드로버,020,수입,프리랜더,002,프리랜더2,,06~14,encar,디젤,2.2,False,,5,,,SD4 HSE,,False,False
mf-020.md-002.sm-프리랜더2.pw-디젤-2-2.tr-sd4-xs,랜드로버,020,수입,프리랜더,002,프리랜더2,,06~14,encar,디젤,2.2,False,,5,,,SD4 XS,,False,False
mf-020.md-002.sm-프리랜더2.pw-디젤-2-2.tr-td4-hse,랜드로버,020,수입,프리랜더,002,프리랜더2,,06~14,encar,디젤,2.2,False,,5,,,TD4 HSE,,False,False
mf-020.md-002.sm-프리랜더2.pw-가솔린-3-2.tr-i6-hse,랜드로버,020,수입,프리랜더,002,프리랜더2,,06~14,encar,가솔린,3.2,False,,5,,,I6 HSE,,False,False
mf-020.md-002.sm-프리랜더.pw-가솔린-2-5.tr-v6,랜드로버,020,수입,프리랜더,002,프리랜더,,97~06,encar,가솔린,2.5,False,,5,,,V6,,False,False
mf-017.md-016.sm-xc60-2세대.pw-가솔린-2-0.tr-b5-인스크립션,볼보,017,수입,XC60,016,XC60 2세대,,17~현재,encar,가솔린,2.0,False,,5,,,B5 인스크립션,6800,False,False
mf-017.md-016.sm-xc60-2세대.pw-가솔린-2-0.tr-t6-인스크립션,볼보,017,수입,XC60,016,XC60 2세대,,17~현재,encar,가솔린,2.0,False,,5,,,T6 인스크립션,7300,False,False
mf-017.md-016.sm-xc60-2세대.pw-가솔린-2-0.tr-b6-r-design,볼보,017,수입,XC60,016,XC60 2세대,,17~현재,encar,가솔린,2.0,False,,5,,,B6 R-Design,6900,False,False
mf-017.md-016.sm-xc60-2세대.pw-가솔린-2-0.tr-b6-인스크립션,볼보,017,수입,XC60,016,XC60 2세대,,17~현재,encar,가솔린,2.0,False,,5,,,B6 인스크립션,7200,False,False
mf-017.md-016.sm-xc60-2세대.pw-가솔린-2-0.tr-b5-ultimate-bright,볼보,017,수입,XC60,016,XC60 2세대,,17~현재,encar,가솔린,2.0,False,,5,,,B5 Ultimate Bright,7000,False,False
mf-017.md-016.sm-xc60-2세대.pw-가솔린-2-0.tr-b5-울트라-브라이트,볼보,017,수입,XC60,016,XC60 2세대,,17~현재,encar,가솔린,2.0,False,,5,,,B5 울트라 브라이트,7000,False,False
mf-017.md-016.sm-xc60-2세대.pw-가솔린-2-0.tr-b5-ultra-dark-에어서스펜션,볼보,017,수입,XC60,016,XC60 2세대,,17~현재,encar,가솔린,2.0,False,,5,,,B5 Ultra Dark (에어서스펜션),7330,False,False
mf-017.md-016.sm-xc60-2세대.pw-가솔린-2-0.tr-b5-울트라-브라이트-에어-서스,볼보,017,수입,XC60,016,XC60 2세대,,17~현재,encar,가솔린,2.0,False,,5,,,B5 울트라 브라이트 에어 서스,7330,False,False
mf-017.md-016.sm-xc60-2세대.pw-가솔린-2-0.tr-b6-얼티메이트-브라이트,볼보,017,수입,XC60,016,XC60 2세대,,17~현재,encar,가솔린,2.0,False,,5,,,B6 얼티메이트 브라이트,7400,False,False
mf-017.md-016.sm-xc60-2세대.pw-가솔린-2-0.tr-b6-울트라-브라이트,볼보,017,수입,XC60,016,XC60 2세대,,17~현재,encar,가솔린,2.0,False,,5,,,B6 울트라 브라이트,7400,False,False
mf-017.md-016.sm-xc60-2세대.pw-디젤-2-0.tr-d5-모멘텀,볼보,017,수입,XC60,016,XC60 2세대,,17~현재,encar,디젤,2.0,False,,5,,,D5 모멘텀,6000,False,False
mf-017.md-016.sm-xc60-2세대.pw-디젤-2-0.tr-d4-인스크립션,볼보,017,수입,XC60,016,XC60 2세대,,17~현재,encar,디젤,2.0,False,,5,,,D4 인스크립션,6300,False,False
mf-017.md-016.sm-xc60-2세대.pw-디젤-2-0.tr-d5-인스크립션,볼보,017,수입,XC60,016,XC60 2세대,,17~현재,encar,디젤,2.0,False,,5,,,D5 인스크립션,6700,False,False
mf-017.md-016.sm-xc60-2세대.pw-하이브리드-2-0.tr-t8-r-design,볼보,017,수입,XC60,016,XC60 2세대,,17~현재,encar,하이브리드,2.0,False,,5,,,T8 R-Design,8000,False,False
mf-017.md-016.sm-xc60-2세대.pw-하이브리드-2-0.tr-t8-인스크립션,볼보,017,수입,XC60,016,XC60 2세대,,17~현재,encar,하이브리드,2.0,False,,5,,,T8 인스크립션,8370,False,False
mf-017.md-016.sm-xc60-2세대.pw-하이브리드-2-0.tr-t8-얼티메이트-브라이트,볼보,017,수입,XC60,016,XC60 2세대,,17~현재,encar,하이브리드,2.0,False,,5,,,T8 얼티메이트 브라이트,8800,False,False
mf-017.md-016.sm-xc60-2세대.pw-하이브리드-2-0.tr-t8-울트라-브라이트,볼보,017,수입,XC60,016,XC60 2세대,,17~현재,encar,하이브리드,2.0,False,,5,,,T8 울트라 브라이트,8640,False,False
mf-017.md-016.sm-xc60.pw-디젤-2-4-awd.tr-트림명-아님-모멘텀-인스크립션-t6-등-실제-트림으로-교체-필요,볼보,017,수입,XC60,016,XC60,,09~17,encar,디젤,2.4,False,AWD,5,,,(트림명 아님 — 모멘텀/인스크립션/T6 등 실제 트림으로 교체 필요),0,False,False
mf-017.md-016.sm-xc60.pw-디젤-2-0.tr-트림명-아님-모멘텀-인스크립션-t6-등-실제-트림으로-교체-필요,볼보,017,수입,XC60,016,XC60,,09~17,encar,디젤,2.0,False,,5,,,(트림명 아님 — 모멘텀/인스크립션/T6 등 실제 트림으로 교체 필요),0,False,False
mf-017.md-015.sm-s90.pw-가솔린-2-0.tr-b5-얼티메이트-브라이트,볼보,017,수입,S90,015,S90,,16~현재,encar,가솔린,2.0,False,,5,,,B5 얼티메이트 브라이트,,False,False
mf-017.md-015.sm-s90.pw-가솔린-2-0.tr-b5-울트라-다크,볼보,017,수입,S90,015,S90,,16~현재,encar,가솔린,2.0,False,,5,,,B5 울트라 다크,,False,False
mf-017.md-015.sm-s90.pw-가솔린-2-0.tr-b5-울트라-브라이트,볼보,017,수입,S90,015,S90,,16~현재,encar,가솔린,2.0,False,,5,,,B5 울트라 브라이트,,False,False
mf-017.md-015.sm-s90.pw-가솔린-2-0.tr-b5-인스크립션,볼보,017,수입,S90,015,S90,,16~현재,encar,가솔린,2.0,False,,5,,,B5 인스크립션,,False,False
mf-017.md-015.sm-s90.pw-가솔린-2-0.tr-t5-인스크립션,볼보,017,수입,S90,015,S90,,16~현재,encar,가솔린,2.0,False,,5,,,T5 인스크립션,,False,False
mf-017.md-015.sm-s90.pw-가솔린-2-0-awd.tr-b6-얼티메이트-브라이트,볼보,017,수입,S90,015,S90,,16~현재,encar,가솔린,2.0,False,AWD,5,,,B6 얼티메이트 브라이트,,False,False
mf-017.md-015.sm-s90.pw-가솔린-2-0-awd.tr-b6-울트라-브라이트,볼보,017,수입,S90,015,S90,,16~현재,encar,가솔린,2.0,False,AWD,5,,,B6 울트라 브라이트,,False,False
mf-017.md-015.sm-s90.pw-가솔린-2-0-awd.tr-b6-인스크립션,볼보,017,수입,S90,015,S90,,16~현재,encar,가솔린,2.0,False,AWD,5,,,B6 인스크립션,,False,False
mf-017.md-015.sm-s90.pw-디젤-2-0.tr-d4-모멘텀,볼보,017,수입,S90,015,S90,,16~현재,encar,디젤,2.0,False,,5,,,D4 모멘텀,,False,False
mf-017.md-015.sm-s90.pw-디젤-2-0.tr-d4-인스크립션,볼보,017,수입,S90,015,S90,,16~현재,encar,디젤,2.0,False,,5,,,D4 인스크립션,,False,False
mf-017.md-015.sm-s90.pw-디젤-2-0-awd.tr-d5-모멘텀,볼보,017,수입,S90,015,S90,,16~현재,encar,디젤,2.0,False,AWD,5,,,D5 모멘텀,,False,False
mf-017.md-015.sm-s90.pw-디젤-2-0-awd.tr-d5-인스크립션,볼보,017,수입,S90,015,S90,,16~현재,encar,디젤,2.0,False,AWD,5,,,D5 인스크립션,,False,False
mf-017.md-015.sm-s90.pw-하이브리드-2-0-awd.tr-t8-얼티메이트-브라이트,볼보,017,수입,S90,015,S90,,16~현재,encar,하이브리드,2.0,False,AWD,5,,,T8 얼티메이트 브라이트,,False,False
mf-017.md-015.sm-s90.pw-하이브리드-2-0-awd.tr-t8-울트라-브라이트,볼보,017,수입,S90,015,S90,,16~현재,encar,하이브리드,2.0,False,AWD,5,,,T8 울트라 브라이트,,False,False
mf-017.md-015.sm-s90.pw-하이브리드-2-0-awd.tr-t8-인스크립션,볼보,017,수입,S90,015,S90,,16~현재,encar,하이브리드,2.0,False,AWD,5,,,T8 인스크립션,,False,False
mf-017.md-015.sm-s90.pw-하이브리드-2-0-awd.tr-t8-액설런스,볼보,017,수입,S90,015,S90,,16~현재,encar,하이브리드,2.0,False,AWD,4,,,T8 액설런스,,False,False
mf-017.md-023.sm-xc40-리차지.pw-전기-78-0.tr-트윈,볼보,017,수입,XC40,023,XC40 리차지,,22~현재,encar,전기,,False,,5,78.0,337,트윈,,False,False
mf-017.md-023.sm-xc40-리차지.pw-전기-78-0.tr-트윈-얼티메이트,볼보,017,수입,XC40,023,XC40 리차지,,22~현재,encar,전기,,False,,5,78.0,337,트윈 얼티메이트,,False,False
mf-017.md-023.sm-xc40.pw-가솔린-2-0.tr-b4-r-디자인,볼보,017,수입,XC40,023,XC40,,18~현재,encar,가솔린,2.0,False,,5,,,B4 R-디자인,,False,False
mf-017.md-023.sm-xc40.pw-가솔린-2-0.tr-b4-모멘텀,볼보,017,수입,XC40,023,XC40,,18~현재,encar,가솔린,2.0,False,,5,,,B4 모멘텀,,False,False
mf-017.md-023.sm-xc40.pw-가솔린-2-0.tr-b4-블랙-에디션,볼보,017,수입,XC40,023,XC40,,18~현재,encar,가솔린,2.0,False,,5,,,B4 블랙 에디션,,False,False
mf-017.md-023.sm-xc40.pw-가솔린-2-0.tr-b4-얼티메이트-브라이트,볼보,017,수입,XC40,023,XC40,,18~현재,encar,가솔린,2.0,False,,5,,,B4 얼티메이트 브라이트,,False,False
mf-017.md-023.sm-xc40.pw-가솔린-2-0.tr-b4-울트라-다크,볼보,017,수입,XC40,023,XC40,,18~현재,encar,가솔린,2.0,False,,5,,,B4 울트라 다크,,False,False
mf-017.md-023.sm-xc40.pw-가솔린-2-0.tr-b4-울트라-브라이트,볼보,017,수입,XC40,023,XC40,,18~현재,encar,가솔린,2.0,False,,5,,,B4 울트라 브라이트,,False,False
mf-017.md-023.sm-xc40.pw-가솔린-2-0.tr-b4-인스크립션,볼보,017,수입,XC40,023,XC40,,18~현재,encar,가솔린,2.0,False,,5,,,B4 인스크립션,,False,False
mf-017.md-023.sm-xc40.pw-가솔린-2-0.tr-t4-r-디자인,볼보,017,수입,XC40,023,XC40,,18~현재,encar,가솔린,2.0,False,,5,,,T4 R-디자인,,False,False
mf-017.md-023.sm-xc40.pw-가솔린-2-0.tr-t4-모멘텀,볼보,017,수입,XC40,023,XC40,,18~현재,encar,가솔린,2.0,False,,5,,,T4 모멘텀,,False,False
mf-017.md-023.sm-xc40.pw-가솔린-2-0.tr-t4-인스크립션,볼보,017,수입,XC40,023,XC40,,18~현재,encar,가솔린,2.0,False,,5,,,T4 인스크립션,,False,False
mf-017.md-010.sm-xc90-2세대.pw-하이브리드-2-0.tr-t8-r-디자인,볼보,017,수입,XC90,010,XC90 2세대,,16~현재,encar,하이브리드,2.0,False,,7,,,T8 R-디자인,,False,False
mf-017.md-010.sm-xc90-2세대.pw-하이브리드-2-0.tr-t8-얼티메이트-브라이트,볼보,017,수입,XC90,010,XC90 2세대,,16~현재,encar,하이브리드,2.0,False,,7,,,T8 얼티메이트 브라이트,,False,False
mf-017.md-010.sm-xc90-2세대.pw-하이브리드-2-0.tr-t8-울트라-다크,볼보,017,수입,XC90,010,XC90 2세대,,16~현재,encar,하이브리드,2.0,False,,7,,,T8 울트라 다크,,False,False
mf-017.md-010.sm-xc90-2세대.pw-하이브리드-2-0.tr-t8-인스크립션,볼보,017,수입,XC90,010,XC90 2세대,,16~현재,encar,하이브리드,2.0,False,,7,,,T8 인스크립션,,False,False
mf-017.md-010.sm-xc90-2세대.pw-디젤-2-0.tr-d5-모멘텀,볼보,017,수입,XC90,010,XC90 2세대,,16~현재,encar,디젤,2.0,False,,7,,,D5 모멘텀,,False,False
mf-017.md-010.sm-xc90-2세대.pw-디젤-2-0.tr-d5-인스크립션,볼보,017,수입,XC90,010,XC90 2세대,,16~현재,encar,디젤,2.0,False,,7,,,D5 인스크립션,,False,False
mf-017.md-010.sm-xc90-2세대.pw-가솔린-2-0.tr-b6-블랙-에디션,볼보,017,수입,XC90,010,XC90 2세대,,16~현재,encar,가솔린,2.0,False,,7,,,B6 블랙 에디션,,False,False
mf-017.md-010.sm-xc90-2세대.pw-가솔린-2-0.tr-b6-얼티메이트-브라이트,볼보,017,수입,XC90,010,XC90 2세대,,16~현재,encar,가솔린,2.0,False,,7,,,B6 얼티메이트 브라이트,,False,False
mf-017.md-010.sm-xc90-2세대.pw-가솔린-2-0.tr-b6-울트라-다크,볼보,017,수입,XC90,010,XC90 2세대,,16~현재,encar,가솔린,2.0,False,,7,,,B6 울트라 다크,,False,False
mf-017.md-010.sm-xc90-2세대.pw-가솔린-2-0.tr-b6-울트라-브라이트,볼보,017,수입,XC90,010,XC90 2세대,,16~현재,encar,가솔린,2.0,False,,7,,,B6 울트라 브라이트,,False,False
mf-017.md-010.sm-xc90-2세대.pw-가솔린-2-0.tr-b6-인스크립션,볼보,017,수입,XC90,010,XC90 2세대,,16~현재,encar,가솔린,2.0,False,,7,,,B6 인스크립션,,False,False
mf-017.md-010.sm-xc90-2세대.pw-가솔린-2-0.tr-t6-인스크립션,볼보,017,수입,XC90,010,XC90 2세대,,16~현재,encar,가솔린,2.0,False,,7,,,T6 인스크립션,,False,False
mf-017.md-010.sm-xc90-2세대.pw-하이브리드-2-0.tr-t8-엑셀런스,볼보,017,수입,XC90,010,XC90 2세대,,16~현재,encar,하이브리드,2.0,False,,4,,,T8 엑셀런스,,False,False
mf-017.md-010.sm-xc90-2세대.pw-가솔린-2-0.tr-t6-모멘텀,볼보,017,수입,XC90,010,XC90 2세대,,16~현재,encar,가솔린,2.0,False,,5,,,T6 모멘텀,,False,False
mf-017.md-010.sm-xc90.pw-가솔린-3-2.tr-1세대,볼보,017,수입,XC90,010,XC90,,03~14,encar,가솔린,3.2,False,,7,,,1세대,,False,False
mf-017.md-010.sm-xc90.pw-디젤-2-4.tr-1세대,볼보,017,수입,XC90,010,XC90,,03~14,encar,디젤,2.4,False,,7,,,1세대,,False,False
mf-017.md-010.sm-xc90.pw-가솔린-2-5.tr-1세대,볼보,017,수입,XC90,010,XC90,,03~14,encar,가솔린,2.5,False,,7,,,1세대,,False,False
mf-017.md-009.sm-s60-3세대.pw-가솔린-2-0.tr-b5-r-디자인,볼보,017,수입,S60,009,S60 3세대,,19~현재,encar,가솔린,2.0,False,,5,,,B5 R-디자인,,False,False
mf-017.md-009.sm-s60-3세대.pw-가솔린-2-0.tr-b5-얼티메이트-다크,볼보,017,수입,S60,009,S60 3세대,,19~현재,encar,가솔린,2.0,False,,5,,,B5 얼티메이트 다크,,False,False
mf-017.md-009.sm-s60-3세대.pw-가솔린-2-0.tr-b5-얼티메이트-브라이트,볼보,017,수입,S60,009,S60 3세대,,19~현재,encar,가솔린,2.0,False,,5,,,B5 얼티메이트 브라이트,,False,False
mf-017.md-009.sm-s60-3세대.pw-가솔린-2-0.tr-b5-인스크립션,볼보,017,수입,S60,009,S60 3세대,,19~현재,encar,가솔린,2.0,False,,5,,,B5 인스크립션,,False,False
mf-017.md-009.sm-s60-3세대.pw-가솔린-2-0.tr-t5-모멘텀,볼보,017,수입,S60,009,S60 3세대,,19~현재,encar,가솔린,2.0,False,,5,,,T5 모멘텀,,False,False
mf-017.md-009.sm-s60-3세대.pw-가솔린-2-0.tr-t5-인스크립션,볼보,017,수입,S60,009,S60 3세대,,19~현재,encar,가솔린,2.0,False,,5,,,T5 인스크립션,,False,False
mf-017.md-009.sm-s60-3세대.pw-가솔린-2-0.tr-b5-울트라-브라이트,볼보,017,수입,S60,009,S60 3세대,,19~현재,encar,가솔린,2.0,False,,,,,B5 울트라 브라이트,,False,False
mf-017.md-009.sm-s60-크로스컨트리.pw-디젤-2-0.tr-d4,볼보,017,수입,S60,009,S60 크로스컨트리,,15~18,encar,디젤,2.0,False,,5,,,D4,,False,False
mf-017.md-009.sm-s60.pw-디젤-2-0.tr-2세대,볼보,017,수입,S60,009,S60,,00~18,encar,디젤,2.0,False,,5,,,2세대,,False,False
mf-017.md-009.sm-s60.pw-가솔린-2-5.tr-1세대,볼보,017,수입,S60,009,S60,,00~18,encar,가솔린,2.5,False,,5,,,1세대,,False,False
mf-017.md-009.sm-s60.pw-가솔린-2-5.tr-2세대,볼보,017,수입,S60,009,S60,,00~18,encar,가솔린,2.5,False,,5,,,2세대,,False,False
mf-017.md-009.sm-s60.pw-디젤-1-6.tr-2세대,볼보,017,수입,S60,009,S60,,00~18,encar,디젤,1.6,False,,5,,,2세대,,False,False
mf-017.md-009.sm-s60.pw-디젤-2-4.tr-2세대,볼보,017,수입,S60,009,S60,,00~18,encar,디젤,2.4,False,,5,,,2세대,,False,False
mf-017.md-009.sm-s60.pw-가솔린-2-0.tr-2세대,볼보,017,수입,S60,009,S60,,00~18,encar,가솔린,2.0,False,,5,,,2세대,,False,False
mf-017.md-017.sm-v60-크로스컨트리-2세대.pw-가솔린-2-0-awd.tr-b5,볼보,017,수입,V60,017,V60 크로스컨트리 2세대,,19~현재,encar,가솔린,2.0,False,AWD,5,,,B5,,False,False
mf-017.md-017.sm-v60-크로스컨트리-2세대.pw-가솔린-2-0-awd.tr-b5-얼티메이트,볼보,017,수입,V60,017,V60 크로스컨트리 2세대,,19~현재,encar,가솔린,2.0,False,AWD,5,,,B5 얼티메이트,,False,False
mf-017.md-017.sm-v60-크로스컨트리-2세대.pw-가솔린-2-0-awd.tr-b5-울트라,볼보,017,수입,V60,017,V60 크로스컨트리 2세대,,19~현재,encar,가솔린,2.0,False,AWD,5,,,B5 울트라,,False,False
mf-017.md-017.sm-v60-크로스컨트리-2세대.pw-가솔린-2-0-awd.tr-b5-프로,볼보,017,수입,V60,017,V60 크로스컨트리 2세대,,19~현재,encar,가솔린,2.0,False,AWD,5,,,B5 프로,,False,False
mf-017.md-017.sm-v60-크로스컨트리-2세대.pw-가솔린-2-0-awd.tr-t5,볼보,017,수입,V60,017,V60 크로스컨트리 2세대,,19~현재,encar,가솔린,2.0,False,AWD,5,,,T5,,False,False
mf-017.md-017.sm-v60-크로스컨트리-2세대.pw-가솔린-2-0-awd.tr-t5-프로,볼보,017,수입,V60,017,V60 크로스컨트리 2세대,,19~현재,encar,가솔린,2.0,False,AWD,5,,,T5 프로,,False,False
mf-017.md-017.sm-v60-크로스컨트리.pw-가솔린-2-5-awd.tr-t5,볼보,017,수입,V60,017,V60 크로스컨트리,,15~18,encar,가솔린,2.5,False,AWD,5,,,T5,,False,False
mf-017.md-017.sm-v60-크로스컨트리.pw-디젤-2-0.tr-d4,볼보,017,수입,V60,017,V60 크로스컨트리,,15~18,encar,디젤,2.0,False,,5,,,D4,,False,False
mf-017.md-017.sm-v60-크로스컨트리.pw-디젤-2-4-awd.tr-d4,볼보,017,수입,V60,017,V60 크로스컨트리,,15~18,encar,디젤,2.4,False,AWD,5,,,D4,,False,False
mf-017.md-017.sm-v60.pw-디젤-2-0.tr-1세대,볼보,017,수입,V60,017,V60,,10~18,encar,디젤,2.0,False,,5,,,1세대,,False,False
mf-017.md-017.sm-v60.pw-디젤-1-6.tr-1세대,볼보,017,수입,V60,017,V60,,10~18,encar,디젤,1.6,False,,5,,,1세대,,False,False
mf-017.md-022.sm-v90-크로스컨트리.pw-디젤-2-0-awd.tr-d5,볼보,017,수입,V90,022,V90 크로스컨트리,,17~현재,encar,디젤,2.0,False,AWD,5,,,D5,,False,False
mf-017.md-022.sm-v90-크로스컨트리.pw-디젤-2-0-awd.tr-d5-프로,볼보,017,수입,V90,022,V90 크로스컨트리,,17~현재,encar,디젤,2.0,False,AWD,5,,,D5 프로,,False,False
mf-017.md-022.sm-v90-크로스컨트리.pw-가솔린-2-0-awd.tr-b5-얼티메이트,볼보,017,수입,V90,022,V90 크로스컨트리,,17~현재,encar,가솔린,2.0,False,AWD,5,,,B5 얼티메이트,,False,False
mf-017.md-022.sm-v90-크로스컨트리.pw-가솔린-2-0-awd.tr-b5-울트라,볼보,017,수입,V90,022,V90 크로스컨트리,,17~현재,encar,가솔린,2.0,False,AWD,5,,,B5 울트라,,False,False
mf-017.md-022.sm-v90-크로스컨트리.pw-가솔린-2-0-awd.tr-b5-프로,볼보,017,수입,V90,022,V90 크로스컨트리,,17~현재,encar,가솔린,2.0,False,AWD,5,,,B5 프로,,False,False
mf-017.md-022.sm-v90-크로스컨트리.pw-가솔린-2-0-awd.tr-b5-플러스,볼보,017,수입,V90,022,V90 크로스컨트리,,17~현재,encar,가솔린,2.0,False,AWD,5,,,B5 플러스,,False,False
mf-017.md-022.sm-v90-크로스컨트리.pw-가솔린-2-0-awd.tr-t5,볼보,017,수입,V90,022,V90 크로스컨트리,,17~현재,encar,가솔린,2.0,False,AWD,5,,,T5,,False,False
mf-017.md-022.sm-v90-크로스컨트리.pw-가솔린-2-0-awd.tr-t5-프로,볼보,017,수입,V90,022,V90 크로스컨트리,,17~현재,encar,가솔린,2.0,False,AWD,5,,,T5 프로,,False,False
mf-017.md-020.sm-v40-크로스컨트리.pw-디젤-2-0.tr-d3,볼보,017,수입,V40,020,V40 크로스컨트리,,13~현재,encar,디젤,2.0,False,,5,,,D3,,False,False
mf-017.md-020.sm-v40-크로스컨트리.pw-디젤-2-0.tr-d4,볼보,017,수입,V40,020,V40 크로스컨트리,,13~현재,encar,디젤,2.0,False,,5,,,D4,,False,False
mf-017.md-020.sm-v40-크로스컨트리.pw-가솔린-2-0-awd.tr-t5,볼보,017,수입,V40,020,V40 크로스컨트리,,13~현재,encar,가솔린,2.0,False,AWD,5,,,T5,,False,False
mf-017.md-020.sm-v40.pw-디젤-2-0.tr-2세대,볼보,017,수입,V40,020,V40,,95~19,encar,디젤,2.0,False,,5,,,2세대,,False,False
mf-017.md-020.sm-v40.pw-가솔린-2-0.tr-2세대,볼보,017,수입,V40,020,V40,,95~19,encar,가솔린,2.0,False,,5,,,2세대,,False,False
mf-017.md-020.sm-v40.pw-디젤-1-6.tr-2세대,볼보,017,수입,V40,020,V40,,95~19,encar,디젤,1.6,False,,5,,,2세대,,False,False
mf-017.md-007.sm-s80.pw-가솔린-2-0.tr-2세대,볼보,017,수입,S80,007,S80,,98~16,encar,가솔린,2.0,False,,5,,,2세대,,False,False
mf-017.md-007.sm-s80.pw-가솔린-2-0.tr-1세대,볼보,017,수입,S80,007,S80,,98~16,encar,가솔린,2.0,False,,5,,,1세대,,False,False
mf-017.md-007.sm-s80.pw-디젤-2-0.tr-2세대,볼보,017,수입,S80,007,S80,,98~16,encar,디젤,2.0,False,,5,,,2세대,,False,False
mf-017.md-007.sm-s80.pw-디젤-2-4.tr-2세대,볼보,017,수입,S80,007,S80,,98~16,encar,디젤,2.4,False,,5,,,2세대,,False,False
mf-017.md-007.sm-s80.pw-가솔린-3-0-awd.tr-1세대,볼보,017,수입,S80,007,S80,,98~16,encar,가솔린,3.0,False,AWD,5,,,1세대,,False,False
mf-017.md-007.sm-s80.pw-가솔린-3-0-awd.tr-2세대,볼보,017,수입,S80,007,S80,,98~16,encar,가솔린,3.0,False,AWD,5,,,2세대,,False,False
mf-017.md-007.sm-s80.pw-가솔린-3-2.tr-2세대,볼보,017,수입,S80,007,S80,,98~16,encar,가솔린,3.2,False,,5,,,2세대,,False,False
mf-017.md-007.sm-s80.pw-디젤-1-6.tr-2세대,볼보,017,수입,S80,007,S80,,98~16,encar,디젤,1.6,False,,5,,,2세대,,False,False
mf-017.md-007.sm-s80.pw-가솔린-4-4-awd.tr-2세대,볼보,017,수입,S80,007,S80,,98~16,encar,가솔린,4.4,False,AWD,5,,,2세대,,False,False
mf-017.md-001.sm-xc70.pw-디젤-2-0.tr-3세대,볼보,017,수입,XC70,001,XC70,,97~16,encar,디젤,2.0,False,,5,,,3세대,,False,False
mf-017.md-001.sm-xc70.pw-디젤-2-4.tr-3세대,볼보,017,수입,XC70,001,XC70,,97~16,encar,디젤,2.4,False,,5,,,3세대,,False,False
mf-017.md-001.sm-xc70.pw-가솔린-2-4.tr-2세대,볼보,017,수입,XC70,001,XC70,,97~16,encar,가솔린,2.4,False,,5,,,2세대,,False,False
mf-017.md-001.sm-xc70.pw-가솔린-2-5.tr-2세대,볼보,017,수입,XC70,001,XC70,,97~16,encar,가솔린,2.5,False,,5,,,2세대,,False,False
mf-017.md-024.sm-c40-리차지.pw-전기.tr-트윈-얼티메이트,볼보,017,수입,C40,024,C40 리차지,,22~현재,encar,전기,,False,,5,,,트윈 얼티메이트,,False,False
mf-017.md-025.sm-ex30-크로스-컨트리.pw-전기-69-0.tr-퍼포먼스-울트라,볼보,017,수입,EX30,025,EX30 크로스 컨트리,,25~현재,encar,전기,,False,,5,69.0,329,퍼포먼스 울트라,,False,False
mf-017.md-025.sm-ex30.pw-전기.tr-울트라,볼보,017,수입,EX30,025,EX30,,24~현재,encar,전기,,False,,5,,,울트라,,False,False
mf-017.md-013.sm-c30.pw-가솔린-2-4.tr-1세대,볼보,017,수입,C30,013,C30,,06~13,encar,가솔린,2.4,False,,4,,,1세대,,False,False
mf-017.md-013.sm-c30.pw-디젤-2-0.tr-1세대,볼보,017,수입,C30,013,C30,,06~13,encar,디젤,2.0,False,,4,,,1세대,,False,False
mf-017.md-013.sm-c30.pw-가솔린-2-5.tr-1세대,볼보,017,수입,C30,013,C30,,06~13,encar,가솔린,2.5,False,,4,,,1세대,,False,False
mf-017.md-005.sm-s40.pw-가솔린-2-4.tr-2세대,볼보,017,수입,S40,005,S40,,95~12,encar,가솔린,2.4,False,,5,,,2세대,,False,False
mf-017.md-006.sm-s70.pw-가솔린-2-3.tr-1세대,볼보,017,수입,S70,006,S70,,97~00,encar,가솔린,2.3,False,,5,,,1세대,,False,False
mf-017.md-012.sm-v50.pw-가솔린-2-4.tr-2세대,볼보,017,수입,V50,012,V50,,04~12,encar,가솔린,2.4,False,,5,,,2세대,,False,False
mf-017.md-004.sm-960.pw-가솔린-2-5.tr-1세대,볼보,017,수입,960,004,960,,90~98,encar,가솔린,2.5,False,,5,,,1세대,,False,False
mf-083.md-001.sm-jl.pw-가솔린-2-0.tr-스포츠-4도어,지프,083,수입,랭글러,001,랭글러 JL,JL,18~현재,encar,가솔린,2.0,False,,5,,,스포츠 4도어,7400,False,False
mf-083.md-001.sm-jl.pw-가솔린-2-0.tr-스포츠-4도어-아일랜더-에디션,지프,083,수입,랭글러,001,랭글러 JL,JL,18~현재,encar,가솔린,2.0,False,,5,,,스포츠 4도어 아일랜더 에디션,7600,False,True
mf-083.md-001.sm-jl.pw-가솔린-2-0.tr-스포츠-4도어-윌리스-에디션,지프,083,수입,랭글러,001,랭글러 JL,JL,18~현재,encar,가솔린,2.0,False,,5,,,스포츠 4도어 윌리스 에디션,7600,False,True
mf-083.md-001.sm-jl.pw-가솔린-2-0.tr-사하라-4도어,지프,083,수입,랭글러,001,랭글러 JL,JL,18~현재,encar,가솔린,2.0,False,,5,,,사하라 4도어,7890,False,False
mf-083.md-001.sm-jl.pw-가솔린-2-0.tr-오버랜드-4도어,지프,083,수입,랭글러,001,랭글러 JL,JL,18~현재,encar,가솔린,2.0,False,,5,,,오버랜드 4도어,8000,False,False
mf-083.md-001.sm-jl.pw-가솔린-2-0.tr-루비콘-4도어,지프,083,수입,랭글러,001,랭글러 JL,JL,18~현재,encar,가솔린,2.0,False,,5,,,루비콘 4도어,8040,False,False
mf-083.md-001.sm-jl.pw-가솔린-2-0.tr-오버랜드-4도어-80주년-기념-에디션,지프,083,수입,랭글러,001,랭글러 JL,JL,18~현재,encar,가솔린,2.0,False,,5,,,오버랜드 4도어 80주년 기념 에디션,8190,False,True
mf-083.md-001.sm-jl.pw-가솔린-2-0.tr-사하라-파워-탑-4도어,지프,083,수입,랭글러,001,랭글러 JL,JL,18~현재,encar,가솔린,2.0,False,,5,,,사하라 파워 탑 4도어,8240,False,False
mf-083.md-001.sm-jl.pw-가솔린-2-0.tr-오버랜드-파워-탑-4도어,지프,083,수입,랭글러,001,랭글러 JL,JL,18~현재,encar,가솔린,2.0,False,,5,,,오버랜드 파워 탑 4도어,8350,False,False
mf-083.md-001.sm-jl.pw-가솔린-2-0.tr-오버랜드-파워-탑-4도어-80주년-기념-에디션,지프,083,수입,랭글러,001,랭글러 JL,JL,18~현재,encar,가솔린,2.0,False,,5,,,오버랜드 파워 탑 4도어 80주년 기념 에디션,8540,False,True
mf-083.md-001.sm-jl.pw-가솔린-2-0.tr-루비콘-4도어-레콘-에디션,지프,083,수입,랭글러,001,랭글러 JL,JL,18~현재,encar,가솔린,2.0,False,,5,,,루비콘 4도어 레콘 에디션,8300,False,True
mf-083.md-001.sm-jl.pw-가솔린-2-0.tr-루비콘-4도어-리미티드-에디션-레인,지프,083,수입,랭글러,001,랭글러 JL,JL,18~현재,encar,가솔린,2.0,False,,5,,,루비콘 4도어 리미티드 에디션 레인,8400,False,True
mf-083.md-001.sm-jl.pw-가솔린-2-0.tr-루비콘-4도어-사지-에디션,지프,083,수입,랭글러,001,랭글러 JL,JL,18~현재,encar,가솔린,2.0,False,,5,,,루비콘 4도어 사지 에디션,8200,False,True
mf-083.md-001.sm-jl.pw-가솔린-2-0.tr-루비콘-하이-4도어,지프,083,수입,랭글러,001,랭글러 JL,JL,18~현재,encar,가솔린,2.0,False,,5,,,루비콘 하이 4도어,8690,False,False
mf-083.md-001.sm-jl.pw-가솔린-2-0.tr-루비콘-파워-탑-4도어,지프,083,수입,랭글러,001,랭글러 JL,JL,18~현재,encar,가솔린,2.0,False,,5,,,루비콘 파워 탑 4도어,8390,False,False
mf-083.md-001.sm-jl.pw-가솔린-2-0.tr-루비콘-파워-탑-4도어-나초에디션,지프,083,수입,랭글러,001,랭글러 JL,JL,18~현재,encar,가솔린,2.0,False,,5,,,루비콘 파워 탑 4도어 나초에디션,8700,False,True
mf-083.md-001.sm-jl.pw-가솔린-2-0.tr-오버랜드-4도어-사지-에디션,지프,083,수입,랭글러,001,랭글러 JL,JL,18~현재,encar,가솔린,2.0,False,,5,,,오버랜드 4도어 사지 에디션,8400,False,True
mf-083.md-001.sm-jl.pw-하이브리드-2-0.tr-오버랜드-4도어-4xe,지프,083,수입,랭글러,001,랭글러 JL,JL,18~현재,encar,하이브리드,2.0,False,,5,,,오버랜드 4도어 4xe,9290,False,False
mf-083.md-001.sm-jl.pw-하이브리드-2-0.tr-오버랜드-파워-탑-4도어-4xe,지프,083,수입,랭글러,001,랭글러 JL,JL,18~현재,encar,하이브리드,2.0,False,,5,,,오버랜드 파워 탑 4도어 4xe,9550,False,False
mf-083.md-001.sm-jl.pw-가솔린-2-0.tr-스포츠-2도어,지프,083,수입,랭글러,001,랭글러 JL,JL,18~현재,encar,가솔린,2.0,False,,4,,,스포츠 2도어,6970,False,False
mf-083.md-001.sm-jl.pw-가솔린-2-0.tr-루비콘-2도어,지프,083,수입,랭글러,001,랭글러 JL,JL,18~현재,encar,가솔린,2.0,False,,4,,,루비콘 2도어,7640,False,False
mf-083.md-001.sm-jk.pw-가솔린-3-6.tr-jk-에디션,지프,083,수입,랭글러,001,랭글러 JK,JK,07~18,encar,가솔린,3.6,False,,5,,,JK 에디션,5000,False,True
mf-083.md-001.sm-jk.pw-가솔린-3-6.tr-75주년-스페셜-에디션,지프,083,수입,랭글러,001,랭글러 JK,JK,07~18,encar,가솔린,3.6,False,,5,,,75주년 스페셜 에디션,5800,False,True
mf-083.md-001.sm-jk.pw-가솔린-3-6.tr-사하라-4도어,지프,083,수입,랭글러,001,랭글러 JK,JK,07~18,encar,가솔린,3.6,False,,5,,,사하라 4도어,7890,False,False
mf-083.md-001.sm-jk.pw-가솔린-3-6.tr-루비콘-4도어,지프,083,수입,랭글러,001,랭글러 JK,JK,07~18,encar,가솔린,3.6,False,,5,,,루비콘 4도어,8040,False,False
mf-083.md-001.sm-jk.pw-디젤-2-8.tr-루비콘-2도어,지프,083,수입,랭글러,001,랭글러 JK,JK,07~18,encar,디젤,2.8,False,,4,,,루비콘 2도어,7640,False,False
mf-083.md-001.sm-jk.pw-가솔린-3-6.tr-스포츠-2도어,지프,083,수입,랭글러,001,랭글러 JK,JK,07~18,encar,가솔린,3.6,False,,4,,,스포츠 2도어,6970,False,False
mf-083.md-001.sm-jk.pw-가솔린-3-6.tr-루비콘-2도어,지프,083,수입,랭글러,001,랭글러 JK,JK,07~18,encar,가솔린,3.6,False,,4,,,루비콘 2도어,7640,False,False
mf-083.md-001.sm-jk.pw-가솔린-3-8.tr-2도어,지프,083,수입,랭글러,001,랭글러 JK,JK,07~18,encar,가솔린,3.8,False,,4,,,2도어,6500,False,False
mf-083.md-001.sm-jk.pw-가솔린-3-8.tr-70주년-애니버서리-에디션,지프,083,수입,랭글러,001,랭글러 JK,JK,07~18,encar,가솔린,3.8,False,,4,,,70주년 애니버서리 에디션,5500,False,True
mf-083.md-001.sm-jk.pw-디젤-2-8.tr-사하라-4도어,지프,083,수입,랭글러,001,랭글러 JK,JK,07~18,encar,디젤,2.8,False,,5,,,사하라 4도어,7890,False,False
mf-083.md-001.sm-jk.pw-디젤-2-8.tr-루비콘-4도어,지프,083,수입,랭글러,001,랭글러 JK,JK,07~18,encar,디젤,2.8,False,,5,,,루비콘 4도어,8040,False,False
mf-083.md-001.sm-tj.pw-가솔린-4-0.tr-기본,지프,083,수입,랭글러,001,랭글러 TJ,TJ,96~06,encar,가솔린,4.0,False,,4,,,기본,6970,False,False
mf-083.md-001.sm-tj.pw-가솔린-4-0.tr-사하라-2도어,지프,083,수입,랭글러,001,랭글러 TJ,TJ,96~06,encar,가솔린,4.0,False,,4,,,사하라 2도어,7500,False,False
mf-083.md-001.sm-tj.pw-가솔린-2-5.tr-기본,지프,083,수입,랭글러,001,랭글러 TJ,TJ,96~06,encar,가솔린,2.5,False,,4,,,기본,6970,False,False
mf-083.md-001.sm-yj.pw-가솔린-4-0.tr-기본,지프,083,수입,랭글러,001,랭글러 YJ,YJ,87~95,encar,가솔린,4.0,False,,4,,,기본,6970,False,False
mf-083.md-001.sm-yj.pw-가솔린-2-5.tr-기본,지프,083,수입,랭글러,001,랭글러 YJ,YJ,87~95,encar,가솔린,2.5,False,,,,,기본,6970,False,False
mf-083.md-002.sm-wl.pw-가솔린-3-6.tr-l-오버랜드,지프,083,수입,체로키,002,그랜드 체로키 WL,WL,21~현재,encar,가솔린,3.6,False,,7,,,L 오버랜드,8910,False,False
mf-083.md-002.sm-wl.pw-가솔린-3-6.tr-리미티드,지프,083,수입,체로키,002,그랜드 체로키 WL,WL,21~현재,encar,가솔린,3.6,False,,5,,,리미티드,7690,False,False
mf-083.md-002.sm-wl.pw-가솔린-3-6.tr-오버랜드,지프,083,수입,체로키,002,그랜드 체로키 WL,WL,21~현재,encar,가솔린,3.6,False,,5,,,오버랜드,8470,False,False
mf-083.md-002.sm-wl.pw-하이브리드-2-0.tr-4xe-리미티드,지프,083,수입,체로키,002,그랜드 체로키 WL,WL,21~현재,encar,하이브리드,2.0,False,,5,,,4xe 리미티드,10320,False,False
mf-083.md-002.sm-wl.pw-하이브리드-2-0.tr-4xe-서밋-리저브,지프,083,수입,체로키,002,그랜드 체로키 WL,WL,21~현재,encar,하이브리드,2.0,False,,5,,,4xe 서밋 리저브,12120,False,False
mf-083.md-002.sm-wl.pw-하이브리드-3-6.tr-l-서밋-리저브,지프,083,수입,체로키,002,그랜드 체로키 WL,WL,21~현재,encar,하이브리드,3.6,False,,,,,L 서밋 리저브,9880,False,False
mf-083.md-002.sm-kl.pw-가솔린-2-4-awd.tr-론지튜드,지프,083,수입,체로키,002,체로키 KL,KL,14~현재,encar,가솔린,2.4,False,AWD,5,,,론지튜드,,False,False
mf-083.md-002.sm-kl.pw-가솔린-2-4-awd.tr-론지튜드-하이-알티튜드,지프,083,수입,체로키,002,체로키 KL,KL,14~현재,encar,가솔린,2.4,False,AWD,5,,,론지튜드 하이 알티튜드,,False,False
mf-083.md-002.sm-kl.pw-가솔린-2-4-awd.tr-80주년-기념-에디션-80th-anniversary,지프,083,수입,체로키,002,체로키 KL,KL,14~현재,encar,가솔린,2.4,False,AWD,5,,,80주년 기념 에디션 (80th Anniversary),6590,False,False
mf-083.md-002.sm-kl.pw-가솔린-2-4-awd.tr-리미티드,지프,083,수입,체로키,002,체로키 KL,KL,14~현재,encar,가솔린,2.4,False,AWD,5,,,리미티드,7690,False,False
mf-083.md-002.sm-kl.pw-디젤-2-2-awd.tr-론지튜드,지프,083,수입,체로키,002,체로키 KL,KL,14~현재,encar,디젤,2.2,False,AWD,5,,,론지튜드,,False,False
mf-083.md-002.sm-kl.pw-가솔린-3-2-awd.tr-론지튜드,지프,083,수입,체로키,002,체로키 KL,KL,14~현재,encar,가솔린,3.2,False,AWD,5,,,론지튜드,,False,False
mf-083.md-002.sm-kl.pw-가솔린-3-2-awd.tr-트레일호크,지프,083,수입,체로키,002,체로키 KL,KL,14~현재,encar,가솔린,3.2,False,AWD,5,,,트레일호크,,False,False
mf-083.md-002.sm-kl.pw-가솔린-3-2-awd.tr-오버랜드,지프,083,수입,체로키,002,체로키 KL,KL,14~현재,encar,가솔린,3.2,False,AWD,5,,,오버랜드,8470,False,False
mf-083.md-002.sm-kl.pw-디젤-2-0-4wd.tr-리미티드,지프,083,수입,체로키,002,체로키 KL,KL,14~현재,encar,디젤,2.0,False,4WD,5,,,리미티드,7690,False,False
mf-083.md-002.sm-kl.pw-가솔린-2-4-2wd.tr-리미티드,지프,083,수입,체로키,002,체로키 KL,KL,14~현재,encar,가솔린,2.4,False,2WD,5,,,리미티드,7690,False,False
mf-083.md-002.sm-kl.pw-디젤-2-2-4wd.tr-리미티드,지프,083,수입,체로키,002,체로키 KL,KL,14~현재,encar,디젤,2.2,False,4WD,5,,,리미티드,7690,False,False
mf-083.md-002.sm-kl.pw-디젤-2-0-awd.tr-론지튜드,지프,083,수입,체로키,002,체로키 KL,KL,14~현재,encar,디젤,2.0,False,AWD,5,,,론지튜드,,False,False
mf-083.md-002.sm-wk2.pw-가솔린-3-6.tr-세대코드-트림-아님,지프,083,수입,체로키,002,그랜드 체로키 WK2,WK2,93~22,encar,가솔린,3.6,False,,5,,,(세대코드—트림 아님),0,False,False
mf-083.md-002.sm-wk2.pw-디젤-3-0.tr-세대코드-트림-아님,지프,083,수입,체로키,002,그랜드 체로키 WK2,WK2,93~22,encar,디젤,3.0,False,,5,,,(세대코드—트림 아님),0,False,False
mf-083.md-002.sm-xj.pw-가솔린-2-5.tr-세대코드-트림-아님,지프,083,수입,체로키,002,체로키 XJ,XJ,84~13,encar,가솔린,2.5,False,,5,,,(세대코드—트림 아님),0,False,False
mf-083.md-006.sm-레니게이드.pw-디젤-2-0-awd.tr-론지튜드,지프,083,수입,레니게이드,006,레니게이드,,15~현재,encar,디젤,2.0,False,AWD,5,,,론지튜드,,False,False
mf-083.md-006.sm-레니게이드.pw-디젤-2-0-awd.tr-리미티드,지프,083,수입,레니게이드,006,레니게이드,,15~현재,encar,디젤,2.0,False,AWD,5,,,리미티드,,False,False
mf-083.md-006.sm-레니게이드.pw-디젤-2-0-awd.tr-리미티드-하이,지프,083,수입,레니게이드,006,레니게이드,,15~현재,encar,디젤,2.0,False,AWD,5,,,리미티드 하이,,False,False
mf-083.md-006.sm-레니게이드.pw-디젤-2-0-awd.tr-트레일호크,지프,083,수입,레니게이드,006,레니게이드,,15~현재,encar,디젤,2.0,False,AWD,5,,,트레일호크,,False,False
mf-083.md-006.sm-레니게이드.pw-가솔린-1-3.tr-론지튜드,지프,083,수입,레니게이드,006,레니게이드,,15~현재,encar,가솔린,1.3,False,,5,,,론지튜드,,False,False
mf-083.md-006.sm-레니게이드.pw-가솔린-1-3.tr-리미티드,지프,083,수입,레니게이드,006,레니게이드,,15~현재,encar,가솔린,1.3,False,,5,,,리미티드,,False,False
mf-083.md-006.sm-레니게이드.pw-가솔린-1-3.tr-브레드-에디션,지프,083,수입,레니게이드,006,레니게이드,,15~현재,encar,가솔린,1.3,False,,5,,,브레드 에디션,,False,False
mf-083.md-006.sm-레니게이드.pw-가솔린-2-4.tr-론지튜드,지프,083,수입,레니게이드,006,레니게이드,,15~현재,encar,가솔린,2.4,False,,5,,,론지튜드,,False,False
mf-083.md-006.sm-레니게이드.pw-가솔린-2-4.tr-론지튜드-하이,지프,083,수입,레니게이드,006,레니게이드,,15~현재,encar,가솔린,2.4,False,,5,,,론지튜드 하이,,False,False
mf-083.md-006.sm-레니게이드.pw-가솔린-2-4.tr-리미티드,지프,083,수입,레니게이드,006,레니게이드,,15~현재,encar,가솔린,2.4,False,,5,,,리미티드,,False,False
mf-083.md-006.sm-레니게이드.pw-가솔린-2-4-awd.tr-80주년-에디션,지프,083,수입,레니게이드,006,레니게이드,,15~현재,encar,가솔린,2.4,False,AWD,5,,,80주년 에디션,,False,False
mf-083.md-006.sm-레니게이드.pw-가솔린-2-4-awd.tr-리미티드,지프,083,수입,레니게이드,006,레니게이드,,15~현재,encar,가솔린,2.4,False,AWD,5,,,리미티드,,False,False
mf-083.md-006.sm-레니게이드.pw-디젤-1-6.tr-리미티드,지프,083,수입,레니게이드,006,레니게이드,,15~현재,encar,디젤,1.6,False,,5,,,리미티드,,False,False
mf-083.md-005.sm-컴패스-2세대.pw-가솔린-2-4-awd.tr-론지튜드,지프,083,수입,컴패스,005,컴패스 2세대,,18~현재,encar,가솔린,2.4,False,AWD,5,,,론지튜드,,False,False
mf-083.md-005.sm-컴패스-2세대.pw-가솔린-2-4-awd.tr-리미티드,지프,083,수입,컴패스,005,컴패스 2세대,,18~현재,encar,가솔린,2.4,False,AWD,5,,,리미티드,,False,False
mf-083.md-005.sm-컴패스-2세대.pw-가솔린-2-4-awd.tr-리미티드-하이,지프,083,수입,컴패스,005,컴패스 2세대,,18~현재,encar,가솔린,2.4,False,AWD,5,,,리미티드 하이,,False,False
mf-083.md-005.sm-컴패스-2세대.pw-가솔린-2-4-awd.tr-s2-4,지프,083,수입,컴패스,005,컴패스 2세대,,18~현재,encar,가솔린,2.4,False,AWD,5,,,S2.4,,False,False
mf-083.md-005.sm-컴패스-2세대.pw-가솔린-2-4-2wd.tr-리미티드,지프,083,수입,컴패스,005,컴패스 2세대,,18~현재,encar,가솔린,2.4,False,2WD,5,,,리미티드,,False,False
mf-083.md-005.sm-컴패스.pw-가솔린-2-4.tr-1세대,지프,083,수입,컴패스,005,컴패스,,07~17,encar,가솔린,2.4,False,,5,,,1세대,,False,False
mf-083.md-008.sm-jt.pw-가솔린-3-6.tr-루비콘,지프,083,수입,글래디에이터,008,글래디에이터 JT,JT,20~현재,encar,가솔린,3.6,False,,5,,,루비콘,,False,False
mf-083.md-008.sm-jt.pw-가솔린-3-6.tr-하이-벨로시티-에디션,지프,083,수입,글래디에이터,008,글래디에이터 JT,JT,20~현재,encar,가솔린,3.6,False,,5,,,하이 벨로시티 에디션,,False,False
mf-083.md-009.sm-어벤저.pw-전기-54-0.tr-알티튜드,지프,083,수입,어벤저,009,어벤저,,24~현재,encar,전기,,False,,5,54.0,292,알티튜드,,False,False
mf-083.md-003.sm-커맨더.pw-디젤-3-0.tr-1세대,지프,083,수입,커맨더,003,커맨더,,06~10,encar,디젤,3.0,False,,7,,,1세대,,False,False
mf-083.md-004.sm-패트리어트.pw-가솔린-2-4.tr-1세대,지프,083,수입,패트리어트,004,패트리어트,,07~17,encar,가솔린,2.4,False,,5,,,1세대,,False,False
mf-024.md-007.sm-u625.pw-가솔린-2-3-4wd.tr-limited,포드,024,수입,익스플로러,007,익스플로러 U625,U625,19~현재,encar,가솔린,2.3,False,4WD,7,,,Limited,6500,False,False
mf-024.md-007.sm-u625.pw-가솔린-2-3-4wd.tr-platinum,포드,024,수입,익스플로러,007,익스플로러 U625,U625,19~현재,encar,가솔린,2.3,False,4WD,7,,,Platinum,6800,False,False
mf-024.md-007.sm-u625.pw-가솔린-3-0-4wd.tr-platinum,포드,024,수입,익스플로러,007,익스플로러 U625,U625,19~현재,encar,가솔린,3.0,False,4WD,6,,,Platinum,6800,False,False
mf-024.md-007.sm-u625.pw-하이브리드-3-3.tr-기본형-xlt급,포드,024,수입,익스플로러,007,익스플로러 U625,U625,19~현재,encar,하이브리드,3.3,False,,7,,,기본형(XLT급),5500,False,False
mf-024.md-007.sm-u625.pw-가솔린-2-3-4wd.tr-st-line,포드,024,수입,익스플로러,007,익스플로러 U625,U625,19~현재,encar,가솔린,2.3,False,4WD,6,,,ST-Line,6200,False,False
mf-024.md-007.sm-u625.pw-하이브리드-3-0.tr-기본형-xlt급,포드,024,수입,익스플로러,007,익스플로러 U625,U625,19~현재,encar,하이브리드,3.0,False,,7,,,기본형(XLT급),5500,False,False
mf-024.md-007.sm-u502.pw-가솔린-2-3-4wd.tr-5세대,포드,024,수입,익스플로러,007,익스플로러 U502,U502,91~19,encar,가솔린,2.3,False,4WD,7,,,5세대,,False,False
mf-024.md-007.sm-u502.pw-가솔린-3-5-4wd.tr-5세대,포드,024,수입,익스플로러,007,익스플로러 U502,U502,91~19,encar,가솔린,3.5,False,4WD,7,,,5세대,,False,False
mf-024.md-007.sm-u502.pw-가솔린-2-0-2wd.tr-5세대,포드,024,수입,익스플로러,007,익스플로러 U502,U502,91~19,encar,가솔린,2.0,False,2WD,7,,,5세대,,False,False
mf-024.md-006.sm-머스탱-7세대.pw-가솔린-5-0.tr-gt-프리미엄-컨버터블,포드,024,수입,머스탱,006,머스탱 7세대,,24~현재,encar,가솔린,5.0,False,,4,,,GT 프리미엄 컨버터블,,False,False
mf-024.md-006.sm-머스탱-7세대.pw-가솔린-5-0.tr-gt-프리미엄-쿠페,포드,024,수입,머스탱,006,머스탱 7세대,,24~현재,encar,가솔린,5.0,False,,4,,,GT 프리미엄 쿠페,,False,False
mf-024.md-006.sm-머스탱-7세대.pw-가솔린-2-3.tr-에코부스트-프리미엄-컨버터블,포드,024,수입,머스탱,006,머스탱 7세대,,24~현재,encar,가솔린,2.3,False,,4,,,에코부스트 프리미엄 컨버터블,,False,False
mf-024.md-006.sm-머스탱-7세대.pw-가솔린-2-3.tr-에코부스트-프리미엄-쿠페,포드,024,수입,머스탱,006,머스탱 7세대,,24~현재,encar,가솔린,2.3,False,,4,,,에코부스트 프리미엄 쿠페,,False,False
mf-024.md-006.sm-머스탱.pw-가솔린-2-3.tr-쿠페,포드,024,수입,머스탱,006,머스탱,,64~24,encar,가솔린,2.3,False,,4,,,쿠페,,False,False
mf-024.md-006.sm-머스탱.pw-가솔린-5-0.tr-gt-컨버터블,포드,024,수입,머스탱,006,머스탱,,64~24,encar,가솔린,5.0,False,,4,,,GT 컨버터블,,False,False
mf-024.md-006.sm-머스탱.pw-가솔린-5-0.tr-gt-쿠페,포드,024,수입,머스탱,006,머스탱,,64~24,encar,가솔린,5.0,False,,4,,,GT 쿠페,,False,False
mf-024.md-006.sm-머스탱.pw-가솔린-3-7.tr-컨버터블,포드,024,수입,머스탱,006,머스탱,,64~24,encar,가솔린,3.7,False,,4,,,컨버터블,,False,False
mf-024.md-019.sm-f150.pw-하이브리드-3-5.tr-3-5l,포드,024,수입,F150,019,F150,,73~현재,encar,하이브리드,3.5,False,,5,,,3.5L,,False,False
mf-024.md-019.sm-f150.pw-가솔린-3-5.tr-3-5l,포드,024,수입,F150,019,F150,,73~현재,encar,가솔린,3.5,False,,,,,3.5L,,False,False
mf-024.md-019.sm-f150.pw-가솔린-4-9.tr-5-0l,포드,024,수입,F150,019,F150,,73~현재,encar,가솔린,4.9,False,,5,,,5.0L,,False,False
mf-024.md-019.sm-f150.pw-가솔린-5-4.tr-5-4l,포드,024,수입,F150,019,F150,,73~현재,encar,가솔린,5.4,False,,5,,,5.4L,,False,False
mf-024.md-019.sm-f150.pw-가솔린-4-6.tr-4-6l,포드,024,수입,F150,019,F150,,73~현재,encar,가솔린,4.6,False,,5,,,4.6L,,False,False
mf-024.md-019.sm-f150.pw-가솔린-6-2.tr-6-2l,포드,024,수입,F150,019,F150,,73~현재,encar,가솔린,6.2,False,,4,,,6.2L,,False,False
mf-024.md-019.sm-f150.pw-가솔린-2-7.tr-2-7l,포드,024,수입,F150,019,F150,,73~현재,encar,가솔린,2.7,False,,5,,,2.7L,,False,False
mf-024.md-019.sm-f150.pw-가솔린-3-7.tr-3-7l,포드,024,수입,F150,019,F150,,73~현재,encar,가솔린,3.7,False,,3,,,3.7L,,False,False
mf-024.md-016.sm-브롱코-6세대.pw-가솔린-2-3.tr-아우터-뱅크스,포드,024,수입,브롱코,016,브롱코 6세대,,22~현재,encar,가솔린,2.3,False,,5,,,아우터 뱅크스,,False,False
mf-024.md-016.sm-브롱코-6세대.pw-가솔린-2-7.tr-아우터-뱅크스,포드,024,수입,브롱코,016,브롱코 6세대,,22~현재,encar,가솔린,2.7,False,,5,,,아우터 뱅크스,,False,False
mf-024.md-023.sm-레인저-4세대.pw-디젤-2-0.tr-랩터,포드,024,수입,레인저,023,레인저 4세대,,23~현재,encar,디젤,2.0,False,,5,,,랩터,,False,False
mf-024.md-023.sm-레인저-4세대.pw-디젤-2-0.tr-와일드트랙,포드,024,수입,레인저,023,레인저 4세대,,23~현재,encar,디젤,2.0,False,,5,,,와일드트랙,,False,False
mf-024.md-023.sm-레인저-3세대.pw-디젤-2-0.tr-랩터,포드,024,수입,레인저,023,레인저 3세대,,11~22,encar,디젤,2.0,False,,5,,,랩터,,False,False
mf-024.md-023.sm-레인저-3세대.pw-디젤-2-0.tr-와일트트랙,포드,024,수입,레인저,023,레인저 3세대,,11~22,encar,디젤,2.0,False,,5,,,와일트트랙,,False,False
mf-024.md-023.sm-레인저.pw-가솔린-4-0.tr-2세대,포드,024,수입,레인저,023,레인저,,83~12,encar,가솔린,4.0,False,,3,,,2세대,,False,False
mf-024.md-002.sm-뉴-토러스.pw-가솔린-2-0.tr-6세대,포드,024,수입,토러스,002,뉴 토러스,,09~현재,encar,가솔린,2.0,False,,5,,,6세대,,False,False
mf-024.md-002.sm-뉴-토러스.pw-가솔린-3-5.tr-6세대,포드,024,수입,토러스,002,뉴 토러스,,09~현재,encar,가솔린,3.5,False,,5,,,6세대,,False,False
mf-024.md-001.sm-몬데오-4세대.pw-디젤-2-0.tr-트렌드,포드,024,수입,몬데오,001,몬데오 4세대,,15~현재,encar,디젤,2.0,False,,5,,,트렌드,,False,False
mf-024.md-001.sm-몬데오-4세대.pw-디젤-2-0.tr-티타늄,포드,024,수입,몬데오,001,몬데오 4세대,,15~현재,encar,디젤,2.0,False,,5,,,티타늄,,False,False
mf-024.md-011.sm-익스페디션.pw-가솔린-3-5-4wd.tr-기본,포드,024,수입,익스페디션,011,익스페디션,,97~현재,encar,가솔린,3.5,False,4WD,7,,,기본,,False,False
mf-024.md-028.sm-쿠가-2세대.pw-디젤-2-0.tr-트렌디,포드,024,수입,쿠가,028,쿠가 2세대,,12~현재,encar,디젤,2.0,False,,5,,,트렌디,,False,False
mf-024.md-028.sm-쿠가-2세대.pw-디젤-2-0.tr-티타늄,포드,024,수입,쿠가,028,쿠가 2세대,,12~현재,encar,디젤,2.0,False,,5,,,티타늄,,False,False
mf-024.md-029.sm-트랜짓.pw-가솔린-3-5.tr-기본,포드,024,수입,트랜짓,029,트랜짓,,13~현재,encar,가솔린,3.5,False,,15,,,기본,,False,False
mf-024.md-029.sm-트랜짓.pw-가솔린-3-7.tr-기본,포드,024,수입,트랜짓,029,트랜짓,,13~현재,encar,가솔린,3.7,False,,,,,기본,,False,False
mf-024.md-029.sm-트랜짓-커넥트.pw-가솔린-2-0.tr-1세대,포드,024,수입,트랜짓,029,트랜짓 커넥트,,02~현재,encar,가솔린,2.0,False,,2,,,1세대,,False,False
mf-024.md-025.sm-퓨전.pw-가솔린-2-0.tr-2세대,포드,024,수입,퓨전,025,퓨전,,07~현재,encar,가솔린,2.0,False,,5,,,2세대,,False,False
mf-024.md-025.sm-퓨전.pw-가솔린-2-5.tr-1세대,포드,024,수입,퓨전,025,퓨전,,07~현재,encar,가솔린,2.5,False,,5,,,1세대,,False,False
mf-024.md-025.sm-퓨전.pw-가솔린-1-6.tr-2세대,포드,024,수입,퓨전,025,퓨전,,07~현재,encar,가솔린,1.6,False,,5,,,2세대,,False,False
mf-024.md-025.sm-퓨전.pw-하이브리드-2-5.tr-기본,포드,024,수입,퓨전,025,퓨전,,07~현재,encar,하이브리드,2.5,False,,5,,,기본,,False,False
mf-024.md-008.sm-이스케이프.pw-가솔린-2-0.tr-3세대,포드,024,수입,이스케이프,008,이스케이프,,01~현재,encar,가솔린,2.0,False,,5,,,3세대,,False,False
mf-024.md-008.sm-이스케이프.pw-가솔린-2-5-4wd.tr-2세대,포드,024,수입,이스케이프,008,이스케이프,,01~현재,encar,가솔린,2.5,False,4WD,5,,,2세대,,False,False
mf-024.md-008.sm-이스케이프.pw-가솔린-2-3.tr-2세대,포드,024,수입,이스케이프,008,이스케이프,,01~현재,encar,가솔린,2.3,False,,5,,,2세대,,False,False
mf-024.md-008.sm-이스케이프.pw-가솔린-1-6.tr-3세대,포드,024,수입,이스케이프,008,이스케이프,,01~현재,encar,가솔린,1.6,False,,5,,,3세대,,False,False
mf-024.md-027.sm-f350.pw-가솔린-6-2.tr-3세대,포드,024,수입,F350,027,F350,,99~현재,encar,가솔린,6.2,False,,5,,,3세대,,False,False
mf-024.md-027.sm-f350.pw-가솔린-5-4.tr-1세대,포드,024,수입,F350,027,F350,,99~현재,encar,가솔린,5.4,False,,4,,,1세대,,False,False
mf-024.md-027.sm-f350.pw-가솔린-7-3.tr-3세대,포드,024,수입,F350,027,F350,,99~현재,encar,가솔린,7.3,False,,,,,3세대,,False,False
mf-024.md-018.sm-포커스.pw-디젤-2-0.tr-3세대,포드,024,수입,포커스,018,포커스,,98~현재,encar,디젤,2.0,False,,5,,,3세대,,False,False
mf-024.md-022.sm-e-series.pw-가솔린-7-5.tr-e-350,포드,024,수입,E-Series,022,E-Series,,61~현재,encar,가솔린,7.5,False,,6,,,E-350,,False,False
mf-024.md-022.sm-e-series.pw-가솔린-4-6.tr-e-150,포드,024,수입,E-Series,022,E-Series,,61~현재,encar,가솔린,4.6,False,,,,,E-150,,False,False
mf-024.md-024.sm-f250.pw-가솔린-6-8.tr-슈퍼듀티,포드,024,수입,F250,024,F250,,88~현재,encar,가솔린,6.8,False,,5,,,슈퍼듀티,,False,False
mf-024.md-010.sm-이코노라인.pw-가솔린-5-8.tr-e150-van,포드,024,수입,이코노라인,010,이코노라인,,61~현재,encar,가솔린,5.8,False,,9,,,E150 Van,,False,False
mf-087.md-004.sm-모델-y.pw-전기-awd.tr-롱-레인지,테슬라,087,수입,모델 Y,004,모델 Y,,20~현재,encar,전기,,False,AWD,5,,,롱 레인지,5999,False,False
mf-087.md-004.sm-모델-y.pw-전기-awd.tr-프리미엄-롱-레인지-awd,테슬라,087,수입,모델 Y,004,모델 Y,,20~현재,encar,전기,,False,AWD,5,,,프리미엄 롱 레인지 AWD,6314,False,False
mf-087.md-004.sm-모델-y.pw-전기-awd.tr-롱-레인지-런치-시리즈-launch-series,테슬라,087,수입,모델 Y,004,모델 Y,,20~현재,encar,전기,,False,AWD,5,,,롱 레인지 런치 시리즈(Launch Series),6480,False,True
mf-087.md-004.sm-모델-y.pw-전기.tr-rwd,테슬라,087,수입,모델 Y,004,모델 Y,,20~현재,encar,전기,,False,,5,,,RWD,4999,False,False
mf-087.md-004.sm-모델-y.pw-전기.tr-프리미엄-후륜구동-rwd,테슬라,087,수입,모델 Y,004,모델 Y,,20~현재,encar,전기,,False,,5,,,프리미엄 후륜구동(RWD),5599,False,False
mf-087.md-004.sm-모델-y.pw-전기.tr-스탠다드-레인지-후륜구동-rwd,테슬라,087,수입,모델 Y,004,모델 Y,,20~현재,encar,전기,,False,,,,,스탠다드 레인지 후륜구동(RWD),4999,False,False
mf-087.md-004.sm-모델-y.pw-전기-awd.tr-모델-y-l-롱-레인지,테슬라,087,수입,모델 Y,004,모델 Y,,20~현재,encar,전기,,False,AWD,6,,,모델 Y L 롱 레인지,6499,False,False
mf-087.md-003.sm-모델-3.pw-전기-awd.tr-롱-레인지,테슬라,087,수입,모델 3,003,모델 3,,17~현재,encar,전기,,False,AWD,5,,,롱 레인지,,False,False
mf-087.md-003.sm-모델-3.pw-전기-awd.tr-퍼포먼스,테슬라,087,수입,모델 3,003,모델 3,,17~현재,encar,전기,,False,AWD,5,,,퍼포먼스,,False,False
mf-087.md-003.sm-모델-3.pw-전기.tr-rwd,테슬라,087,수입,모델 3,003,모델 3,,17~현재,encar,전기,,False,,5,,,RWD,,False,False
mf-087.md-003.sm-모델-3.pw-전기.tr-스탠다드-레인지-플러스-rwd,테슬라,087,수입,모델 3,003,모델 3,,17~현재,encar,전기,,False,,5,,,스탠다드 레인지 플러스 RWD,,False,False
mf-087.md-003.sm-모델-3.pw-전기.tr-프리미엄-롱레인지-rwd,테슬라,087,수입,모델 3,003,모델 3,,17~현재,encar,전기,,False,,5,,,프리미엄 롱레인지 RWD,,False,False
mf-087.md-002.sm-모델-x.pw-전기.tr-플래드,테슬라,087,수입,모델 X,002,모델 X,,18~현재,encar,전기,,False,,6,,,플래드,,False,False
mf-087.md-002.sm-모델-x.pw-전기.tr-75d,테슬라,087,수입,모델 X,002,모델 X,,18~현재,encar,전기,,False,,6,,,75D,,False,False
mf-087.md-002.sm-모델-x.pw-전기.tr-100d,테슬라,087,수입,모델 X,002,모델 X,,18~현재,encar,전기,,False,,6,,,100D,,False,False
mf-087.md-002.sm-모델-x.pw-전기-awd.tr-기본,테슬라,087,수입,모델 X,002,모델 X,,18~현재,encar,전기,,False,AWD,5,,,기본,,False,False
mf-087.md-002.sm-모델-x.pw-전기.tr-롱-레인지,테슬라,087,수입,모델 X,002,모델 X,,18~현재,encar,전기,,False,,5,,,롱 레인지,,False,False
mf-087.md-002.sm-모델-x.pw-전기.tr-퍼포먼스,테슬라,087,수입,모델 X,002,모델 X,,18~현재,encar,전기,,False,,7,,,퍼포먼스,,False,False
mf-087.md-001.sm-모델-s.pw-전기.tr-90d,테슬라,087,수입,모델 S,001,모델 S,,12~현재,encar,전기,,False,,,,,90D,,False,False
mf-087.md-001.sm-모델-s.pw-전기.tr-100d,테슬라,087,수입,모델 S,001,모델 S,,12~현재,encar,전기,,False,,5,,,100D,,False,False
mf-087.md-001.sm-모델-s.pw-전기.tr-p100d,테슬라,087,수입,모델 S,001,모델 S,,12~현재,encar,전기,,False,,5,,,P100D,,False,False
mf-087.md-001.sm-모델-s.pw-전기.tr-롱-레인지,테슬라,087,수입,모델 S,001,모델 S,,12~현재,encar,전기,,False,,5,,,롱 레인지,,False,False
mf-087.md-001.sm-모델-s.pw-전기.tr-플래드,테슬라,087,수입,모델 S,001,모델 S,,12~현재,encar,전기,,False,,5,,,플래드,,False,False
mf-087.md-001.sm-모델-s.pw-전기.tr-75d,테슬라,087,수입,모델 S,001,모델 S,,12~현재,encar,전기,,False,,5,,,75D,,False,False
mf-087.md-001.sm-모델-s.pw-전기-awd.tr-기본,테슬라,087,수입,모델 S,001,모델 S,,12~현재,encar,전기,,False,AWD,5,,,기본,,False,False
mf-087.md-005.sm-사이버트럭.pw-전기-123-0-awd.tr-기본,테슬라,087,수입,사이버트럭,005,사이버트럭,,23~현재,encar,전기,,False,AWD,,123.0,523,기본,,False,False
mf-087.md-005.sm-사이버트럭.pw-전기.tr-cyberbeast,테슬라,087,수입,사이버트럭,005,사이버트럭,,23~현재,encar,전기,,False,,5,,,Cyberbeast,,False,False
mf-027.md-003.sm-어코드-11세대.pw-가솔린-1-5.tr-기본,혼다,027,수입,어코드,003,어코드 11세대,,23~현재,encar,가솔린,1.5,True,,5,,,기본,,False,False
mf-027.md-003.sm-어코드-11세대.pw-하이브리드-2-0.tr-투어링,혼다,027,수입,어코드,003,어코드 11세대,,23~현재,encar,하이브리드,2.0,False,,5,,,투어링,,False,False
mf-027.md-003.sm-어코드-10세대.pw-하이브리드-2-0.tr-ex-l,혼다,027,수입,어코드,003,어코드 10세대,,18~23,encar,하이브리드,2.0,False,,5,,,EX-L,,False,False
mf-027.md-003.sm-어코드-10세대.pw-하이브리드-2-0.tr-투어링,혼다,027,수입,어코드,003,어코드 10세대,,18~23,encar,하이브리드,2.0,False,,5,,,투어링,,False,False
mf-027.md-003.sm-어코드-10세대.pw-가솔린-1-5.tr-기본,혼다,027,수입,어코드,003,어코드 10세대,,18~23,encar,가솔린,1.5,True,,5,,,기본,,False,False
mf-027.md-003.sm-어코드-10세대.pw-가솔린-2-0.tr-스포츠,혼다,027,수입,어코드,003,어코드 10세대,,18~23,encar,가솔린,2.0,True,,5,,,스포츠,,False,False
mf-027.md-003.sm-올뉴어코드.pw-가솔린-2-4.tr-8세대,혼다,027,수입,어코드,003,올뉴어코드,,08~17,encar,가솔린,2.4,False,,5,,,8세대,,False,False
mf-027.md-003.sm-올뉴어코드.pw-가솔린-2-4.tr-9세대,혼다,027,수입,어코드,003,올뉴어코드,,08~17,encar,가솔린,2.4,False,,5,,,9세대,,False,False
mf-027.md-003.sm-올뉴어코드.pw-하이브리드-2-0.tr-9세대,혼다,027,수입,어코드,003,올뉴어코드,,08~17,encar,하이브리드,2.0,False,,5,,,9세대,,False,False
mf-027.md-003.sm-올뉴어코드.pw-가솔린-3-5.tr-8세대,혼다,027,수입,어코드,003,올뉴어코드,,08~17,encar,가솔린,3.5,False,,5,,,8세대,,False,False
mf-027.md-003.sm-올뉴어코드.pw-가솔린-3-5.tr-9세대,혼다,027,수입,어코드,003,올뉴어코드,,08~17,encar,가솔린,3.5,False,,5,,,9세대,,False,False
mf-027.md-003.sm-어코드.pw-가솔린-2-4.tr-7세대,혼다,027,수입,어코드,003,어코드,,76~07,encar,가솔린,2.4,False,,5,,,7세대,,False,False
mf-027.md-003.sm-어코드.pw-가솔린-3-0.tr-7세대,혼다,027,수입,어코드,003,어코드,,76~07,encar,가솔린,3.0,False,,5,,,7세대,,False,False
mf-027.md-001.sm-cr-v-6세대.pw-하이브리드-2-0-2wd.tr-투어링,혼다,027,수입,CR-V,001,CR-V 6세대,,23~현재,encar,하이브리드,2.0,False,2WD,5,,,투어링,,False,False
mf-027.md-001.sm-cr-v-6세대.pw-하이브리드-2-0-4wd.tr-투어링,혼다,027,수입,CR-V,001,CR-V 6세대,,23~현재,encar,하이브리드,2.0,False,4WD,5,,,투어링,,False,False
mf-027.md-001.sm-cr-v-6세대.pw-가솔린-1-5-2wd.tr-ex-l,혼다,027,수입,CR-V,001,CR-V 6세대,,23~현재,encar,가솔린,1.5,False,2WD,5,,,EX-L,,False,False
mf-027.md-001.sm-cr-v-5세대.pw-가솔린-1-5-2wd.tr-ex-l,혼다,027,수입,CR-V,001,CR-V 5세대,,17~23,encar,가솔린,1.5,False,2WD,5,,,EX-L,,False,False
mf-027.md-001.sm-cr-v-5세대.pw-가솔린-1-5-4wd.tr-ex-l,혼다,027,수입,CR-V,001,CR-V 5세대,,17~23,encar,가솔린,1.5,False,4WD,5,,,EX-L,,False,False
mf-027.md-001.sm-cr-v-5세대.pw-가솔린-1-5-4wd.tr-투어링,혼다,027,수입,CR-V,001,CR-V 5세대,,17~23,encar,가솔린,1.5,False,4WD,5,,,투어링,,False,False
mf-027.md-001.sm-cr-v-5세대.pw-하이브리드-2-0-4wd.tr-ex-l,혼다,027,수입,CR-V,001,CR-V 5세대,,17~23,encar,하이브리드,2.0,False,4WD,5,,,EX-L,,False,False
mf-027.md-001.sm-cr-v-5세대.pw-하이브리드-2-0-4wd.tr-투어링,혼다,027,수입,CR-V,001,CR-V 5세대,,17~23,encar,하이브리드,2.0,False,4WD,5,,,투어링,,False,False
mf-027.md-001.sm-new-cr-v.pw-가솔린-2-4-4wd.tr-4세대,혼다,027,수입,CR-V,001,New CR-V,,11~16,encar,가솔린,2.4,False,4WD,5,,,4세대,,False,False
mf-027.md-001.sm-new-cr-v.pw-가솔린-2-4-2wd.tr-4세대,혼다,027,수입,CR-V,001,New CR-V,,11~16,encar,가솔린,2.4,False,2WD,5,,,4세대,,False,False
mf-027.md-001.sm-cr-v.pw-가솔린-2-4-4wd.tr-2세대,혼다,027,수입,CR-V,001,CR-V,,96~11,encar,가솔린,2.4,False,4WD,5,,,2세대,,False,False
mf-027.md-001.sm-cr-v.pw-가솔린-2-4-4wd.tr-3세대,혼다,027,수입,CR-V,001,CR-V,,96~11,encar,가솔린,2.4,False,4WD,5,,,3세대,,False,False
mf-027.md-007.sm-오딧세이.pw-가솔린-3-5.tr-4세대,혼다,027,수입,오딧세이,007,오딧세이,,95~현재,encar,가솔린,3.5,False,,8,,,4세대,,False,False
mf-027.md-007.sm-오딧세이.pw-가솔린-3-5.tr-5세대,혼다,027,수입,오딧세이,007,오딧세이,,95~현재,encar,가솔린,3.5,False,,8,,,5세대,,False,False
mf-027.md-019.sm-파일럿-4세대.pw-가솔린-3-5.tr-블랙에디션,혼다,027,수입,파일럿,019,파일럿 4세대,,23~현재,encar,가솔린,3.5,False,,8,,,블랙에디션,,False,False
mf-027.md-019.sm-파일럿-4세대.pw-가솔린-3-5.tr-엘리트,혼다,027,수입,파일럿,019,파일럿 4세대,,23~현재,encar,가솔린,3.5,False,,8,,,엘리트,,False,False
mf-027.md-019.sm-파일럿-3세대.pw-가솔린-3-5.tr-기본,혼다,027,수입,파일럿,019,파일럿 3세대,,15~23,encar,가솔린,3.5,False,,8,,,기본,,False,False
mf-027.md-019.sm-파일럿-3세대.pw-가솔린-3-5.tr-엘리트,혼다,027,수입,파일럿,019,파일럿 3세대,,15~23,encar,가솔린,3.5,False,,7,,,엘리트,,False,False
mf-027.md-019.sm-파일럿.pw-가솔린-3-5.tr-2세대,혼다,027,수입,파일럿,019,파일럿,,03~15,encar,가솔린,3.5,False,,7,,,2세대,,False,False
mf-027.md-004.sm-시빅.pw-가솔린-1-8.tr-9세대,혼다,027,수입,시빅,004,시빅,,73~현재,encar,가솔린,1.8,False,,5,,,9세대,,False,False
mf-027.md-004.sm-시빅.pw-하이브리드-1-5.tr-8세대,혼다,027,수입,시빅,004,시빅,,73~현재,encar,하이브리드,1.5,False,,5,,,8세대,,False,False
mf-027.md-004.sm-시빅.pw-하이브리드-1-5.tr-9세대,혼다,027,수입,시빅,004,시빅,,73~현재,encar,하이브리드,1.5,False,,5,,,9세대,,False,False
mf-027.md-004.sm-시빅.pw-가솔린-1-5.tr-10세대,혼다,027,수입,시빅,004,시빅,,73~현재,encar,가솔린,1.5,False,,5,,,10세대,,False,False
mf-027.md-004.sm-시빅.pw-가솔린-2-0.tr-10세대,혼다,027,수입,시빅,004,시빅,,73~현재,encar,가솔린,2.0,False,,5,,,10세대,,False,False
mf-027.md-004.sm-시빅.pw-가솔린-2-0.tr-7세대,혼다,027,수입,시빅,004,시빅,,73~현재,encar,가솔린,2.0,False,,5,,,7세대,,False,False
mf-027.md-004.sm-시빅.pw-가솔린-2-0.tr-8세대,혼다,027,수입,시빅,004,시빅,,73~현재,encar,가솔린,2.0,False,,5,,,8세대,,False,False
mf-027.md-004.sm-시빅.pw-가솔린-2-0.tr-fd2-fn2,혼다,027,수입,시빅,004,시빅,,73~현재,encar,가솔린,2.0,False,,,,,FD2/FN2,,False,False
mf-027.md-026.sm-n-box.pw-가솔린-0-7-2wd.tr-기본,혼다,027,수입,N-BOX,026,N-BOX,,12~현재,encar,가솔린,0.7,False,2WD,4,,,기본,,False,False
mf-027.md-026.sm-n-box.pw-가솔린-0-7-2wd.tr-기본,혼다,027,수입,N-BOX,026,N-BOX,,12~현재,encar,가솔린,0.7,True,2WD,,,,기본,,False,False
mf-027.md-022.sm-크로스투어.pw-가솔린-3-5.tr-1세대,혼다,027,수입,크로스투어,022,크로스투어,,10~15,encar,가솔린,3.5,False,,5,,,1세대,,False,False
mf-027.md-028.sm-hr-v.pw-가솔린-1-8.tr-기본,혼다,027,수입,HR-V,028,HR-V,,99~현재,encar,가솔린,1.8,False,,5,,,기본,,False,False
mf-027.md-002.sm-레전드-5세대.pw-가솔린-3-5.tr-기본,혼다,027,수입,레전드,002,레전드 5세대,,15~현재,encar,가솔린,3.5,False,,5,,,기본,,False,False
mf-027.md-002.sm-레전드-4세대.pw-가솔린-3-7.tr-기본,혼다,027,수입,레전드,002,레전드 4세대,,04~12,encar,가솔린,3.7,False,,5,,,기본,,False,False
mf-027.md-020.sm-cr-z.pw-하이브리드-1-5.tr-ex,혼다,027,수입,CR-Z,020,CR-Z,,10~16,encar,하이브리드,1.5,False,,2,,,EX,,False,False
mf-027.md-020.sm-cr-z.pw-하이브리드-1-5.tr-기본,혼다,027,수입,CR-Z,020,CR-Z,,10~16,encar,하이브리드,1.5,False,,4,,,기본,,False,False
mf-027.md-024.sm-n-one.pw-가솔린-0-7-2wd.tr-기본,혼다,027,수입,N-ONE,024,N-ONE,,12~현재,encar,가솔린,0.7,False,2WD,4,,,기본,,False,False
mf-027.md-027.sm-s660.pw-가솔린-0-7.tr-기본,혼다,027,수입,S660,027,S660,,15~현재,encar,가솔린,0.7,False,,,,,기본,,False,False
mf-027.md-023.sm-댓츠.pw-가솔린-0-7.tr-기본,혼다,027,수입,댓츠,023,댓츠,,02~07,encar,가솔린,0.7,False,,4,,,기본,,False,False
mf-027.md-025.sm-비트.pw-가솔린-0-7.tr-기본,혼다,027,수입,비트,025,비트,,91~95,encar,가솔린,0.7,False,,,,,기본,,False,False
mf-035.md-001.sm-es300h-7세대.pw-하이브리드-2-5.tr-f-sport,렉서스,035,수입,ES,001,ES300h 7세대,,18~현재,encar,하이브리드,2.5,False,,5,,,F-Sport,,False,False
mf-035.md-001.sm-es300h-7세대.pw-하이브리드-2-5.tr-f-sport-디자인-패키지,렉서스,035,수입,ES,001,ES300h 7세대,,18~현재,encar,하이브리드,2.5,False,,5,,,F-Sport 디자인 패키지,,False,False
mf-035.md-001.sm-es300h-7세대.pw-하이브리드-2-5.tr-럭셔리,렉서스,035,수입,ES,001,ES300h 7세대,,18~현재,encar,하이브리드,2.5,False,,5,,,럭셔리,,False,False
mf-035.md-001.sm-es300h-7세대.pw-하이브리드-2-5.tr-럭셔리-플러스,렉서스,035,수입,ES,001,ES300h 7세대,,18~현재,encar,하이브리드,2.5,False,,5,,,럭셔리 플러스,,False,False
mf-035.md-001.sm-es300h-7세대.pw-하이브리드-2-5.tr-리미티드,렉서스,035,수입,ES,001,ES300h 7세대,,18~현재,encar,하이브리드,2.5,False,,5,,,리미티드,,False,False
mf-035.md-001.sm-es300h-7세대.pw-하이브리드-2-5.tr-슈프림,렉서스,035,수입,ES,001,ES300h 7세대,,18~현재,encar,하이브리드,2.5,False,,5,,,슈프림,,False,False
mf-035.md-001.sm-es300h-7세대.pw-하이브리드-2-5.tr-이그제큐티브,렉서스,035,수입,ES,001,ES300h 7세대,,18~현재,encar,하이브리드,2.5,False,,5,,,이그제큐티브,,False,False
mf-035.md-001.sm-뉴-es350.pw-가솔린-3-5.tr-xv60,렉서스,035,수입,ES,001,뉴 ES350,,12~18,encar,가솔린,3.5,False,,5,,,XV60,,False,False
mf-035.md-001.sm-뉴-es300h.pw-하이브리드-2-5.tr-xv60,렉서스,035,수입,ES,001,뉴 ES300h,,12~18,encar,하이브리드,2.5,False,,5,,,XV60,,False,False
mf-035.md-001.sm-es350.pw-가솔린-3-5.tr-xv40,렉서스,035,수입,ES,001,ES350,,06~12,encar,가솔린,3.5,False,,5,,,XV40,,False,False
mf-035.md-001.sm-es330.pw-가솔린-3-3.tr-xv30,렉서스,035,수입,ES,001,ES330,,01~06,encar,가솔린,3.3,False,,5,,,XV30,,False,False
mf-035.md-013.sm-nx450h-2세대.pw-하이브리드-2-5.tr-f-sport,렉서스,035,수입,NX,013,NX450h+ 2세대,,22~현재,encar,하이브리드,2.5,False,,5,,,F-Sport,,False,False
mf-035.md-013.sm-nx450h-2세대.pw-하이브리드-2-5.tr-프리미엄,렉서스,035,수입,NX,013,NX450h+ 2세대,,22~현재,encar,하이브리드,2.5,False,,5,,,프리미엄,,False,False
mf-035.md-013.sm-nx350h-2세대.pw-하이브리드-2-5.tr-럭셔리,렉서스,035,수입,NX,013,NX350h 2세대,,22~현재,encar,하이브리드,2.5,False,,5,,,럭셔리,,False,False
mf-035.md-013.sm-nx350h-2세대.pw-하이브리드-2-5.tr-프리미엄,렉서스,035,수입,NX,013,NX350h 2세대,,22~현재,encar,하이브리드,2.5,False,,5,,,프리미엄,,False,False
mf-035.md-013.sm-nx300.pw-가솔린-2-0.tr-f-sport,렉서스,035,수입,NX,013,NX300,,17~21,encar,가솔린,2.0,False,,5,,,F-Sport,,False,False
mf-035.md-013.sm-nx300.pw-하이브리드-2-0.tr-이그제큐티브,렉서스,035,수입,NX,013,NX300,,17~21,encar,하이브리드,2.0,False,,5,,,이그제큐티브,,False,False
mf-035.md-013.sm-nx200t.pw-가솔린-2-0.tr-슈프림,렉서스,035,수입,NX,013,NX200t,,15~17,encar,가솔린,2.0,False,,5,,,슈프림,,False,False
mf-035.md-013.sm-nx200t.pw-가솔린-2-0.tr-이그제큐티브,렉서스,035,수입,NX,013,NX200t,,15~17,encar,가솔린,2.0,False,,5,,,이그제큐티브,,False,False
mf-035.md-013.sm-nx300h.pw-하이브리드-2-5.tr-슈프림,렉서스,035,수입,NX,013,NX300h,,14~21,encar,하이브리드,2.5,False,,5,,,슈프림,,False,False
mf-035.md-013.sm-nx300h.pw-하이브리드-2-5.tr-이그제큐티브,렉서스,035,수입,NX,013,NX300h,,14~21,encar,하이브리드,2.5,False,,5,,,이그제큐티브,,False,False
mf-035.md-004.sm-ls500-5세대.pw-가솔린-3-4-awd.tr-럭셔리,렉서스,035,수입,LS,004,LS500 5세대,,18~현재,encar,가솔린,3.4,False,AWD,5,,,럭셔리,,False,False
mf-035.md-004.sm-ls500-5세대.pw-가솔린-3-4-awd.tr-슈프림,렉서스,035,수입,LS,004,LS500 5세대,,18~현재,encar,가솔린,3.4,False,AWD,5,,,슈프림,,False,False
mf-035.md-004.sm-ls500-5세대.pw-가솔린-3-4-awd.tr-플래티넘,렉서스,035,수입,LS,004,LS500 5세대,,18~현재,encar,가솔린,3.4,False,AWD,5,,,플래티넘,,False,False
mf-035.md-004.sm-ls500h-5세대.pw-하이브리드-3-5-awd.tr-플래티넘,렉서스,035,수입,LS,004,LS500h 5세대,,17~현재,encar,하이브리드,3.5,False,AWD,5,,,플래티넘,,False,False
mf-035.md-004.sm-ls500h-5세대.pw-가솔린-3-5-awd.tr-럭셔리,렉서스,035,수입,LS,004,LS500h 5세대,,17~현재,encar,가솔린,3.5,False,AWD,5,,,럭셔리,,False,False
mf-035.md-004.sm-ls600hl.pw-하이브리드-5-0.tr-xf40,렉서스,035,수입,LS,004,LS600hL,,06~17,encar,하이브리드,5.0,False,,5,,,XF40,,False,False
mf-035.md-004.sm-ls600hl.pw-하이브리드-6-0.tr-ottoman,렉서스,035,수입,LS,004,LS600hL,,06~17,encar,하이브리드,6.0,False,,4,,,Ottoman,,False,False
mf-035.md-004.sm-ls600hl.pw-하이브리드-5-0.tr-xf40,렉서스,035,수입,LS,004,LS600hL,,06~17,encar,하이브리드,5.0,False,,4,,,XF40,,False,False
mf-035.md-004.sm-ls460l.pw-가솔린-4-6.tr-ottoman,렉서스,035,수입,LS,004,LS460L,,06~17,encar,가솔린,4.6,False,,5,,,Ottoman,,False,False
mf-035.md-004.sm-ls460l.pw-가솔린-4-6.tr-xf40,렉서스,035,수입,LS,004,LS460L,,06~17,encar,가솔린,4.6,False,,5,,,XF40,,False,False
mf-035.md-004.sm-ls460.pw-가솔린-4-6-awd.tr-xf40,렉서스,035,수입,LS,004,LS460,,06~17,encar,가솔린,4.6,False,AWD,5,,,XF40,,False,False
mf-035.md-004.sm-ls460.pw-가솔린-4-6.tr-xf40,렉서스,035,수입,LS,004,LS460,,06~17,encar,가솔린,4.6,False,,5,,,XF40,,False,False
mf-035.md-004.sm-ls430.pw-가솔린-4-3.tr-xf30,렉서스,035,수입,LS,004,LS430,,00~06,encar,가솔린,4.3,False,,5,,,XF30,,False,False
mf-035.md-016.sm-ux300h.pw-하이브리드-2-0-2wd.tr-기본,렉서스,035,수입,UX,016,UX300h,,24~현재,encar,하이브리드,2.0,False,2WD,5,,,기본,,False,False
mf-035.md-016.sm-ux300h.pw-하이브리드-2-0-2wd.tr-f-sport,렉서스,035,수입,UX,016,UX300h,,24~현재,encar,하이브리드,2.0,False,2WD,5,,,F-Sport,,False,False
mf-035.md-016.sm-ux300e.pw-전기-2wd.tr-기본,렉서스,035,수입,UX,016,UX300e,,22~현재,encar,전기,,False,2WD,5,,,기본,,False,False
mf-035.md-016.sm-ux250h.pw-하이브리드-2-0-2wd.tr-기본,렉서스,035,수입,UX,016,UX250h,,19~24,encar,하이브리드,2.0,False,2WD,5,,,기본,,False,False
mf-035.md-016.sm-ux250h.pw-하이브리드-2-0-2wd.tr-f-sport,렉서스,035,수입,UX,016,UX250h,,19~24,encar,하이브리드,2.0,False,2WD,5,,,F-Sport,,False,False
mf-035.md-016.sm-ux250h.pw-하이브리드-2-0-awd.tr-기본,렉서스,035,수입,UX,016,UX250h,,19~24,encar,하이브리드,2.0,False,AWD,5,,,기본,,False,False
mf-035.md-005.sm-rx350h-5세대.pw-하이브리드-2-5.tr-럭셔리,렉서스,035,수입,RX,005,RX350h 5세대,,23~현재,encar,하이브리드,2.5,False,,5,,,럭셔리,,False,False
mf-035.md-005.sm-rx350h-5세대.pw-하이브리드-2-5.tr-프리미엄,렉서스,035,수입,RX,005,RX350h 5세대,,23~현재,encar,하이브리드,2.5,False,,5,,,프리미엄,,False,False
mf-035.md-005.sm-rx450h-5세대.pw-하이브리드-2-5.tr-럭셔리,렉서스,035,수입,RX,005,RX450h+ 5세대,,23~현재,encar,하이브리드,2.5,False,,5,,,럭셔리,,False,False
mf-035.md-005.sm-rx500h-5세대.pw-하이브리드-2-4.tr-f-sport,렉서스,035,수입,RX,005,RX500h 5세대,,23~현재,encar,하이브리드,2.4,False,,5,,,F-Sport,,False,False
mf-035.md-005.sm-rx450hl-4세대.pw-하이브리드-3-5.tr-럭셔리-플러스,렉서스,035,수입,RX,005,RX450hL 4세대,,20~23,encar,하이브리드,3.5,False,,6,,,럭셔리 플러스,,False,False
mf-035.md-005.sm-rx450hl-4세대.pw-하이브리드-3-5.tr-이그제큐티브,렉서스,035,수입,RX,005,RX450hL 4세대,,20~23,encar,하이브리드,3.5,False,,6,,,이그제큐티브,,False,False
mf-035.md-005.sm-rx350-4세대.pw-가솔린-3-5.tr-기본,렉서스,035,수입,RX,005,RX350 4세대,,16~23,encar,가솔린,3.5,False,,5,,,기본,,False,False
mf-035.md-005.sm-rx350-4세대.pw-가솔린-3-5.tr-이그제큐티브,렉서스,035,수입,RX,005,RX350 4세대,,16~23,encar,가솔린,3.5,False,,5,,,이그제큐티브,,False,False
mf-035.md-005.sm-rx450h-4세대.pw-하이브리드-3-5.tr-f-sport,렉서스,035,수입,RX,005,RX450h 4세대,,16~23,encar,하이브리드,3.5,False,,5,,,F-Sport,,False,False
mf-035.md-005.sm-rx450h-4세대.pw-하이브리드-3-5.tr-슈프림,렉서스,035,수입,RX,005,RX450h 4세대,,16~23,encar,하이브리드,3.5,False,,5,,,슈프림,,False,False
mf-035.md-005.sm-rx450h-4세대.pw-하이브리드-3-5.tr-슈프림-플러스,렉서스,035,수입,RX,005,RX450h 4세대,,16~23,encar,하이브리드,3.5,False,,5,,,슈프림 플러스,,False,False
mf-035.md-005.sm-rx450h-4세대.pw-하이브리드-3-5.tr-이그제큐티브,렉서스,035,수입,RX,005,RX450h 4세대,,16~23,encar,하이브리드,3.5,False,,5,,,이그제큐티브,,False,False
mf-035.md-005.sm-rx330.pw-가솔린-3-3.tr-xu30,렉서스,035,수입,RX,005,RX330,,03~09,encar,가솔린,3.3,False,,5,,,XU30,,False,False
mf-035.md-005.sm-rx350.pw-가솔린-3-5.tr-al10,렉서스,035,수입,RX,005,RX350,,97~15,encar,가솔린,3.5,False,,5,,,AL10,,False,False
mf-035.md-003.sm-뉴-is300.pw-가솔린-2-0.tr-f-sport,렉서스,035,수입,IS,003,뉴 IS300,,17~21,encar,가솔린,2.0,False,,5,,,F-Sport,,False,False
mf-035.md-003.sm-뉴-is300.pw-가솔린-2-0.tr-슈프림,렉서스,035,수입,IS,003,뉴 IS300,,17~21,encar,가솔린,2.0,False,,5,,,슈프림,,False,False
mf-035.md-003.sm-뉴-is200t.pw-가솔린-2-0.tr-f-sport,렉서스,035,수입,IS,003,뉴 IS200t,,15~17,encar,가솔린,2.0,False,,5,,,F-Sport,,False,False
mf-035.md-003.sm-뉴-is200t.pw-가솔린-2-0.tr-슈프림,렉서스,035,수입,IS,003,뉴 IS200t,,15~17,encar,가솔린,2.0,False,,5,,,슈프림,,False,False
mf-035.md-003.sm-뉴-is250.pw-가솔린-2-5.tr-xe30,렉서스,035,수입,IS,003,뉴 IS250,,13~15,encar,가솔린,2.5,False,,5,,,XE30,,False,False
mf-035.md-003.sm-is250.pw-가솔린-2-5.tr-xe20,렉서스,035,수입,IS,003,IS250,,05~13,encar,가솔린,2.5,False,,5,,,XE20,,False,False
mf-035.md-003.sm-is250.pw-가솔린-2-5.tr-xe20,렉서스,035,수입,IS,003,IS250,,05~13,encar,가솔린,2.5,False,,4,,,XE20,,False,False
mf-035.md-009.sm-ct200h.pw-하이브리드-1-8.tr-zwa10,렉서스,035,수입,CT200h,009,CT200h,,10~현재,encar,하이브리드,1.8,False,,5,,,ZWA10,,False,False
mf-035.md-002.sm-뉴-gs300.pw-가솔린-2-0.tr-l10,렉서스,035,수입,GS,002,뉴 GS300,,17~현재,encar,가솔린,2.0,False,,5,,,L10,,False,False
mf-035.md-002.sm-뉴-gs-f.pw-가솔린-5-0.tr-l10,렉서스,035,수입,GS,002,뉴 GS F,,16~현재,encar,가솔린,5.0,False,,5,,,L10,,False,False
mf-035.md-002.sm-뉴-gs250.pw-가솔린-2-5.tr-l10,렉서스,035,수입,GS,002,뉴 GS250,,12~16,encar,가솔린,2.5,False,,5,,,L10,,False,False
mf-035.md-002.sm-뉴-gs350.pw-가솔린-3-5.tr-l10,렉서스,035,수입,GS,002,뉴 GS350,,12~현재,encar,가솔린,3.5,False,,5,,,L10,,False,False
mf-035.md-002.sm-뉴-gs450h.pw-하이브리드-3-5.tr-l10,렉서스,035,수입,GS,002,뉴 GS450h,,12~현재,encar,하이브리드,3.5,False,,5,,,L10,,False,False
mf-035.md-002.sm-gs460.pw-가솔린-4-6.tr-s190,렉서스,035,수입,GS,002,GS460,,05~12,encar,가솔린,4.6,False,,5,,,S190,,False,False
mf-035.md-002.sm-gs350.pw-가솔린-3-5.tr-s190,렉서스,035,수입,GS,002,GS350,,97~12,encar,가솔린,3.5,False,,5,,,S190,,False,False
mf-035.md-002.sm-gs450h.pw-하이브리드-3-5.tr-s190,렉서스,035,수입,GS,002,GS450h,,97~12,encar,하이브리드,3.5,False,,5,,,S190,,False,False
mf-035.md-002.sm-gs300.pw-가솔린-3-0.tr-s190,렉서스,035,수입,GS,002,GS300,,91~12,encar,가솔린,3.0,False,,5,,,S190,,False,False
mf-035.md-018.sm-lm-2세대.pw-하이브리드-2-4.tr-500h-로얄,렉서스,035,수입,LM,018,LM 2세대,,24~현재,encar,하이브리드,2.4,False,,4,,,500h 로얄,,False,False
mf-035.md-018.sm-lm-2세대.pw-하이브리드-2-4.tr-500h-이그제큐티브,렉서스,035,수입,LM,018,LM 2세대,,24~현재,encar,하이브리드,2.4,False,,6,,,500h 이그제큐티브,,False,False
mf-035.md-008.sm-lx-4세대.pw-하이브리드-3-4.tr-700h-vip,렉서스,035,수입,LX,008,LX 4세대,,25~현재,encar,하이브리드,3.4,False,,4,,,700h VIP,,False,False
mf-035.md-008.sm-lx-4세대.pw-하이브리드-3-4.tr-700h-럭셔리,렉서스,035,수입,LX,008,LX 4세대,,25~현재,encar,하이브리드,3.4,False,,7,,,700h 럭셔리,,False,False
mf-035.md-008.sm-lx-4세대.pw-하이브리드-3-4.tr-700h-오버트레일,렉서스,035,수입,LX,008,LX 4세대,,25~현재,encar,하이브리드,3.4,False,,5,,,700h 오버트레일,,False,False
mf-035.md-008.sm-lx.pw-가솔린-5-7.tr-j200,렉서스,035,수입,LX,008,LX,,96~24,encar,가솔린,5.7,False,,,,,J200,,False,False
mf-035.md-017.sm-rz450e.pw-전기-71-4.tr-럭셔리,렉서스,035,수입,RZ,017,RZ450e,,23~현재,encar,전기,,False,,5,71.4,377,럭셔리,,False,False
mf-035.md-006.sm-sc430.pw-가솔린-4-3.tr-z40,렉서스,035,수입,SC,006,SC430,,01~10,encar,가솔린,4.3,False,,2,,,Z40,,False,False
mf-035.md-007.sm-gx470.pw-가솔린-4-7.tr-j120,렉서스,035,수입,GX,007,GX470,,02~09,encar,가솔린,4.7,False,,8,,,J120,,False,False
mf-031.md-001.sm-xv80.pw-하이브리드-2-5.tr-xle-프리미엄,도요타,031,수입,캠리,001,캠리 XV80,XV80,24~현재,encar,하이브리드,2.5,False,,5,,,XLE 프리미엄,,False,False
mf-031.md-001.sm-xv80.pw-하이브리드-2-5.tr-xle,도요타,031,수입,캠리,001,캠리 XV80,XV80,24~현재,encar,하이브리드,2.5,False,,5,,,XLE,,False,False
mf-031.md-001.sm-xv70.pw-하이브리드-2-5.tr-le,도요타,031,수입,캠리,001,캠리 XV70,XV70,17~24,encar,하이브리드,2.5,False,,5,,,LE,,False,False
mf-031.md-001.sm-xv70.pw-하이브리드-2-5.tr-xle,도요타,031,수입,캠리,001,캠리 XV70,XV70,17~24,encar,하이브리드,2.5,False,,5,,,XLE,,False,False
mf-031.md-001.sm-xv70.pw-하이브리드-2-5.tr-xse,도요타,031,수입,캠리,001,캠리 XV70,XV70,17~24,encar,하이브리드,2.5,False,,5,,,XSE,,False,False
mf-031.md-001.sm-xv70.pw-가솔린-2-5.tr-기본,도요타,031,수입,캠리,001,캠리 XV70,XV70,17~24,encar,가솔린,2.5,False,,5,,,기본,,False,False
mf-031.md-001.sm-xv70.pw-가솔린-2-5.tr-스포츠-에디션-모노톤,도요타,031,수입,캠리,001,캠리 XV70,XV70,17~24,encar,가솔린,2.5,False,,5,,,스포츠 에디션(모노톤),,False,False
mf-031.md-001.sm-뉴-캠리.pw-하이브리드-2-5.tr-le,도요타,031,수입,캠리,001,뉴 캠리,,12~17,encar,하이브리드,2.5,False,,5,,,LE,,False,False
mf-031.md-001.sm-뉴-캠리.pw-하이브리드-2-5.tr-xle,도요타,031,수입,캠리,001,뉴 캠리,,12~17,encar,하이브리드,2.5,False,,5,,,XLE,,False,False
mf-031.md-001.sm-뉴-캠리.pw-가솔린-2-5.tr-xle,도요타,031,수입,캠리,001,뉴 캠리,,12~17,encar,가솔린,2.5,False,,5,,,XLE,,False,False
mf-031.md-001.sm-뉴-캠리.pw-가솔린-3-5.tr-기본,도요타,031,수입,캠리,001,뉴 캠리,,12~17,encar,가솔린,3.5,False,,5,,,기본,,False,False
mf-031.md-001.sm-캠리.pw-하이브리드-2-4.tr-기본,도요타,031,수입,캠리,001,캠리,,86~11,encar,하이브리드,2.4,False,,5,,,기본,,False,False
mf-031.md-001.sm-캠리.pw-가솔린-2-5.tr-xle,도요타,031,수입,캠리,001,캠리,,86~11,encar,가솔린,2.5,False,,5,,,XLE,,False,False
mf-031.md-029.sm-시에나-4세대.pw-하이브리드-2-5-2wd.tr-기본,도요타,031,수입,시에나,029,시에나 4세대,,20~현재,encar,하이브리드,2.5,False,2WD,7,,,기본,,False,False
mf-031.md-029.sm-시에나-4세대.pw-하이브리드-2-5-awd.tr-기본,도요타,031,수입,시에나,029,시에나 4세대,,20~현재,encar,하이브리드,2.5,False,AWD,7,,,기본,,False,False
mf-031.md-029.sm-시에나.pw-가솔린-3-5-awd.tr-기본,도요타,031,수입,시에나,029,시에나,,98~20,encar,가솔린,3.5,False,AWD,7,,,기본,,False,False
mf-031.md-029.sm-시에나.pw-가솔린-3-5.tr-기본,도요타,031,수입,시에나,029,시에나,,98~20,encar,가솔린,3.5,False,,7,,,기본,,False,False
mf-031.md-022.sm-프리우스-5세대.pw-하이브리드-2-0.tr-xse,도요타,031,수입,프리우스,022,프리우스 5세대,,23~현재,encar,하이브리드,2.0,False,,5,,,XSE,,False,False
mf-031.md-022.sm-프리우스-5세대.pw-하이브리드-2-0.tr-xle,도요타,031,수입,프리우스,022,프리우스 5세대,,23~현재,encar,하이브리드,2.0,False,,5,,,XLE,,False,False
mf-031.md-022.sm-프리우스-c.pw-하이브리드-1-5.tr-기본,도요타,031,수입,프리우스,022,프리우스 C,,18~21,encar,하이브리드,1.5,False,,5,,,기본,,False,False
mf-031.md-022.sm-프리우스-c.pw-하이브리드-1-5.tr-크로스오버,도요타,031,수입,프리우스,022,프리우스 C,,18~21,encar,하이브리드,1.5,False,,5,,,크로스오버,,False,False
mf-031.md-022.sm-프리우스-프라임.pw-하이브리드-1-8.tr-기본,도요타,031,수입,프리우스,022,프리우스 프라임,,17~현재,encar,하이브리드,1.8,False,,4,,,기본,,False,False
mf-031.md-022.sm-프리우스-4세대.pw-하이브리드-1-8.tr-기본,도요타,031,수입,프리우스,022,프리우스 4세대,,16~23,encar,하이브리드,1.8,False,,5,,,기본,,False,False
mf-031.md-022.sm-프리우스-4세대.pw-하이브리드-1-8.tr-e,도요타,031,수입,프리우스,022,프리우스 4세대,,16~23,encar,하이브리드,1.8,False,,5,,,E,,False,False
mf-031.md-022.sm-프리우스-4세대.pw-하이브리드-1-8.tr-s,도요타,031,수입,프리우스,022,프리우스 4세대,,16~23,encar,하이브리드,1.8,False,,5,,,S,,False,False
mf-031.md-022.sm-프리우스-v.pw-하이브리드-1-8.tr-기본,도요타,031,수입,프리우스,022,프리우스 V,,12~21,encar,하이브리드,1.8,False,,5,,,기본,,False,False
mf-031.md-022.sm-프리우스.pw-하이브리드-1-8.tr-기본,도요타,031,수입,프리우스,022,프리우스,,97~15,encar,하이브리드,1.8,False,,5,,,기본,,False,False
mf-031.md-022.sm-프리우스.pw-하이브리드-1-8.tr-e,도요타,031,수입,프리우스,022,프리우스,,97~15,encar,하이브리드,1.8,False,,5,,,E,,False,False
mf-031.md-008.sm-rav4-5세대.pw-하이브리드-2-5-4wd.tr-xse,도요타,031,수입,RAV4,008,RAV4 5세대,,19~현재,encar,하이브리드,2.5,False,4WD,5,,,XSE,,False,False
mf-031.md-008.sm-rav4-5세대.pw-하이브리드-2-5-4wd.tr-기본,도요타,031,수입,RAV4,008,RAV4 5세대,,19~현재,encar,하이브리드,2.5,False,4WD,5,,,기본,,False,False
mf-031.md-008.sm-rav4-5세대.pw-하이브리드-2-5-4wd.tr-ltd,도요타,031,수입,RAV4,008,RAV4 5세대,,19~현재,encar,하이브리드,2.5,False,4WD,5,,,LTD,,False,False
mf-031.md-008.sm-rav4-5세대.pw-하이브리드-2-5-2wd.tr-기본,도요타,031,수입,RAV4,008,RAV4 5세대,,19~현재,encar,하이브리드,2.5,False,2WD,5,,,기본,,False,False
mf-031.md-008.sm-rav4-5세대.pw-하이브리드-2-5-2wd.tr-xle,도요타,031,수입,RAV4,008,RAV4 5세대,,19~현재,encar,하이브리드,2.5,False,2WD,5,,,XLE,,False,False
mf-031.md-008.sm-rav4-5세대.pw-가솔린-2-5-2wd.tr-기본,도요타,031,수입,RAV4,008,RAV4 5세대,,19~현재,encar,가솔린,2.5,False,2WD,5,,,기본,,False,False
mf-031.md-008.sm-rav4.pw-가솔린-2-5-4wd.tr-3세대,도요타,031,수입,RAV4,008,RAV4,,94~18,encar,가솔린,2.5,False,4WD,5,,,3세대,,False,False
mf-031.md-008.sm-rav4.pw-가솔린-2-5-4wd.tr-4세대,도요타,031,수입,RAV4,008,RAV4,,94~18,encar,가솔린,2.5,False,4WD,5,,,4세대,,False,False
mf-031.md-008.sm-rav4.pw-가솔린-2-5-2wd.tr-3세대,도요타,031,수입,RAV4,008,RAV4,,94~18,encar,가솔린,2.5,False,2WD,5,,,3세대,,False,False
mf-031.md-008.sm-rav4.pw-가솔린-2-5-2wd.tr-4세대,도요타,031,수입,RAV4,008,RAV4,,94~18,encar,가솔린,2.5,False,2WD,5,,,4세대,,False,False
mf-031.md-008.sm-rav4.pw-하이브리드-2-5-4wd.tr-4세대,도요타,031,수입,RAV4,008,RAV4,,94~18,encar,하이브리드,2.5,False,4WD,5,,,4세대,,False,False
mf-031.md-050.sm-알파드-4세대.pw-하이브리드-2-5-awd.tr-이그제큐티브,도요타,031,수입,알파드,050,알파드 4세대,,23~현재,encar,하이브리드,2.5,False,AWD,7,,,이그제큐티브,,False,False
mf-031.md-050.sm-알파드.pw-가솔린-3-5-2wd.tr-기본,도요타,031,수입,알파드,050,알파드,,02~22,encar,가솔린,3.5,False,2WD,,,,기본,,False,False
mf-031.md-020.sm-크라운-크로스오버.pw-하이브리드-2-5-4wd.tr-기본,도요타,031,수입,크라운,020,크라운 크로스오버,,23~현재,encar,하이브리드,2.5,False,4WD,5,,,기본,,False,False
mf-031.md-020.sm-크라운-크로스오버.pw-하이브리드-2-4-4wd.tr-듀얼-부스트,도요타,031,수입,크라운,020,크라운 크로스오버,,23~현재,encar,하이브리드,2.4,False,4WD,5,,,듀얼 부스트,,False,False
mf-031.md-047.sm-gr86.pw-가솔린-2-4.tr-스탠다드,도요타,031,수입,86,047,GR86,,22~현재,encar,가솔린,2.4,False,,4,,,스탠다드,,False,False
mf-031.md-047.sm-gr86.pw-가솔린-2-4.tr-프리미엄,도요타,031,수입,86,047,GR86,,22~현재,encar,가솔린,2.4,False,,4,,,프리미엄,,False,False
mf-031.md-047.sm-86.pw-가솔린-2-0.tr-기본,도요타,031,수입,86,047,86,,12~현재,encar,가솔린,2.0,False,,4,,,기본,,False,False
mf-031.md-002.sm-아발론-5세대.pw-하이브리드-2-5.tr-기본,도요타,031,수입,아발론,002,아발론 5세대,,18~현재,encar,하이브리드,2.5,False,,5,,,기본,,False,False
mf-031.md-009.sm-수프라-5세대.pw-가솔린-3-0.tr-gr,도요타,031,수입,수프라,009,수프라 5세대,,20~현재,encar,가솔린,3.0,False,,2,,,GR,,False,False
mf-031.md-009.sm-수프라.pw-가솔린-3-4.tr-2dr-liftback,도요타,031,수입,수프라,009,수프라,,78~02,encar,가솔린,3.4,True,,,,,2Dr Liftback,,False,False
mf-031.md-035.sm-하이랜더-4세대.pw-하이브리드-2-5-4wd.tr-리미티드,도요타,031,수입,하이랜더,035,하이랜더 4세대,,23~현재,encar,하이브리드,2.5,False,4WD,7,,,리미티드,,False,False
mf-031.md-035.sm-하이랜더-4세대.pw-하이브리드-2-5-4wd.tr-플래티넘,도요타,031,수입,하이랜더,035,하이랜더 4세대,,23~현재,encar,하이브리드,2.5,False,4WD,7,,,플래티넘,,False,False
mf-031.md-035.sm-하이랜더.pw-하이브리드-2-5.tr-기본,도요타,031,수입,하이랜더,035,하이랜더,,01~20,encar,하이브리드,2.5,False,,7,,,기본,,False,False
mf-031.md-035.sm-하이랜더.pw-가솔린-3-5.tr-기본형,도요타,031,수입,하이랜더,035,하이랜더,,01~20,encar,가솔린,3.5,False,,5,,,기본형,,False,False
mf-031.md-025.sm-fj-크루져.pw-가솔린-4-0-4wd.tr-v6,도요타,031,수입,FJ 크루져,025,FJ 크루져,,06~14,encar,가솔린,4.0,False,4WD,5,,,V6,,False,False
mf-031.md-023.sm-타코마.pw-가솔린-3-5.tr-기본,도요타,031,수입,타코마,023,타코마,,95~현재,encar,가솔린,3.5,False,,5,,,기본,,False,False
mf-031.md-023.sm-타코마.pw-가솔린-3-9.tr-기본,도요타,031,수입,타코마,023,타코마,,95~현재,encar,가솔린,3.9,False,,5,,,기본,,False,False
mf-031.md-038.sm-툰드라.pw-가솔린-5-7.tr-기본,도요타,031,수입,툰드라,038,툰드라,,00~현재,encar,가솔린,5.7,False,,5,,,기본,,False,False
mf-031.md-038.sm-툰드라.pw-가솔린-3-4.tr-기본,도요타,031,수입,툰드라,038,툰드라,,00~현재,encar,가솔린,3.4,False,,5,,,기본,,False,False
mf-031.md-027.sm-bb.pw-가솔린-1-5.tr-기본,도요타,031,수입,bB,027,bB,,00~16,encar,가솔린,1.5,False,,5,,,기본,,False,False
mf-031.md-027.sm-bb.pw-가솔린-1-5.tr-오픈데크,도요타,031,수입,bB,027,bB,,00~16,encar,가솔린,1.5,False,,5,,,오픈데크,,False,False
mf-031.md-027.sm-bb.pw-가솔린-1-3.tr-기본,도요타,031,수입,bB,027,bB,,00~16,encar,가솔린,1.3,False,,,,,기본,,False,False
mf-031.md-042.sm-4runner.pw-가솔린-4-0-4wd.tr-v6-sr5,도요타,031,수입,4Runner,042,4Runner,,84~현재,encar,가솔린,4.0,False,4WD,5,,,V6 SR5,,False,False
mf-031.md-028.sm-will.pw-가솔린-1-3.tr-cypha,도요타,031,수입,WiLL,028,WiLL,,00~05,encar,가솔린,1.3,False,,5,,,CYPHA,,False,False
mf-031.md-041.sm-iq.pw-가솔린-1-0.tr-기본,도요타,031,수입,iQ,041,iQ,,08~16,encar,가솔린,1.0,False,,4,,,기본,,False,False
mf-031.md-019.sm-마크2.pw-가솔린-2-5.tr-기본,도요타,031,수입,마크2,019,마크2,,76~04,encar,가솔린,2.5,False,,,,,기본,,False,False
mf-031.md-043.sm-마크x.pw-가솔린-2-4.tr-기본,도요타,031,수입,마크X,043,마크X,,04~현재,encar,가솔린,2.4,False,,,,,기본,,False,False
mf-031.md-052.sm-벤자.pw-가솔린-3-5.tr-1세대,도요타,031,수입,벤자,052,벤자,,09~17,encar,가솔린,3.5,False,,5,,,1세대,,False,False
mf-031.md-004.sm-셀리카.pw-가솔린-2-2.tr-st-2dr-coupe,도요타,031,수입,셀리카,004,셀리카,,70~06,encar,가솔린,2.2,False,,4,,,ST 2DR Coupe,,False,False
mf-031.md-070.sm-아리스토.pw-가솔린-3-0.tr-기본,도요타,031,수입,아리스토,070,아리스토,,91~05,encar,가솔린,3.0,False,,,,,기본,,False,False
mf-031.md-059.sm-아이고.pw-가솔린-1-0.tr-기본,도요타,031,수입,아이고,059,아이고,,05~현재,encar,가솔린,1.0,False,,4,,,기본,,False,False
mf-031.md-032.sm-야리스-비츠.pw-가솔린-1-6.tr-gr-야리스,도요타,031,수입,야리스(비츠),032,야리스(비츠),,99~현재,encar,가솔린,1.6,False,,5,,,GR 야리스,,False,False
mf-031.md-037.sm-에스티마.pw-가솔린-3-5.tr-기본,도요타,031,수입,에스티마,037,에스티마,,90~현재,encar,가솔린,3.5,False,,7,,,기본,,False,False
mf-044.md-006.sm-에비에이터-2세대.pw-가솔린-3-0-awd.tr-리저브,링컨,044,수입,에비에이터,006,에비에이터 2세대,,19~현재,encar,가솔린,3.0,False,AWD,7,,,리저브,,False,False
mf-044.md-006.sm-에비에이터-2세대.pw-가솔린-3-0-awd.tr-리저브-제트-패키지,링컨,044,수입,에비에이터,006,에비에이터 2세대,,19~현재,encar,가솔린,3.0,False,AWD,7,,,리저브 제트 패키지,,False,False
mf-044.md-006.sm-에비에이터-2세대.pw-가솔린-3-0-awd.tr-블랙라벨,링컨,044,수입,에비에이터,006,에비에이터 2세대,,19~현재,encar,가솔린,3.0,False,AWD,6,,,블랙라벨,,False,False
mf-044.md-006.sm-에비에이터-2세대.pw-하이브리드-3-0-awd.tr-gt,링컨,044,수입,에비에이터,006,에비에이터 2세대,,19~현재,encar,하이브리드,3.0,False,AWD,7,,,GT,,False,False
mf-044.md-006.sm-에비에이터-1세대.pw-가솔린-4-6.tr-4-6l-v8,링컨,044,수입,에비에이터,006,에비에이터 1세대,,02~05,encar,가솔린,4.6,False,,6,,,4.6L V8,,False,False
mf-044.md-013.sm-코세어.pw-가솔린-2-0-awd.tr-리저브,링컨,044,수입,코세어,013,코세어,,20~현재,encar,가솔린,2.0,False,AWD,5,,,리저브,,False,False
mf-044.md-012.sm-노틸러스-2세대.pw-가솔린-2-0-awd.tr-리저브,링컨,044,수입,노틸러스,012,노틸러스 2세대,,23~현재,encar,가솔린,2.0,False,AWD,5,,,리저브,,False,False
mf-044.md-012.sm-노틸러스-1세대.pw-가솔린-2-7-awd.tr-200a,링컨,044,수입,노틸러스,012,노틸러스 1세대,,19~23,encar,가솔린,2.7,False,AWD,5,,,200A,,False,False
mf-044.md-012.sm-노틸러스-1세대.pw-가솔린-2-7-awd.tr-201a,링컨,044,수입,노틸러스,012,노틸러스 1세대,,19~23,encar,가솔린,2.7,False,AWD,5,,,201A,,False,False
mf-044.md-012.sm-노틸러스-1세대.pw-가솔린-2-7-awd.tr-202a,링컨,044,수입,노틸러스,012,노틸러스 1세대,,19~23,encar,가솔린,2.7,False,AWD,5,,,202A,,False,False
mf-044.md-012.sm-노틸러스-1세대.pw-가솔린-2-7-awd.tr-리저브,링컨,044,수입,노틸러스,012,노틸러스 1세대,,19~23,encar,가솔린,2.7,False,AWD,5,,,리저브,,False,False
mf-044.md-002.sm-뉴-mkz.pw-가솔린-2-0.tr-2세대,링컨,044,수입,MKZ,002,뉴 MKZ,,10~현재,encar,가솔린,2.0,False,,5,,,2세대,,False,False
mf-044.md-002.sm-뉴-mkz.pw-가솔린-2-0-awd.tr-2세대,링컨,044,수입,MKZ,002,뉴 MKZ,,10~현재,encar,가솔린,2.0,False,AWD,5,,,2세대,,False,False
mf-044.md-002.sm-뉴-mkz.pw-하이브리드-2-0.tr-2세대,링컨,044,수입,MKZ,002,뉴 MKZ,,10~현재,encar,하이브리드,2.0,False,,5,,,2세대,,False,False
mf-044.md-004.sm-컨티넨탈-10세대.pw-가솔린-3-0-awd.tr-기본,링컨,044,수입,컨티넨탈,004,컨티넨탈 10세대,,16~현재,encar,가솔린,3.0,False,AWD,5,,,기본,,False,False
mf-044.md-004.sm-컨티넨탈-10세대.pw-가솔린-3-0-awd.tr-블랙라벨,링컨,044,수입,컨티넨탈,004,컨티넨탈 10세대,,16~현재,encar,가솔린,3.0,False,AWD,5,,,블랙라벨,,False,False
mf-044.md-004.sm-컨티넨탈-10세대.pw-가솔린-3-0-awd.tr-프레지덴셜,링컨,044,수입,컨티넨탈,004,컨티넨탈 10세대,,16~현재,encar,가솔린,3.0,False,AWD,5,,,프레지덴셜,,False,False
mf-044.md-004.sm-컨티넨탈.pw-가솔린-3-8.tr-3-8l-v6,링컨,044,수입,컨티넨탈,004,컨티넨탈,,80~02,encar,가솔린,3.8,False,,6,,,3.8L V6,,False,False
mf-044.md-001.sm-mkx-2세대.pw-가솔린-2-7-awd.tr-기본,링컨,044,수입,MKX,001,MKX 2세대,,15~18,encar,가솔린,2.7,False,AWD,5,,,기본,,False,False
mf-044.md-001.sm-뉴-mkx.pw-가솔린-3-7-awd.tr-기본,링컨,044,수입,MKX,001,뉴 MKX,,10~15,encar,가솔린,3.7,False,AWD,5,,,기본,,False,False
mf-044.md-007.sm-네비게이터-4세대.pw-가솔린-3-5.tr-3-5l,링컨,044,수입,네비게이터,007,네비게이터 4세대,,18~현재,encar,가솔린,3.5,False,,7,,,3.5L,,False,False
mf-044.md-007.sm-네비게이터-4세대.pw-가솔린-3-5.tr-3-5l-블랙-레이블,링컨,044,수입,네비게이터,007,네비게이터 4세대,,18~현재,encar,가솔린,3.5,False,,9,,,3.5L 블랙 레이블,,False,False
mf-044.md-007.sm-네비게이터.pw-가솔린.tr-5-4l-v8,링컨,044,수입,네비게이터,007,네비게이터,,97~17,encar,가솔린,,False,,7,,,5.4L V8,,False,False
mf-044.md-011.sm-mkc.pw-가솔린-2-0-awd.tr-기본,링컨,044,수입,MKC,011,MKC,,14~현재,encar,가솔린,2.0,False,AWD,5,,,기본,,False,False
mf-044.md-008.sm-뉴-mks.pw-가솔린-3-7.tr-기본,링컨,044,수입,MKS,008,뉴 MKS,,12~16,encar,가솔린,3.7,False,,5,,,기본,,False,False
mf-044.md-008.sm-mks.pw-가솔린-3-7.tr-기본,링컨,044,수입,MKS,008,MKS,,08~12,encar,가솔린,3.7,False,,5,,,기본,,False,False
mf-044.md-010.sm-mkt.pw-가솔린-3-5-awd.tr-기본,링컨,044,수입,MKT,010,MKT,,09~현재,encar,가솔린,3.5,False,AWD,6,,,기본,,False,False
mf-044.md-005.sm-타운카.pw-가솔린-4-6.tr-4-6l-v8,링컨,044,수입,타운카,005,타운카,,81~11,encar,가솔린,4.6,False,,5,,,4.6L V8,,False,False
mf-053.md-011.sm-르반떼.pw-가솔린-3-0-awd.tr-기본,마세라티,053,수입,르반떼,011,르반떼,,16~현재,encar,가솔린,3.0,False,AWD,5,,,기본,,False,False
mf-053.md-011.sm-르반떼.pw-가솔린-3-0-awd.tr-그란루쏘,마세라티,053,수입,르반떼,011,르반떼,,16~현재,encar,가솔린,3.0,False,AWD,5,,,그란루쏘,,False,False
mf-053.md-011.sm-르반떼.pw-가솔린-3-0-awd.tr-그란스포츠,마세라티,053,수입,르반떼,011,르반떼,,16~현재,encar,가솔린,3.0,False,AWD,5,,,그란스포츠,,False,False
mf-053.md-011.sm-르반떼.pw-가솔린-3-0-awd.tr-럭셔리,마세라티,053,수입,르반떼,011,르반떼,,16~현재,encar,가솔린,3.0,False,AWD,5,,,럭셔리,,False,False
mf-053.md-011.sm-르반떼.pw-가솔린-3-0-awd.tr-모데나,마세라티,053,수입,르반떼,011,르반떼,,16~현재,encar,가솔린,3.0,False,AWD,5,,,모데나,,False,False
mf-053.md-011.sm-르반떼.pw-가솔린-3-0-awd.tr-스포츠,마세라티,053,수입,르반떼,011,르반떼,,16~현재,encar,가솔린,3.0,False,AWD,5,,,스포츠,,False,False
mf-053.md-011.sm-르반떼.pw-가솔린-3-0-awd.tr-프리미엄,마세라티,053,수입,르반떼,011,르반떼,,16~현재,encar,가솔린,3.0,False,AWD,5,,,프리미엄,,False,False
mf-053.md-011.sm-르반떼.pw-가솔린-3-0-awd.tr-s,마세라티,053,수입,르반떼,011,르반떼,,16~현재,encar,가솔린,3.0,False,AWD,5,,,S,,False,False
mf-053.md-011.sm-르반떼.pw-가솔린-3-0-awd.tr-s-f-트리뷰토,마세라티,053,수입,르반떼,011,르반떼,,16~현재,encar,가솔린,3.0,False,AWD,5,,,S F 트리뷰토,,False,False
mf-053.md-011.sm-르반떼.pw-가솔린-3-0-awd.tr-s-그란루쏘,마세라티,053,수입,르반떼,011,르반떼,,16~현재,encar,가솔린,3.0,False,AWD,5,,,S 그란루쏘,,False,False
mf-053.md-011.sm-르반떼.pw-가솔린-3-0-awd.tr-s-그란스포츠,마세라티,053,수입,르반떼,011,르반떼,,16~현재,encar,가솔린,3.0,False,AWD,5,,,S 그란스포츠,,False,False
mf-053.md-011.sm-르반떼.pw-가솔린-3-0-awd.tr-s-모데나,마세라티,053,수입,르반떼,011,르반떼,,16~현재,encar,가솔린,3.0,False,AWD,5,,,S 모데나,,False,False
mf-053.md-011.sm-르반떼.pw-가솔린-3-0-awd.tr-s-스포츠,마세라티,053,수입,르반떼,011,르반떼,,16~현재,encar,가솔린,3.0,False,AWD,5,,,S 스포츠,,False,False
mf-053.md-011.sm-르반떼.pw-가솔린-3-0-awd.tr-s-프리미엄,마세라티,053,수입,르반떼,011,르반떼,,16~현재,encar,가솔린,3.0,False,AWD,5,,,S 프리미엄,,False,False
mf-053.md-011.sm-르반떼.pw-가솔린-3-8-awd.tr-gts,마세라티,053,수입,르반떼,011,르반떼,,16~현재,encar,가솔린,3.8,False,AWD,5,,,GTS,,False,False
mf-053.md-011.sm-르반떼.pw-디젤-3-0-awd.tr-기본,마세라티,053,수입,르반떼,011,르반떼,,16~현재,encar,디젤,3.0,False,AWD,5,,,기본,,False,False
mf-053.md-011.sm-르반떼.pw-디젤-3-0-awd.tr-그란루쏘,마세라티,053,수입,르반떼,011,르반떼,,16~현재,encar,디젤,3.0,False,AWD,5,,,그란루쏘,,False,False
mf-053.md-011.sm-르반떼.pw-디젤-3-0-awd.tr-럭셔리,마세라티,053,수입,르반떼,011,르반떼,,16~현재,encar,디젤,3.0,False,AWD,5,,,럭셔리,,False,False
mf-053.md-011.sm-르반떼.pw-디젤-3-0-awd.tr-스포츠,마세라티,053,수입,르반떼,011,르반떼,,16~현재,encar,디젤,3.0,False,AWD,5,,,스포츠,,False,False
mf-053.md-011.sm-르반떼.pw-디젤-3-0-awd.tr-프리미엄,마세라티,053,수입,르반떼,011,르반떼,,16~현재,encar,디젤,3.0,False,AWD,5,,,프리미엄,,False,False
mf-053.md-011.sm-르반떼.pw-디젤-3-0-awd.tr-그란스포츠,마세라티,053,수입,르반떼,011,르반떼,,16~현재,encar,디젤,3.0,False,AWD,5,,,그란스포츠,,False,False
mf-053.md-011.sm-르반떼.pw-가솔린-2-0-awd.tr-gt,마세라티,053,수입,르반떼,011,르반떼,,16~현재,encar,가솔린,2.0,False,AWD,5,,,GT,,False,False
mf-053.md-011.sm-르반떼.pw-가솔린-3-8.tr-트로페오,마세라티,053,수입,르반떼,011,르반떼,,16~현재,encar,가솔린,3.8,False,,5,,,트로페오,,False,False
mf-053.md-010.sm-기블리.pw-가솔린-3-0.tr-3세대,마세라티,053,수입,기블리,010,기블리,,13~현재,encar,가솔린,3.0,False,,5,,,3세대,,False,False
mf-053.md-010.sm-기블리.pw-디젤-3-0.tr-3세대,마세라티,053,수입,기블리,010,기블리,,13~현재,encar,디젤,3.0,False,,5,,,3세대,,False,False
mf-053.md-010.sm-기블리.pw-가솔린-2-0.tr-3세대,마세라티,053,수입,기블리,010,기블리,,13~현재,encar,가솔린,2.0,False,,5,,,3세대,,False,False
mf-053.md-010.sm-기블리.pw-가솔린-3-8.tr-3세대,마세라티,053,수입,기블리,010,기블리,,13~현재,encar,가솔린,3.8,False,,5,,,3세대,,False,False
mf-053.md-001.sm-콰트로포르테.pw-가솔린-3-0.tr-gt,마세라티,053,수입,콰트로포르테,001,콰트로포르테,,63~현재,encar,가솔린,3.0,False,,5,,,GT,,False,False
mf-053.md-001.sm-콰트로포르테.pw-가솔린-3-0.tr-v6,마세라티,053,수입,콰트로포르테,001,콰트로포르테,,63~현재,encar,가솔린,3.0,False,,5,,,V6,,False,False
mf-053.md-001.sm-콰트로포르테.pw-가솔린-3-0.tr-v6-그란루쏘,마세라티,053,수입,콰트로포르테,001,콰트로포르테,,63~현재,encar,가솔린,3.0,False,,5,,,V6 그란루쏘,,False,False
mf-053.md-001.sm-콰트로포르테.pw-가솔린-3-0.tr-s-v6,마세라티,053,수입,콰트로포르테,001,콰트로포르테,,63~현재,encar,가솔린,3.0,False,,5,,,S V6,,False,False
mf-053.md-001.sm-콰트로포르테.pw-가솔린-3-0.tr-s-q4-v6,마세라티,053,수입,콰트로포르테,001,콰트로포르테,,63~현재,encar,가솔린,3.0,False,,5,,,S Q4 V6,,False,False
mf-053.md-001.sm-콰트로포르테.pw-가솔린-3-0.tr-s-q4-v6-그란루쏘,마세라티,053,수입,콰트로포르테,001,콰트로포르테,,63~현재,encar,가솔린,3.0,False,,5,,,S Q4 V6 그란루쏘,,False,False
mf-053.md-001.sm-콰트로포르테.pw-가솔린-3-0.tr-s-q4-v6-그란스포츠,마세라티,053,수입,콰트로포르테,001,콰트로포르테,,63~현재,encar,가솔린,3.0,False,,5,,,S Q4 V6 그란스포츠,,False,False
mf-053.md-001.sm-콰트로포르테.pw-가솔린-4-7.tr-s-v8-스포츠-gt,마세라티,053,수입,콰트로포르테,001,콰트로포르테,,63~현재,encar,가솔린,4.7,False,,5,,,S V8 스포츠 GT,,False,False
mf-053.md-001.sm-콰트로포르테.pw-디젤-3-0.tr-기본,마세라티,053,수입,콰트로포르테,001,콰트로포르테,,63~현재,encar,디젤,3.0,False,,5,,,기본,,False,False
mf-053.md-001.sm-콰트로포르테.pw-디젤-3-0.tr-그란루쏘,마세라티,053,수입,콰트로포르테,001,콰트로포르테,,63~현재,encar,디젤,3.0,False,,5,,,그란루쏘,,False,False
mf-053.md-001.sm-콰트로포르테.pw-가솔린-3-8.tr-gts-v8,마세라티,053,수입,콰트로포르테,001,콰트로포르테,,63~현재,encar,가솔린,3.8,False,,5,,,GTS V8,,False,False
mf-053.md-001.sm-콰트로포르테.pw-가솔린-4-2.tr-v8,마세라티,053,수입,콰트로포르테,001,콰트로포르테,,63~현재,encar,가솔린,4.2,False,,5,,,V8,,False,False
mf-053.md-001.sm-콰트로포르테.pw-가솔린-4-2.tr-v8-스포츠-gt,마세라티,053,수입,콰트로포르테,001,콰트로포르테,,63~현재,encar,가솔린,4.2,False,,5,,,V8 스포츠 GT,,False,False
mf-053.md-013.sm-그레칼레.pw-가솔린-3-0-awd.tr-트로페오,마세라티,053,수입,그레칼레,013,그레칼레,,22~현재,encar,가솔린,3.0,False,AWD,5,,,트로페오,,False,False
mf-053.md-013.sm-그레칼레.pw-가솔린-2-0-awd.tr-gt,마세라티,053,수입,그레칼레,013,그레칼레,,22~현재,encar,가솔린,2.0,False,AWD,5,,,GT,,False,False
mf-053.md-013.sm-그레칼레.pw-가솔린-2-0-awd.tr-모데나,마세라티,053,수입,그레칼레,013,그레칼레,,22~현재,encar,가솔린,2.0,False,AWD,5,,,모데나,,False,False
mf-053.md-013.sm-그레칼레.pw-가솔린-2-0-awd.tr-gt-타입-p,마세라티,053,수입,그레칼레,013,그레칼레,,22~현재,encar,가솔린,2.0,False,AWD,,,,GT 타입 P,,False,False
mf-053.md-013.sm-그레칼레.pw-전기-105-0-awd.tr-폴고레,마세라티,053,수입,그레칼레,013,그레칼레,,22~현재,encar,전기,,False,AWD,5,105.0,333,폴고레,,False,False
mf-053.md-005.sm-그란투리스모-2세대.pw-가솔린-3-0.tr-v6-트로페오,마세라티,053,수입,그란투리스모,005,그란투리스모 2세대,,24~현재,encar,가솔린,3.0,False,,4,,,V6 트로페오,,False,False
mf-053.md-005.sm-그란투리스모.pw-가솔린-4-7.tr-1세대,마세라티,053,수입,그란투리스모,005,그란투리스모,,07~20,encar,가솔린,4.7,False,,4,,,1세대,,False,False
mf-053.md-005.sm-그란투리스모.pw-가솔린-4-7.tr-s,마세라티,053,수입,그란투리스모,005,그란투리스모,,07~20,encar,가솔린,4.7,False,,4,,,S,,False,False
mf-053.md-005.sm-그란투리스모.pw-가솔린-4-7.tr-1세대,마세라티,053,수입,그란투리스모,005,그란투리스모,,07~20,encar,가솔린,4.7,False,,,,,1세대,,False,False
mf-053.md-007.sm-그란카브리오-2세대.pw-가솔린-3-0.tr-v6-트로페오,마세라티,053,수입,그란카브리오,007,그란카브리오 2세대,,24~현재,encar,가솔린,3.0,False,,4,,,V6 트로페오,,False,False
mf-053.md-007.sm-그란카브리오.pw-가솔린-4-7.tr-기본,마세라티,053,수입,그란카브리오,007,그란카브리오,,10~20,encar,가솔린,4.7,False,,4,,,기본,,False,False
mf-053.md-012.sm-mc20.pw-가솔린-3-0.tr-v6,마세라티,053,수입,MC20,012,MC20,,21~현재,encar,가솔린,3.0,False,,2,,,V6,,False,False
mf-053.md-012.sm-mc20.pw-가솔린-3-0.tr-v6-첼로,마세라티,053,수입,MC20,012,MC20,,21~현재,encar,가솔린,3.0,False,,2,,,V6 첼로,,False,False
mf-043.md-008.sm-에스컬레이드-5세대.pw-가솔린-6-2.tr-스포츠-플래티넘,캐딜락,043,수입,에스컬레이드,008,에스컬레이드 5세대,,21~현재,encar,가솔린,6.2,False,,9,,,스포츠 플래티넘,,False,False
mf-043.md-008.sm-에스컬레이드-5세대.pw-가솔린-6-2.tr-프리미엄-럭셔리-플래티넘,캐딜락,043,수입,에스컬레이드,008,에스컬레이드 5세대,,21~현재,encar,가솔린,6.2,False,,9,,,프리미엄 럭셔리 플래티넘,,False,False
mf-043.md-008.sm-에스컬레이드-5세대.pw-가솔린-6-2.tr-esv-스포츠-플래티넘,캐딜락,043,수입,에스컬레이드,008,에스컬레이드 5세대,,21~현재,encar,가솔린,6.2,False,,7,,,ESV 스포츠 플래티넘,,False,False
mf-043.md-008.sm-에스컬레이드-5세대.pw-가솔린-6-2.tr-esv-프리미엄-럭셔리-플래티넘,캐딜락,043,수입,에스컬레이드,008,에스컬레이드 5세대,,21~현재,encar,가솔린,6.2,False,,7,,,ESV 프리미엄 럭셔리 플래티넘,,False,False
mf-043.md-008.sm-에스컬레이드.pw-가솔린-6-2.tr-3세대,캐딜락,043,수입,에스컬레이드,008,에스컬레이드,,99~20,encar,가솔린,6.2,False,,7,,,3세대,,False,False
mf-043.md-008.sm-에스컬레이드.pw-가솔린-6-2.tr-4세대,캐딜락,043,수입,에스컬레이드,008,에스컬레이드,,99~20,encar,가솔린,6.2,False,,7,,,4세대,,False,False
mf-043.md-008.sm-에스컬레이드.pw-가솔린-6-2.tr-3세대,캐딜락,043,수입,에스컬레이드,008,에스컬레이드,,99~20,encar,가솔린,6.2,False,,10,,,3세대,,False,False
mf-043.md-008.sm-에스컬레이드.pw-가솔린-6-2.tr-4세대,캐딜락,043,수입,에스컬레이드,008,에스컬레이드,,99~20,encar,가솔린,6.2,False,,10,,,4세대,,False,False
mf-043.md-008.sm-에스컬레이드.pw-lpg-6-0.tr-2세대,캐딜락,043,수입,에스컬레이드,008,에스컬레이드,,99~20,encar,LPG,6.0,False,,7,,,2세대,,False,False
mf-043.md-017.sm-ct6.pw-가솔린-3-6-awd.tr-스포츠,캐딜락,043,수입,CT6,017,CT6,,16~현재,encar,가솔린,3.6,False,AWD,5,,,스포츠,,False,False
mf-043.md-017.sm-ct6.pw-가솔린-3-6-awd.tr-스포츠-플러스,캐딜락,043,수입,CT6,017,CT6,,16~현재,encar,가솔린,3.6,False,AWD,5,,,스포츠 플러스,,False,False
mf-043.md-017.sm-ct6.pw-가솔린-3-6-awd.tr-프리미엄,캐딜락,043,수입,CT6,017,CT6,,16~현재,encar,가솔린,3.6,False,AWD,5,,,프리미엄,,False,False
mf-043.md-017.sm-ct6.pw-가솔린-3-6-awd.tr-플래티넘,캐딜락,043,수입,CT6,017,CT6,,16~현재,encar,가솔린,3.6,False,AWD,5,,,플래티넘,,False,False
mf-043.md-017.sm-ct6.pw-가솔린-2-0.tr-기본,캐딜락,043,수입,CT6,017,CT6,,16~현재,encar,가솔린,2.0,True,,5,,,기본,,False,False
mf-043.md-001.sm-cts-3세대.pw-가솔린-2-0.tr-럭셔리,캐딜락,043,수입,CTS,001,CTS 3세대,,14~19,encar,가솔린,2.0,False,,5,,,럭셔리,,False,False
mf-043.md-001.sm-cts-3세대.pw-가솔린-2-0.tr-프리미엄,캐딜락,043,수입,CTS,001,CTS 3세대,,14~19,encar,가솔린,2.0,False,,5,,,프리미엄,,False,False
mf-043.md-001.sm-cts-3세대.pw-가솔린-2-0.tr-프리미엄-플러스,캐딜락,043,수입,CTS,001,CTS 3세대,,14~19,encar,가솔린,2.0,False,,5,,,프리미엄 플러스,,False,False
mf-043.md-001.sm-cts-3세대.pw-가솔린-2-0-awd.tr-프리미엄,캐딜락,043,수입,CTS,001,CTS 3세대,,14~19,encar,가솔린,2.0,False,AWD,5,,,프리미엄,,False,False
mf-043.md-001.sm-cts-2세대.pw-가솔린-3-0.tr-luxury,캐딜락,043,수입,CTS,001,CTS 2세대,,08~14,encar,가솔린,3.0,False,,5,,,Luxury,,False,False
mf-043.md-001.sm-cts-2세대.pw-가솔린-3-0.tr-performance,캐딜락,043,수입,CTS,001,CTS 2세대,,08~14,encar,가솔린,3.0,False,,5,,,Performance,,False,False
mf-043.md-001.sm-cts-2세대.pw-가솔린-3-0.tr-sport-wagon,캐딜락,043,수입,CTS,001,CTS 2세대,,08~14,encar,가솔린,3.0,False,,5,,,Sport Wagon,,False,False
mf-043.md-001.sm-cts-2세대.pw-가솔린-3-6.tr-coupe,캐딜락,043,수입,CTS,001,CTS 2세대,,08~14,encar,가솔린,3.6,False,,4,,,Coupe,,False,False
mf-043.md-001.sm-cts-2세대.pw-가솔린-3-6.tr-premium,캐딜락,043,수입,CTS,001,CTS 2세대,,08~14,encar,가솔린,3.6,False,,5,,,Premium,,False,False
mf-043.md-018.sm-xt5.pw-가솔린-3-6-awd.tr-스포츠,캐딜락,043,수입,XT5,018,XT5,,16~현재,encar,가솔린,3.6,False,AWD,5,,,스포츠,,False,False
mf-043.md-018.sm-xt5.pw-가솔린-3-6-awd.tr-프리미엄,캐딜락,043,수입,XT5,018,XT5,,16~현재,encar,가솔린,3.6,False,AWD,5,,,프리미엄,,False,False
mf-043.md-018.sm-xt5.pw-가솔린-3-6-awd.tr-프리미엄-럭셔리,캐딜락,043,수입,XT5,018,XT5,,16~현재,encar,가솔린,3.6,False,AWD,5,,,프리미엄 럭셔리,,False,False
mf-043.md-018.sm-xt5.pw-가솔린-3-6-awd.tr-프리미엄-플러스,캐딜락,043,수입,XT5,018,XT5,,16~현재,encar,가솔린,3.6,False,AWD,5,,,프리미엄 플러스,,False,False
mf-043.md-018.sm-xt5.pw-가솔린-3-6-awd.tr-플래티넘,캐딜락,043,수입,XT5,018,XT5,,16~현재,encar,가솔린,3.6,False,AWD,5,,,플래티넘,,False,False
mf-043.md-020.sm-xt6.pw-가솔린-3-6.tr-스포츠,캐딜락,043,수입,XT6,020,XT6,,20~현재,encar,가솔린,3.6,False,,7,,,스포츠,,False,False
mf-043.md-015.sm-ats.pw-가솔린-2-0.tr-1세대,캐딜락,043,수입,ATS,015,ATS,,13~19,encar,가솔린,2.0,False,,4,,,1세대,,False,False
mf-043.md-015.sm-ats.pw-가솔린-2-0.tr-1세대,캐딜락,043,수입,ATS,015,ATS,,13~19,encar,가솔린,2.0,False,,5,,,1세대,,False,False
mf-043.md-021.sm-ct4.pw-가솔린-2-0.tr-스포츠,캐딜락,043,수입,CT4,021,CT4,,20~현재,encar,가솔린,2.0,False,,5,,,스포츠,,False,False
mf-043.md-022.sm-ct5.pw-가솔린-2-0.tr-스포츠,캐딜락,043,수입,CT5,022,CT5,,20~현재,encar,가솔린,2.0,False,,5,,,스포츠,,False,False
mf-043.md-022.sm-ct5.pw-가솔린-2-0.tr-프리미엄-럭셔리,캐딜락,043,수입,CT5,022,CT5,,20~현재,encar,가솔린,2.0,False,,5,,,프리미엄 럭셔리,,False,False
mf-043.md-023.sm-xt4.pw-가솔린-2-0-awd.tr-스포츠,캐딜락,043,수입,XT4,023,XT4,,18~현재,encar,가솔린,2.0,False,AWD,5,,,스포츠,,False,False
mf-043.md-003.sm-올-뉴-srx.pw-가솔린-3-0.tr-luxury,캐딜락,043,수입,SRX,003,올 뉴 SRX,,09~16,encar,가솔린,3.0,False,,5,,,Luxury,,False,False
mf-043.md-003.sm-올-뉴-srx.pw-가솔린-3-0.tr-premium,캐딜락,043,수입,SRX,003,올 뉴 SRX,,09~16,encar,가솔린,3.0,False,,5,,,Premium,,False,False
mf-043.md-010.sm-dts.pw-가솔린-4-6.tr-리무진,캐딜락,043,수입,DTS,010,DTS,,06~11,encar,가솔린,4.6,False,,,,,리무진,,False,False
mf-043.md-026.sm-리릭.pw-전기-102-0.tr-스포츠,캐딜락,043,수입,리릭,026,리릭,,24~현재,encar,전기,,False,,5,102.0,465,스포츠,,False,False
mf-043.md-016.sm-ats-v.pw-가솔린-3-6.tr-기본,캐딜락,043,수입,ATS-V,016,ATS-V,,16~19,encar,가솔린,3.6,False,,5,,,기본,,False,False
mf-043.md-024.sm-ct5-v.pw-가솔린-6-2.tr-블랙윙,캐딜락,043,수입,CT5-V,024,CT5-V,,22~현재,encar,가솔린,6.2,False,,5,,,블랙윙,,False,False
mf-043.md-002.sm-뉴-sts.pw-가솔린-3-6.tr-기본,캐딜락,043,수입,STS,002,뉴 STS,,07~11,encar,가솔린,3.6,False,,5,,,기본,,False,False
mf-043.md-004.sm-드빌.pw-가솔린-4-6.tr-dhs,캐딜락,043,수입,드빌,004,드빌,,49~05,encar,가솔린,4.6,False,,5,,,DHS,,False,False
mf-043.md-005.sm-스빌.pw-가솔린-4-6.tr-sts,캐딜락,043,수입,스빌,005,스빌,,75~04,encar,가솔린,4.6,False,,5,,,STS,,False,False
mf-043.md-009.sm-컨코어.pw-가솔린-4-6.tr-기본,캐딜락,043,수입,컨코어,009,컨코어,,94~99,encar,가솔린,4.6,False,,6,,,기본,,False,False
mf-043.md-007.sm-플리트우드.pw-가솔린-5-7.tr-기본,캐딜락,043,수입,플리트우드,007,플리트우드,,47~96,encar,가솔린,5.7,False,,,,,기본,,False,False
mf-019.md-001.sm-x260.pw-디젤-2-0-awd.tr-20d-포트폴리오,재규어,019,수입,XF,001,XF X260,X260,16~현재,encar,디젤,2.0,False,AWD,5,,,20d 포트폴리오,,False,False
mf-019.md-001.sm-x260.pw-디젤-2-0-awd.tr-20d-프레스티지,재규어,019,수입,XF,001,XF X260,X260,16~현재,encar,디젤,2.0,False,AWD,5,,,20d 프레스티지,,False,False
mf-019.md-001.sm-x260.pw-디젤-2-0.tr-20d-체커드-플래그-에디션,재규어,019,수입,XF,001,XF X260,X260,16~현재,encar,디젤,2.0,False,,5,,,20d 체커드 플래그 에디션,,False,False
mf-019.md-001.sm-x260.pw-디젤-2-0.tr-20d-포트폴리오,재규어,019,수입,XF,001,XF X260,X260,16~현재,encar,디젤,2.0,False,,5,,,20d 포트폴리오,,False,False
mf-019.md-001.sm-x260.pw-디젤-2-0.tr-20d-프레스티지,재규어,019,수입,XF,001,XF X260,X260,16~현재,encar,디젤,2.0,False,,5,,,20d 프레스티지,,False,False
mf-019.md-001.sm-x260.pw-가솔린-3-0-awd.tr-s,재규어,019,수입,XF,001,XF X260,X260,16~현재,encar,가솔린,3.0,False,AWD,5,,,S,,False,False
mf-019.md-001.sm-x260.pw-가솔린-3-0-awd.tr-35t-r-sport,재규어,019,수입,XF,001,XF X260,X260,16~현재,encar,가솔린,3.0,False,AWD,5,,,35t R-Sport,,False,False
mf-019.md-001.sm-x260.pw-가솔린-2-0.tr-25t-포트폴리오,재규어,019,수입,XF,001,XF X260,X260,16~현재,encar,가솔린,2.0,False,,5,,,25t 포트폴리오,,False,False
mf-019.md-001.sm-x260.pw-가솔린-2-0.tr-25t-프레스티지,재규어,019,수입,XF,001,XF X260,X260,16~현재,encar,가솔린,2.0,False,,5,,,25t 프레스티지,,False,False
mf-019.md-001.sm-x260.pw-디젤-3-0.tr-30d-포트폴리오,재규어,019,수입,XF,001,XF X260,X260,16~현재,encar,디젤,3.0,False,,5,,,30d 포트폴리오,,False,False
mf-019.md-001.sm-x260.pw-가솔린-2-0-awd.tr-25t-프레스티지,재규어,019,수입,XF,001,XF X260,X260,16~현재,encar,가솔린,2.0,False,AWD,5,,,25t 프레스티지,,False,False
mf-019.md-001.sm-new-xf.pw-디젤-2-2.tr-x250,재규어,019,수입,XF,001,New XF,,11~15,encar,디젤,2.2,False,,5,,,X250,,False,False
mf-019.md-001.sm-new-xf.pw-디젤-3-0.tr-x250,재규어,019,수입,XF,001,New XF,,11~15,encar,디젤,3.0,False,,5,,,X250,,False,False
mf-019.md-001.sm-new-xf.pw-가솔린-2-0.tr-x250,재규어,019,수입,XF,001,New XF,,11~15,encar,가솔린,2.0,False,,5,,,X250,,False,False
mf-019.md-001.sm-new-xf.pw-가솔린-5-0.tr-x250,재규어,019,수입,XF,001,New XF,,11~15,encar,가솔린,5.0,False,,5,,,X250,,False,False
mf-019.md-001.sm-new-xf.pw-가솔린-3-0.tr-x250,재규어,019,수입,XF,001,New XF,,11~15,encar,가솔린,3.0,False,,5,,,X250,,False,False
mf-019.md-001.sm-xf.pw-디젤-3-0.tr-x250,재규어,019,수입,XF,001,XF,,08~11,encar,디젤,3.0,False,,5,,,X250,,False,False
mf-019.md-001.sm-xf.pw-가솔린-4-2.tr-x250,재규어,019,수입,XF,001,XF,,08~11,encar,가솔린,4.2,False,,5,,,X250,,False,False
mf-019.md-016.sm-xe.pw-디젤-2-0-awd.tr-20d-포트폴리오,재규어,019,수입,XE,016,XE,,15~현재,encar,디젤,2.0,False,AWD,5,,,20d 포트폴리오,,False,False
mf-019.md-016.sm-xe.pw-디젤-2-0-awd.tr-20d-프레스티지,재규어,019,수입,XE,016,XE,,15~현재,encar,디젤,2.0,False,AWD,5,,,20d 프레스티지,,False,False
mf-019.md-016.sm-xe.pw-가솔린-2-0.tr-20t-프레스티지,재규어,019,수입,XE,016,XE,,15~현재,encar,가솔린,2.0,False,,5,,,20t 프레스티지,,False,False
mf-019.md-016.sm-xe.pw-디젤-2-0.tr-20d-r스포츠,재규어,019,수입,XE,016,XE,,15~현재,encar,디젤,2.0,False,,5,,,20d R스포츠,,False,False
mf-019.md-016.sm-xe.pw-디젤-2-0.tr-20d-포트폴리오,재규어,019,수입,XE,016,XE,,15~현재,encar,디젤,2.0,False,,5,,,20d 포트폴리오,,False,False
mf-019.md-016.sm-xe.pw-디젤-2-0.tr-20d-프레스티지,재규어,019,수입,XE,016,XE,,15~현재,encar,디젤,2.0,False,,5,,,20d 프레스티지,,False,False
mf-019.md-016.sm-xe.pw-디젤-2-0.tr-d180-r-다이나믹-s,재규어,019,수입,XE,016,XE,,15~현재,encar,디젤,2.0,False,,5,,,D180 R-다이나믹 S,,False,False
mf-019.md-016.sm-xe.pw-가솔린-2-0-awd.tr-p300-r-다이나믹-hse,재규어,019,수입,XE,016,XE,,15~현재,encar,가솔린,2.0,False,AWD,,,,P300 R-다이나믹 HSE,,False,False
mf-019.md-017.sm-f-pace.pw-디젤-2-0.tr-d200-s,재규어,019,수입,F-PACE,017,F-PACE,,16~현재,encar,디젤,2.0,False,,5,,,D200 S,,False,False
mf-019.md-017.sm-f-pace.pw-디젤-2-0.tr-d200-se,재규어,019,수입,F-PACE,017,F-PACE,,16~현재,encar,디젤,2.0,False,,5,,,D200 SE,,False,False
mf-019.md-017.sm-f-pace.pw-디젤-2-0.tr-20d-r-sport,재규어,019,수입,F-PACE,017,F-PACE,,16~현재,encar,디젤,2.0,False,,5,,,20d R-Sport,,False,False
mf-019.md-017.sm-f-pace.pw-디젤-2-0.tr-20d-체커-플래그-에디션,재규어,019,수입,F-PACE,017,F-PACE,,16~현재,encar,디젤,2.0,False,,5,,,20d 체커 플래그 에디션,,False,False
mf-019.md-017.sm-f-pace.pw-디젤-2-0.tr-20d-포트폴리오,재규어,019,수입,F-PACE,017,F-PACE,,16~현재,encar,디젤,2.0,False,,5,,,20d 포트폴리오,,False,False
mf-019.md-017.sm-f-pace.pw-디젤-2-0.tr-20d-프레스티지,재규어,019,수입,F-PACE,017,F-PACE,,16~현재,encar,디젤,2.0,False,,5,,,20d 프레스티지,,False,False
mf-019.md-017.sm-f-pace.pw-디젤-3-0.tr-30d-s,재규어,019,수입,F-PACE,017,F-PACE,,16~현재,encar,디젤,3.0,False,,5,,,30d S,,False,False
mf-019.md-017.sm-f-pace.pw-디젤-3-0.tr-30d-퍼스트-에디션,재규어,019,수입,F-PACE,017,F-PACE,,16~현재,encar,디젤,3.0,False,,5,,,30d 퍼스트 에디션,,False,False
mf-019.md-017.sm-f-pace.pw-가솔린-2-0.tr-p-250-se,재규어,019,수입,F-PACE,017,F-PACE,,16~현재,encar,가솔린,2.0,False,,5,,,P 250 SE,,False,False
mf-019.md-017.sm-f-pace.pw-가솔린-3-0.tr-35t-r-sport,재규어,019,수입,F-PACE,017,F-PACE,,16~현재,encar,가솔린,3.0,False,,5,,,35t R-Sport,,False,False
mf-019.md-002.sm-all-new-xj.pw-디젤-3-0.tr-x351,재규어,019,수입,XJ,002,All New XJ,,10~현재,encar,디젤,3.0,False,,5,,,X351,,False,False
mf-019.md-002.sm-all-new-xj.pw-가솔린-5-0.tr-x351,재규어,019,수입,XJ,002,All New XJ,,10~현재,encar,가솔린,5.0,False,,5,,,X351,,False,False
mf-019.md-002.sm-all-new-xj.pw-가솔린-2-0.tr-x351,재규어,019,수입,XJ,002,All New XJ,,10~현재,encar,가솔린,2.0,False,,5,,,X351,,False,False
mf-019.md-002.sm-all-new-xj.pw-가솔린-3-0.tr-x351,재규어,019,수입,XJ,002,All New XJ,,10~현재,encar,가솔린,3.0,False,,5,,,X351,,False,False
mf-019.md-002.sm-all-new-xj.pw-가솔린-3-0-awd.tr-x351,재규어,019,수입,XJ,002,All New XJ,,10~현재,encar,가솔린,3.0,False,AWD,5,,,X351,,False,False
mf-019.md-002.sm-new-xj.pw-디젤-2-7.tr-x350,재규어,019,수입,XJ,002,New XJ,,68~09,encar,디젤,2.7,False,,5,,,X350,,False,False
mf-019.md-002.sm-new-xj.pw-디젤-2-7.tr-x358,재규어,019,수입,XJ,002,New XJ,,68~09,encar,디젤,2.7,False,,5,,,X358,,False,False
mf-019.md-002.sm-new-xj.pw-가솔린-3-0.tr-x358,재규어,019,수입,XJ,002,New XJ,,68~09,encar,가솔린,3.0,False,,5,,,X358,,False,False
mf-019.md-002.sm-new-xj.pw-가솔린-4-2.tr-x358,재규어,019,수입,XJ,002,New XJ,,68~09,encar,가솔린,4.2,False,,5,,,X358,,False,False
mf-019.md-002.sm-new-xj.pw-가솔린-4-2.tr-x358,재규어,019,수입,XJ,002,New XJ,,68~09,encar,가솔린,4.2,False,,,,,X358,,False,False
mf-019.md-015.sm-f-type.pw-가솔린-2-0.tr-x152,재규어,019,수입,F-TYPE,015,F-TYPE,,13~현재,encar,가솔린,2.0,False,,2,,,X152,,False,False
mf-019.md-015.sm-f-type.pw-가솔린-3-0.tr-x152,재규어,019,수입,F-TYPE,015,F-TYPE,,13~현재,encar,가솔린,3.0,False,,2,,,X152,,False,False
mf-019.md-015.sm-f-type.pw-가솔린-5-0-awd.tr-x152,재규어,019,수입,F-TYPE,015,F-TYPE,,13~현재,encar,가솔린,5.0,False,AWD,2,,,X152,,False,False
mf-019.md-015.sm-f-type.pw-가솔린-3-0-awd.tr-x152,재규어,019,수입,F-TYPE,015,F-TYPE,,13~현재,encar,가솔린,3.0,False,AWD,2,,,X152,,False,False
mf-019.md-015.sm-f-type.pw-가솔린-5-0.tr-x152,재규어,019,수입,F-TYPE,015,F-TYPE,,13~현재,encar,가솔린,5.0,False,,2,,,X152,,False,False
mf-019.md-018.sm-e-pace.pw-가솔린-2-0.tr-p250-r-다이나믹-se,재규어,019,수입,E-PACE,018,E-PACE,,18~현재,encar,가솔린,2.0,False,,5,,,P250 R-다이나믹 SE,,False,False
mf-019.md-018.sm-e-pace.pw-가솔린-2-0.tr-p250-s,재규어,019,수입,E-PACE,018,E-PACE,,18~현재,encar,가솔린,2.0,False,,5,,,P250 S,,False,False
mf-019.md-018.sm-e-pace.pw-가솔린-2-0.tr-p250-se,재규어,019,수입,E-PACE,018,E-PACE,,18~현재,encar,가솔린,2.0,False,,5,,,P250 SE,,False,False
mf-019.md-018.sm-e-pace.pw-가솔린-2-0.tr-p250-퍼스트-에디션,재규어,019,수입,E-PACE,018,E-PACE,,18~현재,encar,가솔린,2.0,False,,5,,,P250 퍼스트 에디션,,False,False
mf-019.md-018.sm-e-pace.pw-디젤-2-0.tr-d180-s,재규어,019,수입,E-PACE,018,E-PACE,,18~현재,encar,디젤,2.0,False,,5,,,D180 S,,False,False
mf-019.md-018.sm-e-pace.pw-디젤-2-0.tr-d180-se,재규어,019,수입,E-PACE,018,E-PACE,,18~현재,encar,디젤,2.0,False,,5,,,D180 SE,,False,False
mf-019.md-018.sm-e-pace.pw-디젤-2-0.tr-d180-체커-플래그-에디션,재규어,019,수입,E-PACE,018,E-PACE,,18~현재,encar,디젤,2.0,False,,5,,,D180 체커 플래그 에디션,,False,False
mf-019.md-019.sm-i-pace.pw-전기-90-0.tr-ev400-hse,재규어,019,수입,I-PACE,019,I-PACE,,19~현재,encar,전기,,False,,5,90.0,333,EV400 HSE,,False,False
mf-019.md-019.sm-i-pace.pw-전기-90-0.tr-ev400-se,재규어,019,수입,I-PACE,019,I-PACE,,19~현재,encar,전기,,False,,5,90.0,333,EV400 SE,,False,False
mf-019.md-019.sm-i-pace.pw-전기-90-0.tr-ev400-퍼스트-에디션,재규어,019,수입,I-PACE,019,I-PACE,,19~현재,encar,전기,,False,,5,90.0,333,EV400 퍼스트 에디션,,False,False
mf-019.md-003.sm-xj-6.pw-가솔린-3-2.tr-x300,재규어,019,수입,XJ-6,003,XJ-6,,68~07,encar,가솔린,3.2,False,,5,,,X300,,False,False
mf-019.md-003.sm-xj-6.pw-가솔린-3-0.tr-x350,재규어,019,수입,XJ-6,003,XJ-6,,68~07,encar,가솔린,3.0,False,,5,,,X350,,False,False
mf-019.md-003.sm-xj-6.pw-가솔린-4-0.tr-x300,재규어,019,수입,XJ-6,003,XJ-6,,68~07,encar,가솔린,4.0,False,,,,,X300,,False,False
mf-019.md-009.sm-xj-8.pw-가솔린-4-2.tr-x350,재규어,019,수입,XJ-8,009,XJ-8,,97~09,encar,가솔린,4.2,False,,5,,,X350,,False,False
mf-019.md-009.sm-xj-8.pw-가솔린-3-6.tr-x350,재규어,019,수입,XJ-8,009,XJ-8,,97~09,encar,가솔린,3.6,False,,5,,,X350,,False,False
mf-019.md-009.sm-xj-8.pw-가솔린-4-0.tr-x308,재규어,019,수입,XJ-8,009,XJ-8,,97~09,encar,가솔린,4.0,False,,5,,,X308,,False,False
mf-019.md-004.sm-다임러.pw-가솔린-4-0.tr-기본,재규어,019,수입,다임러,004,다임러,,68~09,encar,가솔린,4.0,False,,5,,,기본,,False,False
mf-019.md-004.sm-다임러.pw-가솔린-4-2.tr-기본,재규어,019,수입,다임러,004,다임러,,68~09,encar,가솔린,4.2,False,,5,,,기본,,False,False
mf-019.md-007.sm-s-type.pw-디젤-2-7.tr-2-7d,재규어,019,수입,S-TYPE,007,S-TYPE,,99~08,encar,디젤,2.7,False,,5,,,2.7D,,False,False
mf-019.md-007.sm-s-type.pw-가솔린-2-5.tr-기본,재규어,019,수입,S-TYPE,007,S-TYPE,,99~08,encar,가솔린,2.5,False,,5,,,기본,,False,False
mf-019.md-006.sm-x-type.pw-디젤-2-2.tr-2-2d,재규어,019,수입,X-TYPE,006,X-TYPE,,01~09,encar,디젤,2.2,False,,5,,,2.2D,,False,False
mf-019.md-006.sm-x-type.pw-가솔린-2-1.tr-기본,재규어,019,수입,X-TYPE,006,X-TYPE,,01~09,encar,가솔린,2.1,False,,5,,,기본,,False,False
mf-019.md-006.sm-x-type.pw-가솔린-2-5.tr-기본,재규어,019,수입,X-TYPE,006,X-TYPE,,01~09,encar,가솔린,2.5,False,,5,,,기본,,False,False
mf-019.md-011.sm-xkr.pw-가솔린-4-2.tr-x150,재규어,019,수입,XKR,011,XKR,,96~15,encar,가솔린,4.2,False,,2,,,X150,,False,False
mf-019.md-011.sm-xkr.pw-가솔린-5-0.tr-x150,재규어,019,수입,XKR,011,XKR,,96~15,encar,가솔린,5.0,False,,4,,,X150,,False,False
mf-019.md-010.sm-xjr.pw-가솔린-4-2.tr-x358,재규어,019,수입,XJR,010,XJR,,89~현재,encar,가솔린,4.2,False,,5,,,X358,,False,False
mf-019.md-012.sm-xk.pw-가솔린-5-0.tr-x150,재규어,019,수입,XK,012,XK,,96~15,encar,가솔린,5.0,False,,4,,,X150,,False,False
mf-019.md-008.sm-xk8.pw-가솔린-40-0.tr-x100,재규어,019,수입,XK8,008,XK8,,96~06,encar,가솔린,40.0,False,,2,,,X100,,False,False
mf-019.md-014.sm-기타.pw-가솔린-4-2.tr-기타,재규어,019,수입,기타,014,기타,,80~현재,encar,가솔린,4.2,False,,,,,기타,,False,False
mf-021.md-024.sm-2008-2세대.pw-디젤-1-5.tr-bluehdi-gt,푸조,021,수입,2008,024,2008 2세대,,20~현재,encar,디젤,1.5,False,,5,,,BlueHDi GT,,False,False
mf-021.md-024.sm-2008-2세대.pw-디젤-1-5.tr-bluehdi-gt-line,푸조,021,수입,2008,024,2008 2세대,,20~현재,encar,디젤,1.5,False,,5,,,BlueHDi GT Line,,False,False
mf-021.md-024.sm-2008-2세대.pw-디젤-1-5.tr-bluehdi-알뤼르,푸조,021,수입,2008,024,2008 2세대,,20~현재,encar,디젤,1.5,False,,5,,,BlueHDi 알뤼르,,False,False
mf-021.md-024.sm-e-2008-2세대.pw-전기.tr-ev-gt,푸조,021,수입,2008,024,e-2008 2세대,,20~현재,encar,전기,,False,,5,,,EV GT,,False,False
mf-021.md-024.sm-e-2008-2세대.pw-전기.tr-ev-gt-line,푸조,021,수입,2008,024,e-2008 2세대,,20~현재,encar,전기,,False,,5,,,EV GT Line,,False,False
mf-021.md-024.sm-2008.pw-디젤-1-6.tr-bluehdi-gt-line,푸조,021,수입,2008,024,2008,,13~20,encar,디젤,1.6,False,,5,,,BlueHDi GT line,,False,False
mf-021.md-024.sm-2008.pw-디젤-1-6.tr-bluehdi-악티브,푸조,021,수입,2008,024,2008,,13~20,encar,디젤,1.6,False,,5,,,BlueHDi 악티브,,False,False
mf-021.md-024.sm-2008.pw-디젤-1-6.tr-bluehdi-알뤼르,푸조,021,수입,2008,024,2008,,13~20,encar,디젤,1.6,False,,5,,,BlueHDi 알뤼르,,False,False
mf-021.md-024.sm-2008.pw-디젤-1-6.tr-bluehdi-알뤼르-gc,푸조,021,수입,2008,024,2008,,13~20,encar,디젤,1.6,False,,5,,,BlueHDi 알뤼르 GC,,False,False
mf-021.md-024.sm-2008.pw-디젤-1-6.tr-bluehdi-액세스,푸조,021,수입,2008,024,2008,,13~20,encar,디젤,1.6,False,,5,,,BlueHDi 액세스,,False,False
mf-021.md-024.sm-2008.pw-디젤-1-6.tr-bluehdi-펠린,푸조,021,수입,2008,024,2008,,13~20,encar,디젤,1.6,False,,5,,,BlueHDi 펠린,,False,False
mf-021.md-024.sm-2008.pw-디젤-1-6.tr-e-hdi-악티브,푸조,021,수입,2008,024,2008,,13~20,encar,디젤,1.6,False,,5,,,e-HDi 악티브,,False,False
mf-021.md-024.sm-2008.pw-디젤-1-6.tr-e-hdi-펠린,푸조,021,수입,2008,024,2008,,13~20,encar,디젤,1.6,False,,5,,,e-HDi 펠린,,False,False
mf-021.md-024.sm-2008.pw-디젤-1-6.tr-e-hdi-펠린-l,푸조,021,수입,2008,024,2008,,13~20,encar,디젤,1.6,False,,5,,,e-HDi 펠린 L,,False,False
mf-021.md-024.sm-2008.pw-디젤-1-6.tr-e-hdi-펠린-s,푸조,021,수입,2008,024,2008,,13~20,encar,디젤,1.6,False,,5,,,e-HDi 펠린 S,,False,False
mf-021.md-024.sm-2008.pw-디젤-1-5.tr-bluehdi-gt-line,푸조,021,수입,2008,024,2008,,13~20,encar,디젤,1.5,False,,5,,,BlueHDi GT Line,,False,False
mf-021.md-024.sm-2008.pw-디젤-1-5.tr-bluehdi-알뤼르,푸조,021,수입,2008,024,2008,,13~20,encar,디젤,1.5,False,,5,,,BlueHDi 알뤼르,,False,False
mf-021.md-024.sm-2008.pw-디젤-1-6.tr-e-hdi-알뤼르,푸조,021,수입,2008,024,2008,,13~20,encar,디젤,1.6,False,,,,,e-HDi 알뤼르,,False,False
mf-021.md-016.sm-3008-3세대.pw-가솔린-1-2.tr-알뤼르,푸조,021,수입,3008,016,3008 3세대,,25~현재,encar,가솔린,1.2,False,,5,,,알뤼르,,False,False
mf-021.md-016.sm-3008-2세대.pw-디젤-1-5.tr-bluehdi-gt,푸조,021,수입,3008,016,3008 2세대,,17~현재,encar,디젤,1.5,False,,5,,,BlueHDi GT,,False,False
mf-021.md-016.sm-3008-2세대.pw-디젤-1-5.tr-bluehdi-gt-line,푸조,021,수입,3008,016,3008 2세대,,17~현재,encar,디젤,1.5,False,,5,,,BlueHDi GT Line,,False,False
mf-021.md-016.sm-3008-2세대.pw-디젤-1-5.tr-bluehdi-gt-pack,푸조,021,수입,3008,016,3008 2세대,,17~현재,encar,디젤,1.5,False,,5,,,BlueHDi GT Pack,,False,False
mf-021.md-016.sm-3008-2세대.pw-디젤-1-5.tr-bluehdi-알뤼르,푸조,021,수입,3008,016,3008 2세대,,17~현재,encar,디젤,1.5,False,,5,,,BlueHDi 알뤼르,,False,False
mf-021.md-016.sm-3008-2세대.pw-가솔린-1-2.tr-pure-tech-gt,푸조,021,수입,3008,016,3008 2세대,,17~현재,encar,가솔린,1.2,False,,5,,,Pure Tech GT,,False,False
mf-021.md-016.sm-3008-2세대.pw-가솔린-1-2.tr-pure-tech-알뤼르,푸조,021,수입,3008,016,3008 2세대,,17~현재,encar,가솔린,1.2,False,,5,,,Pure Tech 알뤼르,,False,False
mf-021.md-016.sm-3008-2세대.pw-디젤-1-6.tr-bluehdi-gt-line,푸조,021,수입,3008,016,3008 2세대,,17~현재,encar,디젤,1.6,False,,5,,,BlueHDi GT Line,,False,False
mf-021.md-016.sm-3008-2세대.pw-디젤-1-6.tr-bluehdi-알뤼르,푸조,021,수입,3008,016,3008 2세대,,17~현재,encar,디젤,1.6,False,,5,,,BlueHDi 알뤼르,,False,False
mf-021.md-016.sm-3008-2세대.pw-디젤-2-0.tr-bluehdi-gt,푸조,021,수입,3008,016,3008 2세대,,17~현재,encar,디젤,2.0,False,,5,,,BlueHDi GT,,False,False
mf-021.md-016.sm-3008.pw-디젤-1-6.tr-1세대,푸조,021,수입,3008,016,3008,,09~16,encar,디젤,1.6,False,,5,,,1세대,,False,False
mf-021.md-016.sm-3008.pw-디젤-2-0.tr-1세대,푸조,021,수입,3008,016,3008,,09~16,encar,디젤,2.0,False,,5,,,1세대,,False,False
mf-021.md-025.sm-5008-2세대.pw-디젤-1-5.tr-bluehdi-gt,푸조,021,수입,5008,025,5008 2세대,,17~26,encar,디젤,1.5,False,,7,,,BlueHDi GT,,False,False
mf-021.md-025.sm-5008-2세대.pw-디젤-1-5.tr-bluehdi-gt-line,푸조,021,수입,5008,025,5008 2세대,,17~26,encar,디젤,1.5,False,,7,,,BlueHDi GT Line,,False,False
mf-021.md-025.sm-5008-2세대.pw-디젤-1-5.tr-bluehdi-알뤼르,푸조,021,수입,5008,025,5008 2세대,,17~26,encar,디젤,1.5,False,,7,,,BlueHDi 알뤼르,,False,False
mf-021.md-025.sm-5008-2세대.pw-디젤-2-0.tr-bluehdi-gt,푸조,021,수입,5008,025,5008 2세대,,17~26,encar,디젤,2.0,False,,7,,,BlueHDi GT,,False,False
mf-021.md-025.sm-5008-2세대.pw-디젤-2-0.tr-bluehdi-gt팩,푸조,021,수입,5008,025,5008 2세대,,17~26,encar,디젤,2.0,False,,7,,,BlueHDi GT팩,,False,False
mf-021.md-025.sm-5008-2세대.pw-디젤-1-6.tr-bluehdi-gt-line,푸조,021,수입,5008,025,5008 2세대,,17~26,encar,디젤,1.6,False,,7,,,BlueHDi GT Line,,False,False
mf-021.md-025.sm-5008-2세대.pw-디젤-1-6.tr-bluehdi-알뤼르,푸조,021,수입,5008,025,5008 2세대,,17~26,encar,디젤,1.6,False,,7,,,BlueHDi 알뤼르,,False,False
mf-021.md-025.sm-5008-2세대.pw-가솔린-1-2.tr-pure-tech-gt,푸조,021,수입,5008,025,5008 2세대,,17~26,encar,가솔린,1.2,False,,7,,,Pure Tech GT,,False,False
mf-021.md-025.sm-5008-2세대.pw-가솔린-1-2.tr-pure-tech-알뤼르,푸조,021,수입,5008,025,5008 2세대,,17~26,encar,가솔린,1.2,False,,7,,,Pure Tech 알뤼르,,False,False
mf-021.md-018.sm-508sw-2세대.pw-디젤-1-5.tr-bluehdi-gt,푸조,021,수입,508,018,508SW 2세대,,19~현재,encar,디젤,1.5,False,,5,,,BlueHDi GT,,False,False
mf-021.md-018.sm-508sw-2세대.pw-디젤-2-0.tr-bluehdi-gt-line,푸조,021,수입,508,018,508SW 2세대,,19~현재,encar,디젤,2.0,False,,5,,,BlueHDi GT Line,,False,False
mf-021.md-018.sm-508-2세대.pw-디젤-1-5.tr-bluehdi-gt,푸조,021,수입,508,018,508 2세대,,19~현재,encar,디젤,1.5,False,,5,,,BlueHDi GT,,False,False
mf-021.md-018.sm-508-2세대.pw-디젤-1-5.tr-bluehdi-알뤼르,푸조,021,수입,508,018,508 2세대,,19~현재,encar,디젤,1.5,False,,5,,,BlueHDi 알뤼르,,False,False
mf-021.md-018.sm-508-2세대.pw-디젤-2-0.tr-bluehdi-gt,푸조,021,수입,508,018,508 2세대,,19~현재,encar,디젤,2.0,False,,5,,,BlueHDi GT,,False,False
mf-021.md-018.sm-508-2세대.pw-디젤-2-0.tr-bluehdi-gt-line,푸조,021,수입,508,018,508 2세대,,19~현재,encar,디젤,2.0,False,,5,,,BlueHDi GT Line,,False,False
mf-021.md-018.sm-508-2세대.pw-디젤-2-0.tr-bluehdi-알뤼르,푸조,021,수입,508,018,508 2세대,,19~현재,encar,디젤,2.0,False,,5,,,BlueHDi 알뤼르,,False,False
mf-021.md-018.sm-508.pw-디젤-1-6.tr-1세대,푸조,021,수입,508,018,508,,11~18,encar,디젤,1.6,False,,5,,,1세대,,False,False
mf-021.md-018.sm-508.pw-디젤-2-0.tr-1세대,푸조,021,수입,508,018,508,,11~18,encar,디젤,2.0,False,,5,,,1세대,,False,False
mf-021.md-018.sm-508.pw-디젤-2-2.tr-1세대,푸조,021,수입,508,018,508,,11~18,encar,디젤,2.2,False,,5,,,1세대,,False,False
mf-021.md-018.sm-508sw.pw-디젤-1-6.tr-e-hdi-악티브,푸조,021,수입,508,018,508SW,,11~18,encar,디젤,1.6,False,,5,,,e-HDi 악티브,,False,False
mf-021.md-018.sm-508sw.pw-디젤-2-0.tr-1세대,푸조,021,수입,508,018,508SW,,11~18,encar,디젤,2.0,False,,5,,,1세대,,False,False
mf-021.md-004.sm-308-3세대.pw-디젤-1-5.tr-bluehdi-gt,푸조,021,수입,308,004,308 3세대,,22~현재,encar,디젤,1.5,False,,5,,,BlueHDi GT,,False,False
mf-021.md-004.sm-308-3세대.pw-디젤-1-5.tr-bluehdi-알뤼르,푸조,021,수입,308,004,308 3세대,,22~현재,encar,디젤,1.5,False,,5,,,BlueHDi 알뤼르,,False,False
mf-021.md-004.sm-308-3세대.pw-하이브리드-1-2.tr-gt,푸조,021,수입,308,004,308 3세대,,22~현재,encar,하이브리드,1.2,False,,5,,,GT,,False,False
mf-021.md-004.sm-308-2세대.pw-디젤-1-6.tr-bluehdi-gt-line,푸조,021,수입,308,004,308 2세대,,14~22,encar,디젤,1.6,False,,5,,,BlueHDi GT Line,,False,False
mf-021.md-004.sm-308-2세대.pw-디젤-1-6.tr-bluehdi-알뤼르,푸조,021,수입,308,004,308 2세대,,14~22,encar,디젤,1.6,False,,5,,,BlueHDi 알뤼르,,False,False
mf-021.md-004.sm-308-2세대.pw-디젤-2-0.tr-bluehdi-악티브,푸조,021,수입,308,004,308 2세대,,14~22,encar,디젤,2.0,False,,5,,,BlueHDi 악티브,,False,False
mf-021.md-004.sm-308-2세대.pw-디젤-2-0.tr-bluehdi-알뤼르,푸조,021,수입,308,004,308 2세대,,14~22,encar,디젤,2.0,False,,5,,,BlueHDi 알뤼르,,False,False
mf-021.md-004.sm-308-2세대.pw-디젤-2-0.tr-bluehdi-펠린,푸조,021,수입,308,004,308 2세대,,14~22,encar,디젤,2.0,False,,5,,,BlueHDi 펠린,,False,False
mf-021.md-004.sm-308-2세대.pw-디젤-1-5.tr-bluehdi-gt-line,푸조,021,수입,308,004,308 2세대,,14~22,encar,디젤,1.5,False,,5,,,BlueHDi GT Line,,False,False
mf-021.md-004.sm-308sw-2세대.pw-디젤-1-6.tr-bluehdi-알뤼르,푸조,021,수입,308,004,308SW 2세대,,14~현재,encar,디젤,1.6,False,,5,,,BlueHDi 알뤼르,,False,False
mf-021.md-004.sm-308sw-2세대.pw-디젤-2-0.tr-bluehdi-알뤼르,푸조,021,수입,308,004,308SW 2세대,,14~현재,encar,디젤,2.0,False,,5,,,BlueHDi 알뤼르,,False,False
mf-021.md-004.sm-308.pw-디젤-1-6.tr-1세대,푸조,021,수입,308,004,308,,07~14,encar,디젤,1.6,False,,5,,,1세대,,False,False
mf-021.md-004.sm-308cc.pw-디젤-2-0.tr-1세대,푸조,021,수입,308,004,308CC,,07~14,encar,디젤,2.0,False,,4,,,1세대,,False,False
mf-021.md-004.sm-308sw.pw-디젤-1-6.tr-1세대,푸조,021,수입,308,004,308SW,,07~14,encar,디젤,1.6,False,,5,,,1세대,,False,False
mf-021.md-022.sm-e-208-2세대.pw-전기.tr-gt,푸조,021,수입,208,022,e-208 2세대,,20~현재,encar,전기,,False,,5,,,GT,,False,False
mf-021.md-022.sm-e-208-2세대.pw-전기.tr-gt-line,푸조,021,수입,208,022,e-208 2세대,,20~현재,encar,전기,,False,,5,,,GT Line,,False,False
mf-021.md-022.sm-e-208-2세대.pw-전기.tr-알뤼르,푸조,021,수입,208,022,e-208 2세대,,20~현재,encar,전기,,False,,5,,,알뤼르,,False,False
mf-021.md-022.sm-208.pw-디젤-1-6.tr-bluehdi-gt-line-5도어,푸조,021,수입,208,022,208,,13~19,encar,디젤,1.6,False,,5,,,BlueHDi GT Line 5도어,,False,False
mf-021.md-022.sm-208.pw-디젤-1-6.tr-bluehdi-알뤼르-5도어,푸조,021,수입,208,022,208,,13~19,encar,디젤,1.6,False,,5,,,BlueHDi 알뤼르 5도어,,False,False
mf-021.md-022.sm-208.pw-디젤-1-6.tr-e-hdi-알뤼르-3도어,푸조,021,수입,208,022,208,,13~19,encar,디젤,1.6,False,,5,,,e-HDi 알뤼르 3도어,,False,False
mf-021.md-022.sm-208.pw-디젤-1-6.tr-e-hdi-에코-5도어,푸조,021,수입,208,022,208,,13~19,encar,디젤,1.6,False,,5,,,e-HDi 에코 5도어,,False,False
mf-021.md-022.sm-208.pw-디젤-1-6.tr-e-hdi-펠린-5도어,푸조,021,수입,208,022,208,,13~19,encar,디젤,1.6,False,,5,,,e-HDi 펠린 5도어,,False,False
mf-021.md-022.sm-208.pw-디젤-1-4.tr-e-hdi-에코-5도어,푸조,021,수입,208,022,208,,13~19,encar,디젤,1.4,False,,5,,,e-HDi 에코 5도어,,False,False
mf-021.md-026.sm-408.pw-가솔린-1-2.tr-pure-tech-gt,푸조,021,수입,408,026,408,,23~현재,encar,가솔린,1.2,False,,5,,,Pure Tech GT,,False,False
mf-021.md-002.sm-207cc.pw-가솔린-1-6.tr-1세대,푸조,021,수입,207,002,207CC,,06~13,encar,가솔린,1.6,False,,,,,1세대,,False,False
mf-021.md-002.sm-207gt.pw-가솔린-1-6.tr-1세대,푸조,021,수입,207,002,207GT,,06~13,encar,가솔린,1.6,False,,5,,,1세대,,False,False
mf-021.md-001.sm-206cc.pw-가솔린-1-6.tr-1세대,푸조,021,수입,206,001,206CC,,00~08,encar,가솔린,1.6,False,,2,,,1세대,,False,False
mf-021.md-003.sm-307cc.pw-가솔린-2-0.tr-1세대,푸조,021,수입,307,003,307CC,,01~09,encar,가솔린,2.0,False,,4,,,1세대,,False,False
mf-021.md-017.sm-rcz.pw-가솔린-1-6.tr-1세대,푸조,021,수입,RCZ,017,RCZ,,10~15,encar,가솔린,1.6,False,,2,,,1세대,,False,False
mf-021.md-023.sm-익스퍼트-티피.pw-디젤-2-0.tr-기본,푸조,021,수입,익스퍼트,023,익스퍼트 티피,,95~현재,encar,디젤,2.0,False,,9,,,기본,,False,False
mf-058.md-017.sm-q50.pw-디젤-2-1.tr-2-2d-스타일,인피니티,058,수입,Q50,017,Q50,,14~현재,encar,디젤,2.1,False,,5,,,2.2d 스타일,,False,False
mf-058.md-017.sm-q50.pw-디젤-2-1.tr-2-2d-익스클루시브,인피니티,058,수입,Q50,017,Q50,,14~현재,encar,디젤,2.1,False,,5,,,2.2d 익스클루시브,,False,False
mf-058.md-017.sm-q50.pw-디젤-2-1.tr-2-2d-프리미엄,인피니티,058,수입,Q50,017,Q50,,14~현재,encar,디젤,2.1,False,,5,,,2.2d 프리미엄,,False,False
mf-058.md-017.sm-q50.pw-하이브리드-3-5.tr-블루-스포츠-센서리,인피니티,058,수입,Q50,017,Q50,,14~현재,encar,하이브리드,3.5,False,,5,,,블루 스포츠 센서리,,False,False
mf-058.md-017.sm-q50.pw-하이브리드-3-5.tr-기본,인피니티,058,수입,Q50,017,Q50,,14~현재,encar,하이브리드,3.5,False,,5,,,기본,,False,False
mf-058.md-017.sm-q50.pw-하이브리드-3-5.tr-스마트-패키지,인피니티,058,수입,Q50,017,Q50,,14~현재,encar,하이브리드,3.5,False,,5,,,스마트 패키지,,False,False
mf-058.md-017.sm-q50.pw-하이브리드-3-5.tr-에센스,인피니티,058,수입,Q50,017,Q50,,14~현재,encar,하이브리드,3.5,False,,5,,,에센스,,False,False
mf-058.md-017.sm-q50.pw-하이브리드-3-5.tr-하이테크,인피니티,058,수입,Q50,017,Q50,,14~현재,encar,하이브리드,3.5,False,,5,,,하이테크,,False,False
mf-058.md-017.sm-q50.pw-가솔린-2-0.tr-기본,인피니티,058,수입,Q50,017,Q50,,14~현재,encar,가솔린,2.0,False,,5,,,기본,,False,False
mf-058.md-017.sm-q50.pw-가솔린-3-0.tr-기본,인피니티,058,수입,Q50,017,Q50,,14~현재,encar,가솔린,3.0,False,,5,,,기본,,False,False
mf-058.md-018.sm-q30.pw-가솔린-2-0.tr-갤러리-화이트,인피니티,058,수입,Q30,018,Q30,,16~현재,encar,가솔린,2.0,False,,5,,,갤러리 화이트,,False,False
mf-058.md-018.sm-q30.pw-가솔린-2-0.tr-스포츠-에센셜,인피니티,058,수입,Q30,018,Q30,,16~현재,encar,가솔린,2.0,False,,5,,,스포츠 에센셜,,False,False
mf-058.md-018.sm-q30.pw-가솔린-2-0.tr-스포츠-프로어시스트,인피니티,058,수입,Q30,018,Q30,,16~현재,encar,가솔린,2.0,False,,5,,,스포츠 프로어시스트,,False,False
mf-058.md-018.sm-q30.pw-가솔린-2-0.tr-에센셜,인피니티,058,수입,Q30,018,Q30,,16~현재,encar,가솔린,2.0,False,,5,,,에센셜,,False,False
mf-058.md-018.sm-q30.pw-가솔린-2-0.tr-익스클루시브,인피니티,058,수입,Q30,018,Q30,,16~현재,encar,가솔린,2.0,False,,5,,,익스클루시브,,False,False
mf-058.md-018.sm-q30.pw-가솔린-2-0.tr-익스클루시브-시티-블랙,인피니티,058,수입,Q30,018,Q30,,16~현재,encar,가솔린,2.0,False,,5,,,익스클루시브 시티 블랙,,False,False
mf-058.md-018.sm-q30.pw-가솔린-2-0.tr-퓨어,인피니티,058,수입,Q30,018,Q30,,16~현재,encar,가솔린,2.0,False,,5,,,퓨어,,False,False
mf-058.md-018.sm-q30.pw-가솔린-2-0.tr-프리미엄,인피니티,058,수입,Q30,018,Q30,,16~현재,encar,가솔린,2.0,False,,5,,,프리미엄,,False,False
mf-058.md-018.sm-q30.pw-가솔린-2-0.tr-프리미엄-시티-블랙,인피니티,058,수입,Q30,018,Q30,,16~현재,encar,가솔린,2.0,False,,5,,,프리미엄 시티 블랙,,False,False
mf-058.md-013.sm-p71a.pw-가솔린-2-0-awd.tr-센서리,인피니티,058,수입,QX50,013,QX50 P71A,P71A,19~현재,encar,가솔린,2.0,False,AWD,5,,,센서리,,False,False
mf-058.md-013.sm-p71a.pw-가솔린-2-0.tr-에센셜,인피니티,058,수입,QX50,013,QX50 P71A,P71A,19~현재,encar,가솔린,2.0,False,,5,,,에센셜,,False,False
mf-058.md-013.sm-qx50.pw-가솔린-3-7-awd.tr-기본,인피니티,058,수입,QX50,013,QX50,,14~17,encar,가솔린,3.7,False,AWD,5,,,기본,,False,False
mf-058.md-002.sm-g25.pw-가솔린-2-5.tr-v36,인피니티,058,수입,G,002,G25,,11~13,encar,가솔린,2.5,False,,5,,,V36,,False,False
mf-058.md-002.sm-g37.pw-가솔린-3-7.tr-v36,인피니티,058,수입,G,002,G37,,08~13,encar,가솔린,3.7,False,,4,,,V36,,False,False
mf-058.md-002.sm-g37.pw-가솔린-3-7.tr-v36,인피니티,058,수입,G,002,G37,,08~13,encar,가솔린,3.7,False,,5,,,V36,,False,False
mf-058.md-002.sm-g35.pw-가솔린-3-5.tr-v35,인피니티,058,수입,G,002,G35,,03~08,encar,가솔린,3.5,False,,5,,,V35,,False,False
mf-058.md-002.sm-g35.pw-가솔린-3-5.tr-v35,인피니티,058,수입,G,002,G35,,03~08,encar,가솔린,3.5,False,,4,,,V35,,False,False
mf-058.md-002.sm-g35.pw-가솔린-3-5.tr-v35,인피니티,058,수입,G,002,G35,,03~08,encar,가솔린,3.5,False,,,,,V35,,False,False
mf-058.md-014.sm-qx60.pw-가솔린-3-5-awd.tr-기본,인피니티,058,수입,QX60,014,QX60,,14~현재,encar,가솔린,3.5,False,AWD,7,,,기본,,False,False
mf-058.md-012.sm-q70.pw-가솔린-3-7.tr-스마트-패키지,인피니티,058,수입,Q70,012,Q70,,14~현재,encar,가솔린,3.7,False,,5,,,스마트 패키지,,False,False
mf-058.md-012.sm-q70.pw-가솔린-3-7.tr-스타일,인피니티,058,수입,Q70,012,Q70,,14~현재,encar,가솔린,3.7,False,,5,,,스타일,,False,False
mf-058.md-012.sm-q70.pw-가솔린-3-7.tr-프리미엄,인피니티,058,수입,Q70,012,Q70,,14~현재,encar,가솔린,3.7,False,,5,,,프리미엄,,False,False
mf-058.md-012.sm-q70.pw-가솔린-3-7-awd.tr-기본,인피니티,058,수입,Q70,012,Q70,,14~현재,encar,가솔린,3.7,False,AWD,5,,,기본,,False,False
mf-058.md-012.sm-q70.pw-디젤-3-0.tr-3-0d,인피니티,058,수입,Q70,012,Q70,,14~현재,encar,디젤,3.0,False,,5,,,3.0d,,False,False
mf-058.md-003.sm-m30d.pw-디젤-3-0.tr-기본,인피니티,058,수입,M,003,M30d,,10~13,encar,디젤,3.0,False,,5,,,기본,,False,False
mf-058.md-003.sm-m37.pw-가솔린-3-7.tr-y51,인피니티,058,수입,M,003,M37,,10~13,encar,가솔린,3.7,False,,5,,,Y51,,False,False
mf-058.md-003.sm-m37.pw-가솔린-3-7-awd.tr-y51,인피니티,058,수입,M,003,M37,,10~13,encar,가솔린,3.7,False,AWD,5,,,Y51,,False,False
mf-058.md-003.sm-m56.pw-가솔린-5-6.tr-y51,인피니티,058,수입,M,003,M56,,10~13,encar,가솔린,5.6,False,,5,,,Y51,,False,False
mf-058.md-003.sm-m35.pw-가솔린-3-5.tr-y50,인피니티,058,수입,M,003,M35,,03~10,encar,가솔린,3.5,False,,5,,,Y50,,False,False
mf-058.md-003.sm-m45.pw-가솔린-4-5.tr-y50,인피니티,058,수입,M,003,M45,,03~10,encar,가솔린,4.5,False,,5,,,Y50,,False,False
mf-058.md-001.sm-fx30d.pw-디젤-3-0.tr-s51,인피니티,058,수입,FX,001,FX30d,,09~13,encar,디젤,3.0,False,,5,,,S51,,False,False
mf-058.md-001.sm-fx50.pw-가솔린-5-0.tr-s51,인피니티,058,수입,FX,001,FX50,,09~13,encar,가솔린,5.0,False,,5,,,S51,,False,False
mf-058.md-001.sm-fx35.pw-가솔린-3-5.tr-s51,인피니티,058,수입,FX,001,FX35,,03~13,encar,가솔린,3.5,False,,5,,,S51,,False,False
mf-058.md-001.sm-fx45.pw-가솔린-4-5.tr-s50,인피니티,058,수입,FX,001,FX45,,03~08,encar,가솔린,4.5,False,,5,,,S50,,False,False
mf-058.md-019.sm-qx30.pw-가솔린-2-0-awd.tr-에센셜,인피니티,058,수입,QX30,019,QX30,,18~현재,encar,가솔린,2.0,False,AWD,5,,,에센셜,,False,False
mf-058.md-019.sm-qx30.pw-가솔린-2-0-awd.tr-프로어시스트,인피니티,058,수입,QX30,019,QX30,,18~현재,encar,가솔린,2.0,False,AWD,5,,,프로어시스트,,False,False
mf-058.md-007.sm-ex35.pw-가솔린-3-5.tr-j50,인피니티,058,수입,EX,007,EX35,,08~13,encar,가솔린,3.5,False,,5,,,J50,,False,False
mf-058.md-011.sm-cv37.pw-가솔린-3-0.tr-쿠페,인피니티,058,수입,Q60,011,Q60 CV37,CV37,18~현재,encar,가솔린,3.0,False,,4,,,쿠페,,False,False
mf-058.md-011.sm-q60.pw-가솔린-3-7.tr-컨버터블,인피니티,058,수입,Q60,011,Q60,,14~16,encar,가솔린,3.7,False,,4,,,컨버터블,,False,False
mf-058.md-015.sm-qx70.pw-가솔린-3-7-awd.tr-기본,인피니티,058,수입,QX70,015,QX70,,14~현재,encar,가솔린,3.7,False,AWD,5,,,기본,,False,False
mf-058.md-015.sm-qx70.pw-가솔린-3-7-awd.tr-스페셜-에디션,인피니티,058,수입,QX70,015,QX70,,14~현재,encar,가솔린,3.7,False,AWD,5,,,스페셜 에디션,,False,False
mf-058.md-015.sm-qx70.pw-디젤-3-0-awd.tr-3-0d,인피니티,058,수입,QX70,015,QX70,,14~현재,encar,디젤,3.0,False,AWD,5,,,3.0d,,False,False
mf-058.md-008.sm-jx35.pw-가솔린-3-5-4wd.tr-1세대,인피니티,058,수입,JX,008,JX35,,12~13,encar,가솔린,3.5,False,4WD,7,,,1세대,,False,False
mf-058.md-008.sm-jx35.pw-가솔린-3-5-2wd.tr-1세대,인피니티,058,수입,JX,008,JX35,,12~13,encar,가솔린,3.5,False,2WD,7,,,1세대,,False,False
mf-033.md-005.sm-l34.pw-가솔린-2-5.tr-sl-테크,닛산,033,수입,알티마,005,알티마 L34,L34,19~현재,encar,가솔린,2.5,False,,5,,,SL 테크,,False,False
mf-033.md-005.sm-l34.pw-가솔린-2-5.tr-스페셜-에디션,닛산,033,수입,알티마,005,알티마 L34,L34,19~현재,encar,가솔린,2.5,False,,5,,,스페셜 에디션,,False,False
mf-033.md-005.sm-l34.pw-가솔린-2-0.tr-기본,닛산,033,수입,알티마,005,알티마 L34,L34,19~현재,encar,가솔린,2.0,True,,5,,,기본,,False,False
mf-033.md-005.sm-알티마.pw-가솔린-2-5.tr-l32,닛산,033,수입,알티마,005,알티마,,93~18,encar,가솔린,2.5,False,,5,,,L32,,False,False
mf-033.md-005.sm-알티마.pw-가솔린-2-5.tr-l33,닛산,033,수입,알티마,005,알티마,,93~18,encar,가솔린,2.5,False,,5,,,L33,,False,False
mf-033.md-005.sm-알티마.pw-가솔린-3-5.tr-l32,닛산,033,수입,알티마,005,알티마,,93~18,encar,가솔린,3.5,False,,5,,,L32,,False,False
mf-033.md-005.sm-알티마.pw-가솔린-3-5.tr-l33,닛산,033,수입,알티마,005,알티마,,93~18,encar,가솔린,3.5,False,,5,,,L33,,False,False
mf-033.md-020.sm-큐브.pw-가솔린-1-8.tr-z12,닛산,033,수입,큐브,020,큐브,,98~19,encar,가솔린,1.8,False,,5,,,Z12,,False,False
mf-033.md-020.sm-큐브.pw-가솔린-1-5.tr-z12,닛산,033,수입,큐브,020,큐브,,98~19,encar,가솔린,1.5,False,,4,,,Z12,,False,False
mf-033.md-040.sm-쥬크.pw-가솔린-1-6.tr-f15,닛산,033,수입,쥬크,040,쥬크,,11~현재,encar,가솔린,1.6,False,,5,,,F15,,False,False
mf-033.md-040.sm-쥬크.pw-가솔린-1-5.tr-f15,닛산,033,수입,쥬크,040,쥬크,,11~현재,encar,가솔린,1.5,False,,5,,,F15,,False,False
mf-033.md-006.sm-a36.pw-가솔린-3-5.tr-플래티넘,닛산,033,수입,맥시마,006,맥시마 A36,A36,15~현재,encar,가솔린,3.5,False,,5,,,플래티넘,,False,False
mf-033.md-007.sm-패스파인더-4세대.pw-가솔린-3-5-4wd.tr-기본,닛산,033,수입,패스파인더,007,패스파인더 4세대,,13~현재,encar,가솔린,3.5,False,4WD,7,,,기본,,False,False
mf-033.md-047.sm-엑스트레일.pw-가솔린-2-5-4wd.tr-기본,닛산,033,수입,엑스트레일,047,엑스트레일,,19~현재,encar,가솔린,2.5,False,4WD,5,,,기본,,False,False
mf-033.md-047.sm-엑스트레일.pw-가솔린-2-5-4wd.tr-테크,닛산,033,수입,엑스트레일,047,엑스트레일,,19~현재,encar,가솔린,2.5,False,4WD,5,,,테크,,False,False
mf-033.md-047.sm-엑스트레일.pw-가솔린-2-5-2wd.tr-스마트,닛산,033,수입,엑스트레일,047,엑스트레일,,19~현재,encar,가솔린,2.5,False,2WD,5,,,스마트,,False,False
mf-033.md-024.sm-z52.pw-하이브리드-2-5.tr-플래티넘,닛산,033,수입,무라노,024,무라노 Z52,Z52,15~현재,encar,하이브리드,2.5,False,,5,,,플래티넘,,False,False
mf-033.md-024.sm-무라노.pw-가솔린-3-5.tr-z51,닛산,033,수입,무라노,024,무라노,,02~14,encar,가솔린,3.5,False,,5,,,Z51,,False,False
mf-033.md-046.sm-ze1.pw-전기.tr-ev-sl,닛산,033,수입,리프,046,리프 ZE1,ZE1,19~현재,encar,전기,,False,,5,,,EV SL,,False,False
mf-033.md-011.sm-스카이라인.pw-가솔린-2-6.tr-r33,닛산,033,수입,스카이라인,011,스카이라인,,81~현재,encar,가솔린,2.6,False,,,,,R33,,False,False
mf-033.md-011.sm-스카이라인.pw-가솔린-2-6.tr-r34,닛산,033,수입,스카이라인,011,스카이라인,,81~현재,encar,가솔린,2.6,False,,,,,R34,,False,False
mf-033.md-011.sm-스카이라인.pw-가솔린-2-5.tr-r33,닛산,033,수입,스카이라인,011,스카이라인,,81~현재,encar,가솔린,2.5,False,,,,,R33,,False,False
mf-033.md-027.sm-370z.pw-가솔린-3-7.tr-z34,닛산,033,수입,370Z,027,370Z,,09~현재,encar,가솔린,3.7,False,,2,,,Z34,,False,False
mf-033.md-018.sm-350z.pw-가솔린-3-5.tr-z33,닛산,033,수입,350Z,018,350Z,,03~09,encar,가솔린,3.5,False,,,,,Z33,,False,False
mf-033.md-018.sm-350z.pw-가솔린-3-5.tr-z33,닛산,033,수입,350Z,018,350Z,,03~09,encar,가솔린,3.5,False,,2,,,Z33,,False,False
mf-033.md-030.sm-gt-r.pw-가솔린-3-8.tr-미드나잇-오팔에디션,닛산,033,수입,GT-R,030,GT-R,,07~현재,encar,가솔린,3.8,False,,,,,미드나잇 오팔에디션,,False,False
mf-033.md-030.sm-gt-r.pw-가솔린-3-8.tr-r35,닛산,033,수입,GT-R,030,GT-R,,07~현재,encar,가솔린,3.8,False,,4,,,R35,,False,False
mf-033.md-016.sm-마치.pw-가솔린-1-2.tr-k12,닛산,033,수입,마치,016,마치,,82~현재,encar,가솔린,1.2,False,,,,,K12,,False,False
mf-033.md-043.sm-캐시카이-2세대.pw-디젤-1-6.tr-sl,닛산,033,수입,캐시카이,043,캐시카이 2세대,,14~현재,encar,디젤,1.6,False,,5,,,SL,,False,False
mf-033.md-014.sm-휘가로.pw-가솔린-1-0.tr-e-fk10,닛산,033,수입,휘가로,014,휘가로,,91~91,encar,가솔린,1.0,False,,4,,,E-FK10,,False,False
mf-033.md-004.sm-300zx.pw-가솔린-3-0.tr-z32,닛산,033,수입,300ZX,004,300ZX,,83~00,encar,가솔린,3.0,True,,4,,,Z32,,False,False
mf-033.md-023.sm-s35.pw-가솔린-2-5-4wd.tr-1세대,닛산,033,수입,로그,023,로그 S35,S35,07~13,encar,가솔린,2.5,False,4WD,5,,,1세대,,False,False
mf-033.md-009.sm-센트라.pw-가솔린-1-8.tr-b17,닛산,033,수입,센트라,009,센트라,,82~현재,encar,가솔린,1.8,False,,5,,,B17,,False,False
mf-033.md-036.sm-엘그란드.pw-가솔린-3-5.tr-e51,닛산,033,수입,엘그란드,036,엘그란드,,97~현재,encar,가솔린,3.5,False,,,,,E51,,False,False
mf-033.md-034.sm-티아나.pw-가솔린-2-5.tr-j32,닛산,033,수입,티아나,034,티아나,,03~현재,encar,가솔린,2.5,False,,5,,,J32,,False,False
mf-033.md-019.sm-프론티어.pw-가솔린-3-3-4wd.tr-d22,닛산,033,수입,프론티어,019,프론티어,,97~현재,encar,가솔린,3.3,False,4WD,,,,D22,,False,False
mf-050.md-001.sm-컨티넨탈-gt-4세대.pw-하이브리드-4-0.tr-gt-스피드,벤틀리,050,수입,컨티넨탈,001,컨티넨탈 GT 4세대,,24~현재,encar,하이브리드,4.0,False,,4,,,GT 스피드,,False,False
mf-050.md-001.sm-컨티넨탈-gt-4세대.pw-하이브리드-4-0.tr-gt-아주르,벤틀리,050,수입,컨티넨탈,001,컨티넨탈 GT 4세대,,24~현재,encar,하이브리드,4.0,False,,4,,,GT 아주르,,False,False
mf-050.md-001.sm-컨티넨탈-gt-4세대.pw-하이브리드-4-0.tr-gtc-스피드,벤틀리,050,수입,컨티넨탈,001,컨티넨탈 GT 4세대,,24~현재,encar,하이브리드,4.0,False,,4,,,GTC 스피드,,False,False
mf-050.md-001.sm-컨티넨탈-gt-3세대.pw-가솔린-4-0.tr-gt,벤틀리,050,수입,컨티넨탈,001,컨티넨탈 GT 3세대,,18~24,encar,가솔린,4.0,False,,4,,,GT,,False,False
mf-050.md-001.sm-컨티넨탈-gt-3세대.pw-가솔린-4-0.tr-gt-아주르,벤틀리,050,수입,컨티넨탈,001,컨티넨탈 GT 3세대,,18~24,encar,가솔린,4.0,False,,4,,,GT 아주르,,False,False
mf-050.md-001.sm-컨티넨탈-gt-3세대.pw-가솔린-4-0.tr-gts,벤틀리,050,수입,컨티넨탈,001,컨티넨탈 GT 3세대,,18~24,encar,가솔린,4.0,False,,4,,,GTS,,False,False
mf-050.md-001.sm-컨티넨탈-gt-3세대.pw-가솔린-6-0.tr-gt,벤틀리,050,수입,컨티넨탈,001,컨티넨탈 GT 3세대,,18~24,encar,가솔린,6.0,False,,4,,,GT,,False,False
mf-050.md-001.sm-컨티넨탈-gt-3세대.pw-가솔린-6-0.tr-gtc,벤틀리,050,수입,컨티넨탈,001,컨티넨탈 GT 3세대,,18~24,encar,가솔린,6.0,False,,4,,,GTC,,False,False
mf-050.md-001.sm-컨티넨탈-gt-2세대.pw-가솔린-4-0.tr-gt,벤틀리,050,수입,컨티넨탈,001,컨티넨탈 GT 2세대,,11~18,encar,가솔린,4.0,False,,4,,,GT,,False,False
mf-050.md-001.sm-컨티넨탈-gt-2세대.pw-가솔린-4-0.tr-gt-s,벤틀리,050,수입,컨티넨탈,001,컨티넨탈 GT 2세대,,11~18,encar,가솔린,4.0,False,,4,,,GT S,,False,False
mf-050.md-001.sm-컨티넨탈-gt-2세대.pw-가솔린-4-0.tr-gtc,벤틀리,050,수입,컨티넨탈,001,컨티넨탈 GT 2세대,,11~18,encar,가솔린,4.0,False,,4,,,GTC,,False,False
mf-050.md-001.sm-컨티넨탈-gt-2세대.pw-가솔린-6-0.tr-gt,벤틀리,050,수입,컨티넨탈,001,컨티넨탈 GT 2세대,,11~18,encar,가솔린,6.0,False,,4,,,GT,,False,False
mf-050.md-001.sm-컨티넨탈-gt-2세대.pw-가솔린-6-0.tr-gt-스피드,벤틀리,050,수입,컨티넨탈,001,컨티넨탈 GT 2세대,,11~18,encar,가솔린,6.0,False,,4,,,GT 스피드,,False,False
mf-050.md-001.sm-컨티넨탈-gt-2세대.pw-가솔린-6-0.tr-gtc,벤틀리,050,수입,컨티넨탈,001,컨티넨탈 GT 2세대,,11~18,encar,가솔린,6.0,False,,4,,,GTC,,False,False
mf-050.md-001.sm-컨티넨탈-gt-2세대.pw-가솔린-6-0.tr-gtc-스피드,벤틀리,050,수입,컨티넨탈,001,컨티넨탈 GT 2세대,,11~18,encar,가솔린,6.0,False,,4,,,GTC 스피드,,False,False
mf-050.md-001.sm-컨티넨탈-gt-1세대.pw-가솔린-6-0.tr-gt,벤틀리,050,수입,컨티넨탈,001,컨티넨탈 GT 1세대,,03~11,encar,가솔린,6.0,False,,4,,,GT,,False,False
mf-050.md-001.sm-컨티넨탈-gt-1세대.pw-가솔린-6-0.tr-gt-스피드,벤틀리,050,수입,컨티넨탈,001,컨티넨탈 GT 1세대,,03~11,encar,가솔린,6.0,False,,4,,,GT 스피드,,False,False
mf-050.md-001.sm-컨티넨탈-gt-1세대.pw-가솔린-6-0.tr-gtc,벤틀리,050,수입,컨티넨탈,001,컨티넨탈 GT 1세대,,03~11,encar,가솔린,6.0,False,,4,,,GTC,,False,False
mf-050.md-009.sm-플라잉스퍼-4세대.pw-하이브리드-4-0.tr-뮬리너,벤틀리,050,수입,플라잉스퍼,009,플라잉스퍼 4세대,,24~현재,encar,하이브리드,4.0,False,,,,,뮬리너,,False,False
mf-050.md-009.sm-플라잉스퍼-3세대.pw-가솔린-4-0.tr-기본,벤틀리,050,수입,플라잉스퍼,009,플라잉스퍼 3세대,,20~24,encar,가솔린,4.0,False,,5,,,기본,,False,False
mf-050.md-009.sm-플라잉스퍼-3세대.pw-가솔린-4-0.tr-아주르,벤틀리,050,수입,플라잉스퍼,009,플라잉스퍼 3세대,,20~24,encar,가솔린,4.0,False,,5,,,아주르,,False,False
mf-050.md-009.sm-플라잉스퍼-3세대.pw-가솔린-6-0.tr-기본,벤틀리,050,수입,플라잉스퍼,009,플라잉스퍼 3세대,,20~24,encar,가솔린,6.0,False,,,,,기본,,False,False
mf-050.md-009.sm-플라잉스퍼-3세대.pw-가솔린-4-0.tr-s,벤틀리,050,수입,플라잉스퍼,009,플라잉스퍼 3세대,,20~24,encar,가솔린,4.0,False,,,,,S,,False,False
mf-050.md-009.sm-플라잉스퍼-2세대.pw-가솔린-4-0.tr-기본,벤틀리,050,수입,플라잉스퍼,009,플라잉스퍼 2세대,,13~19,encar,가솔린,4.0,False,,5,,,기본,,False,False
mf-050.md-009.sm-플라잉스퍼-2세대.pw-가솔린-4-0.tr-s,벤틀리,050,수입,플라잉스퍼,009,플라잉스퍼 2세대,,13~19,encar,가솔린,4.0,False,,5,,,S,,False,False
mf-050.md-009.sm-플라잉스퍼-2세대.pw-가솔린-6-0.tr-기본,벤틀리,050,수입,플라잉스퍼,009,플라잉스퍼 2세대,,13~19,encar,가솔린,6.0,False,,5,,,기본,,False,False
mf-050.md-009.sm-플라잉스퍼-1세대.pw-가솔린-6-0.tr-기본,벤틀리,050,수입,플라잉스퍼,009,플라잉스퍼 1세대,,05~13,encar,가솔린,6.0,False,,4,,,기본,,False,False
mf-050.md-009.sm-플라잉스퍼-1세대.pw-가솔린-6-0.tr-스피드,벤틀리,050,수입,플라잉스퍼,009,플라잉스퍼 1세대,,05~13,encar,가솔린,6.0,False,,4,,,스피드,,False,False
mf-050.md-008.sm-벤테이가.pw-가솔린-4-0.tr-v8,벤틀리,050,수입,벤테이가,008,벤테이가,,16~현재,encar,가솔린,4.0,False,,5,,,V8,,False,False
mf-050.md-008.sm-벤테이가.pw-가솔린-4-0.tr-v8-ewb-뮬리너,벤틀리,050,수입,벤테이가,008,벤테이가,,16~현재,encar,가솔린,4.0,False,,5,,,V8 EWB 뮬리너,,False,False
mf-050.md-008.sm-벤테이가.pw-가솔린-4-0.tr-v8-ewb-아주르,벤틀리,050,수입,벤테이가,008,벤테이가,,16~현재,encar,가솔린,4.0,False,,5,,,V8 EWB 아주르,,False,False
mf-050.md-008.sm-벤테이가.pw-가솔린-4-0.tr-v8-ewb-퍼스트-에디션,벤틀리,050,수입,벤테이가,008,벤테이가,,16~현재,encar,가솔린,4.0,False,,5,,,V8 EWB 퍼스트 에디션,,False,False
mf-050.md-008.sm-벤테이가.pw-가솔린-4-0.tr-v8-베이스,벤틀리,050,수입,벤테이가,008,벤테이가,,16~현재,encar,가솔린,4.0,False,,5,,,V8 베이스,,False,False
mf-050.md-008.sm-벤테이가.pw-가솔린-4-0.tr-v8-아주르,벤틀리,050,수입,벤테이가,008,벤테이가,,16~현재,encar,가솔린,4.0,False,,5,,,V8 아주르,,False,False
mf-050.md-008.sm-벤테이가.pw-가솔린-6-0.tr-w12,벤틀리,050,수입,벤테이가,008,벤테이가,,16~현재,encar,가솔린,6.0,False,,4,,,W12,,False,False
mf-050.md-008.sm-벤테이가.pw-하이브리드-3-0.tr-플러그인,벤틀리,050,수입,벤테이가,008,벤테이가,,16~현재,encar,하이브리드,3.0,False,,,,,플러그인,,False,False
mf-050.md-008.sm-벤테이가.pw-가솔린-4-0.tr-v8-s,벤틀리,050,수입,벤테이가,008,벤테이가,,16~현재,encar,가솔린,4.0,False,,,,,V8 S,,False,False
mf-050.md-007.sm-뮬산.pw-가솔린-6-8.tr-기본,벤틀리,050,수입,뮬산,007,뮬산,,10~현재,encar,가솔린,6.8,False,,5,,,기본,,False,False
mf-050.md-007.sm-뮬산.pw-가솔린-6-8.tr-스피드,벤틀리,050,수입,뮬산,007,뮬산,,10~현재,encar,가솔린,6.8,False,,5,,,스피드,,False,False
mf-050.md-006.sm-브룩랜즈.pw-가솔린-6-7.tr-1세대,벤틀리,050,수입,브룩랜즈,006,브룩랜즈,,92~11,encar,가솔린,6.7,False,,5,,,1세대,,False,False
mf-041.md-029.sm-로마.pw-가솔린-3-9.tr-기본,페라리,041,수입,로마,029,로마,,20~현재,encar,가솔린,3.9,False,,4,,,기본,,False,False
mf-041.md-029.sm-로마.pw-가솔린-3-9.tr-스파이더,페라리,041,수입,로마,029,로마,,20~현재,encar,가솔린,3.9,False,,,,,스파이더,,False,False
mf-041.md-030.sm-296-gts.pw-하이브리드-3-0.tr-v6,페라리,041,수입,296,030,296 GTS,,22~현재,encar,하이브리드,3.0,False,,,,,V6,,False,False
mf-041.md-030.sm-296-gtb.pw-하이브리드-3-0.tr-v6,페라리,041,수입,296,030,296 GTB,,22~현재,encar,하이브리드,3.0,False,,2,,,V6,,False,False
mf-041.md-025.sm-포르토피노.pw-가솔린-3-9.tr-v8,페라리,041,수입,포르토피노,025,포르토피노,,18~24,encar,가솔린,3.9,False,,4,,,V8,,False,False
mf-041.md-025.sm-포르토피노.pw-가솔린-3-9.tr-m-v8,페라리,041,수입,포르토피노,025,포르토피노,,18~24,encar,가솔린,3.9,False,,4,,,M V8,,False,False
mf-041.md-028.sm-sf90-스파이더.pw-하이브리드-4-0.tr-기본,페라리,041,수입,SF90,028,SF90 스파이더,,21~현재,encar,하이브리드,4.0,False,,,,,기본,,False,False
mf-041.md-028.sm-sf90-스트라달레.pw-하이브리드-4-0.tr-기본,페라리,041,수입,SF90,028,SF90 스트라달레,,20~현재,encar,하이브리드,4.0,False,,2,,,기본,,False,False
mf-041.md-027.sm-f8-트리뷰토.pw-가솔린-3-9.tr-v8,페라리,041,수입,F8,027,F8 트리뷰토,,19~24,encar,가솔린,3.9,False,,2,,,V8,,False,False
mf-041.md-027.sm-f8-스파이더.pw-가솔린-3-9.tr-v8,페라리,041,수입,F8,027,F8 스파이더,,19~24,encar,가솔린,3.9,False,,2,,,V8,,False,False
mf-041.md-032.sm-푸로산게.pw-가솔린-6-5.tr-v12,페라리,041,수입,푸로산게,032,푸로산게,,22~현재,encar,가솔린,6.5,False,,,,,V12,,False,False
mf-041.md-022.sm-488-피스타.pw-가솔린-3-9.tr-스파이더,페라리,041,수입,488,022,488 피스타,,18~20,encar,가솔린,3.9,False,,2,,,스파이더,,False,False
mf-041.md-022.sm-488-gtb.pw-가솔린-3-9.tr-기본,페라리,041,수입,488,022,488 GTB,,15~20,encar,가솔린,3.9,False,,2,,,기본,,False,False
mf-041.md-022.sm-488-스파이더.pw-가솔린-3-9.tr-기본,페라리,041,수입,488,022,488 스파이더,,15~20,encar,가솔린,3.9,False,,2,,,기본,,False,False
mf-041.md-014.sm-캘리포니아.pw-가솔린-3-9.tr-t-v8,페라리,041,수입,캘리포니아,014,캘리포니아,,08~17,encar,가솔린,3.9,False,,4,,,T V8,,False,False
mf-041.md-014.sm-캘리포니아.pw-가솔린-3-9.tr-v8,페라리,041,수입,캘리포니아,014,캘리포니아,,08~17,encar,가솔린,3.9,False,,,,,V8,,False,False
mf-041.md-014.sm-캘리포니아.pw-가솔린-4-3.tr-30-v8,페라리,041,수입,캘리포니아,014,캘리포니아,,08~17,encar,가솔린,4.3,False,,4,,,30 V8,,False,False
mf-041.md-018.sm-458.pw-가솔린-4-5.tr-스파이더,페라리,041,수입,458,018,458,,10~15,encar,가솔린,4.5,False,,2,,,스파이더,,False,False
mf-041.md-018.sm-458.pw-가솔린-4-5.tr-스페치알레,페라리,041,수입,458,018,458,,10~15,encar,가솔린,4.5,False,,2,,,스페치알레,,False,False
mf-041.md-018.sm-458.pw-가솔린-4-5.tr-이탈리아,페라리,041,수입,458,018,458,,10~15,encar,가솔린,4.5,False,,2,,,이탈리아,,False,False
mf-041.md-024.sm-812-gts.pw-가솔린-6-5.tr-v12,페라리,041,수입,812,024,812 GTS,,20~24,encar,가솔린,6.5,False,,2,,,V12,,False,False
mf-041.md-024.sm-812-슈퍼패스트.pw-가솔린-6-5.tr-v12,페라리,041,수입,812,024,812 슈퍼패스트,,17~24,encar,가솔린,6.5,False,,2,,,V12,,False,False
mf-041.md-021.sm-ff.pw-가솔린-6-3.tr-v12,페라리,041,수입,FF,021,FF,,11~16,encar,가솔린,6.3,False,,4,,,V12,,False,False
mf-041.md-023.sm-gtc4-루쏘.pw-가솔린-6-3.tr-v12,페라리,041,수입,GTC4 루쏘,023,GTC4 루쏘,,16~21,encar,가솔린,6.3,False,,4,,,V12,,False,False
mf-041.md-023.sm-gtc4-루쏘.pw-가솔린-3-9.tr-t-v8,페라리,041,수입,GTC4 루쏘,023,GTC4 루쏘,,16~21,encar,가솔린,3.9,False,,4,,,T V8,,False,False
mf-041.md-017.sm-599-gtb.pw-가솔린-6-0.tr-피오라노-v12,페라리,041,수입,599,017,599 GTB,,06~12,encar,가솔린,6.0,False,,2,,,피오라노 V12,,False,False
mf-041.md-011.sm-f430.pw-가솔린-4-3.tr-v8,페라리,041,수입,F430,011,F430,,04~09,encar,가솔린,4.3,False,,2,,,V8,,False,False
mf-041.md-011.sm-f430.pw-가솔린-4-3.tr-스파이더,페라리,041,수입,F430,011,F430,,04~09,encar,가솔린,4.3,False,,2,,,스파이더,,False,False
mf-041.md-033.sm-308-gts.pw-가솔린-3-2.tr-v8,페라리,041,수입,308,033,308 GTS,,75~85,encar,가솔린,3.2,False,,,,,V8,,False,False
mf-041.md-009.sm-456.pw-가솔린-5-5.tr-m-gta,페라리,041,수입,456,009,456,,92~03,encar,가솔린,5.5,False,,,,,M GTA,,False,False
mf-041.md-001.sm-f355.pw-가솔린-3-5.tr-gts,페라리,041,수입,F355,001,F355,,94~99,encar,가솔린,3.5,False,,,,,GTS,,False,False
mf-049.md-009.sm-우루스.pw-가솔린-4-0.tr-v8,람보르기니,049,수입,우루스,009,우루스,,18~현재,encar,가솔린,4.0,False,,5,,,V8,,False,False
mf-049.md-009.sm-우루스.pw-가솔린-4-0.tr-v8-s,람보르기니,049,수입,우루스,009,우루스,,18~현재,encar,가솔린,4.0,False,,5,,,V8 S,,False,False
mf-049.md-009.sm-우루스.pw-가솔린-4-0.tr-v8-퍼포만테,람보르기니,049,수입,우루스,009,우루스,,18~현재,encar,가솔린,4.0,False,,5,,,V8 퍼포만테,,False,False
mf-049.md-009.sm-우루스.pw-하이브리드-4-0.tr-v8-se,람보르기니,049,수입,우루스,009,우루스,,18~현재,encar,하이브리드,4.0,False,,5,,,V8 SE,,False,False
mf-049.md-008.sm-우라칸.pw-가솔린-5-2.tr-lp580-2,람보르기니,049,수입,우라칸,008,우라칸,,14~현재,encar,가솔린,5.2,False,,2,,,LP580-2,,False,False
mf-049.md-008.sm-우라칸.pw-가솔린-5-2.tr-lp610-2-에보,람보르기니,049,수입,우라칸,008,우라칸,,14~현재,encar,가솔린,5.2,False,,2,,,LP610-2 에보,,False,False
mf-049.md-008.sm-우라칸.pw-가솔린-5-2.tr-lp610-2-에보-스파이더,람보르기니,049,수입,우라칸,008,우라칸,,14~현재,encar,가솔린,5.2,False,,2,,,LP610-2 에보 스파이더,,False,False
mf-049.md-008.sm-우라칸.pw-가솔린-5-2.tr-lp610-4,람보르기니,049,수입,우라칸,008,우라칸,,14~현재,encar,가솔린,5.2,False,,2,,,LP610-4,,False,False
mf-049.md-008.sm-우라칸.pw-가솔린-5-2.tr-lp610-4-스파이더,람보르기니,049,수입,우라칸,008,우라칸,,14~현재,encar,가솔린,5.2,False,,2,,,LP610-4 스파이더,,False,False
mf-049.md-008.sm-우라칸.pw-가솔린-5-2.tr-lp640-2-sto,람보르기니,049,수입,우라칸,008,우라칸,,14~현재,encar,가솔린,5.2,False,,2,,,LP640-2 STO,,False,False
mf-049.md-008.sm-우라칸.pw-가솔린-5-2.tr-lp640-2-테크니카,람보르기니,049,수입,우라칸,008,우라칸,,14~현재,encar,가솔린,5.2,False,,2,,,LP640-2 테크니카,,False,False
mf-049.md-008.sm-우라칸.pw-가솔린-5-2.tr-lp640-4-에보,람보르기니,049,수입,우라칸,008,우라칸,,14~현재,encar,가솔린,5.2,False,,2,,,LP640-4 에보,,False,False
mf-049.md-008.sm-우라칸.pw-가솔린-5-2.tr-lp640-4-에보-스파이더,람보르기니,049,수입,우라칸,008,우라칸,,14~현재,encar,가솔린,5.2,False,,2,,,LP640-4 에보 스파이더,,False,False
mf-049.md-008.sm-우라칸.pw-가솔린-5-2.tr-lp580-2-스파이더,람보르기니,049,수입,우라칸,008,우라칸,,14~현재,encar,가솔린,5.2,False,,,,,LP580-2 스파이더,,False,False
mf-049.md-007.sm-아벤타도르.pw-가솔린-6-5.tr-lp700-4,람보르기니,049,수입,아벤타도르,007,아벤타도르,,11~22,encar,가솔린,6.5,False,,2,,,LP700-4,,False,False
mf-049.md-007.sm-아벤타도르.pw-가솔린-6-5.tr-lp700-4-로드스터,람보르기니,049,수입,아벤타도르,007,아벤타도르,,11~22,encar,가솔린,6.5,False,,2,,,LP700-4 로드스터,,False,False
mf-049.md-007.sm-아벤타도르.pw-가솔린-6-5.tr-lp770-4-svj-로드스터,람보르기니,049,수입,아벤타도르,007,아벤타도르,,11~22,encar,가솔린,6.5,False,,2,,,LP770-4 SVJ 로드스터,,False,False
mf-049.md-007.sm-아벤타도르.pw-가솔린-6-5.tr-s-lp740-4,람보르기니,049,수입,아벤타도르,007,아벤타도르,,11~22,encar,가솔린,6.5,False,,2,,,S LP740-4,,False,False
mf-049.md-007.sm-아벤타도르.pw-가솔린-6-5.tr-s-lp740-4-로드스터,람보르기니,049,수입,아벤타도르,007,아벤타도르,,11~22,encar,가솔린,6.5,False,,2,,,S LP740-4 로드스터,,False,False
mf-049.md-007.sm-아벤타도르.pw-가솔린-6-5.tr-lp780-4-얼티메,람보르기니,049,수입,아벤타도르,007,아벤타도르,,11~22,encar,가솔린,6.5,False,,,,,LP780-4 얼티메,,False,False
mf-049.md-010.sm-레부엘토.pw-하이브리드-6-5.tr-v12,람보르기니,049,수입,레부엘토,010,레부엘토,,25~현재,encar,하이브리드,6.5,False,,2,,,V12,,False,False
mf-049.md-001.sm-무르시엘라고.pw-가솔린-6-2.tr-v12-쿠페,람보르기니,049,수입,무르시엘라고,001,무르시엘라고,,01~10,encar,가솔린,6.2,False,,,,,V12 쿠페,,False,False
mf-049.md-001.sm-무르시엘라고.pw-가솔린-6-2.tr-lp640-로드스터,람보르기니,049,수입,무르시엘라고,001,무르시엘라고,,01~10,encar,가솔린,6.2,False,,,,,LP640 로드스터,,False,False
mf-049.md-001.sm-무르시엘라고.pw-가솔린-6-5.tr-lp640,람보르기니,049,수입,무르시엘라고,001,무르시엘라고,,01~10,encar,가솔린,6.5,False,,2,,,LP640,,False,False
mf-047.md-004.sm-고스트-2세대.pw-가솔린-6-6.tr-v12-블랙-배지,롤스로이스,047,수입,고스트,004,고스트 2세대,,20~현재,encar,가솔린,6.6,False,,,,,V12 블랙 배지,,False,False
mf-047.md-004.sm-고스트-2세대.pw-가솔린-6-7.tr-ewb-v12,롤스로이스,047,수입,고스트,004,고스트 2세대,,20~현재,encar,가솔린,6.7,False,,4,,,EWB V12,,False,False
mf-047.md-004.sm-고스트-2세대.pw-가솔린-6-7.tr-v12,롤스로이스,047,수입,고스트,004,고스트 2세대,,20~현재,encar,가솔린,6.7,False,,5,,,V12,,False,False
mf-047.md-004.sm-고스트.pw-가솔린-6-6.tr-ewb-v12,롤스로이스,047,수입,고스트,004,고스트,,10~20,encar,가솔린,6.6,False,,5,,,EWB V12,,False,False
mf-047.md-004.sm-고스트.pw-가솔린-6-6.tr-v12,롤스로이스,047,수입,고스트,004,고스트,,10~20,encar,가솔린,6.6,False,,5,,,V12,,False,False
mf-047.md-004.sm-고스트.pw-가솔린-6-6.tr-v12-블랙-배지,롤스로이스,047,수입,고스트,004,고스트,,10~20,encar,가솔린,6.6,False,,5,,,V12 블랙 배지,,False,False
mf-047.md-007.sm-컬리넌.pw-가솔린-6-7.tr-v12,롤스로이스,047,수입,컬리넌,007,컬리넌,,18~현재,encar,가솔린,6.7,False,,5,,,V12,,False,False
mf-047.md-007.sm-컬리넌.pw-가솔린-6-7.tr-v12-블랙-배지,롤스로이스,047,수입,컬리넌,007,컬리넌,,18~현재,encar,가솔린,6.7,False,,,,,V12 블랙 배지,,False,False
mf-047.md-005.sm-레이스.pw-가솔린-6-6.tr-기본,롤스로이스,047,수입,레이스,005,레이스,,14~현재,encar,가솔린,6.6,False,,4,,,기본,,False,False
mf-047.md-005.sm-레이스.pw-가솔린-6-6.tr-이글-viii,롤스로이스,047,수입,레이스,005,레이스,,14~현재,encar,가솔린,6.6,False,,4,,,이글 VIII,,False,False
mf-047.md-005.sm-레이스.pw-가솔린-6-6.tr-블랙-배지,롤스로이스,047,수입,레이스,005,레이스,,14~현재,encar,가솔린,6.6,False,,,,,블랙 배지,,False,False
mf-047.md-001.sm-팬텀.pw-가솔린-6-7.tr-v12,롤스로이스,047,수입,팬텀,001,팬텀,,03~현재,encar,가솔린,6.7,False,,4,,,V12,,False,False
mf-047.md-001.sm-팬텀.pw-가솔린-6-7.tr-ewb-v12,롤스로이스,047,수입,팬텀,001,팬텀,,03~현재,encar,가솔린,6.7,False,,5,,,EWB V12,,False,False
mf-047.md-001.sm-팬텀.pw-가솔린-6-7.tr-v12-쿠페,롤스로이스,047,수입,팬텀,001,팬텀,,03~현재,encar,가솔린,6.7,False,,,,,V12 쿠페,,False,False
mf-047.md-008.sm-스펙터.pw-전기.tr-쿠페,롤스로이스,047,수입,스펙터,008,스펙터,,23~현재,encar,전기,,False,,4,,,쿠페,,False,False
mf-047.md-008.sm-스펙터.pw-전기.tr-쿠페-블랙배지,롤스로이스,047,수입,스펙터,008,스펙터,,23~현재,encar,전기,,False,,4,,,쿠페 블랙배지,,False,False
mf-047.md-006.sm-던.pw-가솔린-6-6.tr-v12-블랙-배지,롤스로이스,047,수입,던,006,던,,16~현재,encar,가솔린,6.6,False,,,,,V12 블랙 배지,,False,False
mf-047.md-006.sm-던.pw-가솔린-6-6.tr-v12,롤스로이스,047,수입,던,006,던,,16~현재,encar,가솔린,6.6,False,,4,,,V12,,False,False
mf-022.md-010.sm-그랜드-c4-피카소.pw-디젤-1-6.tr-b-hdi-인텐시브,시트로엥/DS,022,수입,C4 피카소,010,그랜드 C4 피카소,,13~18,encar,디젤,1.6,False,,7,,,B-HDI 인텐시브,,False,False
mf-022.md-010.sm-그랜드-c4-피카소.pw-디젤-1-6.tr-b-hdi-필,시트로엥/DS,022,수입,C4 피카소,010,그랜드 C4 피카소,,13~18,encar,디젤,1.6,False,,7,,,B-HDI 필,,False,False
mf-022.md-010.sm-그랜드-c4-피카소.pw-디젤-2-0.tr-b-hdi-샤인,시트로엥/DS,022,수입,C4 피카소,010,그랜드 C4 피카소,,13~18,encar,디젤,2.0,False,,7,,,B-HDI 샤인,,False,False
mf-022.md-010.sm-그랜드-c4-피카소.pw-디젤-2-0.tr-b-hdi-인텐시브,시트로엥/DS,022,수입,C4 피카소,010,그랜드 C4 피카소,,13~18,encar,디젤,2.0,False,,7,,,B-HDI 인텐시브,,False,False
mf-022.md-010.sm-그랜드-c4-피카소.pw-디젤-2-0.tr-b-hdi-인텐시브-플러스,시트로엥/DS,022,수입,C4 피카소,010,그랜드 C4 피카소,,13~18,encar,디젤,2.0,False,,7,,,B-HDI 인텐시브 플러스,,False,False
mf-022.md-010.sm-c4-피카소.pw-디젤-1-6.tr-b-hdi-인텐시브,시트로엥/DS,022,수입,C4 피카소,010,C4 피카소,,13~현재,encar,디젤,1.6,False,,5,,,B-HDI 인텐시브,,False,False
mf-022.md-010.sm-c4-피카소.pw-디젤-1-6.tr-b-hdi-필,시트로엥/DS,022,수입,C4 피카소,010,C4 피카소,,13~현재,encar,디젤,1.6,False,,5,,,B-HDI 필,,False,False
mf-022.md-010.sm-c4-피카소.pw-디젤-2-0.tr-b-hdi-인텐시브,시트로엥/DS,022,수입,C4 피카소,010,C4 피카소,,13~현재,encar,디젤,2.0,False,,5,,,B-HDI 인텐시브,,False,False
mf-022.md-006.sm-ds3-크로스백.pw-전기.tr-e-텐스-그랜드-시크,시트로엥/DS,022,수입,DS3,006,DS3 크로스백,,18~현재,encar,전기,,False,,5,,,E-텐스 그랜드 시크,,False,False
mf-022.md-006.sm-ds3-크로스백.pw-전기.tr-e-텐스-소-시크,시트로엥/DS,022,수입,DS3,006,DS3 크로스백,,18~현재,encar,전기,,False,,5,,,E-텐스 소 시크,,False,False
mf-022.md-006.sm-ds3-크로스백.pw-디젤-1-5.tr-bluehdi-소-시크-테크팩,시트로엥/DS,022,수입,DS3,006,DS3 크로스백,,18~현재,encar,디젤,1.5,False,,5,,,BlueHDi 소 시크 테크팩,,False,False
mf-022.md-006.sm-ds3-크로스백.pw-디젤-1-6.tr-bluehdi-소-시크,시트로엥/DS,022,수입,DS3,006,DS3 크로스백,,18~현재,encar,디젤,1.6,False,,5,,,BlueHDi 소 시크,,False,False
mf-022.md-006.sm-ds3-카브리오.pw-디젤-1-6.tr-bluehdi-비-시크,시트로엥/DS,022,수입,DS3,006,DS3 카브리오,,13~현재,encar,디젤,1.6,False,,5,,,BlueHDi 비 시크,,False,False
mf-022.md-006.sm-ds3-카브리오.pw-디젤-1-6.tr-bluehdi-소-시크,시트로엥/DS,022,수입,DS3,006,DS3 카브리오,,13~현재,encar,디젤,1.6,False,,5,,,BlueHDi 소 시크,,False,False
mf-022.md-006.sm-ds3-카브리오.pw-디젤-1-6.tr-e-hdi-소-시크,시트로엥/DS,022,수입,DS3,006,DS3 카브리오,,13~현재,encar,디젤,1.6,False,,5,,,e-HDi 소 시크,,False,False
mf-022.md-006.sm-ds3.pw-디젤-1-6.tr-bluehdi-소-시크,시트로엥/DS,022,수입,DS3,006,DS3,,09~현재,encar,디젤,1.6,False,,5,,,BlueHDi 소 시크,,False,False
mf-022.md-006.sm-ds3.pw-디젤-1-6.tr-e-hdi-비-시크,시트로엥/DS,022,수입,DS3,006,DS3,,09~현재,encar,디젤,1.6,False,,5,,,e-HDi 비 시크,,False,False
mf-022.md-006.sm-ds3.pw-디젤-1-6.tr-e-hdi-소-시크,시트로엥/DS,022,수입,DS3,006,DS3,,09~현재,encar,디젤,1.6,False,,5,,,e-HDi 소 시크,,False,False
mf-022.md-006.sm-ds3.pw-가솔린-1-6.tr-vti-소-시크,시트로엥/DS,022,수입,DS3,006,DS3,,09~현재,encar,가솔린,1.6,False,,5,,,VTI 소 시크,,False,False
mf-022.md-011.sm-c4-칵투스.pw-디젤-1-6.tr-bluehdi-샤인,시트로엥/DS,022,수입,C4 칵투스,011,C4 칵투스,,14~현재,encar,디젤,1.6,False,,5,,,BlueHDi 샤인,,False,False
mf-022.md-011.sm-c4-칵투스.pw-디젤-1-6.tr-bluehdi-원톤-에디션,시트로엥/DS,022,수입,C4 칵투스,011,C4 칵투스,,14~현재,encar,디젤,1.6,False,,5,,,BlueHDi 원톤 에디션,,False,False
mf-022.md-011.sm-c4-칵투스.pw-디젤-1-6.tr-bluehdi-필,시트로엥/DS,022,수입,C4 칵투스,011,C4 칵투스,,14~현재,encar,디젤,1.6,False,,5,,,BlueHDi 필,,False,False
mf-022.md-011.sm-c4-칵투스.pw-디젤-1-5.tr-bluehdi-샤인,시트로엥/DS,022,수입,C4 칵투스,011,C4 칵투스,,14~현재,encar,디젤,1.5,False,,5,,,BlueHDi 샤인,,False,False
mf-022.md-011.sm-c4-칵투스.pw-디젤-1-5.tr-bluehdi-필,시트로엥/DS,022,수입,C4 칵투스,011,C4 칵투스,,14~현재,encar,디젤,1.5,False,,5,,,BlueHDi 필,,False,False
mf-022.md-012.sm-그랜드-c4-스페이스투어러.pw-디젤-2-0.tr-bluehdi-샤인,시트로엥/DS,022,수입,C4 스페이스투어러,012,그랜드 C4 스페이스투어러,,18~현재,encar,디젤,2.0,False,,7,,,BlueHDi 샤인,,False,False
mf-022.md-012.sm-그랜드-c4-스페이스투어러.pw-디젤-2-0.tr-bluehdi-샤인,시트로엥/DS,022,수입,C4 스페이스투어러,012,그랜드 C4 스페이스투어러,,18~현재,encar,디젤,2.0,False,,7,,,BlueHDi 샤인+,,False,False
mf-022.md-012.sm-그랜드-c4-스페이스투어러.pw-디젤-1-5.tr-bluehdi-샤인,시트로엥/DS,022,수입,C4 스페이스투어러,012,그랜드 C4 스페이스투어러,,18~현재,encar,디젤,1.5,False,,7,,,BlueHDi 샤인,,False,False
mf-022.md-012.sm-그랜드-c4-스페이스투어러.pw-디젤-1-5.tr-bluehdi-샤인팩,시트로엥/DS,022,수입,C4 스페이스투어러,012,그랜드 C4 스페이스투어러,,18~현재,encar,디젤,1.5,False,,7,,,BlueHDi 샤인팩,,False,False
mf-022.md-012.sm-그랜드-c4-스페이스투어러.pw-디젤-1-5.tr-bluehdi-필,시트로엥/DS,022,수입,C4 스페이스투어러,012,그랜드 C4 스페이스투어러,,18~현재,encar,디젤,1.5,False,,7,,,BlueHDi 필,,False,False
mf-022.md-015.sm-c3-에어크로스.pw-디젤-1-5.tr-bluehdi-샤인,시트로엥/DS,022,수입,C3 에어크로스,015,C3 에어크로스,,17~현재,encar,디젤,1.5,False,,5,,,BlueHDi 샤인,,False,False
mf-022.md-015.sm-c3-에어크로스.pw-디젤-1-5.tr-bluehdi-샤인팩,시트로엥/DS,022,수입,C3 에어크로스,015,C3 에어크로스,,17~현재,encar,디젤,1.5,False,,5,,,BlueHDi 샤인팩,,False,False
mf-022.md-015.sm-c3-에어크로스.pw-디젤-1-5.tr-bluehdi-필,시트로엥/DS,022,수입,C3 에어크로스,015,C3 에어크로스,,17~현재,encar,디젤,1.5,False,,5,,,BlueHDi 필,,False,False
mf-022.md-008.sm-ds4-2세대.pw-디젤-1-5.tr-bluehdi-리볼리,시트로엥/DS,022,수입,DS4,008,DS4 2세대,,22~현재,encar,디젤,1.5,False,,5,,,BlueHDi 리볼리,,False,False
mf-022.md-008.sm-ds4-2세대.pw-디젤-1-5.tr-bluehdi-트로카데로,시트로엥/DS,022,수입,DS4,008,DS4 2세대,,22~현재,encar,디젤,1.5,False,,5,,,BlueHDi 트로카데로,,False,False
mf-022.md-008.sm-ds4.pw-디젤-2-0.tr-1세대,시트로엥/DS,022,수입,DS4,008,DS4,,10~16,encar,디젤,2.0,False,,5,,,1세대,,False,False
mf-022.md-008.sm-ds4.pw-디젤-1-6.tr-1세대,시트로엥/DS,022,수입,DS4,008,DS4,,10~16,encar,디젤,1.6,False,,5,,,1세대,,False,False
mf-022.md-013.sm-ds7-크로스백.pw-디젤-2-0.tr-bluehdi-그랜드-시크,시트로엥/DS,022,수입,DS7,013,DS7 크로스백,,19~현재,encar,디젤,2.0,False,,5,,,BlueHDi 그랜드 시크,,False,False
mf-022.md-013.sm-ds7-크로스백.pw-디젤-2-0.tr-bluehdi-루브르-에디션,시트로엥/DS,022,수입,DS7,013,DS7 크로스백,,19~현재,encar,디젤,2.0,False,,5,,,BlueHDi 루브르 에디션,,False,False
mf-022.md-013.sm-ds7-크로스백.pw-디젤-2-0.tr-bluehdi-소-시크,시트로엥/DS,022,수입,DS7,013,DS7 크로스백,,19~현재,encar,디젤,2.0,False,,5,,,BlueHDi 소 시크,,False,False
mf-022.md-009.sm-ds5.pw-디젤-2-0.tr-1세대,시트로엥/DS,022,수입,DS5,009,DS5,,11~현재,encar,디젤,2.0,False,,5,,,1세대,,False,False
mf-022.md-014.sm-c5-에어크로스.pw-디젤-1-5.tr-bluehdi-샤인,시트로엥/DS,022,수입,C5 에어크로스,014,C5 에어크로스,,19~현재,encar,디젤,1.5,False,,5,,,BlueHDi 샤인,,False,False
mf-022.md-014.sm-c5-에어크로스.pw-디젤-1-5.tr-bluehdi-필,시트로엥/DS,022,수입,C5 에어크로스,014,C5 에어크로스,,19~현재,encar,디젤,1.5,False,,5,,,BlueHDi 필,,False,False
mf-038.md-012.sm-익스프레스밴.pw-가솔린-5-3-awd.tr-기본,쉐보레,038,수입,익스프레스밴,012,익스프레스밴,,91~현재,encar,가솔린,5.3,False,AWD,,,,기본,,False,False
mf-038.md-012.sm-익스프레스밴.pw-가솔린-6-0.tr-기본,쉐보레,038,수입,익스프레스밴,012,익스프레스밴,,91~현재,encar,가솔린,6.0,False,,11,,,기본,,False,False
mf-038.md-012.sm-익스프레스밴.pw-가솔린-5-3.tr-기본,쉐보레,038,수입,익스프레스밴,012,익스프레스밴,,91~현재,encar,가솔린,5.3,False,,9,,,기본,,False,False
mf-038.md-012.sm-익스프레스밴.pw-가솔린-5-7.tr-기본,쉐보레,038,수입,익스프레스밴,012,익스프레스밴,,91~현재,encar,가솔린,5.7,False,,7,,,기본,,False,False
mf-038.md-012.sm-익스프레스밴.pw-가솔린-6-6.tr-기본,쉐보레,038,수입,익스프레스밴,012,익스프레스밴,,91~현재,encar,가솔린,6.6,False,,,,,기본,,False,False
mf-038.md-004.sm-서버밴.pw-가솔린-5-3.tr-기본,쉐보레,038,수입,서버밴,004,서버밴,,35~현재,encar,가솔린,5.3,False,,9,,,기본,,False,False
mf-038.md-004.sm-서버밴.pw-가솔린-6-2.tr-기본,쉐보레,038,수입,서버밴,004,서버밴,,35~현재,encar,가솔린,6.2,False,,9,,,기본,,False,False
mf-038.md-001.sm-콜벳.pw-가솔린-6-2.tr-쿠페,쉐보레,038,수입,콜벳,001,콜벳,,53~현재,encar,가솔린,6.2,False,,2,,,쿠페,,False,False
mf-038.md-001.sm-콜벳.pw-가솔린-2-9.tr-컨버터블,쉐보레,038,수입,콜벳,001,콜벳,,53~현재,encar,가솔린,2.9,False,,2,,,컨버터블,,False,False
mf-038.md-007.sm-타호.pw-가솔린-5-3-4wd.tr-lt,쉐보레,038,수입,타호,007,타호,,95~현재,encar,가솔린,5.3,False,4WD,7,,,LT,,False,False
mf-038.md-007.sm-타호.pw-하이브리드-6-0-4wd.tr-기본,쉐보레,038,수입,타호,007,타호,,95~현재,encar,하이브리드,6.0,False,4WD,8,,,기본,,False,False
mf-038.md-007.sm-타호.pw-가솔린-5-3-2wd.tr-lt,쉐보레,038,수입,타호,007,타호,,95~현재,encar,가솔린,5.3,False,2WD,8,,,LT,,False,False
mf-038.md-009.sm-실버라도.pw-가솔린-5-3.tr-기본,쉐보레,038,수입,실버라도,009,실버라도,,98~현재,encar,가솔린,5.3,False,,6,,,기본,,False,False
mf-038.md-010.sm-아발란치.pw-가솔린-5-3.tr-기본,쉐보레,038,수입,아발란치,010,아발란치,,02~13,encar,가솔린,5.3,False,,5,,,기본,,False,False
mf-038.md-005.sm-아스트로밴.pw-가솔린-lpg-4-3-2wd.tr-기본,쉐보레,038,수입,아스트로밴,005,아스트로밴,,95~05,encar,가솔린+LPG,4.3,False,2WD,,,,기본,,False,False
mf-038.md-005.sm-아스트로밴.pw-가솔린-4-3-4wd.tr-기본,쉐보레,038,수입,아스트로밴,005,아스트로밴,,95~05,encar,가솔린,4.3,False,4WD,,,,기본,,False,False
mf-038.md-002.sm-체비밴.pw-가솔린-5-7.tr-기본,쉐보레,038,수입,체비밴,002,체비밴,,64~현재,encar,가솔린,5.7,False,,11,,,기본,,False,False
mf-038.md-002.sm-체비밴.pw-가솔린-lpg-5-7.tr-기본,쉐보레,038,수입,체비밴,002,체비밴,,64~현재,encar,가솔린+LPG,5.7,False,,9,,,기본,,False,False
mf-038.md-014.sm-콜로라도.pw-가솔린-3-6.tr-기본,쉐보레,038,수입,콜로라도,014,콜로라도,,04~현재,encar,가솔린,3.6,False,,5,,,기본,,False,False
mf-038.md-013.sm-기타.pw-가솔린-4-8.tr-기타,쉐보레,038,수입,기타,013,기타,,80~현재,encar,가솔린,4.8,False,,2,,,기타,,False,False
mf-038.md-003.sm-카마로.pw-가솔린-3-6.tr-5세대,쉐보레,038,수입,카마로,003,카마로,,67~현재,encar,가솔린,3.6,False,,4,,,5세대,,False,False
mf-038.md-016.sm-트랙커.pw-가솔린-1-6.tr-기본,쉐보레,038,수입,트랙커,016,트랙커,,89~04,encar,가솔린,1.6,False,,4,,,기본,,False,False
mf-038.md-021.sm-픽업트럭.pw-가솔린-6-2.tr-기본,쉐보레,038,수입,픽업트럭,021,픽업트럭,,60~02,encar,가솔린,6.2,False,,,,,기본,,False,False
mf-089.md-001.sm-폴스타-2.pw-전기.tr-롱레인지-듀얼모터,폴스타,089,수입,폴스타 2,001,폴스타 2,,22~현재,encar,전기,,False,,5,,,롱레인지 듀얼모터,,False,False
mf-089.md-001.sm-폴스타-2.pw-전기.tr-롱레인지-싱글모터,폴스타,089,수입,폴스타 2,001,폴스타 2,,22~현재,encar,전기,,False,,5,,,롱레인지 싱글모터,,False,False
mf-089.md-001.sm-폴스타-2.pw-전기.tr-스탠다드-싱글모터,폴스타,089,수입,폴스타 2,001,폴스타 2,,22~현재,encar,전기,,False,,5,,,스탠다드 싱글모터,,False,False
mf-089.md-002.sm-폴스타-4.pw-전기.tr-롱레인지-듀얼모터,폴스타,089,수입,폴스타 4,002,폴스타 4,,24~현재,encar,전기,,False,,5,,,롱레인지 듀얼모터,,False,False
mf-089.md-002.sm-폴스타-4.pw-전기.tr-롱레인지-싱글모터,폴스타,089,수입,폴스타 4,002,폴스타 4,,24~현재,encar,전기,,False,,5,,,롱레인지 싱글모터,,False,False
mf-034.md-004.sm-램픽업.pw-가솔린-5-6.tr-기본,닷지,034,수입,램픽업,004,램픽업,,81~현재,encar,가솔린,5.6,False,,4,,,기본,,False,False
mf-034.md-004.sm-램픽업.pw-가솔린-3-6.tr-기본,닷지,034,수입,램픽업,004,램픽업,,81~현재,encar,가솔린,3.6,False,,5,,,기본,,False,False
mf-034.md-004.sm-램픽업.pw-가솔린-6-2.tr-기본,닷지,034,수입,램픽업,004,램픽업,,81~현재,encar,가솔린,6.2,False,,,,,기본,,False,False
mf-034.md-004.sm-램픽업.pw-가솔린-3-0.tr-기본,닷지,034,수입,램픽업,004,램픽업,,81~현재,encar,가솔린,3.0,False,,,,,기본,,False,False
mf-034.md-014.sm-챌린저.pw-가솔린-6-4.tr-기본,닷지,034,수입,챌린저,014,챌린저,,78~현재,encar,가솔린,6.4,False,,5,,,기본,,False,False
mf-034.md-014.sm-챌린저.pw-가솔린-6-2.tr-기본,닷지,034,수입,챌린저,014,챌린저,,78~현재,encar,가솔린,6.2,False,,5,,,기본,,False,False
mf-034.md-014.sm-챌린저.pw-가솔린-5-7.tr-기본,닷지,034,수입,챌린저,014,챌린저,,78~현재,encar,가솔린,5.7,False,,5,,,기본,,False,False
mf-034.md-014.sm-챌린저.pw-가솔린-3-6.tr-기본,닷지,034,수입,챌린저,014,챌린저,,78~현재,encar,가솔린,3.6,False,,5,,,기본,,False,False
mf-034.md-006.sm-다코타.pw-가솔린-4-7.tr-quad-cab-4x4,닷지,034,수입,다코타,006,다코타,,87~11,encar,가솔린,4.7,False,,5,,,QUAD CAB 4X4,,False,False
mf-034.md-006.sm-다코타.pw-가솔린-lpg-4-7.tr-regular-cab-4x4,닷지,034,수입,다코타,006,다코타,,87~11,encar,가솔린+LPG,4.7,False,,5,,,REGULAR CAB 4X4,,False,False
mf-034.md-016.sm-차저.pw-가솔린-3-6.tr-기본,닷지,034,수입,차저,016,차저,,06~현재,encar,가솔린,3.6,False,,5,,,기본,,False,False
mf-034.md-010.sm-캘리버.pw-가솔린-2-0.tr-기본,닷지,034,수입,캘리버,010,캘리버,,06~현재,encar,가솔린,2.0,False,,5,,,기본,,False,False
mf-034.md-003.sm-램밴.pw-가솔린-5-2.tr-기본,닷지,034,수입,램밴,003,램밴,,71~03,encar,가솔린,5.2,False,,,,,기본,,False,False
mf-034.md-012.sm-그랜드-캐러밴.pw-가솔린-3-3.tr-기본,닷지,034,수입,그랜드 캐러밴,012,그랜드 캐러밴,,84~현재,encar,가솔린,3.3,False,,7,,,기본,,False,False
mf-034.md-013.sm-매그넘.pw-가솔린-2-7.tr-기본,닷지,034,수입,매그넘,013,매그넘,,05~08,encar,가솔린,2.7,False,,,,,기본,,False,False
mf-018.md-006.sm-500e.pw-전기.tr-ev,피아트,018,수입,500,006,500e,,13~현재,encar,전기,,False,,4,,,EV,,False,False
mf-018.md-006.sm-500c.pw-가솔린-1-4.tr-1세대,피아트,018,수입,500,006,500C,,09~현재,encar,가솔린,1.4,False,,4,,,1세대,,False,False
mf-018.md-006.sm-500c.pw-가솔린-1-4.tr-아바스,피아트,018,수입,500,006,500C,,09~현재,encar,가솔린,1.4,False,,4,,,아바스,,False,False
mf-018.md-006.sm-500.pw-가솔린-1-2.tr-1세대,피아트,018,수입,500,006,500,,07~현재,encar,가솔린,1.2,False,,4,,,1세대,,False,False
mf-018.md-006.sm-500.pw-가솔린-1-4.tr-1세대,피아트,018,수입,500,006,500,,07~현재,encar,가솔린,1.4,False,,4,,,1세대,,False,False
mf-018.md-006.sm-500.pw-가솔린-1-4.tr-아바스,피아트,018,수입,500,006,500,,07~현재,encar,가솔린,1.4,False,,4,,,아바스,,False,False
mf-018.md-010.sm-500x.pw-디젤-2-0-awd.tr-크로스,피아트,018,수입,500X,010,500X,,16~현재,encar,디젤,2.0,False,AWD,5,,,크로스,,False,False
mf-018.md-010.sm-500x.pw-디젤-2-0-awd.tr-크로스-플러스,피아트,018,수입,500X,010,500X,,16~현재,encar,디젤,2.0,False,AWD,5,,,크로스 플러스,,False,False
mf-018.md-010.sm-500x.pw-가솔린-2-4.tr-팝스타,피아트,018,수입,500X,010,500X,,16~현재,encar,가솔린,2.4,False,,5,,,팝스타,,False,False
mf-018.md-008.sm-프리몬트.pw-디젤-2-0.tr-1세대,피아트,018,수입,프리몬트,008,프리몬트,,11~현재,encar,디젤,2.0,False,,7,,,1세대,,False,False
mf-018.md-011.sm-124-스파이더.pw-가솔린-1-4.tr-기본,피아트,018,수입,124,011,124 스파이더,,16~현재,encar,가솔린,1.4,False,,2,,,기본,,False,False
mf-018.md-011.sm-124-스파이더.pw-가솔린-1-4.tr-아바스,피아트,018,수입,124,011,124 스파이더,,16~현재,encar,가솔린,1.4,False,,2,,,아바스,,False,False
mf-056.md-006.sm-시에라.pw-가솔린-6-2.tr-드날리,GMC,056,수입,시에라,006,시에라,,99~현재,encar,가솔린,6.2,False,,5,,,드날리,,False,False
mf-056.md-006.sm-시에라.pw-가솔린-6-2.tr-드날리-x,GMC,056,수입,시에라,006,시에라,,99~현재,encar,가솔린,6.2,False,,5,,,드날리-X,,False,False
mf-056.md-006.sm-시에라.pw-가솔린-6-6.tr-2500hd,GMC,056,수입,시에라,006,시에라,,99~현재,encar,가솔린,6.6,False,,,,,2500HD,,False,False
mf-056.md-006.sm-시에라.pw-가솔린-6-6.tr-3500hd,GMC,056,수입,시에라,006,시에라,,99~현재,encar,가솔린,6.6,False,,5,,,3500HD,,False,False
mf-056.md-003.sm-사바나.pw-가솔린-6-0.tr-기본,GMC,056,수입,사바나,003,사바나,,96~현재,encar,가솔린,6.0,False,,9,,,기본,,False,False
mf-056.md-003.sm-사바나.pw-가솔린-5-3.tr-기본,GMC,056,수입,사바나,003,사바나,,96~현재,encar,가솔린,5.3,False,,,,,기본,,False,False
mf-056.md-011.sm-허머-ev.pw-전기-4wd.tr-e,GMC,056,수입,허머EV,011,허머 EV,,22~현재,encar,전기,,False,4WD,,,,e,,False,False
mf-056.md-004.sm-유콘.pw-가솔린-6-2.tr-기본,GMC,056,수입,유콘,004,유콘,,92~현재,encar,가솔린,6.2,False,,9,,,기본,,False,False
mf-056.md-002.sm-밴츄라.pw-가솔린-lpg-5-7.tr-기본,GMC,056,수입,밴츄라,002,밴츄라,,71~96,encar,가솔린+LPG,5.7,False,,9,,,기본,,False,False
mf-056.md-008.sm-사파리.pw-가솔린-4-3.tr-standard,GMC,056,수입,사파리,008,사파리,,95~05,encar,가솔린,4.3,False,,9,,,STANDARD,,False,False
mf-056.md-010.sm-캐니언.pw-가솔린-3-6-2wd.tr-기본,GMC,056,수입,캐니언,010,캐니언,,04~22,encar,가솔린,3.6,False,2WD,5,,,기본,,False,False
mf-023.md-001.sm-더-뉴-300c.pw-디젤-3-0.tr-기본,크라이슬러,023,수입,300C,001,더 뉴 300C,,12~현재,encar,디젤,3.0,False,,5,,,기본,,False,False
mf-023.md-001.sm-더-뉴-300c.pw-가솔린-3-6-awd.tr-기본,크라이슬러,023,수입,300C,001,더 뉴 300C,,12~현재,encar,가솔린,3.6,False,AWD,5,,,기본,,False,False
mf-023.md-001.sm-더-뉴-300c.pw-가솔린-3-6.tr-기본,크라이슬러,023,수입,300C,001,더 뉴 300C,,12~현재,encar,가솔린,3.6,False,,5,,,기본,,False,False
mf-023.md-001.sm-더-뉴-300c.pw-가솔린-3-6.tr-프레스티지,크라이슬러,023,수입,300C,001,더 뉴 300C,,12~현재,encar,가솔린,3.6,False,,5,,,프레스티지,,False,False
mf-023.md-001.sm-더-뉴-300c.pw-가솔린-6-4.tr-2세대,크라이슬러,023,수입,300C,001,더 뉴 300C,,12~현재,encar,가솔린,6.4,False,,5,,,2세대,,False,False
mf-023.md-001.sm-올-뉴-300c.pw-가솔린-3-6.tr-기본,크라이슬러,023,수입,300C,001,올 뉴 300C,,11~12,encar,가솔린,3.6,False,,5,,,기본,,False,False
mf-023.md-001.sm-300c.pw-가솔린-3-5.tr-1세대,크라이슬러,023,수입,300C,001,300C,,04~10,encar,가솔린,3.5,False,,5,,,1세대,,False,False
mf-023.md-001.sm-300c.pw-가솔린-6-1.tr-1세대,크라이슬러,023,수입,300C,001,300C,,04~10,encar,가솔린,6.1,False,,5,,,1세대,,False,False
mf-023.md-030.sm-200-2세대.pw-가솔린-2-4.tr-c,크라이슬러,023,수입,200,030,200 2세대,,15~17,encar,가솔린,2.4,False,,5,,,C,,False,False
mf-023.md-030.sm-200-2세대.pw-가솔린-2-4.tr-리미티드,크라이슬러,023,수입,200,030,200 2세대,,15~17,encar,가솔린,2.4,False,,5,,,리미티드,,False,False
mf-023.md-030.sm-200-2세대.pw-가솔린-3-6.tr-기본,크라이슬러,023,수입,200,030,200 2세대,,15~17,encar,가솔린,3.6,False,,5,,,기본,,False,False
mf-023.md-019.sm-그랜드-보이저.pw-가솔린-3-8.tr-기본,크라이슬러,023,수입,그랜드 보이저,019,그랜드 보이저,,88~현재,encar,가솔린,3.8,False,,7,,,기본,,False,False
mf-023.md-019.sm-그랜드-보이저.pw-가솔린-3-6.tr-limited,크라이슬러,023,수입,그랜드 보이저,019,그랜드 보이저,,88~현재,encar,가솔린,3.6,False,,7,,,LIMITED,,False,False
mf-023.md-022.sm-크로스파이어.pw-가솔린-3-2.tr-로드스터,크라이슬러,023,수입,크로스파이어,022,크로스파이어,,04~07,encar,가솔린,3.2,False,,2,,,로드스터,,False,False
mf-023.md-022.sm-크로스파이어.pw-가솔린-3-2.tr-쿠페,크라이슬러,023,수입,크로스파이어,022,크로스파이어,,04~07,encar,가솔린,3.2,False,,2,,,쿠페,,False,False
mf-023.md-003.sm-뉴-세브링.pw-가솔린-2-7.tr-컨버터블,크라이슬러,023,수입,세브링,003,뉴 세브링,,07~10,encar,가솔린,2.7,False,,4,,,컨버터블,,False,False
mf-023.md-003.sm-뉴-세브링.pw-가솔린-2-4.tr-세단,크라이슬러,023,수입,세브링,003,뉴 세브링,,07~10,encar,가솔린,2.4,False,,5,,,세단,,False,False
mf-023.md-003.sm-뉴-세브링.pw-가솔린-2-4.tr-컨버터블,크라이슬러,023,수입,세브링,003,뉴 세브링,,07~10,encar,가솔린,2.4,False,,4,,,컨버터블,,False,False
mf-023.md-021.sm-퍼시피카.pw-가솔린-3-6.tr-3-6l-v6,크라이슬러,023,수입,퍼시피카,021,퍼시피카,,04~현재,encar,가솔린,3.6,False,,7,,,3.6L V6,,False,False
mf-023.md-012.sm-pt-크루저.pw-가솔린-2-4.tr-2-4l,크라이슬러,023,수입,PT 크루저,012,PT 크루저,,00~10,encar,가솔린,2.4,False,,5,,,2.4L,,False,False
mf-023.md-031.sm-프라울러.pw-가솔린-3-5.tr-기본,크라이슬러,023,수입,프라울러,031,프라울러,,97~02,encar,가솔린,3.5,False,,,,,기본,,False,False
mf-090.md-002.sm-아토-3.pw-전기.tr-베이직,BYD,090,수입,아토 3,002,아토 3,,25~현재,encar,전기,,False,,5,,,베이직,,False,False
mf-090.md-002.sm-아토-3.pw-전기.tr-플러스,BYD,090,수입,아토 3,002,아토 3,,25~현재,encar,전기,,False,,5,,,플러스,,False,False
mf-090.md-003.sm-씰.pw-전기-awd.tr-다이나믹,BYD,090,수입,씰,003,씰,,25~현재,encar,전기,,False,AWD,5,,,다이나믹,,False,False
mf-090.md-003.sm-씰.pw-전기.tr-플러스-rwd,BYD,090,수입,씰,003,씰,,25~현재,encar,전기,,False,,5,,,플러스 RWD,,False,False
mf-090.md-004.sm-씨라이언-7.pw-전기.tr-베이스,BYD,090,수입,씨라이언 7 ,004,씨라이언 7,,25~현재,encar,전기,,False,,5,,,베이스,,False,False
mf-084.md-008.sm-gt.pw-가솔린-4-0.tr-기본,맥라렌,084,수입,GT,008,GT,,19~현재,encar,가솔린,4.0,False,,2,,,기본,,False,False
mf-084.md-002.sm-570s.pw-가솔린-3-8.tr-스파이더,맥라렌,084,수입,570S,002,570S,,15~현재,encar,가솔린,3.8,False,,2,,,스파이더,,False,False
mf-084.md-002.sm-570s.pw-가솔린-3-8.tr-쿠페,맥라렌,084,수입,570S,002,570S,,15~현재,encar,가솔린,3.8,False,,2,,,쿠페,,False,False
mf-084.md-012.sm-750s.pw-가솔린-4-0.tr-스파이더,맥라렌,084,수입,750S,012,750S,,23~현재,encar,가솔린,4.0,False,,2,,,스파이더,,False,False
mf-084.md-010.sm-아투라.pw-하이브리드-3-0.tr-쿠페,맥라렌,084,수입,아투라,010,아투라,,21~현재,encar,하이브리드,3.0,False,,2,,,쿠페,,False,False
mf-084.md-001.sm-650s.pw-가솔린-3-8.tr-스파이더,맥라렌,084,수입,650S,001,650S,,14~17,encar,가솔린,3.8,False,,2,,,스파이더,,False,False
mf-084.md-001.sm-650s.pw-가솔린-3-8.tr-쿠페,맥라렌,084,수입,650S,001,650S,,14~17,encar,가솔린,3.8,False,,2,,,쿠페,,False,False
mf-084.md-003.sm-720s.pw-가솔린-4-0.tr-스파이더,맥라렌,084,수입,720S,003,720S,,17~현재,encar,가솔린,4.0,False,,2,,,스파이더,,False,False
mf-084.md-003.sm-720s.pw-가솔린-4-0.tr-쿠페,맥라렌,084,수입,720S,003,720S,,17~현재,encar,가솔린,4.0,False,,2,,,쿠페,,False,False
mf-084.md-007.sm-600lt.pw-가솔린-3-8.tr-스파이더,맥라렌,084,수입,600LT,007,600LT,,18~현재,encar,가솔린,3.8,False,,2,,,스파이더,,False,False
mf-084.md-007.sm-600lt.pw-가솔린-3-8.tr-쿠페,맥라렌,084,수입,600LT,007,600LT,,18~현재,encar,가솔린,3.8,False,,2,,,쿠페,,False,False
mf-084.md-004.sm-675lt.pw-가솔린-3-8.tr-쿠페,맥라렌,084,수입,675LT,004,675LT,,15~17,encar,가솔린,3.8,False,,2,,,쿠페,,False,False
mf-084.md-004.sm-675lt.pw-가솔린-3-8.tr-스파이더,맥라렌,084,수입,675LT,004,675LT,,15~17,encar,가솔린,3.8,False,,,,,스파이더,,False,False
mf-084.md-005.sm-570gt.pw-가솔린-3-8.tr-쿠페,맥라렌,084,수입,570GT,005,570GT,,16~현재,encar,가솔린,3.8,False,,2,,,쿠페,,False,False
mf-070.md-003.sm-밴티지-2세대.pw-가솔린-4-0.tr-v8-로드스터,애스턴마틴,070,수입,밴티지,003,밴티지 2세대,,18~현재,encar,가솔린,4.0,False,,2,,,V8 로드스터,,False,False
mf-070.md-003.sm-밴티지-2세대.pw-가솔린-4-0.tr-v8-로드스터-f1-에디션,애스턴마틴,070,수입,밴티지,003,밴티지 2세대,,18~현재,encar,가솔린,4.0,False,,2,,,V8 로드스터 F1 에디션,,False,False
mf-070.md-003.sm-밴티지-2세대.pw-가솔린-4-0.tr-v8-쿠페,애스턴마틴,070,수입,밴티지,003,밴티지 2세대,,18~현재,encar,가솔린,4.0,False,,2,,,V8 쿠페,,False,False
mf-070.md-003.sm-밴티지-2세대.pw-가솔린-5-2.tr-v12-파이널-에디션,애스턴마틴,070,수입,밴티지,003,밴티지 2세대,,18~현재,encar,가솔린,5.2,False,,,,,V12 파이널 에디션,,False,False
mf-070.md-003.sm-v8-vantage.pw-가솔린-4-7.tr-1세대,애스턴마틴,070,수입,밴티지,003,V8 Vantage,,05~18,encar,가솔린,4.7,False,,2,,,1세대,,False,False
mf-070.md-010.sm-dbx.pw-가솔린-4-0.tr-v8,애스턴마틴,070,수입,DBX,010,DBX,,20~현재,encar,가솔린,4.0,False,,5,,,V8,,False,False
mf-070.md-010.sm-dbx.pw-가솔린-4-0.tr-v8-707,애스턴마틴,070,수입,DBX,010,DBX,,20~현재,encar,가솔린,4.0,False,,5,,,V8 707,,False,False
mf-070.md-006.sm-라피드.pw-가솔린-5-9.tr-1세대,애스턴마틴,070,수입,라피드,006,라피드,,10~현재,encar,가솔린,5.9,False,,4,,,1세대,,False,False
mf-070.md-001.sm-뱅퀴시.pw-가솔린-5-9.tr-2세대,애스턴마틴,070,수입,뱅퀴시,001,뱅퀴시,,01~18,encar,가솔린,5.9,False,,2,,,2세대,,False,False
mf-070.md-011.sm-db12.pw-가솔린-4-0.tr-v8-볼란테,애스턴마틴,070,수입,DB12,011,DB12,,23~현재,encar,가솔린,4.0,False,,,,,V8 볼란테,,False,False
mf-070.md-002.sm-db9.pw-가솔린-5-9.tr-1세대,애스턴마틴,070,수입,DB9,002,DB9,,04~16,encar,가솔린,5.9,False,,2,,,1세대,,False,False
mf-070.md-009.sm-db11.pw-가솔린-4-0.tr-v8-쿠페,애스턴마틴,070,수입,DB11,009,DB11,,17~현재,encar,가솔린,4.0,False,,4,,,V8 쿠페,,False,False
mf-037.md-009.sm-허슬러.pw-가솔린-0-7.tr-기본,스즈키,037,수입,허슬러,009,허슬러,,14~현재,encar,가솔린,0.7,False,,4,,,기본,,False,False
mf-037.md-012.sm-짐니.pw-가솔린-1-5.tr-기본,스즈키,037,수입,짐니,012,짐니,,98~현재,encar,가솔린,1.5,False,,4,,,기본,,False,False
mf-037.md-012.sm-짐니.pw-가솔린-0-7.tr-기본,스즈키,037,수입,짐니,012,짐니,,98~현재,encar,가솔린,0.7,False,,4,,,기본,,False,False
mf-037.md-008.sm-알토라팡.pw-가솔린-0-7.tr-g,스즈키,037,수입,알토라팡,008,알토라팡,,02~현재,encar,가솔린,0.7,False,,4,,,G,,False,False
mf-037.md-008.sm-알토라팡.pw-가솔린-0-7.tr-x,스즈키,037,수입,알토라팡,008,알토라팡,,02~현재,encar,가솔린,0.7,False,,4,,,X,,False,False
mf-037.md-008.sm-알토라팡.pw-가솔린-0-7.tr-x-셀렉션,스즈키,037,수입,알토라팡,008,알토라팡,,02~현재,encar,가솔린,0.7,False,,4,,,X 셀렉션,,False,False
mf-037.md-011.sm-알토웍스.pw-가솔린-0-7.tr-기본,스즈키,037,수입,알토,011,알토웍스,,88~현재,encar,가솔린,0.7,False,,4,,,기본,,False,False
mf-037.md-011.sm-알토.pw-가솔린-0-7.tr-기본,스즈키,037,수입,알토,011,알토,,79~현재,encar,가솔린,0.7,False,,4,,,기본,,False,False
mf-037.md-013.sm-이그니스.pw-가솔린-1-2.tr-shvs,스즈키,037,수입,이그니스,013,이그니스,,00~현재,encar,가솔린,1.2,False,,4,,,SHVS,,False,False
mf-048.md-003.sm-h3t.pw-가솔린-3-7.tr-기본,험머,048,수입,H3,003,H3T,,09~10,encar,가솔린,3.7,False,,5,,,기본,,False,False
mf-048.md-003.sm-h3t.pw-가솔린-5-3.tr-기본,험머,048,수입,H3,003,H3T,,09~10,encar,가솔린,5.3,False,,5,,,기본,,False,False
mf-048.md-003.sm-h3.pw-가솔린-3-5.tr-기본,험머,048,수입,H3,003,H3,,05~10,encar,가솔린,3.5,False,,5,,,기본,,False,False
mf-048.md-003.sm-h3.pw-가솔린-3-7.tr-기본,험머,048,수입,H3,003,H3,,05~10,encar,가솔린,3.7,False,,,,,기본,,False,False
mf-048.md-003.sm-h3.pw-가솔린-5-3.tr-기본,험머,048,수입,H3,003,H3,,05~10,encar,가솔린,5.3,False,,5,,,기본,,False,False
mf-048.md-002.sm-h2.pw-가솔린-6-2.tr-기본,험머,048,수입,H2,002,H2,,02~09,encar,가솔린,6.2,False,,7,,,기본,,False,False
mf-048.md-002.sm-h2.pw-가솔린-6-0.tr-기본,험머,048,수입,H2,002,H2,,02~09,encar,가솔린,6.0,False,,5,,,기본,,False,False
mf-048.md-002.sm-h2.pw-가솔린-6-0.tr-sut,험머,048,수입,H2,002,H2,,02~09,encar,가솔린,6.0,False,,5,,,SUT,,False,False
mf-048.md-001.sm-h1.pw-디젤-6-6.tr-기본,험머,048,수입,H1,001,H1,,92~06,encar,디젤,6.6,False,,,,,기본,,False,False
mf-081.md-001.sm-포투-카브리오-3세대.pw-가솔린-0-9.tr-카브리오,스마트,081,수입,포투,001,포투 카브리오 3세대,,16~현재,encar,가솔린,0.9,False,,2,,,카브리오,,False,False
mf-081.md-001.sm-포투-카브리오-3세대.pw-전기.tr-eq,스마트,081,수입,포투,001,포투 카브리오 3세대,,16~현재,encar,전기,,False,,2,,,EQ,,False,False
mf-081.md-001.sm-포투-쿠페-3세대.pw-가솔린-1-5.tr-프라임,스마트,081,수입,포투,001,포투 쿠페 3세대,,14~현재,encar,가솔린,1.5,True,,2,,,프라임,,False,False
mf-081.md-001.sm-포투-쿠페-3세대.pw-가솔린-1-0.tr-패션,스마트,081,수입,포투,001,포투 쿠페 3세대,,14~현재,encar,가솔린,1.0,False,,2,,,패션,,False,False
mf-081.md-001.sm-포투-쿠페-3세대.pw-가솔린-1-0.tr-쿠페,스마트,081,수입,포투,001,포투 쿠페 3세대,,14~현재,encar,가솔린,1.0,False,,2,,,쿠페,,False,False
mf-081.md-001.sm-포투-카브리오.pw-가솔린-1-0.tr-카브리오,스마트,081,수입,포투,001,포투 카브리오,,00~15,encar,가솔린,1.0,False,,2,,,카브리오,,False,False
mf-081.md-001.sm-포투-카브리오.pw-가솔린-1-0.tr-패션-mhd,스마트,081,수입,포투,001,포투 카브리오,,00~15,encar,가솔린,1.0,False,,2,,,패션 MHD,,False,False
mf-081.md-001.sm-포투-카브리오.pw-가솔린-1-0.tr-카브리오,스마트,081,수입,포투,001,포투 카브리오,,00~15,encar,가솔린,1.0,True,,2,,,카브리오,,False,False
mf-081.md-001.sm-포투-카브리오.pw-가솔린-1-0.tr-패션,스마트,081,수입,포투,001,포투 카브리오,,00~15,encar,가솔린,1.0,True,,2,,,패션,,False,False
mf-081.md-001.sm-포투-쿠페.pw-가솔린-1-0.tr-쿠페,스마트,081,수입,포투,001,포투 쿠페,,98~15,encar,가솔린,1.0,False,,2,,,쿠페,,False,False
mf-081.md-001.sm-포투-쿠페.pw-가솔린-1-0.tr-패션-mhd,스마트,081,수입,포투,001,포투 쿠페,,98~15,encar,가솔린,1.0,False,,2,,,패션 MHD,,False,False
mf-081.md-001.sm-포투-쿠페.pw-전기.tr-ed-electric-drive,스마트,081,수입,포투,001,포투 쿠페,,98~15,encar,전기,,False,,,,,ED(electric drive),,False,False
mf-081.md-001.sm-포투-쿠페.pw-가솔린-1-0.tr-패션,스마트,081,수입,포투,001,포투 쿠페,,98~15,encar,가솔린,1.0,True,,2,,,패션,,False,False
mf-081.md-001.sm-포투-쿠페.pw-가솔린-1-0.tr-쿠페,스마트,081,수입,포투,001,포투 쿠페,,98~15,encar,가솔린,1.0,True,,,,,쿠페,,False,False
mf-081.md-001.sm-포투-쿠페.pw-디젤-0-8.tr-쿠페,스마트,081,수입,포투,001,포투 쿠페,,98~15,encar,디젤,0.8,False,,2,,,쿠페,,False,False
mf-081.md-002.sm-포포-2세대.pw-가솔린-0-9.tr-브라부스,스마트,081,수입,포포,002,포포 2세대,,14~21,encar,가솔린,0.9,False,,4,,,브라부스,,False,False
mf-081.md-002.sm-포포-2세대.pw-가솔린-1-0.tr-패션,스마트,081,수입,포포,002,포포 2세대,,14~21,encar,가솔린,1.0,False,,4,,,패션,,False,False
mf-081.md-002.sm-포포.pw-가솔린-1-5.tr-기본,스마트,081,수입,포포,002,포포,,04~06,encar,가솔린,1.5,False,,,,,기본,,False,False
mf-052.md-005.sm-레거시.pw-가솔린-2-0.tr-웨건,스바루,052,수입,레거시,005,레거시,,89~현재,encar,가솔린,2.0,False,,,,,웨건,,False,False
mf-052.md-005.sm-레거시.pw-가솔린-2-5.tr-2-5i-special-edition,스바루,052,수입,레거시,005,레거시,,89~현재,encar,가솔린,2.5,False,,5,,,2.5i Special Edition,,False,False
mf-052.md-005.sm-레거시.pw-가솔린-3-6.tr-5세대,스바루,052,수입,레거시,005,레거시,,89~현재,encar,가솔린,3.6,False,,5,,,5세대,,False,False
mf-052.md-002.sm-임프레자.pw-가솔린-2-0.tr-wrx-웨건,스바루,052,수입,임프레자,002,임프레자,,93~현재,encar,가솔린,2.0,False,,5,,,WRX 웨건,,False,False
mf-052.md-002.sm-임프레자.pw-가솔린-2-0.tr-wrx-sti,스바루,052,수입,임프레자,002,임프레자,,93~현재,encar,가솔린,2.0,False,,,,,WRX STI,,False,False
mf-052.md-002.sm-임프레자.pw-가솔린-2-0.tr-wrx-세단,스바루,052,수입,임프레자,002,임프레자,,93~현재,encar,가솔린,2.0,False,,,,,WRX 세단,,False,False
mf-052.md-004.sm-아웃백.pw-가솔린-2-5.tr-4세대,스바루,052,수입,아웃백,004,아웃백,,95~12,encar,가솔린,2.5,False,,5,,,4세대,,False,False
mf-052.md-004.sm-아웃백.pw-가솔린-3-6.tr-4세대,스바루,052,수입,아웃백,004,아웃백,,95~12,encar,가솔린,3.6,False,,5,,,4세대,,False,False
mf-052.md-003.sm-포레스터.pw-가솔린-2-5.tr-기본,스바루,052,수입,포레스터,003,포레스터,,97~12,encar,가솔린,2.5,False,,5,,,기본,,False,False
mf-052.md-008.sm-레보그.pw-가솔린-2-0-awd.tr-기본,스바루,052,수입,레보그,008,레보그,,14~현재,encar,가솔린,2.0,False,AWD,5,,,기본,,False,False
mf-088.md-001.sm-c35.pw-전기.tr-ev-2인승밴,동풍소콘,088,수입,C35,001,C35,,17~현재,encar,전기,,False,,2,,,EV 2인승밴,,False,False
mf-088.md-001.sm-c35.pw-가솔린-1-5.tr-2인승밴-스탠다드,동풍소콘,088,수입,C35,001,C35,,17~현재,encar,가솔린,1.5,False,,2,,,2인승밴 스탠다드,,False,False
mf-088.md-001.sm-c35.pw-전기.tr-ev-4인승밴,동풍소콘,088,수입,C35,001,C35,,17~현재,encar,전기,,False,,4,,,EV 4인승밴,,False,False
mf-088.md-004.sm-펜콘-ix5.pw-가솔린-1-5.tr-기본,동풍소콘,088,수입,펜콘 ix5,004,펜콘 ix5,,19~현재,encar,가솔린,1.5,False,,5,,,기본,,False,False
mf-088.md-003.sm-c31.pw-가솔린-1-5.tr-싱글캡,동풍소콘,088,수입,C31,003,C31,,17~현재,encar,가솔린,1.5,False,,2,,,싱글캡,,False,False
mf-051.md-002.sm-코펜.pw-가솔린-0-7.tr-기본,다이하쯔,051,수입,코펜,002,코펜,,02~현재,encar,가솔린,0.7,False,,2,,,기본,,False,False
mf-051.md-001.sm-미라-코코아.pw-가솔린-0-7.tr-기본,다이하쯔,051,수입,미라,001,미라 코코아,,09~현재,encar,가솔린,0.7,False,,,,,기본,,False,False
mf-051.md-006.sm-미라지노.pw-가솔린-0-7.tr-기본,다이하쯔,051,수입,미라지노,006,미라지노,,99~09,encar,가솔린,0.7,False,,,,,기본,,False,False
mf-051.md-009.sm-웨이크.pw-가솔린-0-7-2wd.tr-기본,다이하쯔,051,수입,웨이크,009,웨이크,,14~현재,encar,가솔린,0.7,False,2WD,4,,,기본,,False,False
mf-016.md-001.sm-9-3-2세대.pw-가솔린-2-0.tr-2-0t-컨버터블-리니어,사브,016,수입,9-3,001,9-3 2세대,,03~09,encar,가솔린,2.0,False,,4,,,2.0T 컨버터블 리니어,,False,False
mf-016.md-001.sm-9-3-2세대.pw-가솔린-2-0.tr-2-0t-컨버터블-벡터,사브,016,수입,9-3,001,9-3 2세대,,03~09,encar,가솔린,2.0,False,,4,,,2.0T 컨버터블 벡터,,False,False
mf-016.md-001.sm-9-3-2세대.pw-가솔린-2-0.tr-2-0t-컨버터블-에어로,사브,016,수입,9-3,001,9-3 2세대,,03~09,encar,가솔린,2.0,False,,4,,,2.0T 컨버터블 에어로,,False,False
mf-016.md-001.sm-9-3-2세대.pw-가솔린-2-0.tr-2-0t-리니어,사브,016,수입,9-3,001,9-3 2세대,,03~09,encar,가솔린,2.0,False,,5,,,2.0T 리니어,,False,False
mf-016.md-001.sm-9-3-2세대.pw-가솔린-2-0.tr-2-0t-벡터,사브,016,수입,9-3,001,9-3 2세대,,03~09,encar,가솔린,2.0,False,,5,,,2.0T 벡터,,False,False
mf-016.md-001.sm-9-3-2세대.pw-가솔린-2-0.tr-2-0t-에어로,사브,016,수입,9-3,001,9-3 2세대,,03~09,encar,가솔린,2.0,False,,5,,,2.0T 에어로,,False,False
mf-016.md-001.sm-9-3-2세대.pw-가솔린-2-8.tr-2-8t-에어로,사브,016,수입,9-3,001,9-3 2세대,,03~09,encar,가솔린,2.8,False,,5,,,2.8T 에어로,,False,False
mf-016.md-001.sm-9-3-1세대.pw-가솔린-2-0.tr-2-0t,사브,016,수입,9-3,001,9-3 1세대,,99~04,encar,가솔린,2.0,False,,5,,,2.0T,,False,False
mf-016.md-004.sm-9000.pw-가솔린-2-0.tr-1세대,사브,016,수입,9000,004,9000,,84~97,encar,가솔린,2.0,False,,,,,1세대,,False,False
mf-016.md-004.sm-9000.pw-가솔린-2-3.tr-1세대,사브,016,수입,9000,004,9000,,84~97,encar,가솔린,2.3,False,,5,,,1세대,,False,False
mf-016.md-003.sm-900.pw-가솔린-2-0.tr-2세대,사브,016,수입,900,003,900,,78~98,encar,가솔린,2.0,False,,5,,,2세대,,False,False
mf-069.md-008.sm-에미라.pw-가솔린-3-5.tr-기본,로터스,069,수입,에미라,008,에미라,,21~현재,encar,가솔린,3.5,False,,2,,,기본,,False,False
mf-069.md-008.sm-에미라.pw-가솔린-2-0.tr-기본,로터스,069,수입,에미라,008,에미라,,21~현재,encar,가솔린,2.0,False,,2,,,기본,,False,False
mf-069.md-008.sm-에미라.pw-가솔린-2-0.tr-se,로터스,069,수입,에미라,008,에미라,,21~현재,encar,가솔린,2.0,False,,2,,,SE,,False,False
mf-069.md-005.sm-에보라.pw-가솔린-3-5.tr-ips,로터스,069,수입,에보라,005,에보라,,09~현재,encar,가솔린,3.5,False,,2,,,IPS,,False,False
mf-069.md-004.sm-엑시지.pw-가솔린-3-5.tr-cup-430,로터스,069,수입,엑시지,004,엑시지,,00~현재,encar,가솔린,3.5,False,,2,,,CUP 430,,False,False
mf-069.md-002.sm-엘리스.pw-가솔린-1-8.tr-cup-250,로터스,069,수입,엘리스,002,엘리스,,96~현재,encar,가솔린,1.8,False,,,,,CUP 250,,False,False
mf-069.md-002.sm-엘리스.pw-가솔린-1-8.tr-sc,로터스,069,수입,엘리스,002,엘리스,,96~현재,encar,가솔린,1.8,False,,2,,,SC,,False,False
mf-069.md-009.sm-엘레트라.pw-전기.tr-r,로터스,069,수입,엘레트라,009,엘레트라,,24~현재,encar,전기,,False,,5,,,R,,False,False
mf-029.md-003.sm-mx-5-miata.pw-가솔린-2-0.tr-miata,마쯔다,029,수입,MX-5 MIATA,003,MX-5 MIATA,,89~현재,encar,가솔린,2.0,False,,2,,,MIATA,,False,False
mf-029.md-018.sm-마쯔다-3.pw-가솔린-2-0.tr-2세대,마쯔다,029,수입,마쯔다 3,018,마쯔다 3,,03~현재,encar,가솔린,2.0,False,,5,,,2세대,,False,False
mf-029.md-018.sm-마쯔다-3.pw-가솔린-2-4.tr-1세대,마쯔다,029,수입,마쯔다 3,018,마쯔다 3,,03~현재,encar,가솔린,2.4,False,,,,,1세대,,False,False
mf-029.md-022.sm-비안테.pw-가솔린-2-0.tr-기본,마쯔다,029,수입,비안테,022,비안테,,08~18,encar,가솔린,2.0,False,,8,,,기본,,False,False
mf-029.md-023.sm-베리사.pw-가솔린-1-5.tr-기본,마쯔다,029,수입,베리사,023,베리사,,04~15,encar,가솔린,1.5,False,,5,,,기본,,False,False
mf-029.md-008.sm-유노스.pw-가솔린-1-6.tr-roadster,마쯔다,029,수입,유노스,008,유노스,,89~97,encar,가솔린,1.6,False,,,,,ROADSTER,,False,False
mf-999.md-001.sm-기타.pw-전기.tr-기타,기타 수입차,999,수입,기타,001,기타,,,encar,전기,,False,,15,,,기타,,False,False
mf-092.md-001.sm-이티밴.pw-전기.tr-기본,신위안,092,수입,이티밴,001,이티밴,,22~현재,encar,전기,,False,,2,,,기본,,False,False
mf-092.md-001.sm-이티밴.pw-전기.tr-프로,신위안,092,수입,이티밴,001,이티밴,,22~현재,encar,전기,,False,,2,,,프로,,False,False
mf-092.md-001.sm-이티밴.pw-전기.tr-기본,신위안,092,수입,이티밴,001,이티밴,,22~현재,encar,전기,,False,,4,,,기본,,False,False
mf-092.md-001.sm-이티밴.pw-전기.tr-프로,신위안,092,수입,이티밴,001,이티밴,,22~현재,encar,전기,,False,,4,,,프로,,False,False
mf-030.md-010.sm-랜서-에볼루션.pw-가솔린-2-0.tr-10세대,미쯔비시,030,수입,랜서 에볼루션,010,랜서 에볼루션,,92~14,encar,가솔린,2.0,False,,5,,,10세대,,False,False
mf-030.md-010.sm-랜서-에볼루션.pw-가솔린-2-0.tr-9세대,미쯔비시,030,수입,랜서 에볼루션,010,랜서 에볼루션,,92~14,encar,가솔린,2.0,False,,,,,9세대,,False,False
mf-030.md-006.sm-파제로.pw-디젤-3-2.tr-기본,미쯔비시,030,수입,파제로,006,파제로,,82~현재,encar,디젤,3.2,False,,5,,,기본,,False,False
mf-030.md-006.sm-파제로.pw-가솔린-0-7.tr-미니,미쯔비시,030,수입,파제로,006,파제로,,82~현재,encar,가솔린,0.7,False,,,,,미니,,False,False
mf-030.md-006.sm-파제로.pw-가솔린-2-0.tr-이오,미쯔비시,030,수입,파제로,006,파제로,,82~현재,encar,가솔린,2.0,False,,,,,이오,,False,False
mf-030.md-007.sm-랜서.pw-가솔린-2-0.tr-dynamic,미쯔비시,030,수입,랜서,007,랜서,,73~17,encar,가솔린,2.0,False,,5,,,Dynamic,,False,False
mf-030.md-011.sm-아웃랜더.pw-가솔린-3-0.tr-기본,미쯔비시,030,수입,아웃랜더,011,아웃랜더,,01~현재,encar,가솔린,3.0,False,,5,,,기본,,False,False
mf-030.md-001.sm-이클립스.pw-가솔린-2-0.tr-기본,미쯔비시,030,수입,이클립스,001,이클립스,,90~12,encar,가솔린,2.0,False,,,,,기본,,False,False
mf-080.md-003.sm-62.pw-가솔린-5-5.tr-1세대,마이바흐,080,수입,62,003,62,,02~12,encar,가솔린,5.5,False,,4,,,1세대,,False,False
mf-080.md-002.sm-57s.pw-가솔린-6-0.tr-1세대,마이바흐,080,수입,57s,002,57s,,05~12,encar,가솔린,6.0,False,,4,,,1세대,,False,False
mf-080.md-001.sm-57.pw-가솔린-5-5.tr-1세대,마이바흐,080,수입,57,001,57,,02~12,encar,가솔린,5.5,False,,4,,,1세대,,False,False
mf-080.md-004.sm-62s.pw-가솔린-6-0.tr-1세대,마이바흐,080,수입,62s,004,62s,,06~12,encar,가솔린,6.0,False,,4,,,1세대,,False,False
mf-086.md-002.sm-ck-미니트럭.pw-가솔린-1-3.tr-기본,북기은상,086,수입,CK 미니트럭,002,CK 미니트럭,,15~현재,encar,가솔린,1.3,False,,2,,,기본,,False,False
mf-086.md-003.sm-켄보-600.pw-가솔린-1-5.tr-럭셔리,북기은상,086,수입,켄보 600,003,켄보 600,,17~현재,encar,가솔린,1.5,False,,5,,,럭셔리,,False,False
mf-093.md-001.sm-그레나디어.pw-가솔린-3-0.tr-스테이션-왜건,이네오스,093,수입,그레나디어,001,그레나디어,,21~현재,encar,가솔린,3.0,False,,5,,,스테이션 왜건,,False,False
mf-040.md-007.sm-줄리에타.pw-가솔린-1-7.tr-기본,알파 로메오,040,수입,줄리에타,007,줄리에타,,10~현재,encar,가솔린,1.7,False,,,,,기본,,False,False
mf-040.md-004.sm-브레라.pw-가솔린-3-2.tr-기본,알파 로메오,040,수입,브레라,004,브레라,,05~10,encar,가솔린,3.2,False,,,,,기본,,False,False
mf-040.md-010.sm-줄리아.pw-가솔린-2-0.tr-기본,알파 로메오,040,수입,줄리아,010,줄리아,,15~현재,encar,가솔린,2.0,False,,5,,,기본,,False,False
mf-057.md-007.sm-mdx.pw-가솔린-3-7.tr-기본,어큐라,057,수입,MDX,007,MDX,,01~현재,encar,가솔린,3.7,False,,7,,,기본,,False,False
mf-057.md-004.sm-tl.pw-가솔린-3-7.tr-기본,어큐라,057,수입,TL,004,TL,,96~14,encar,가솔린,3.7,False,,5,,,기본,,False,False
mf-057.md-006.sm-tsx.pw-가솔린-2-4.tr-기본,어큐라,057,수입,TSX,006,TSX,,04~14,encar,가솔린,2.4,False,,5,,,기본,,False,False
mf-059.md-001.sm-가류.pw-가솔린-3-5.tr-기본,미쯔오까,059,수입,가류,001,가류,,96~현재,encar,가솔린,3.5,False,,5,,,기본,,False,False
mf-094.md-001.sm-se-a2-밴.pw-전기.tr-기본,지리,094,수입,SE-A2 밴,001,SE-A2 밴,,23~현재,encar,전기,,False,,2,,,기본,,False,False
mf-078.md-006.sm-탈리스만.pw-가솔린-1-6.tr-2세대,르노,078,수입,탈리스만,006,탈리스만,,11~현재,encar,가솔린,1.6,False,,5,,,2세대,,False,False
mf-082.md-002.sm-xb.pw-가솔린-2-4.tr-2세대,사이언,082,수입,xB,002,xB,,04~15,encar,가솔린,2.4,False,,5,,,2세대,,False,False
